--============ Auto-generated seed file (2026-03-17 18:00:41.863997) ================

--========== Disable triggers ==========
ALTER TABLE person DISABLE TRIGGER ALL;
ALTER TABLE life_event DISABLE TRIGGER ALL;
ALTER TABLE location DISABLE TRIGGER ALL;
ALTER TABLE occupation DISABLE TRIGGER ALL;


--======= Insert Person id: 1 =======
INSERT INTO life_event (id, day, month, year, date, notes, location_id) VALUES (1, null, null, 1575, '1575-01-01', 'Född sannolikt omkr 1575.', null);
INSERT INTO life_event (id, day, month, year, date, notes, location_id) VALUES (2, null, null, null, null, '', null);
INSERT INTO location (id, city, country, region, notes, latitude, longitude, fetch_status) VALUES (1, 'Ø Höjst', 'Danmark', '', '', 55.47306, 8.73346, 'FETCHED_WITH_SUCCESS');
INSERT INTO life_event (id, day, month, year, date, notes, location_id) VALUES (3, 2, 5, 1620, '1620-05-02', '', 1);
INSERT INTO person (id, first_name, last_name, middle_names, notes, sex, birth_id, death_id, burial_id, father_id, mother_id) VALUES (1, 'Johannes', 'Hegardt', '', '', 'MAN', 1, 2, 3, null, null);

--======= Insert Person id: 2 =======
INSERT INTO life_event (id, day, month, year, date, notes, location_id) VALUES (4, null, null, null, null, '', null);
INSERT INTO life_event (id, day, month, year, date, notes, location_id) VALUES (5, null, null, 1610, '1610-01-01', '', null);
INSERT INTO location (id, city, country, region, notes, latitude, longitude, fetch_status) VALUES (2, 'Ø Höjst', 'Danmark', '', '', 55.47306, 8.73346, 'FETCHED_WITH_SUCCESS');
INSERT INTO life_event (id, day, month, year, date, notes, location_id) VALUES (6, null, null, 1610, '1610-01-01', '', 2);
INSERT INTO person (id, first_name, last_name, middle_names, notes, sex, birth_id, death_id, burial_id, father_id, mother_id) VALUES (2, 'Botel', 'Hegardt', '', '', 'UNKNOWN', 4, 5, 6, null, null);

--======= Insert Person id: 3 =======
INSERT INTO life_event (id, day, month, year, date, notes, location_id) VALUES (7, null, null, null, null, '', null);
INSERT INTO life_event (id, day, month, year, date, notes, location_id) VALUES (8, null, null, null, null, '', null);
INSERT INTO life_event (id, day, month, year, date, notes, location_id) VALUES (9, null, null, null, null, '', null);
INSERT INTO person (id, first_name, last_name, middle_names, notes, sex, birth_id, death_id, burial_id, father_id, mother_id) VALUES (3, 'Chresten', 'Hegardt', '', 'Döpt 1611-11-16.', 'UNKNOWN', 7, 8, 9, null, null);

--======= Insert Person id: 4 =======
INSERT INTO life_event (id, day, month, year, date, notes, location_id) VALUES (10, null, null, 1605, '1605-01-01', 'Född omkr 1605.', null);
INSERT INTO location (id, city, country, region, notes, latitude, longitude, fetch_status) VALUES (3, 'Amsterdam', 'Nederländerna', '', '', 52.36994, 4.90788, 'FETCHED_WITH_SUCCESS');
INSERT INTO life_event (id, day, month, year, date, notes, location_id) VALUES (11, null, null, 1639, '1639-01-01', '', 3);
INSERT INTO life_event (id, day, month, year, date, notes, location_id) VALUES (12, null, null, null, null, '', null);
INSERT INTO person (id, first_name, last_name, middle_names, notes, sex, birth_id, death_id, burial_id, father_id, mother_id) VALUES (4, 'Josias', 'Hegardt', '', 'Död i mars 1639 i Amsterdam, Nederländerna. [1]', 'MAN', 10, 11, 12, null, null);

--======= Insert Person id: 5 =======
INSERT INTO life_event (id, day, month, year, date, notes, location_id) VALUES (13, null, null, null, null, '', null);
INSERT INTO location (id, city, country, region, notes, latitude, longitude, fetch_status) VALUES (4, 'oktober', 'Sverige', '', '', 59.30213, 18.00556, 'FETCHED_WITH_SUCCESS');
INSERT INTO life_event (id, day, month, year, date, notes, location_id) VALUES (14, null, null, 1659, '1659-01-01', '', 4);
INSERT INTO life_event (id, day, month, year, date, notes, location_id) VALUES (15, null, null, null, null, '', null);
INSERT INTO person (id, first_name, last_name, middle_names, notes, sex, birth_id, death_id, burial_id, father_id, mother_id) VALUES (5, 'Maria', 'Pedersdotter', '', '', 'WOMAN', 13, 14, 15, null, null);

--======= Insert Person id: 6 =======
INSERT INTO life_event (id, day, month, year, date, notes, location_id) VALUES (16, null, null, null, null, '', null);
INSERT INTO life_event (id, day, month, year, date, notes, location_id) VALUES (17, null, null, null, null, '', null);
INSERT INTO life_event (id, day, month, year, date, notes, location_id) VALUES (18, null, null, null, null, '', null);
INSERT INTO person (id, first_name, last_name, middle_names, notes, sex, birth_id, death_id, burial_id, father_id, mother_id) VALUES (6, 'Christian', 'Hegardt', 'Jürgen', 'Den tredje av de söner, som nämns i Peters dagbok.', 'UNKNOWN', 16, 17, 18, null, null);

--======= Insert Person id: 7 =======
INSERT INTO life_event (id, day, month, year, date, notes, location_id) VALUES (19, null, null, 1634, '1634-01-01', 'Född 1634 eller 1635.', null);
INSERT INTO life_event (id, day, month, year, date, notes, location_id) VALUES (20, null, null, null, null, '', null);
INSERT INTO life_event (id, day, month, year, date, notes, location_id) VALUES (21, null, null, null, null, '', null);
INSERT INTO person (id, first_name, last_name, middle_names, notes, sex, birth_id, death_id, burial_id, father_id, mother_id) VALUES (7, 'Johannes', 'Hegardt', '', 'Ej namngiven i dagboken. Sannolikt namn efter farfadern? Øvriga uppgifter har ej spårats.', 'MAN', 19, 20, 21, null, null);

--======= Insert Person id: 8 =======
INSERT INTO location (id, city, country, region, notes, latitude, longitude, fetch_status) VALUES (5, 'Hegardt', 'Danmark', '', '', 55.67567, 12.56755, 'FETCHED_WITH_SUCCESS');
INSERT INTO life_event (id, day, month, year, date, notes, location_id) VALUES (22, 11, 12, 1638, '1638-12-11', '', 5);
INSERT INTO location (id, city, country, region, notes, latitude, longitude, fetch_status) VALUES (6, 'Malmö', 'Sverige', '', '', 55.59669, 13.0011, 'FETCHED_WITH_SUCCESS');
INSERT INTO life_event (id, day, month, year, date, notes, location_id) VALUES (23, 5, 8, 1711, '1711-08-05', '', 6);
INSERT INTO life_event (id, day, month, year, date, notes, location_id) VALUES (24, null, null, null, null, '', null);
INSERT INTO occupation (id, notes, day, month, year, date, location_id) VALUES (1, 'Rådman', null, null, null, null, null);
INSERT INTO person (id, first_name, last_name, middle_names, notes, sex, birth_id, death_id, burial_id, father_id, mother_id) VALUES (8, 'Peter', 'Hegardt', '', 'Författare till "Peters dagbok".
Flyttade 1655 till Sverige och Malmö. Extra rådman 1687 och ordinarie 1692. Erbjöds 1699 ämbetet som politiborgmästare, men avböjde. Erhöll avsked från rådmanssysslan 1700.
H var en av initiativtagarna till uppförandet av Caroli kyrka och till bildandet av tyska församlingen i Malmö (på vilket kungligt brev utfärdades 1683 19/3). Han var dessutom en av de två kyrkvärdarna och föreståndarna för kyrkbygget och kvarstod som sådan till sin död.
"Hegardt var genom sin begåvning, sin rikedom och sina släktförbindelser en av Malmö stads främste män på sin tid. Av sin samtid var han säkerligen den, som genom enskild, storslagen offervillighet mest bidragit till Tyska kyrkans fullbordande" (Isberg, Malmö stads krönikebok, III).
H ägde flera fastigheter i Malmö samt inköpte 1697 godset Svenstorp i Igelösa och Odarslövs socknar, som han 1707 överlät på sin svärson, Stjernblad.', 'MAN', 22, 23, 24, null, null);

--======= Insert Person id: 9 =======
INSERT INTO life_event (id, day, month, year, date, notes, location_id) VALUES (25, null, null, 1670, '1670-01-01', '', null);
INSERT INTO life_event (id, day, month, year, date, notes, location_id) VALUES (26, 13, 5, 1753, '1753-05-13', '', null);
INSERT INTO life_event (id, day, month, year, date, notes, location_id) VALUES (27, null, null, null, null, '', null);
INSERT INTO person (id, first_name, last_name, middle_names, notes, sex, birth_id, death_id, burial_id, father_id, mother_id) VALUES (9, 'Peter', 'Hegardt', '', '', 'MAN', 25, 26, 27, null, null);

--======= Insert Person id: 10 =======
INSERT INTO location (id, city, country, region, notes, latitude, longitude, fetch_status) VALUES (7, 'Borkar', 'Danmark', '', '', 55.67567, 12.56755, 'FETCHED_WITH_SUCCESS');
INSERT INTO life_event (id, day, month, year, date, notes, location_id) VALUES (28, null, null, 1672, '1672-01-01', '', 7);
INSERT INTO life_event (id, day, month, year, date, notes, location_id) VALUES (29, null, null, 1727, '1727-01-01', '', null);
INSERT INTO life_event (id, day, month, year, date, notes, location_id) VALUES (30, null, null, null, null, '', null);
INSERT INTO person (id, first_name, last_name, middle_names, notes, sex, birth_id, death_id, burial_id, father_id, mother_id) VALUES (10, 'Josias', 'Hegardt', '', '(Tab 1 i GS).
Flyttade i början av 1700-talet till Sverige och var inspektor på Svenstorp hos sin kusin Maria Gyllenkrok (tab 99).', 'MAN', 28, 29, 30, null, null);

--======= Insert Person id: 11 =======
INSERT INTO location (id, city, country, region, notes, latitude, longitude, fetch_status) VALUES (8, 'Braderup', 'Danmark', '', '', 55.1219, 9.0691, 'FETCHED_WITH_SUCCESS');
INSERT INTO life_event (id, day, month, year, date, notes, location_id) VALUES (31, null, null, 1676, '1676-01-01', '', 8);
INSERT INTO life_event (id, day, month, year, date, notes, location_id) VALUES (32, null, null, 1722, '1722-01-01', '', null);
INSERT INTO life_event (id, day, month, year, date, notes, location_id) VALUES (33, null, null, null, null, '', null);
INSERT INTO person (id, first_name, last_name, middle_names, notes, sex, birth_id, death_id, burial_id, father_id, mother_id) VALUES (11, 'Katarina', 'Andersdotter', '', '', 'WOMAN', 31, 32, 33, null, null);

--======= Insert Person id: 12 =======
INSERT INTO life_event (id, day, month, year, date, notes, location_id) VALUES (34, null, null, 1703, '1703-01-01', 'Född omkring 1703.', null);
INSERT INTO location (id, city, country, region, notes, latitude, longitude, fetch_status) VALUES (9, 'av', 'Sverige', '', '', 57.70208, 11.99175, 'FETCHED_WITH_SUCCESS');
INSERT INTO life_event (id, day, month, year, date, notes, location_id) VALUES (35, null, null, null, null, '', 9);
INSERT INTO life_event (id, day, month, year, date, notes, location_id) VALUES (36, null, null, null, null, '', null);
INSERT INTO person (id, first_name, last_name, middle_names, notes, sex, birth_id, death_id, burial_id, father_id, mother_id) VALUES (12, 'Botilla', 'Hegardt', '', '', 'UNKNOWN', 34, 35, 36, null, null);

--======= Insert Person id: 13 =======
INSERT INTO life_event (id, day, month, year, date, notes, location_id) VALUES (37, 16, 5, 1704, '1704-05-16', '', null);
INSERT INTO location (id, city, country, region, notes, latitude, longitude, fetch_status) VALUES (10, 'Uddevalla', 'Sverige', '', '', 58.35096, 11.93264, 'FETCHED_WITH_SUCCESS');
INSERT INTO life_event (id, day, month, year, date, notes, location_id) VALUES (38, 18, 2, 1786, '1786-02-18', '', 10);
INSERT INTO life_event (id, day, month, year, date, notes, location_id) VALUES (39, null, null, null, null, '', null);
INSERT INTO occupation (id, notes, day, month, year, date, location_id) VALUES (2, 'Handlande och från 1748 rådman där', null, null, null, null, null);
INSERT INTO person (id, first_name, last_name, middle_names, notes, sex, birth_id, death_id, burial_id, father_id, mother_id) VALUES (13, 'Peter', 'Hegardt', 'Josias', '(Tab 2 i GS).
Flyttade omkring 1730 till Uddevalla från Danmark.', 'MAN', 37, 38, 39, null, null);

--======= Insert Person id: 14 =======
INSERT INTO location (id, city, country, region, notes, latitude, longitude, fetch_status) VALUES (11, 'Rendsburg', 'Tyskland', '', '', 54.2996, 9.66541, 'FETCHED_WITH_SUCCESS');
INSERT INTO life_event (id, day, month, year, date, notes, location_id) VALUES (40, null, null, 1708, '1708-01-01', '', 11);
INSERT INTO location (id, city, country, region, notes, latitude, longitude, fetch_status) VALUES (12, 'Marstrand', 'Sverige', '', '', 57.88669, 11.58953, 'FETCHED_WITH_SUCCESS');
INSERT INTO life_event (id, day, month, year, date, notes, location_id) VALUES (41, 15, 5, 1776, '1776-05-15', '', 12);
INSERT INTO life_event (id, day, month, year, date, notes, location_id) VALUES (42, null, null, null, null, '', null);
INSERT INTO occupation (id, notes, day, month, year, date, location_id) VALUES (3, 'Tullinspektor', null, null, null, null, null);
INSERT INTO person (id, first_name, last_name, middle_names, notes, sex, birth_id, death_id, burial_id, father_id, mother_id) VALUES (14, 'Anders', 'Hegardt', '', 'Lysning togs ut 1:a gången 1741-05-24.
Flyttade till Sverige 1730-40.
Var 1741 tullskrivare i Varberg. Blev sedermera tullinspektor på Marstrand.', 'MAN', 40, 41, 42, null, null);

--======= Insert Person id: 15 =======
INSERT INTO life_event (id, day, month, year, date, notes, location_id) VALUES (43, null, null, 1711, '1711-01-01', '', null);
INSERT INTO location (id, city, country, region, notes, latitude, longitude, fetch_status) VALUES (13, 'Landskrona', 'Sverige', '', '', 55.87204, 12.83009, 'FETCHED_WITH_SUCCESS');
INSERT INTO life_event (id, day, month, year, date, notes, location_id) VALUES (44, null, null, 1782, '1782-01-01', '', 13);
INSERT INTO life_event (id, day, month, year, date, notes, location_id) VALUES (45, null, null, null, null, '', null);
INSERT INTO person (id, first_name, last_name, middle_names, notes, sex, birth_id, death_id, burial_id, father_id, mother_id) VALUES (15, 'Kristina', 'Hegardt', '', '', 'UNKNOWN', 43, 44, 45, null, null);

--======= Insert Person id: 16 =======
INSERT INTO location (id, city, country, region, notes, latitude, longitude, fetch_status) VALUES (14, 'Uddevalla', 'Sverige', '', '', 58.35096, 11.93264, 'FETCHED_WITH_SUCCESS');
INSERT INTO life_event (id, day, month, year, date, notes, location_id) VALUES (46, null, null, 1703, '1703-01-01', '', 14);
INSERT INTO location (id, city, country, region, notes, latitude, longitude, fetch_status) VALUES (15, 'Uddevalla', 'Sverige', '', '', 58.35096, 11.93264, 'FETCHED_WITH_SUCCESS');
INSERT INTO life_event (id, day, month, year, date, notes, location_id) VALUES (47, 1, 9, 1783, '1783-09-01', '', 15);
INSERT INTO life_event (id, day, month, year, date, notes, location_id) VALUES (48, null, null, null, null, '', null);
INSERT INTO person (id, first_name, last_name, middle_names, notes, sex, birth_id, death_id, burial_id, father_id, mother_id) VALUES (16, 'Torborg', 'Brun', '', '', 'WOMAN', 46, 47, 48, null, null);

--======= Insert Person id: 17 =======
INSERT INTO location (id, city, country, region, notes, latitude, longitude, fetch_status) VALUES (16, 'Uddevalla', 'Sverige', '', '', 58.35096, 11.93264, 'FETCHED_WITH_SUCCESS');
INSERT INTO life_event (id, day, month, year, date, notes, location_id) VALUES (49, 27, 3, 1736, '1736-03-27', '', 16);
INSERT INTO location (id, city, country, region, notes, latitude, longitude, fetch_status) VALUES (17, 'Uddevalla', 'Sverige', '', '', 58.35096, 11.93264, 'FETCHED_WITH_SUCCESS');
INSERT INTO life_event (id, day, month, year, date, notes, location_id) VALUES (50, 6, 7, 1772, '1772-07-06', '', 17);
INSERT INTO life_event (id, day, month, year, date, notes, location_id) VALUES (51, null, null, null, null, '', null);
INSERT INTO person (id, first_name, last_name, middle_names, notes, sex, birth_id, death_id, burial_id, father_id, mother_id) VALUES (17, 'Katarina', 'Hegardt', '', '(Tab 2:3 i GS).
Makarna instiftade genom gemensamt testamente 1772 Gustafsbergs barnhus på egendomen Baggetofta invid Uddevalla. (Ang Knape, se Biogr lex, del 6, "Några minnesanteckningar om Gustafsbergs barnhus", Udd 1906 och Grenfelt "Gustafsbergs barnhus och badort", Udd 1926.)', 'UNKNOWN', 49, 50, 51, null, null);

--======= Insert Person id: 18 =======
INSERT INTO location (id, city, country, region, notes, latitude, longitude, fetch_status) VALUES (18, 'Uddevalla', 'Sverige', '', '', 58.35096, 11.93264, 'FETCHED_WITH_SUCCESS');
INSERT INTO life_event (id, day, month, year, date, notes, location_id) VALUES (52, 1, 12, 1737, '1737-12-01', '', 18);
INSERT INTO location (id, city, country, region, notes, latitude, longitude, fetch_status) VALUES (19, 'Uddevalla', 'Sverige', '', '', 58.35096, 11.93264, 'FETCHED_WITH_SUCCESS');
INSERT INTO life_event (id, day, month, year, date, notes, location_id) VALUES (53, 21, 5, 1773, '1773-05-21', '', 19);
INSERT INTO life_event (id, day, month, year, date, notes, location_id) VALUES (54, null, null, null, null, '', null);
INSERT INTO person (id, first_name, last_name, middle_names, notes, sex, birth_id, death_id, burial_id, father_id, mother_id) VALUES (18, 'Helena', 'Hegardt', '', '(Tab 2:4 i GS).', 'UNKNOWN', 52, 53, 54, null, null);

--======= Insert Person id: 19 =======
INSERT INTO location (id, city, country, region, notes, latitude, longitude, fetch_status) VALUES (20, 'Uddevalla', 'Sverige', '', '', 58.35096, 11.93264, 'FETCHED_WITH_SUCCESS');
INSERT INTO life_event (id, day, month, year, date, notes, location_id) VALUES (55, 20, 10, 1739, '1739-10-20', '', 20);
INSERT INTO location (id, city, country, region, notes, latitude, longitude, fetch_status) VALUES (21, 'Uddevalla', 'Sverige', '', '', 58.35096, 11.93264, 'FETCHED_WITH_SUCCESS');
INSERT INTO life_event (id, day, month, year, date, notes, location_id) VALUES (56, 6, 7, 1806, '1806-07-06', '', 21);
INSERT INTO life_event (id, day, month, year, date, notes, location_id) VALUES (57, null, null, null, null, '', null);
INSERT INTO occupation (id, notes, day, month, year, date, location_id) VALUES (4, 'Handlande och skeppsredare', null, null, null, null, null);
INSERT INTO occupation (id, notes, day, month, year, date, location_id) VALUES (5, 'Samt från 1764 rådman i uddevalla', null, null, null, null, null);
INSERT INTO person (id, first_name, last_name, middle_names, notes, sex, birth_id, death_id, burial_id, father_id, mother_id) VALUES (19, 'Josias', 'Hegardt', '', '(Tab 3 i GS).
(Brodern Johannes svägerska).
Ägde Länderiet Annegreteberg samt åtskilliga smärre tomter och jordlotter utanför staden samt efterlämnade en rätt ansenlig förmögenhet.', 'MAN', 55, 56, 57, null, null);

--======= Insert Person id: 20 =======
INSERT INTO life_event (id, day, month, year, date, notes, location_id) VALUES (58, 17, 5, 1741, '1741-05-17', '', null);
INSERT INTO location (id, city, country, region, notes, latitude, longitude, fetch_status) VALUES (22, 'Uddevalla', 'Sverige', '', '', 58.35096, 11.93264, 'FETCHED_WITH_SUCCESS');
INSERT INTO life_event (id, day, month, year, date, notes, location_id) VALUES (59, 5, 2, 1774, '1774-02-05', '', 22);
INSERT INTO life_event (id, day, month, year, date, notes, location_id) VALUES (60, null, null, null, null, '', null);
INSERT INTO person (id, first_name, last_name, middle_names, notes, sex, birth_id, death_id, burial_id, father_id, mother_id) VALUES (20, 'Cecilia', 'Hegardt', 'Silcken', '(Tab 2:99 i GS).', 'UNKNOWN', 58, 59, 60, null, null);

--======= Insert Person id: 21 =======
INSERT INTO location (id, city, country, region, notes, latitude, longitude, fetch_status) VALUES (23, 'Uddevalla', 'Sverige', '', '', 58.35096, 11.93264, 'FETCHED_WITH_SUCCESS');
INSERT INTO life_event (id, day, month, year, date, notes, location_id) VALUES (61, 22, 9, 1743, '1743-09-22', '', 23);
INSERT INTO location (id, city, country, region, notes, latitude, longitude, fetch_status) VALUES (24, 'Uddevalla', 'Sverige', '', '', 58.35096, 11.93264, 'FETCHED_WITH_SUCCESS');
INSERT INTO life_event (id, day, month, year, date, notes, location_id) VALUES (62, 4, 9, 1786, '1786-09-04', '', 24);
INSERT INTO life_event (id, day, month, year, date, notes, location_id) VALUES (63, null, null, null, null, '', null);
INSERT INTO occupation (id, notes, day, month, year, date, location_id) VALUES (6, 'Handlande och rådman i uddevalla', null, null, null, null, null);
INSERT INTO person (id, first_name, last_name, middle_names, notes, sex, birth_id, death_id, burial_id, father_id, mother_id) VALUES (21, 'Johannes', 'Hegardt', 'Pettersson', '(Tab 25 i GS).', 'MAN', 61, 62, 63, null, null);

--======= Insert Person id: 22 =======
INSERT INTO life_event (id, day, month, year, date, notes, location_id) VALUES (64, 19, 11, 1745, '1745-11-19', '', null);
INSERT INTO location (id, city, country, region, notes, latitude, longitude, fetch_status) VALUES (25, 'Uddevalla', 'Sverige', '', '', 58.35096, 11.93264, 'FETCHED_WITH_SUCCESS');
INSERT INTO life_event (id, day, month, year, date, notes, location_id) VALUES (65, 10, 2, 1746, '1746-02-10', '', 25);
INSERT INTO life_event (id, day, month, year, date, notes, location_id) VALUES (66, null, null, null, null, '', null);
INSERT INTO person (id, first_name, last_name, middle_names, notes, sex, birth_id, death_id, burial_id, father_id, mother_id) VALUES (22, 'Peter', 'Hegardt', '', '(2:190 i GS).', 'UNKNOWN', 64, 65, 66, null, null);

--======= Insert Person id: 23 =======
INSERT INTO location (id, city, country, region, notes, latitude, longitude, fetch_status) VALUES (26, 'Malmö', 'Sverige', '', '', 55.59669, 13.0011, 'FETCHED_WITH_SUCCESS');
INSERT INTO life_event (id, day, month, year, date, notes, location_id) VALUES (67, null, null, 1714, '1714-01-01', '', 26);
INSERT INTO location (id, city, country, region, notes, latitude, longitude, fetch_status) VALUES (27, 'Helsingborg', 'Sverige', '', '', 56.04399, 12.69611, 'FETCHED_WITH_SUCCESS');
INSERT INTO life_event (id, day, month, year, date, notes, location_id) VALUES (68, 1, 3, 1797, '1797-03-01', '', 27);
INSERT INTO life_event (id, day, month, year, date, notes, location_id) VALUES (69, null, null, null, null, '', null);
INSERT INTO person (id, first_name, last_name, middle_names, notes, sex, birth_id, death_id, burial_id, father_id, mother_id) VALUES (23, 'Ingeborg', 'Linder', '', '', 'WOMAN', 67, 68, 69, null, null);

--======= Insert Person id: 24 =======
INSERT INTO location (id, city, country, region, notes, latitude, longitude, fetch_status) VALUES (28, 'Marstrand', 'Sverige', '', '', 57.88669, 11.58953, 'FETCHED_WITH_SUCCESS');
INSERT INTO life_event (id, day, month, year, date, notes, location_id) VALUES (70, 18, 1, 1744, '1744-01-18', '', 28);
INSERT INTO location (id, city, country, region, notes, latitude, longitude, fetch_status) VALUES (29, 'Marstrand', 'Sverige', '', '', 57.88669, 11.58953, 'FETCHED_WITH_SUCCESS');
INSERT INTO life_event (id, day, month, year, date, notes, location_id) VALUES (71, 11, 6, 1776, '1776-06-11', '', 29);
INSERT INTO life_event (id, day, month, year, date, notes, location_id) VALUES (72, null, null, null, null, '', null);
INSERT INTO occupation (id, notes, day, month, year, date, location_id) VALUES (7, 'Stadskassör i marstrand', null, null, null, null, null);
INSERT INTO person (id, first_name, last_name, middle_names, notes, sex, birth_id, death_id, burial_id, father_id, mother_id) VALUES (24, 'Hans', 'Hegardt', '', '(Tab 42:192 i GS).
Skrivare vid sjötullkontoret i Marstrand.
Materialskrivare vid 4:e fortifikationsbrigaden 1763-02-22.', 'UNKNOWN', 70, 71, 72, null, null);

--======= Insert Person id: 25 =======
INSERT INTO location (id, city, country, region, notes, latitude, longitude, fetch_status) VALUES (30, 'Marstrand', 'Sverige', '', '', 57.88669, 11.58953, 'FETCHED_WITH_SUCCESS');
INSERT INTO life_event (id, day, month, year, date, notes, location_id) VALUES (73, 26, 4, 1745, '1745-04-26', '', 30);
INSERT INTO location (id, city, country, region, notes, latitude, longitude, fetch_status) VALUES (31, 'Marstrand', 'Sverige', '', '', 57.88669, 11.58953, 'FETCHED_WITH_SUCCESS');
INSERT INTO life_event (id, day, month, year, date, notes, location_id) VALUES (74, 16, 2, 1746, '1746-02-16', '', 31);
INSERT INTO life_event (id, day, month, year, date, notes, location_id) VALUES (75, null, null, null, null, '', null);
INSERT INTO person (id, first_name, last_name, middle_names, notes, sex, birth_id, death_id, burial_id, father_id, mother_id) VALUES (25, 'Peter', 'Hegardt', 'Josias', '(Tab 42:193 i GS).', 'UNKNOWN', 73, 74, 75, null, null);

--======= Insert Person id: 26 =======
INSERT INTO location (id, city, country, region, notes, latitude, longitude, fetch_status) VALUES (32, 'Marstrand', 'Sverige', '', '', 57.88669, 11.58953, 'FETCHED_WITH_SUCCESS');
INSERT INTO life_event (id, day, month, year, date, notes, location_id) VALUES (76, 14, 12, 1747, '1747-12-14', '', 32);
INSERT INTO location (id, city, country, region, notes, latitude, longitude, fetch_status) VALUES (33, 'Helsingborg', 'Sverige', '', '', 56.04399, 12.69611, 'FETCHED_WITH_SUCCESS');
INSERT INTO life_event (id, day, month, year, date, notes, location_id) VALUES (77, 7, 11, 1816, '1816-11-07', '', 33);
INSERT INTO life_event (id, day, month, year, date, notes, location_id) VALUES (78, null, null, null, null, '', null);
INSERT INTO person (id, first_name, last_name, middle_names, notes, sex, birth_id, death_id, burial_id, father_id, mother_id) VALUES (26, 'Katarina', 'Hegardt', '', '(Tab 42:194 i GS).
Genom inbördes testamente av 17/1 1802 donerade makarna en summa (som 1901 hade vuxit till 4000 kr) till sådana fattiga i Marstrand, vilka icke anlita den allmänna fattigvården. Donationen utbetalades efter Katarinas död 1816.', 'UNKNOWN', 76, 77, 78, null, null);

--======= Insert Person id: 27 =======
INSERT INTO life_event (id, day, month, year, date, notes, location_id) VALUES (79, null, null, null, null, '', null);
INSERT INTO life_event (id, day, month, year, date, notes, location_id) VALUES (80, null, null, null, null, '', null);
INSERT INTO life_event (id, day, month, year, date, notes, location_id) VALUES (81, null, null, null, null, '', null);
INSERT INTO occupation (id, notes, day, month, year, date, location_id) VALUES (8, 'Kyrkoherde', null, null, null, null, null);
INSERT INTO person (id, first_name, last_name, middle_names, notes, sex, birth_id, death_id, burial_id, father_id, mother_id) VALUES (27, 'Jean', 'Brun', '', '', 'MAN', 79, 80, 81, null, null);

--======= Insert Person id: 28 =======
INSERT INTO location (id, city, country, region, notes, latitude, longitude, fetch_status) VALUES (34, 'Uddevalla', 'Sverige', '', '', 58.35096, 11.93264, 'FETCHED_WITH_SUCCESS');
INSERT INTO life_event (id, day, month, year, date, notes, location_id) VALUES (82, 3, 1, 1720, '1720-01-03', '', 34);
INSERT INTO location (id, city, country, region, notes, latitude, longitude, fetch_status) VALUES (35, 'Uddevalla', 'Sverige', '', '', 58.35096, 11.93264, 'FETCHED_WITH_SUCCESS');
INSERT INTO life_event (id, day, month, year, date, notes, location_id) VALUES (83, 26, 10, 1786, '1786-10-26', '', 35);
INSERT INTO life_event (id, day, month, year, date, notes, location_id) VALUES (84, null, null, null, null, '', null);
INSERT INTO occupation (id, notes, day, month, year, date, location_id) VALUES (9, 'Handlande och skeppsredare', null, null, null, null, null);
INSERT INTO person (id, first_name, last_name, middle_names, notes, sex, birth_id, death_id, burial_id, father_id, mother_id) VALUES (28, 'Anders', 'Knape', 'Hansson', '', 'UNKNOWN', 82, 83, 84, null, null);

--======= Insert Person id: 29 =======
INSERT INTO location (id, city, country, region, notes, latitude, longitude, fetch_status) VALUES (36, 'på Saltkällan i Foss', 'Sverige', '', '', 58.43218, 11.70485, 'FETCHED_WITH_SUCCESS');
INSERT INTO life_event (id, day, month, year, date, notes, location_id) VALUES (85, 11, 2, 1740, '1740-02-11', '', 36);
INSERT INTO life_event (id, day, month, year, date, notes, location_id) VALUES (86, null, null, null, null, '', null);
INSERT INTO life_event (id, day, month, year, date, notes, location_id) VALUES (87, null, null, null, null, '', null);
INSERT INTO person (id, first_name, last_name, middle_names, notes, sex, birth_id, death_id, burial_id, father_id, mother_id) VALUES (29, 'Johan', 'Alsing', 'Didrik', '', 'UNKNOWN', 85, 86, 87, null, null);

--======= Insert Person id: 30 =======
INSERT INTO location (id, city, country, region, notes, latitude, longitude, fetch_status) VALUES (37, 'Kristianstad', 'Sverige', '', '', 56.03099, 14.15416, 'FETCHED_WITH_SUCCESS');
INSERT INTO life_event (id, day, month, year, date, notes, location_id) VALUES (88, null, null, 1737, '1737-01-01', '', 37);
INSERT INTO life_event (id, day, month, year, date, notes, location_id) VALUES (89, null, null, null, null, '', null);
INSERT INTO life_event (id, day, month, year, date, notes, location_id) VALUES (90, null, null, null, null, '', null);
INSERT INTO person (id, first_name, last_name, middle_names, notes, sex, birth_id, death_id, burial_id, father_id, mother_id) VALUES (30, 'Eva', 'Faxe', 'Beata', '', 'WOMAN', 88, 89, 90, null, null);

--======= Insert Person id: 31 =======
INSERT INTO location (id, city, country, region, notes, latitude, longitude, fetch_status) VALUES (38, 'Uddevalla', 'Sverige', '', '', 58.35096, 11.93264, 'FETCHED_WITH_SUCCESS');
INSERT INTO life_event (id, day, month, year, date, notes, location_id) VALUES (91, 12, 6, 1753, '1753-06-12', '', 38);
INSERT INTO location (id, city, country, region, notes, latitude, longitude, fetch_status) VALUES (39, 'på Annegreteberg i Uddevalla', 'Sverige', '', '', 58.35558, 11.92659, 'FETCHED_WITH_SUCCESS');
INSERT INTO life_event (id, day, month, year, date, notes, location_id) VALUES (92, 10, 3, 1835, '1835-03-10', '', 39);
INSERT INTO life_event (id, day, month, year, date, notes, location_id) VALUES (93, null, null, null, null, '', null);
INSERT INTO person (id, first_name, last_name, middle_names, notes, sex, birth_id, death_id, burial_id, father_id, mother_id) VALUES (31, 'Anna', 'Bratt', 'Elisabeth', '', 'WOMAN', 91, 92, 93, null, null);

--======= Insert Person id: 32 =======
INSERT INTO location (id, city, country, region, notes, latitude, longitude, fetch_status) VALUES (40, '[', 'Sverige', '', '', 59.33257, 18.06682, 'FETCHED_WITH_SUCCESS');
INSERT INTO life_event (id, day, month, year, date, notes, location_id) VALUES (94, 28, 9, 1766, '1766-09-28', '', 40);
INSERT INTO location (id, city, country, region, notes, latitude, longitude, fetch_status) VALUES (41, 'och begraven samma dag', 'Sverige', '', '', null, null, 'AWAITING');
INSERT INTO life_event (id, day, month, year, date, notes, location_id) VALUES (95, null, null, null, null, '', 41);
INSERT INTO life_event (id, day, month, year, date, notes, location_id) VALUES (96, null, null, null, null, '', null);
INSERT INTO person (id, first_name, last_name, middle_names, notes, sex, birth_id, death_id, burial_id, father_id, mother_id) VALUES (32, 'en', 'dotter', '', '(Tab 3:6 i GS).', 'UNKNOWN', 94, 95, 96, null, null);

--======= Insert Person id: 33 =======
INSERT INTO location (id, city, country, region, notes, latitude, longitude, fetch_status) VALUES (42, 'Uddevalla', 'Sverige', '', '', 58.35096, 11.93264, 'FETCHED_WITH_SUCCESS');
INSERT INTO life_event (id, day, month, year, date, notes, location_id) VALUES (97, 29, 12, 1767, '1767-12-29', '', 42);
INSERT INTO location (id, city, country, region, notes, latitude, longitude, fetch_status) VALUES (43, 'Okome prästgård', 'Ørby', '', '', 58.45716, 11.3934, 'FETCHED_WITH_SUCCESS');
INSERT INTO life_event (id, day, month, year, date, notes, location_id) VALUES (98, 24, 6, 1810, '1810-06-24', '', 43);
INSERT INTO life_event (id, day, month, year, date, notes, location_id) VALUES (99, null, null, null, null, '', null);
INSERT INTO person (id, first_name, last_name, middle_names, notes, sex, birth_id, death_id, burial_id, father_id, mother_id) VALUES (33, 'Helena', 'Hegardt', 'Elisabeth', '(Tab 3:7 i GS).', 'UNKNOWN', 97, 98, 99, null, null);

--======= Insert Person id: 34 =======
INSERT INTO location (id, city, country, region, notes, latitude, longitude, fetch_status) VALUES (44, 'Uddevalla', 'Sverige', '', '', 58.35096, 11.93264, 'FETCHED_WITH_SUCCESS');
INSERT INTO life_event (id, day, month, year, date, notes, location_id) VALUES (100, 19, 2, 1769, '1769-02-19', '', 44);
INSERT INTO location (id, city, country, region, notes, latitude, longitude, fetch_status) VALUES (45, 'Uddevalla', 'Sverige', '', '', 58.35096, 11.93264, 'FETCHED_WITH_SUCCESS');
INSERT INTO life_event (id, day, month, year, date, notes, location_id) VALUES (101, 26, 8, 1834, '1834-08-26', '', 45);
INSERT INTO life_event (id, day, month, year, date, notes, location_id) VALUES (102, null, null, null, null, '', null);
INSERT INTO occupation (id, notes, day, month, year, date, location_id) VALUES (10, 'Godsägare', null, null, null, null, null);
INSERT INTO person (id, first_name, last_name, middle_names, notes, sex, birth_id, death_id, burial_id, father_id, mother_id) VALUES (34, 'Peter', 'Hegardt', '', '(Tab 3:8 i GS).', 'UNKNOWN', 100, 101, 102, null, null);

--======= Insert Person id: 35 =======
INSERT INTO life_event (id, day, month, year, date, notes, location_id) VALUES (103, 16, 11, 1770, '1770-11-16', '', null);
INSERT INTO location (id, city, country, region, notes, latitude, longitude, fetch_status) VALUES (46, 'Uddevalla', 'Sverige', '', '', 58.35096, 11.93264, 'FETCHED_WITH_SUCCESS');
INSERT INTO life_event (id, day, month, year, date, notes, location_id) VALUES (104, 16, 11, 1770, '1770-11-16', '', 46);
INSERT INTO life_event (id, day, month, year, date, notes, location_id) VALUES (105, null, null, null, null, '', null);
INSERT INTO person (id, first_name, last_name, middle_names, notes, sex, birth_id, death_id, burial_id, father_id, mother_id) VALUES (35, 'Peter', 'Hegardt', '', '(Tab 3:9 i GS).', 'UNKNOWN', 103, 104, 105, null, null);

--======= Insert Person id: 36 =======
INSERT INTO location (id, city, country, region, notes, latitude, longitude, fetch_status) VALUES (47, 'Uddevalla', 'Sverige', '', '', 58.35096, 11.93264, 'FETCHED_WITH_SUCCESS');
INSERT INTO life_event (id, day, month, year, date, notes, location_id) VALUES (106, 24, 11, 1772, '1772-11-24', '', 47);
INSERT INTO location (id, city, country, region, notes, latitude, longitude, fetch_status) VALUES (48, 'Göteborg', 'Sverige', '', '', 57.70067, 11.96822, 'FETCHED_WITH_SUCCESS');
INSERT INTO life_event (id, day, month, year, date, notes, location_id) VALUES (107, null, null, 1802, '1802-01-01', '', 48);
INSERT INTO life_event (id, day, month, year, date, notes, location_id) VALUES (108, null, null, null, null, '', null);
INSERT INTO person (id, first_name, last_name, middle_names, notes, sex, birth_id, death_id, burial_id, father_id, mother_id) VALUES (36, 'Cecilia', 'Hegardt', 'Katarina', '(Tab 3:10 i GS).', 'UNKNOWN', 106, 107, 108, null, null);

--======= Insert Person id: 37 =======
INSERT INTO location (id, city, country, region, notes, latitude, longitude, fetch_status) VALUES (49, 'Uddevalla', 'Sverige', '', '', 58.35096, 11.93264, 'FETCHED_WITH_SUCCESS');
INSERT INTO life_event (id, day, month, year, date, notes, location_id) VALUES (109, 5, 12, 1776, '1776-12-05', '', 49);
INSERT INTO location (id, city, country, region, notes, latitude, longitude, fetch_status) VALUES (50, 'Uddevalla', 'Sverige', '', '', 58.35096, 11.93264, 'FETCHED_WITH_SUCCESS');
INSERT INTO life_event (id, day, month, year, date, notes, location_id) VALUES (110, 16, 5, 1841, '1841-05-16', '', 50);
INSERT INTO life_event (id, day, month, year, date, notes, location_id) VALUES (111, null, null, null, null, '', null);
INSERT INTO person (id, first_name, last_name, middle_names, notes, sex, birth_id, death_id, burial_id, father_id, mother_id) VALUES (37, 'Eva', 'Hegardt', 'Beata', '(Tab 3:11 i GS).
Dubbelkusin med sin man.', 'UNKNOWN', 109, 110, 111, null, null);

--======= Insert Person id: 38 =======
INSERT INTO location (id, city, country, region, notes, latitude, longitude, fetch_status) VALUES (51, 'Uddevalla', 'Sverige', '', '', 58.35096, 11.93264, 'FETCHED_WITH_SUCCESS');
INSERT INTO life_event (id, day, month, year, date, notes, location_id) VALUES (112, 5, 2, 1781, '1781-02-05', '', 51);
INSERT INTO location (id, city, country, region, notes, latitude, longitude, fetch_status) VALUES (52, 'Stockholm', 'Sverige', '', '', 59.33257, 18.06683, 'FETCHED_WITH_SUCCESS');
INSERT INTO life_event (id, day, month, year, date, notes, location_id) VALUES (113, 8, 3, 1837, '1837-03-08', '', 52);
INSERT INTO life_event (id, day, month, year, date, notes, location_id) VALUES (114, null, null, null, null, '', null);
INSERT INTO occupation (id, notes, day, month, year, date, location_id) VALUES (11, 'Kansliråd', null, null, null, null, null);
INSERT INTO person (id, first_name, last_name, middle_names, notes, sex, birth_id, death_id, burial_id, father_id, mother_id) VALUES (38, 'Kristian', 'Hegardt', 'Bernhard', '(Tab 4 i GS).
Student i Lund 1795. Juridisk examen där 1796 3/5 (examen juridicum et historicum) samt responderade för en akademisk avhandling "de infinito numine nobis incomprehensibile". Eo kanslist vid utrikes statsexpeditionen febr 1797. Studerade vid Uppsala universitet vårterminerna 1797 och 1799. Tjänstgjorde vid riksdagen i Norrköping 1800. Legationssekreterare vid beskickningen till riksförsamlingen i Regensburg 1801 4/6 - aug 1806. Protokollssekreterare vid utrikes statsexpeditionen 1807 25/5. Utnämnd till legationssekreterare i Wien sommaren 1810 (ankom dit 1811), samt chargé d''affaires där aug 1812 - juli 1816. Kansliråd 1817 26/3. Sändes samma år i juni i särskilt uppdrag till engelska hovet och var april - aug svenskt sändebud i Köpenhamn.
RNO 1817 7/10. Adlad (med bibehållet namn) med anledning av Carl Johans kröning 1818 11/5 (introducerad 1819 under nr 2262).
Ledamot av rikets allmänna ärenders beredning 1819. Statssekreterare för handel- och finansärenden 1820 aug - dec och därunder ledamot av generaltulldirektionen. Ledamot av finanskommitten 1822 och av konvojkommissariatet 1825. Revisor över bankodiskontverket 1826-1829 och 1832.
Bevistade riksdagarna 1823 (ledamot av expeditionsutskottet, vald till suppleant för riksgäldsfullmäktige), 1828-1830 (ledamot av sammansatta stats- och bankoutskottet, vald till suppleant för bankofullmäktige), 1834?1835 (ledamot av konstitutionsutskottet samt av nämnden för val av justitieombudsman); vald till riksgäldsfullmäktige). Bankofullmäktig 1832 1/2 - 1834 och riksgäldsfullmäktig sept 1834 till sin död. Recentior i frimurarlogen S:t Erik 1800.
H var en synnerligen skicklig ämbetsman och en framstående diplomat. J D Valerius skrev om honom med anledning av hans frånfälle, bl a följande: "Om man vill skapa sig ett människoideal av oförenbara motsatser, huvudet klart men hetsigt, nordisk karaktär och sydländskt lynne, den förra energisk och oböjlig, det senare vekligt och ömtåligt som sensitivan, --- och om därav likväl uppkommer ett ädelt, harmoniskt helt --- så skulle bilden framstå förverkligad i Kristian Bernhard Hegardt. Rik på begrepp och kunskaper, använd i mångfaldiga allmänna värv, var han en djup tänkare, kall diplomat, mogen statsman, sansad talare.
Kärleken till rättvisa och ljus, hatet mot allt vrångt och dunkelt bragte honom dock ofta i feber, när han, ren och genomskinlig till både avsikt och system, vederlades med fraser eller av sorlet nedtystades. Men hållande måtta i saken, om ej i sättet, aldrig övergivande det enda parti han fullföljde - övertygelsens -, frisinnigt medborgerlig och lika frisinnigt konungskt, uppnådde han slutligen målet och möttes av förtroende.
Såsom enskild man kunde han, med ett ord, nämnas efterdömlig.
Sin värld här nere fann han i den älskvärda husliga kretsen, och skattade för övrigt tämligen ringa ett liv, som plågorna långsamt förtärde. Hans högre syften och förhoppning uttrycktes ock av själva hans riddare valspråk: ovan skyn (supra nubem)." H:s rikhaltiga brevväxling (bl a med Carl XIV Johan) förvaras hos ättens huvudman.', 'MAN', 112, 113, 114, null, null);

--======= Insert Person id: 39 =======
INSERT INTO location (id, city, country, region, notes, latitude, longitude, fetch_status) VALUES (53, 'Uddevalla', 'Sverige', '', '', 58.35096, 11.93264, 'FETCHED_WITH_SUCCESS');
INSERT INTO life_event (id, day, month, year, date, notes, location_id) VALUES (115, 21, 8, 1783, '1783-08-21', '', 53);
INSERT INTO location (id, city, country, region, notes, latitude, longitude, fetch_status) VALUES (54, 'Uddevalla', 'Sverige', '', '', 58.35096, 11.93264, 'FETCHED_WITH_SUCCESS');
INSERT INTO life_event (id, day, month, year, date, notes, location_id) VALUES (116, 18, 8, 1834, '1834-08-18', '', 54);
INSERT INTO life_event (id, day, month, year, date, notes, location_id) VALUES (117, null, null, null, null, '', null);
INSERT INTO occupation (id, notes, day, month, year, date, location_id) VALUES (12, 'Grosshandlare och skeppsredare i stockholm', null, null, null, null, null);
INSERT INTO person (id, first_name, last_name, middle_names, notes, sex, birth_id, death_id, burial_id, father_id, mother_id) VALUES (39, 'Johannes', 'Hegardt', '', '(Tab 10 i GS).
Var från 1819 bosatt i Uddevalla.', 'MAN', 115, 116, 117, null, null);

--======= Insert Person id: 40 =======
INSERT INTO location (id, city, country, region, notes, latitude, longitude, fetch_status) VALUES (55, 'Uddevalla', 'Sverige', '', '', 58.35096, 11.93264, 'FETCHED_WITH_SUCCESS');
INSERT INTO life_event (id, day, month, year, date, notes, location_id) VALUES (118, 20, 8, 1784, '1784-08-20', '', 55);
INSERT INTO location (id, city, country, region, notes, latitude, longitude, fetch_status) VALUES (56, 'Göteborg', 'Sverige', '', '', 57.70067, 11.96822, 'FETCHED_WITH_SUCCESS');
INSERT INTO life_event (id, day, month, year, date, notes, location_id) VALUES (119, 31, 12, 1846, '1846-12-31', '', 56);
INSERT INTO life_event (id, day, month, year, date, notes, location_id) VALUES (120, null, null, null, null, '', null);
INSERT INTO occupation (id, notes, day, month, year, date, location_id) VALUES (13, 'Grosshandlare i göteborg', null, null, null, null, null);
INSERT INTO person (id, first_name, last_name, middle_names, notes, sex, birth_id, death_id, burial_id, father_id, mother_id) VALUES (40, 'Gustaf', 'Hegardt', 'Henrik', '(Tab 20 i GS).
Firman hette G H Hegardt och Co (i kompanjonskap med hustruns systerson Oskar Andrén). Illitterat rådman i Göteborg från år 1834 eller 1835.', 'MAN', 118, 119, 120, null, null);

--======= Insert Person id: 41 =======
INSERT INTO location (id, city, country, region, notes, latitude, longitude, fetch_status) VALUES (57, 'Uddevalla', 'Sverige', '', '', 58.35096, 11.93264, 'FETCHED_WITH_SUCCESS');
INSERT INTO life_event (id, day, month, year, date, notes, location_id) VALUES (121, 30, 10, 1785, '1785-10-30', '', 57);
INSERT INTO location (id, city, country, region, notes, latitude, longitude, fetch_status) VALUES (58, 'Uddevalla', 'Sverige', '', '', 58.35096, 11.93264, 'FETCHED_WITH_SUCCESS');
INSERT INTO life_event (id, day, month, year, date, notes, location_id) VALUES (122, 9, 5, 1842, '1842-05-09', '', 58);
INSERT INTO life_event (id, day, month, year, date, notes, location_id) VALUES (123, null, null, null, null, '', null);
INSERT INTO person (id, first_name, last_name, middle_names, notes, sex, birth_id, death_id, burial_id, father_id, mother_id) VALUES (41, 'Maria', 'Hegardt', 'Maja, Regina', '(Tab 3:96 i GS).', 'UNKNOWN', 121, 122, 123, null, null);

--======= Insert Person id: 42 =======
INSERT INTO location (id, city, country, region, notes, latitude, longitude, fetch_status) VALUES (59, 'Uddevalla', 'Sverige', '', '', 58.35096, 11.93264, 'FETCHED_WITH_SUCCESS');
INSERT INTO life_event (id, day, month, year, date, notes, location_id) VALUES (124, 5, 1, 1787, '1787-01-05', '', 59);
INSERT INTO location (id, city, country, region, notes, latitude, longitude, fetch_status) VALUES (60, 'Uddevalla', 'Sverige', '', '', 58.35096, 11.93264, 'FETCHED_WITH_SUCCESS');
INSERT INTO life_event (id, day, month, year, date, notes, location_id) VALUES (125, 27, 9, 1875, '1875-09-27', '', 60);
INSERT INTO life_event (id, day, month, year, date, notes, location_id) VALUES (126, null, null, null, null, '', null);
INSERT INTO person (id, first_name, last_name, middle_names, notes, sex, birth_id, death_id, burial_id, father_id, mother_id) VALUES (42, 'Johanna', 'Hegardt', 'Jeanette, Kornelia', '(Tab 3:97 i GS).', 'UNKNOWN', 124, 125, 126, null, null);

--======= Insert Person id: 43 =======
INSERT INTO location (id, city, country, region, notes, latitude, longitude, fetch_status) VALUES (61, 'Uddevalla', 'Sverige', '', '', 58.35096, 11.93264, 'FETCHED_WITH_SUCCESS');
INSERT INTO life_event (id, day, month, year, date, notes, location_id) VALUES (127, 28, 11, 1789, '1789-11-28', '', 61);
INSERT INTO location (id, city, country, region, notes, latitude, longitude, fetch_status) VALUES (62, 'Uddevalla', 'Sverige', '', '', 58.35096, 11.93264, 'FETCHED_WITH_SUCCESS');
INSERT INTO life_event (id, day, month, year, date, notes, location_id) VALUES (128, 11, 2, 1792, '1792-02-11', '', 62);
INSERT INTO life_event (id, day, month, year, date, notes, location_id) VALUES (129, null, null, null, null, '', null);
INSERT INTO person (id, first_name, last_name, middle_names, notes, sex, birth_id, death_id, burial_id, father_id, mother_id) VALUES (43, 'Lars', 'Hegardt', 'Adolf', '(Tab 3:98 i GS).', 'UNKNOWN', 127, 128, 129, null, null);

--======= Insert Person id: 44 =======
INSERT INTO location (id, city, country, region, notes, latitude, longitude, fetch_status) VALUES (63, 'Uddevalla', 'Sverige', '', '', 58.35096, 11.93264, 'FETCHED_WITH_SUCCESS');
INSERT INTO life_event (id, day, month, year, date, notes, location_id) VALUES (130, 9, 4, 1748, '1748-04-09', '', 63);
INSERT INTO location (id, city, country, region, notes, latitude, longitude, fetch_status) VALUES (64, 'Uddevalla', 'Sverige', '', '', 58.35096, 11.93264, 'FETCHED_WITH_SUCCESS');
INSERT INTO life_event (id, day, month, year, date, notes, location_id) VALUES (131, 22, 2, 1780, '1780-02-22', '', 64);
INSERT INTO life_event (id, day, month, year, date, notes, location_id) VALUES (132, null, null, null, null, '', null);
INSERT INTO person (id, first_name, last_name, middle_names, notes, sex, birth_id, death_id, burial_id, father_id, mother_id) VALUES (44, 'Maria', 'Bratt', 'Regina', '', 'WOMAN', 130, 131, 132, null, null);

--======= Insert Person id: 45 =======
INSERT INTO location (id, city, country, region, notes, latitude, longitude, fetch_status) VALUES (65, 'Göteborg', 'Sverige', '', '', 57.70067, 11.96822, 'FETCHED_WITH_SUCCESS');
INSERT INTO life_event (id, day, month, year, date, notes, location_id) VALUES (133, 23, 12, 1757, '1757-12-23', '', 65);
INSERT INTO location (id, city, country, region, notes, latitude, longitude, fetch_status) VALUES (66, 'Åsbräcka', 'Sverige', '', '', 58.19246, 12.16989, 'FETCHED_WITH_SUCCESS');
INSERT INTO life_event (id, day, month, year, date, notes, location_id) VALUES (134, 22, 9, 1815, '1815-09-22', '', 66);
INSERT INTO life_event (id, day, month, year, date, notes, location_id) VALUES (135, null, null, null, null, '', null);
INSERT INTO person (id, first_name, last_name, middle_names, notes, sex, birth_id, death_id, burial_id, father_id, mother_id) VALUES (45, 'Anna', 'Gjædda', 'Margareta', '', 'UNKNOWN', 133, 134, 135, null, null);

--======= Insert Person id: 46 =======
INSERT INTO location (id, city, country, region, notes, latitude, longitude, fetch_status) VALUES (67, 'Uddevalla', 'Sverige', '', '', 58.35096, 11.93264, 'FETCHED_WITH_SUCCESS');
INSERT INTO life_event (id, day, month, year, date, notes, location_id) VALUES (136, 7, 6, 1769, '1769-06-07', '', 67);
INSERT INTO location (id, city, country, region, notes, latitude, longitude, fetch_status) VALUES (68, 'Varberg', 'Sverige', '', '', 57.10789, 12.24901, 'FETCHED_WITH_SUCCESS');
INSERT INTO life_event (id, day, month, year, date, notes, location_id) VALUES (137, 28, 5, 1845, '1845-05-28', '', 68);
INSERT INTO life_event (id, day, month, year, date, notes, location_id) VALUES (138, null, null, null, null, '', null);
INSERT INTO person (id, first_name, last_name, middle_names, notes, sex, birth_id, death_id, burial_id, father_id, mother_id) VALUES (46, 'Torborg', 'Hegardt', 'Maria', '(Tab 25:101 i GS).', 'UNKNOWN', 136, 137, 138, null, null);

--======= Insert Person id: 47 =======
INSERT INTO location (id, city, country, region, notes, latitude, longitude, fetch_status) VALUES (69, 'Uddevalla', 'Sverige', '', '', 58.35096, 11.93264, 'FETCHED_WITH_SUCCESS');
INSERT INTO life_event (id, day, month, year, date, notes, location_id) VALUES (139, 16, 11, 1771, '1771-11-16', '', 69);
INSERT INTO location (id, city, country, region, notes, latitude, longitude, fetch_status) VALUES (70, 'Uddevalla', 'Sverige', '', '', 58.35096, 11.93264, 'FETCHED_WITH_SUCCESS');
INSERT INTO life_event (id, day, month, year, date, notes, location_id) VALUES (140, 29, 9, 1812, '1812-09-29', '', 70);
INSERT INTO life_event (id, day, month, year, date, notes, location_id) VALUES (141, null, null, null, null, '', null);
INSERT INTO person (id, first_name, last_name, middle_names, notes, sex, birth_id, death_id, burial_id, father_id, mother_id) VALUES (47, 'Anna', 'Hegardt', 'Elisabet', '(Tab 25:103 i GS).', 'UNKNOWN', 139, 140, 141, null, null);

--======= Insert Person id: 48 =======
INSERT INTO location (id, city, country, region, notes, latitude, longitude, fetch_status) VALUES (71, 'Uddevalla', 'Sverige', '', '', 58.35096, 11.93264, 'FETCHED_WITH_SUCCESS');
INSERT INTO life_event (id, day, month, year, date, notes, location_id) VALUES (142, 11, 12, 1772, '1772-12-11', '', 71);
INSERT INTO location (id, city, country, region, notes, latitude, longitude, fetch_status) VALUES (72, 'Uddevalla', 'Sverige', '', '', 58.35096, 11.93264, 'FETCHED_WITH_SUCCESS');
INSERT INTO life_event (id, day, month, year, date, notes, location_id) VALUES (143, 5, 5, 1821, '1821-05-05', '', 72);
INSERT INTO life_event (id, day, month, year, date, notes, location_id) VALUES (144, null, null, null, null, '', null);
INSERT INTO occupation (id, notes, day, month, year, date, location_id) VALUES (14, 'Grosshandlare och rådman', null, null, null, null, null);
INSERT INTO person (id, first_name, last_name, middle_names, notes, sex, birth_id, death_id, burial_id, father_id, mother_id) VALUES (48, 'Peter', 'Hegardt', 'Johansson', '(Tab 26 i GS).
Dubbelkusin med sin hustru.
Peter som var tidigt utvecklad och visade stor lätthet för studier, blev år 1783, redan innan han fyllt tolv år, inskriven vid Lunds universitet. Han valde emellertid inte den lärda banan, utan följde i faderns fotspår och vann 1795 burskap som handlande i Uddevalla och öppnade där, i kompanjonskap med handlanden Wallenkamp, grosshandelsrörelse.
"Med en fullkomlig underbyggnad i det vetenskapliga av hans yrke och med en livlig själ, som aldrig fann utsikten för sin verkning hämmad, var naturligt att hans affärer skulle bli av betydenhet och drift." Lyckan var honom emellertid inte bevågen, firman måste likvideras. Han ingick därefter nytt bolag med sin broder Kristian och denna rörelse drevs med stor framgång, så att firman kunde stå emot verkningarna av såväl den brand, som 1806 ödelade Uddevalla, som även den efter fredsslutet 1814 utbrutna allmänna krisen inom handelsvärlden. Följderna av denna kris var dock inte ännu övervunna, då han endast 49-årig oförmodat gick bort.
Den kraftfulle och verksamme mannen hade flitigt tagits i anspråk för olika värv. Efter 1806 års brand "kallade förtroendet hans verksamhet till flera kommittéer, varibland särskilt må nämnas berednings-, medlings- och föreningskommittén, vars ordförande han blev och vars föremål han bragte till slut. Något skönare förtroende kunde aldrig erhållas ---, några ädlare handlingar kunde aldrig företes, än de av Hegardt framlagda, att, efter billighetens regler och med främjande av allmänt gagn och enskild rätt, förlika medlemmars stridigheter och förekomma alltid både obehagliga och kostsamma rättegångar dem emellan, utan annan avsikt och vedergällning än den, som efter tiden skördas." Till riksdagen 1809 valdes han som representant i borgarståndet för Uddevalla m fl städer. Vidare var han en längre tid ordförande för stadens äldste och för Uddevalla handelssocietet samt chef för handelsbårlaget från början av 1811 till sin död.
"I handelssocieteten gjorde han den 28 januari 1813 sitt inträde med ett tal om handeln, som vittnade om insikt i dess historia och om smak i stilen. Från detta sysslande tog han avsked den 28 januari 1820." Genom Peters inflytande fick Uddevalla för någon tid införselsrätt för utländskt brännvin, vilket gav staden betydande ekonomiska fördelar.
"Men det var icke allena i sitt yrke och i sin borgarplikt, som framlidne Hegardt ägde ett avgjort företräde; han var även från de sköna konsternas värld mäktig att leda känslan och smaken. I ett musikaliskt nöje utgjorde han ofta ledstjärnan och hans talent att traktera sin flöjt, att styra harmonin, tillvann honom aktning och tillgivenhet." Ovanstående är hämtat ur en parentation över Peter Johansson Hegardt, som vid femtioårsminnet av hans födelse hölls vid "allmän sammankomst" (sannolikt i handelssocieten) och som avslutades med följande ord: "Det är ej heller andra motiv än vänskapens och övertygelsens --- som lett mitt företag i förening med den egennytta, att särdeles åt de yngre borgarna inom hans klass giva exempel och uppmuntran; att genom verksamhet och ädla gärningar, genom vårdad dygd och gudsfruktan, göra sig aktade i tiden, saknade i döden och hågkomna i graven." Peter var också rådman i Uddevalla.', 'MAN', 142, 143, 144, null, null);

--======= Insert Person id: 49 =======
INSERT INTO location (id, city, country, region, notes, latitude, longitude, fetch_status) VALUES (73, 'Uddevalla', 'Sverige', '', '', 58.35096, 11.93264, 'FETCHED_WITH_SUCCESS');
INSERT INTO life_event (id, day, month, year, date, notes, location_id) VALUES (145, 2, 2, 1774, '1774-02-02', '', 73);
INSERT INTO location (id, city, country, region, notes, latitude, longitude, fetch_status) VALUES (74, 'Uddevalla', 'Sverige', '', '', 58.35096, 11.93264, 'FETCHED_WITH_SUCCESS');
INSERT INTO life_event (id, day, month, year, date, notes, location_id) VALUES (146, 4, 2, 1774, '1774-02-04', '', 74);
INSERT INTO life_event (id, day, month, year, date, notes, location_id) VALUES (147, null, null, null, null, '', null);
INSERT INTO person (id, first_name, last_name, middle_names, notes, sex, birth_id, death_id, burial_id, father_id, mother_id) VALUES (49, 'Helena', 'Hegardt', '', '(Tab 25:160 i GS).', 'UNKNOWN', 145, 146, 147, null, null);

--======= Insert Person id: 50 =======
INSERT INTO location (id, city, country, region, notes, latitude, longitude, fetch_status) VALUES (75, 'Uddevalla', 'Sverige', '', '', 58.35096, 11.93264, 'FETCHED_WITH_SUCCESS');
INSERT INTO life_event (id, day, month, year, date, notes, location_id) VALUES (148, 2, 2, 1774, '1774-02-02', '', 75);
INSERT INTO location (id, city, country, region, notes, latitude, longitude, fetch_status) VALUES (76, 'Varberg', 'Sverige', '', '', 57.10789, 12.24901, 'FETCHED_WITH_SUCCESS');
INSERT INTO life_event (id, day, month, year, date, notes, location_id) VALUES (149, 29, 11, 1846, '1846-11-29', '', 76);
INSERT INTO life_event (id, day, month, year, date, notes, location_id) VALUES (150, null, null, null, null, '', null);
INSERT INTO person (id, first_name, last_name, middle_names, notes, sex, birth_id, death_id, burial_id, father_id, mother_id) VALUES (50, 'Kristina', 'Hegardt', '', '(Tab 25:161 i GS).', 'UNKNOWN', 148, 149, 150, null, null);

--======= Insert Person id: 51 =======
INSERT INTO location (id, city, country, region, notes, latitude, longitude, fetch_status) VALUES (77, 'Uddevalla', 'Sverige', '', '', 58.35096, 11.93264, 'FETCHED_WITH_SUCCESS');
INSERT INTO life_event (id, day, month, year, date, notes, location_id) VALUES (151, 10, 4, 1775, '1775-04-10', '', 77);
INSERT INTO location (id, city, country, region, notes, latitude, longitude, fetch_status) VALUES (78, 'Uddevalla', 'Sverige', '', '', 58.35096, 11.93264, 'FETCHED_WITH_SUCCESS');
INSERT INTO life_event (id, day, month, year, date, notes, location_id) VALUES (152, 27, 3, 1863, '1863-03-27', '', 78);
INSERT INTO life_event (id, day, month, year, date, notes, location_id) VALUES (153, null, null, null, null, '', null);
INSERT INTO occupation (id, notes, day, month, year, date, location_id) VALUES (15, 'Grosshandlare', null, null, null, null, null);
INSERT INTO person (id, first_name, last_name, middle_names, notes, sex, birth_id, death_id, burial_id, father_id, mother_id) VALUES (51, 'Kristian', 'Hegardt', '', '(Tab 38 i GS).
Grosshandlare i Uddevalla i kompanjonskap med sin bror Peter åren 1800-1816. Sistnämnda år uppsade han burskapet som borgare.
Köpte efter stadens brand 1806 egendomen Samneröd i Bävne sn intill Uddevalla, där han sedan var bosatt till 1855, då egendomen såldes.', 'MAN', 151, 152, 153, null, null);

--======= Insert Person id: 52 =======
INSERT INTO location (id, city, country, region, notes, latitude, longitude, fetch_status) VALUES (79, 'Uddevalla', 'Sverige', '', '', 58.35096, 11.93264, 'FETCHED_WITH_SUCCESS');
INSERT INTO life_event (id, day, month, year, date, notes, location_id) VALUES (154, 25, 7, 1776, '1776-07-25', '', 79);
INSERT INTO location (id, city, country, region, notes, latitude, longitude, fetch_status) VALUES (80, 'Göteborg', 'Sverige', '', '', 57.70067, 11.96822, 'FETCHED_WITH_SUCCESS');
INSERT INTO life_event (id, day, month, year, date, notes, location_id) VALUES (155, 1, 8, 1850, '1850-08-01', '', 80);
INSERT INTO life_event (id, day, month, year, date, notes, location_id) VALUES (156, null, null, null, null, '', null);
INSERT INTO person (id, first_name, last_name, middle_names, notes, sex, birth_id, death_id, burial_id, father_id, mother_id) VALUES (52, 'Helena', 'Hegardt', '', '(Tab 25:187 i GS).', 'UNKNOWN', 154, 155, 156, null, null);

--======= Insert Person id: 53 =======
INSERT INTO location (id, city, country, region, notes, latitude, longitude, fetch_status) VALUES (81, 'Uddevalla', 'Sverige', '', '', 58.35096, 11.93264, 'FETCHED_WITH_SUCCESS');
INSERT INTO life_event (id, day, month, year, date, notes, location_id) VALUES (157, 18, 11, 1777, '1777-11-18', '', 81);
INSERT INTO location (id, city, country, region, notes, latitude, longitude, fetch_status) VALUES (82, 'Uddevalla', 'Sverige', '', '', 58.35096, 11.93264, 'FETCHED_WITH_SUCCESS');
INSERT INTO life_event (id, day, month, year, date, notes, location_id) VALUES (158, 19, 1, 1778, '1778-01-19', '', 82);
INSERT INTO life_event (id, day, month, year, date, notes, location_id) VALUES (159, null, null, null, null, '', null);
INSERT INTO person (id, first_name, last_name, middle_names, notes, sex, birth_id, death_id, burial_id, father_id, mother_id) VALUES (53, 'Johanna', 'Hegardt', 'Kornelia', '(Tab 25:188 i GS).', 'UNKNOWN', 157, 158, 159, null, null);

--======= Insert Person id: 54 =======
INSERT INTO location (id, city, country, region, notes, latitude, longitude, fetch_status) VALUES (83, 'Uddevalla', 'Sverige', '', '', 58.35096, 11.93264, 'FETCHED_WITH_SUCCESS');
INSERT INTO life_event (id, day, month, year, date, notes, location_id) VALUES (160, 18, 12, 1778, '1778-12-18', '', 83);
INSERT INTO location (id, city, country, region, notes, latitude, longitude, fetch_status) VALUES (84, 'Uddevalla', 'Sverige', '', '', 58.35096, 11.93264, 'FETCHED_WITH_SUCCESS');
INSERT INTO life_event (id, day, month, year, date, notes, location_id) VALUES (161, 7, 11, 1779, '1779-11-07', '', 84);
INSERT INTO life_event (id, day, month, year, date, notes, location_id) VALUES (162, null, null, null, null, '', null);
INSERT INTO person (id, first_name, last_name, middle_names, notes, sex, birth_id, death_id, burial_id, father_id, mother_id) VALUES (54, 'Josias', 'Hegardt', '', '(Tab 25:189 i GS).', 'UNKNOWN', 160, 161, 162, null, null);

--======= Insert Person id: 55 =======
INSERT INTO life_event (id, day, month, year, date, notes, location_id) VALUES (163, null, null, null, null, '', null);
INSERT INTO life_event (id, day, month, year, date, notes, location_id) VALUES (164, null, null, null, null, '', null);
INSERT INTO life_event (id, day, month, year, date, notes, location_id) VALUES (165, null, null, null, null, '', null);
INSERT INTO person (id, first_name, last_name, middle_names, notes, sex, birth_id, death_id, burial_id, father_id, mother_id) VALUES (55, 'Beata', 'Lönn', 'Elisabet', '', 'WOMAN', 163, 164, 165, null, null);

--======= Insert Person id: 56 =======
INSERT INTO life_event (id, day, month, year, date, notes, location_id) VALUES (166, null, null, null, null, '', null);
INSERT INTO life_event (id, day, month, year, date, notes, location_id) VALUES (167, null, null, null, null, '', null);
INSERT INTO life_event (id, day, month, year, date, notes, location_id) VALUES (168, null, null, null, null, '', null);
INSERT INTO occupation (id, notes, day, month, year, date, location_id) VALUES (16, 'Kyrkoherde', null, null, null, null, null);
INSERT INTO person (id, first_name, last_name, middle_names, notes, sex, birth_id, death_id, burial_id, father_id, mother_id) VALUES (56, 'Cornelius', 'Faxe', '', '', 'MAN', 166, 167, 168, null, null);

--======= Insert Person id: 57 =======
INSERT INTO life_event (id, day, month, year, date, notes, location_id) VALUES (169, null, null, null, null, '', null);
INSERT INTO life_event (id, day, month, year, date, notes, location_id) VALUES (170, null, null, null, null, '', null);
INSERT INTO life_event (id, day, month, year, date, notes, location_id) VALUES (171, null, null, null, null, '', null);
INSERT INTO person (id, first_name, last_name, middle_names, notes, sex, birth_id, death_id, burial_id, father_id, mother_id) VALUES (57, 'Maria', 'Ørtengren', 'Regina', '', 'WOMAN', 169, 170, 171, null, null);

--======= Insert Person id: 58 =======
INSERT INTO life_event (id, day, month, year, date, notes, location_id) VALUES (172, null, null, null, null, '', null);
INSERT INTO life_event (id, day, month, year, date, notes, location_id) VALUES (173, null, null, null, null, '', null);
INSERT INTO life_event (id, day, month, year, date, notes, location_id) VALUES (174, null, null, null, null, '', null);
INSERT INTO occupation (id, notes, day, month, year, date, location_id) VALUES (17, 'Handlande och assessor', null, null, null, null, null);
INSERT INTO person (id, first_name, last_name, middle_names, notes, sex, birth_id, death_id, burial_id, father_id, mother_id) VALUES (58, 'Kristian', 'Bratt', 'Henriksson', '', 'MAN', 172, 173, 174, null, null);

--======= Insert Person id: 59 =======
INSERT INTO location (id, city, country, region, notes, latitude, longitude, fetch_status) VALUES (85, 'Ørby', 'Sverige', '', '', 57.4833, 12.70157, 'FETCHED_WITH_SUCCESS');
INSERT INTO life_event (id, day, month, year, date, notes, location_id) VALUES (175, 9, 1, 1752, '1752-01-09', '', 85);
INSERT INTO location (id, city, country, region, notes, latitude, longitude, fetch_status) VALUES (86, 'Okome prästgård', 'Ørby', '', '', 58.45716, 11.3934, 'FETCHED_WITH_SUCCESS');
INSERT INTO life_event (id, day, month, year, date, notes, location_id) VALUES (176, 14, 6, 1825, '1825-06-14', '', 86);
INSERT INTO life_event (id, day, month, year, date, notes, location_id) VALUES (177, null, null, null, null, '', null);
INSERT INTO person (id, first_name, last_name, middle_names, notes, sex, birth_id, death_id, burial_id, father_id, mother_id) VALUES (59, 'Anders', 'Widberg', 'Pettersson', '', 'UNKNOWN', 175, 176, 177, null, null);

--======= Insert Person id: 60 =======
INSERT INTO location (id, city, country, region, notes, latitude, longitude, fetch_status) VALUES (87, 'Vänersborg', 'Sverige', '', '', 58.38189, 12.3243, 'FETCHED_WITH_SUCCESS');
INSERT INTO life_event (id, day, month, year, date, notes, location_id) VALUES (178, 27, 10, 1787, '1787-10-27', '', 87);
INSERT INTO location (id, city, country, region, notes, latitude, longitude, fetch_status) VALUES (88, 'Uddevalla', 'Sverige', '', '', 58.35096, 11.93264, 'FETCHED_WITH_SUCCESS');
INSERT INTO life_event (id, day, month, year, date, notes, location_id) VALUES (179, 21, 2, 1867, '1867-02-21', '', 88);
INSERT INTO life_event (id, day, month, year, date, notes, location_id) VALUES (180, null, null, null, null, '', null);
INSERT INTO person (id, first_name, last_name, middle_names, notes, sex, birth_id, death_id, burial_id, father_id, mother_id) VALUES (60, 'Fredrika', 'Ludolph', 'Rebecka', '', 'UNKNOWN', 178, 179, 180, null, null);

--======= Insert Person id: 61 =======
INSERT INTO location (id, city, country, region, notes, latitude, longitude, fetch_status) VALUES (89, 'Edinburgh', 'Skottland', '', '', 55.95438, -3.20144, 'FETCHED_WITH_SUCCESS');
INSERT INTO life_event (id, day, month, year, date, notes, location_id) VALUES (181, 21, 5, 1772, '1772-05-21', '', 89);
INSERT INTO location (id, city, country, region, notes, latitude, longitude, fetch_status) VALUES (90, 'Göteborg', 'Sverige', '', '', 57.70067, 11.96822, 'FETCHED_WITH_SUCCESS');
INSERT INTO life_event (id, day, month, year, date, notes, location_id) VALUES (182, 24, 10, 1848, '1848-10-24', '', 90);
INSERT INTO life_event (id, day, month, year, date, notes, location_id) VALUES (183, null, null, null, null, '', null);
INSERT INTO person (id, first_name, last_name, middle_names, notes, sex, birth_id, death_id, burial_id, father_id, mother_id) VALUES (61, 'Thomas', 'Kennedy', '', '', 'UNKNOWN', 181, 182, 183, null, null);

--======= Insert Person id: 62 =======
INSERT INTO location (id, city, country, region, notes, latitude, longitude, fetch_status) VALUES (91, 'Uddevalla', 'Sverige', '', '', 58.35096, 11.93264, 'FETCHED_WITH_SUCCESS');
INSERT INTO life_event (id, day, month, year, date, notes, location_id) VALUES (184, 5, 12, 1776, '1776-12-05', '', 91);
INSERT INTO location (id, city, country, region, notes, latitude, longitude, fetch_status) VALUES (92, 'Uddevalla', 'Sverige', '', '', 58.35096, 11.93264, 'FETCHED_WITH_SUCCESS');
INSERT INTO life_event (id, day, month, year, date, notes, location_id) VALUES (185, 16, 5, 1841, '1841-05-16', '', 92);
INSERT INTO life_event (id, day, month, year, date, notes, location_id) VALUES (186, null, null, null, null, '', null);
INSERT INTO person (id, first_name, last_name, middle_names, notes, sex, birth_id, death_id, burial_id, father_id, mother_id) VALUES (62, 'Eva', 'Hegardt', 'Beata', 'Tab 3:11 i GS).', 'UNKNOWN', 184, 185, 186, null, null);

--======= Insert Person id: 63 =======
INSERT INTO location (id, city, country, region, notes, latitude, longitude, fetch_status) VALUES (93, 'Uddevalla', 'Sverige', '', '', 58.35096, 11.93264, 'FETCHED_WITH_SUCCESS');
INSERT INTO life_event (id, day, month, year, date, notes, location_id) VALUES (187, 7, 11, 1799, '1799-11-07', '', 93);
INSERT INTO location (id, city, country, region, notes, latitude, longitude, fetch_status) VALUES (94, 'på Ekeberg i Skärv', 'Sverige', '', '', 56.51551, 14.82473, 'FETCHED_WITH_SUCCESS');
INSERT INTO life_event (id, day, month, year, date, notes, location_id) VALUES (188, 27, 10, 1878, '1878-10-27', '', 94);
INSERT INTO life_event (id, day, month, year, date, notes, location_id) VALUES (189, null, null, null, null, '', null);
INSERT INTO person (id, first_name, last_name, middle_names, notes, sex, birth_id, death_id, burial_id, father_id, mother_id) VALUES (63, 'Augusta', 'Koch', 'Emilia', '', 'WOMAN', 187, 188, 189, null, null);

--======= Insert Person id: 64 =======
INSERT INTO location (id, city, country, region, notes, latitude, longitude, fetch_status) VALUES (95, 'Stockholm', 'Sverige', '', '', 59.33257, 18.06683, 'FETCHED_WITH_SUCCESS');
INSERT INTO life_event (id, day, month, year, date, notes, location_id) VALUES (190, 30, 4, 1821, '1821-04-30', '', 95);
INSERT INTO location (id, city, country, region, notes, latitude, longitude, fetch_status) VALUES (96, 'Stockholm', 'Sverige', '', '', 59.33257, 18.06683, 'FETCHED_WITH_SUCCESS');
INSERT INTO life_event (id, day, month, year, date, notes, location_id) VALUES (191, 30, 4, 1821, '1821-04-30', '', 96);
INSERT INTO life_event (id, day, month, year, date, notes, location_id) VALUES (192, null, null, null, null, '', null);
INSERT INTO person (id, first_name, last_name, middle_names, notes, sex, birth_id, death_id, burial_id, father_id, mother_id) VALUES (64, 'Anna', 'Hegardt', 'Bernhardina, Augusta', '(Tab 4:13 i GS).', 'UNKNOWN', 190, 191, 192, null, null);

--======= Insert Person id: 65 =======
INSERT INTO location (id, city, country, region, notes, latitude, longitude, fetch_status) VALUES (97, 'Stockholm', 'Sverige', '', '', 59.33257, 18.06683, 'FETCHED_WITH_SUCCESS');
INSERT INTO life_event (id, day, month, year, date, notes, location_id) VALUES (193, 21, 6, 1822, '1822-06-21', '', 97);
INSERT INTO location (id, city, country, region, notes, latitude, longitude, fetch_status) VALUES (98, 'Göteborg', 'Sverige', '', '', 57.70067, 11.96822, 'FETCHED_WITH_SUCCESS');
INSERT INTO life_event (id, day, month, year, date, notes, location_id) VALUES (194, 13, 4, 1906, '1906-04-13', '', 98);
INSERT INTO life_event (id, day, month, year, date, notes, location_id) VALUES (195, null, null, null, null, '', null);
INSERT INTO person (id, first_name, last_name, middle_names, notes, sex, birth_id, death_id, burial_id, father_id, mother_id) VALUES (65, 'Julia', 'Hegardt', 'Augusta', '(Tab 4:14).', 'UNKNOWN', 193, 194, 195, null, null);

--======= Insert Person id: 66 =======
INSERT INTO location (id, city, country, region, notes, latitude, longitude, fetch_status) VALUES (99, 'Stockholm', 'Sverige', '', '', 59.33257, 18.06683, 'FETCHED_WITH_SUCCESS');
INSERT INTO life_event (id, day, month, year, date, notes, location_id) VALUES (196, 7, 10, 1824, '1824-10-07', '', 99);
INSERT INTO location (id, city, country, region, notes, latitude, longitude, fetch_status) VALUES (100, 'Göteborg', 'Sverige', '', '', 57.70067, 11.96822, 'FETCHED_WITH_SUCCESS');
INSERT INTO life_event (id, day, month, year, date, notes, location_id) VALUES (197, 23, 1, 1914, '1914-01-23', '', 100);
INSERT INTO life_event (id, day, month, year, date, notes, location_id) VALUES (198, null, null, null, null, '', null);
INSERT INTO person (id, first_name, last_name, middle_names, notes, sex, birth_id, death_id, burial_id, father_id, mother_id) VALUES (66, 'Oktavia', 'Hegardt', 'Eugenia', '(Tab 4:15 i GS).', 'UNKNOWN', 196, 197, 198, null, null);

--======= Insert Person id: 67 =======
INSERT INTO location (id, city, country, region, notes, latitude, longitude, fetch_status) VALUES (101, 'Stockholm', 'Sverige', '', '', 59.33257, 18.06683, 'FETCHED_WITH_SUCCESS');
INSERT INTO life_event (id, day, month, year, date, notes, location_id) VALUES (199, 25, 2, 1826, '1826-02-25', '', 101);
INSERT INTO location (id, city, country, region, notes, latitude, longitude, fetch_status) VALUES (102, 'Göteborg', 'Sverige', '', '', 57.70067, 11.96822, 'FETCHED_WITH_SUCCESS');
INSERT INTO life_event (id, day, month, year, date, notes, location_id) VALUES (200, 29, 11, 1877, '1877-11-29', '', 102);
INSERT INTO life_event (id, day, month, year, date, notes, location_id) VALUES (201, null, null, null, null, '', null);
INSERT INTO occupation (id, notes, day, month, year, date, location_id) VALUES (18, 'Bruksägare i värmland mm', null, null, null, null, null);
INSERT INTO person (id, first_name, last_name, middle_names, notes, sex, birth_id, death_id, burial_id, father_id, mother_id) VALUES (67, 'Carl', 'Hegardt', 'Bernhard', '(Tab 5 i GS).
Blev sedermera handelsbokhållare i Göteborg. Ägdeåren1855-61 Segerfors bruk i Arvika.', 'MAN', 199, 200, 201, null, null);

--======= Insert Person id: 68 =======
INSERT INTO location (id, city, country, region, notes, latitude, longitude, fetch_status) VALUES (103, 'Stockholm', 'Sverige', '', '', 59.33257, 18.06683, 'FETCHED_WITH_SUCCESS');
INSERT INTO life_event (id, day, month, year, date, notes, location_id) VALUES (202, 7, 7, 1827, '1827-07-07', '', 103);
INSERT INTO location (id, city, country, region, notes, latitude, longitude, fetch_status) VALUES (104, 'Stockholm', 'Sverige', '', '', 59.33257, 18.06683, 'FETCHED_WITH_SUCCESS');
INSERT INTO life_event (id, day, month, year, date, notes, location_id) VALUES (203, 23, 3, 1828, '1828-03-23', '', 104);
INSERT INTO life_event (id, day, month, year, date, notes, location_id) VALUES (204, null, null, null, null, '', null);
INSERT INTO person (id, first_name, last_name, middle_names, notes, sex, birth_id, death_id, burial_id, father_id, mother_id) VALUES (68, 'Appolonia', 'Hegardt', 'Maria, Elisabet', '(Tab 4:36 i GS).', 'UNKNOWN', 202, 203, 204, null, null);

--======= Insert Person id: 69 =======
INSERT INTO location (id, city, country, region, notes, latitude, longitude, fetch_status) VALUES (105, 'Stockholm', 'Sverige', '', '', 59.33257, 18.06683, 'FETCHED_WITH_SUCCESS');
INSERT INTO life_event (id, day, month, year, date, notes, location_id) VALUES (205, 20, 3, 1829, '1829-03-20', '', 105);
INSERT INTO location (id, city, country, region, notes, latitude, longitude, fetch_status) VALUES (106, 'Uppsala', 'Sverige', '', '', 59.85862, 17.64373, 'FETCHED_WITH_SUCCESS');
INSERT INTO life_event (id, day, month, year, date, notes, location_id) VALUES (206, 7, 6, 1890, '1890-06-07', '', 106);
INSERT INTO life_event (id, day, month, year, date, notes, location_id) VALUES (207, null, null, null, null, '', null);
INSERT INTO person (id, first_name, last_name, middle_names, notes, sex, birth_id, death_id, burial_id, father_id, mother_id) VALUES (69, 'Klara', 'Hegardt', 'Adela, Adele', '(Tab 4:37 i GS).', 'UNKNOWN', 205, 206, 207, null, null);

--======= Insert Person id: 70 =======
INSERT INTO location (id, city, country, region, notes, latitude, longitude, fetch_status) VALUES (107, 'Stockholm', 'Sverige', '', '', 59.33257, 18.06683, 'FETCHED_WITH_SUCCESS');
INSERT INTO life_event (id, day, month, year, date, notes, location_id) VALUES (208, 9, 12, 1832, '1832-12-09', '', 107);
INSERT INTO location (id, city, country, region, notes, latitude, longitude, fetch_status) VALUES (108, 'Stockholm', 'Sverige', '', '', 59.33257, 18.06683, 'FETCHED_WITH_SUCCESS');
INSERT INTO life_event (id, day, month, year, date, notes, location_id) VALUES (209, 6, 9, 1834, '1834-09-06', '', 108);
INSERT INTO life_event (id, day, month, year, date, notes, location_id) VALUES (210, null, null, null, null, '', null);
INSERT INTO person (id, first_name, last_name, middle_names, notes, sex, birth_id, death_id, burial_id, father_id, mother_id) VALUES (70, 'Anna', 'Hegardt', 'Irena', '(Tab 4:38 i GS).', 'UNKNOWN', 208, 209, 210, null, null);

--======= Insert Person id: 71 =======
INSERT INTO location (id, city, country, region, notes, latitude, longitude, fetch_status) VALUES (109, 'Karlskrona', 'Sverige', '', '', 56.16067, 15.58464, 'FETCHED_WITH_SUCCESS');
INSERT INTO life_event (id, day, month, year, date, notes, location_id) VALUES (211, 16, 5, 1784, '1784-05-16', '', 109);
INSERT INTO location (id, city, country, region, notes, latitude, longitude, fetch_status) VALUES (110, 'Uddevalla', 'Sverige', '', '', 58.35096, 11.93264, 'FETCHED_WITH_SUCCESS');
INSERT INTO life_event (id, day, month, year, date, notes, location_id) VALUES (212, 10, 7, 1865, '1865-07-10', '', 110);
INSERT INTO life_event (id, day, month, year, date, notes, location_id) VALUES (213, null, null, null, null, '', null);
INSERT INTO person (id, first_name, last_name, middle_names, notes, sex, birth_id, death_id, burial_id, father_id, mother_id) VALUES (71, 'Eleonora', 'Schmidt', 'Katarina', '', 'WOMAN', 211, 212, 213, null, null);

--======= Insert Person id: 72 =======
INSERT INTO location (id, city, country, region, notes, latitude, longitude, fetch_status) VALUES (111, 'Stockholm', 'Sverige', '', '', 59.33257, 18.06683, 'FETCHED_WITH_SUCCESS');
INSERT INTO life_event (id, day, month, year, date, notes, location_id) VALUES (214, 28, 5, 1808, '1808-05-28', '', 111);
INSERT INTO location (id, city, country, region, notes, latitude, longitude, fetch_status) VALUES (112, 'Uddevalla', 'Sverige', '', '', 58.35096, 11.93264, 'FETCHED_WITH_SUCCESS');
INSERT INTO life_event (id, day, month, year, date, notes, location_id) VALUES (215, 17, 7, 1870, '1870-07-17', '', 112);
INSERT INTO life_event (id, day, month, year, date, notes, location_id) VALUES (216, null, null, null, null, '', null);
INSERT INTO person (id, first_name, last_name, middle_names, notes, sex, birth_id, death_id, burial_id, father_id, mother_id) VALUES (72, 'Amalia', 'Hegardt', 'Emilia, Emma', '(Tab 10:40 i GS).', 'UNKNOWN', 214, 215, 216, null, null);

--======= Insert Person id: 73 =======
INSERT INTO location (id, city, country, region, notes, latitude, longitude, fetch_status) VALUES (113, 'Stockholm', 'Sverige', '', '', 59.33257, 18.06683, 'FETCHED_WITH_SUCCESS');
INSERT INTO life_event (id, day, month, year, date, notes, location_id) VALUES (217, 31, 12, 1810, '1810-12-31', '', 113);
INSERT INTO location (id, city, country, region, notes, latitude, longitude, fetch_status) VALUES (114, 'Nordmark', 'Sverige', '', '', 59.83199, 14.10074, 'FETCHED_WITH_SUCCESS');
INSERT INTO life_event (id, day, month, year, date, notes, location_id) VALUES (218, 5, 4, 1890, '1890-04-05', '', 114);
INSERT INTO life_event (id, day, month, year, date, notes, location_id) VALUES (219, null, null, null, null, '', null);
INSERT INTO occupation (id, notes, day, month, year, date, location_id) VALUES (19, 'Gruvinspektor', null, null, null, null, null);
INSERT INTO person (id, first_name, last_name, middle_names, notes, sex, birth_id, death_id, burial_id, father_id, mother_id) VALUES (73, 'Josias', 'Hegardt', 'Vilhelm', '(Tab 11 i GS).', 'MAN', 217, 218, 219, null, null);

--======= Insert Person id: 74 =======
INSERT INTO location (id, city, country, region, notes, latitude, longitude, fetch_status) VALUES (115, 'Stockholm', 'Sverige', '', '', 59.33257, 18.06683, 'FETCHED_WITH_SUCCESS');
INSERT INTO life_event (id, day, month, year, date, notes, location_id) VALUES (220, 11, 1, 1813, '1813-01-11', '', 115);
INSERT INTO location (id, city, country, region, notes, latitude, longitude, fetch_status) VALUES (116, 'Stockholm', 'Sverige', '', '', 59.33257, 18.06683, 'FETCHED_WITH_SUCCESS');
INSERT INTO life_event (id, day, month, year, date, notes, location_id) VALUES (221, 11, 11, 1813, '1813-11-11', '', 116);
INSERT INTO life_event (id, day, month, year, date, notes, location_id) VALUES (222, null, null, null, null, '', null);
INSERT INTO person (id, first_name, last_name, middle_names, notes, sex, birth_id, death_id, burial_id, father_id, mother_id) VALUES (74, 'Johannes', 'Hegardt', '', '(Tab 10:73 i GS).', 'UNKNOWN', 220, 221, 222, null, null);

--======= Insert Person id: 75 =======
INSERT INTO location (id, city, country, region, notes, latitude, longitude, fetch_status) VALUES (117, 'Stockholm', 'Sverige', '', '', 59.33257, 18.06683, 'FETCHED_WITH_SUCCESS');
INSERT INTO life_event (id, day, month, year, date, notes, location_id) VALUES (223, 14, 1, 1815, '1815-01-14', '', 117);
INSERT INTO location (id, city, country, region, notes, latitude, longitude, fetch_status) VALUES (118, 'Uddevalla', 'Sverige', '', '', 58.35096, 11.93264, 'FETCHED_WITH_SUCCESS');
INSERT INTO life_event (id, day, month, year, date, notes, location_id) VALUES (224, 29, 5, 1891, '1891-05-29', '', 118);
INSERT INTO life_event (id, day, month, year, date, notes, location_id) VALUES (225, null, null, null, null, '', null);
INSERT INTO occupation (id, notes, day, month, year, date, location_id) VALUES (20, 'Handlande', null, null, null, null, null);
INSERT INTO person (id, first_name, last_name, middle_names, notes, sex, birth_id, death_id, burial_id, father_id, mother_id) VALUES (75, 'Johannes', 'Hegardt', '', '(Tab 19 i GS).
Etablerade i Uddevalla, tillsammans med Frans Quist, egen handel under firma Hegardt och Quist.', 'MAN', 223, 224, 225, null, null);

--======= Insert Person id: 76 =======
INSERT INTO location (id, city, country, region, notes, latitude, longitude, fetch_status) VALUES (119, 'Stockholm', 'Sverige', '', '', 59.33257, 18.06683, 'FETCHED_WITH_SUCCESS');
INSERT INTO life_event (id, day, month, year, date, notes, location_id) VALUES (226, 16, 7, 1817, '1817-07-16', '', 119);
INSERT INTO location (id, city, country, region, notes, latitude, longitude, fetch_status) VALUES (120, 'Fuxerna', 'Sverige', '', '', 58.12699, 12.13029, 'FETCHED_WITH_SUCCESS');
INSERT INTO life_event (id, day, month, year, date, notes, location_id) VALUES (227, 22, 4, 1882, '1882-04-22', '', 120);
INSERT INTO life_event (id, day, month, year, date, notes, location_id) VALUES (228, null, null, null, null, '', null);
INSERT INTO person (id, first_name, last_name, middle_names, notes, sex, birth_id, death_id, burial_id, father_id, mother_id) VALUES (76, 'Anna', 'Hegardt', 'Elisabet', '(Tab 10:77 i GS).', 'UNKNOWN', 226, 227, 228, null, null);

--======= Insert Person id: 77 =======
INSERT INTO location (id, city, country, region, notes, latitude, longitude, fetch_status) VALUES (121, 'Uddevalla', 'Sverige', '', '', 58.35096, 11.93264, 'FETCHED_WITH_SUCCESS');
INSERT INTO life_event (id, day, month, year, date, notes, location_id) VALUES (229, 12, 1, 1820, '1820-01-12', '', 121);
INSERT INTO location (id, city, country, region, notes, latitude, longitude, fetch_status) VALUES (122, 'på sin gård Fagerdala i Värmdö', 'Sverige', '', '', 59.29671, 18.61535, 'FETCHED_WITH_SUCCESS');
INSERT INTO life_event (id, day, month, year, date, notes, location_id) VALUES (230, 6, 3, 1867, '1867-03-06', '', 122);
INSERT INTO life_event (id, day, month, year, date, notes, location_id) VALUES (231, null, null, null, null, '', null);
INSERT INTO person (id, first_name, last_name, middle_names, notes, sex, birth_id, death_id, burial_id, father_id, mother_id) VALUES (77, 'Peter', 'Hegardt', 'Bernhard', '(Tab 10:78 i GS).
Vistades 1829-36 på Gustafsbergs barnhus, för att senare ägna sig åt handel i Uddevalla. Avlade lantmätarexamen 1843, blev vice lantmätare 1848 och kommissionslantmätare 1855. Allt i Stockholms län.', 'UNKNOWN', 229, 230, 231, null, null);

--======= Insert Person id: 78 =======
INSERT INTO location (id, city, country, region, notes, latitude, longitude, fetch_status) VALUES (123, 'Uddevalla', 'Sverige', '', '', 58.35096, 11.93264, 'FETCHED_WITH_SUCCESS');
INSERT INTO life_event (id, day, month, year, date, notes, location_id) VALUES (232, 18, 6, 1825, '1825-06-18', '', 123);
INSERT INTO location (id, city, country, region, notes, latitude, longitude, fetch_status) VALUES (124, 'Uddevalla', 'Sverige', '', '', 58.35096, 11.93264, 'FETCHED_WITH_SUCCESS');
INSERT INTO life_event (id, day, month, year, date, notes, location_id) VALUES (233, 29, 6, 1842, '1842-06-29', '', 124);
INSERT INTO life_event (id, day, month, year, date, notes, location_id) VALUES (234, null, null, null, null, '', null);
INSERT INTO person (id, first_name, last_name, middle_names, notes, sex, birth_id, death_id, burial_id, father_id, mother_id) VALUES (78, 'Gotthard', 'Hegardt', '', '(Tab 10:79 i GS).
Vistades åren 1836-41 på Gustafsbergs barnhus, förattsenare ägna sig åt handel i Falköping, men återvändesnarttill Uddevalla, där han blev handelsbokhållare.', 'UNKNOWN', 232, 233, 234, null, null);

--======= Insert Person id: 79 =======
INSERT INTO life_event (id, day, month, year, date, notes, location_id) VALUES (235, 9, 1, 1766, '1766-01-09', '', null);
INSERT INTO location (id, city, country, region, notes, latitude, longitude, fetch_status) VALUES (125, 'på Björkbäck i Uddevalla', 'Sverige', '', '', 58.34947, 11.99044, 'FETCHED_WITH_SUCCESS');
INSERT INTO life_event (id, day, month, year, date, notes, location_id) VALUES (236, 12, 3, 1823, '1823-03-12', '', 125);
INSERT INTO life_event (id, day, month, year, date, notes, location_id) VALUES (237, null, null, null, null, '', null);
INSERT INTO occupation (id, notes, day, month, year, date, location_id) VALUES (21, 'Øverstelöjtnant vid arméns flotta', null, null, null, null, null);
INSERT INTO person (id, first_name, last_name, middle_names, notes, sex, birth_id, death_id, burial_id, father_id, mother_id) VALUES (79, 'Karl', 'Hauswolff', 'Fredrik, von', '', 'UNKNOWN', 235, 236, 237, null, null);

--======= Insert Person id: 80 =======
INSERT INTO location (id, city, country, region, notes, latitude, longitude, fetch_status) VALUES (126, 'Uddevalla', 'Sverige', '', '', 58.35096, 11.93264, 'FETCHED_WITH_SUCCESS');
INSERT INTO life_event (id, day, month, year, date, notes, location_id) VALUES (238, 16, 3, 1785, '1785-03-16', '', 126);
INSERT INTO location (id, city, country, region, notes, latitude, longitude, fetch_status) VALUES (127, 'Uddevalla', 'Sverige', '', '', 58.35096, 11.93264, 'FETCHED_WITH_SUCCESS');
INSERT INTO life_event (id, day, month, year, date, notes, location_id) VALUES (239, 31, 1, 1862, '1862-01-31', '', 127);
INSERT INTO life_event (id, day, month, year, date, notes, location_id) VALUES (240, null, null, null, null, '', null);
INSERT INTO occupation (id, notes, day, month, year, date, location_id) VALUES (22, 'Kammarherre', null, null, null, null, null);
INSERT INTO occupation (id, notes, day, month, year, date, location_id) VALUES (23, 'Rno', null, null, null, null, null);
INSERT INTO person (id, first_name, last_name, middle_names, notes, sex, birth_id, death_id, burial_id, father_id, mother_id) VALUES (80, 'Mikael', 'af Christiernin', '', '', 'UNKNOWN', 238, 239, 240, null, null);

--======= Insert Person id: 81 =======
INSERT INTO life_event (id, day, month, year, date, notes, location_id) VALUES (241, null, null, null, null, '', null);
INSERT INTO life_event (id, day, month, year, date, notes, location_id) VALUES (242, null, null, null, null, '', null);
INSERT INTO life_event (id, day, month, year, date, notes, location_id) VALUES (243, null, null, null, null, '', null);
INSERT INTO person (id, first_name, last_name, middle_names, notes, sex, birth_id, death_id, burial_id, father_id, mother_id) VALUES (81, 'Maria', 'Röhl', 'Katarina', '', 'WOMAN', 241, 242, 243, null, null);

--======= Insert Person id: 82 =======
INSERT INTO life_event (id, day, month, year, date, notes, location_id) VALUES (244, null, null, null, null, '', null);
INSERT INTO life_event (id, day, month, year, date, notes, location_id) VALUES (245, null, null, null, null, '', null);
INSERT INTO life_event (id, day, month, year, date, notes, location_id) VALUES (246, null, null, null, null, '', null);
INSERT INTO occupation (id, notes, day, month, year, date, location_id) VALUES (24, 'Brukspatron', null, null, null, null, null);
INSERT INTO person (id, first_name, last_name, middle_names, notes, sex, birth_id, death_id, burial_id, father_id, mother_id) VALUES (82, 'Erik', 'Koch', 'Mikaelsson', '', 'MAN', 244, 245, 246, null, null);

--======= Insert Person id: 83 =======
INSERT INTO location (id, city, country, region, notes, latitude, longitude, fetch_status) VALUES (128, 'Göteborg', 'Sverige', '', '', 57.70067, 11.96822, 'FETCHED_WITH_SUCCESS');
INSERT INTO life_event (id, day, month, year, date, notes, location_id) VALUES (247, 22, 2, 1811, '1811-02-22', '', 128);
INSERT INTO location (id, city, country, region, notes, latitude, longitude, fetch_status) VALUES (129, 'Göteborg', 'Sverige', '', '', 57.70067, 11.96822, 'FETCHED_WITH_SUCCESS');
INSERT INTO life_event (id, day, month, year, date, notes, location_id) VALUES (248, 3, 5, 1856, '1856-05-03', '', 129);
INSERT INTO life_event (id, day, month, year, date, notes, location_id) VALUES (249, null, null, null, null, '', null);
INSERT INTO person (id, first_name, last_name, middle_names, notes, sex, birth_id, death_id, burial_id, father_id, mother_id) VALUES (83, 'Fredrik', 'Malml', '', '', 'UNKNOWN', 247, 248, 249, null, null);

--======= Insert Person id: 84 =======
INSERT INTO location (id, city, country, region, notes, latitude, longitude, fetch_status) VALUES (130, 'på Skog i Frykerud', 'Sverige', '', '', 59.56861, 13.16589, 'FETCHED_WITH_SUCCESS');
INSERT INTO life_event (id, day, month, year, date, notes, location_id) VALUES (250, 4, 12, 1828, '1828-12-04', '', 130);
INSERT INTO location (id, city, country, region, notes, latitude, longitude, fetch_status) VALUES (131, 'Göteborg', 'Sverige', '', '', 57.70067, 11.96822, 'FETCHED_WITH_SUCCESS');
INSERT INTO life_event (id, day, month, year, date, notes, location_id) VALUES (251, 23, 9, 1908, '1908-09-23', '', 131);
INSERT INTO life_event (id, day, month, year, date, notes, location_id) VALUES (252, null, null, null, null, '', null);
INSERT INTO person (id, first_name, last_name, middle_names, notes, sex, birth_id, death_id, burial_id, father_id, mother_id) VALUES (84, 'Josefina', 'Kihlén', 'Appolonia', '', 'WOMAN', 250, 251, 252, null, null);

--======= Insert Person id: 85 =======
INSERT INTO location (id, city, country, region, notes, latitude, longitude, fetch_status) VALUES (132, 'på Segerfors bruk i Arvika landsförsamling', 'Sverige', '', '', null, null, 'AWAITING');
INSERT INTO life_event (id, day, month, year, date, notes, location_id) VALUES (253, 24, 5, 1856, '1856-05-24', '', 132);
INSERT INTO location (id, city, country, region, notes, latitude, longitude, fetch_status) VALUES (133, 'Göteborg', 'Sverige', '', '', 57.70067, 11.96822, 'FETCHED_WITH_SUCCESS');
INSERT INTO life_event (id, day, month, year, date, notes, location_id) VALUES (254, 11, 6, 1928, '1928-06-11', '', 133);
INSERT INTO life_event (id, day, month, year, date, notes, location_id) VALUES (255, null, null, null, null, '', null);
INSERT INTO occupation (id, notes, day, month, year, date, location_id) VALUES (25, 'V häradshövding 1921', null, null, null, null, null);
INSERT INTO person (id, first_name, last_name, middle_names, notes, sex, birth_id, death_id, burial_id, father_id, mother_id) VALUES (85, 'Fredrik', 'Hegardt', 'Bernhard', 'Studentexamen i Göteborg 1874. Examen till rättegångsverken 1879. Eo Notarie i Göta hovrätt samma år. Kansliexamen 1890. V häradshövding 1882. Kammarförvant vid stadskamrerarkontoret i Göteborg 1885 - 1895. Sekreterare för styrelsen för Göteborgs hamn 1892. Sekreterare hos stadsfullmäktige i samma stad 1895 - 1926. Øverförmyndare i Göteborg. RVO 1903, RNO 1914 och KVO 1923.
Häradshövding Hegardt fick under sitt 31-åriga sekreterarskap hos stadsfullmäktige vid olika tillfällen röna många bevis på dessas förtroende och höga uppskattning av det sätt, på vilket han förvaltade sitt ämbete. Ett ytterligare bevis härpå gavs honom vid det sista sammanträde, där han tjänstgjorde, då ordföranden framförde fullmäktiges tack "för det utomordentligt plikttroget och med utomordentligt nit uträttat arbete", framhållande bl a även "det vänliga och tillmötesgående sätt, varmed vår sekreterare behandlat de olika stadsfullmäktigegenerationerna, det alla fått känna, som vänt sig till honom. Han är och har alltid varit stadsfullmäktiges vän och han har behandlat dem alla lika.
--- Alla kommande generationer måtte erinras om det förtjänstfulla arbete som häradshövding Hegardt nedlagt i stadens tjänst, samt för åt oss alla i minnet bevara vår nu avgående sekreterare, anhåller stadsfullmäktiges presidium motionsledes få föreslå, att stadsfullmäktige måtte låta utföra häradshövding Hegardts porträtt i olja att upphängas i stadsfullmäktiges kansli.', 'MAN', 253, 254, 255, null, null);

--======= Insert Person id: 86 =======
INSERT INTO location (id, city, country, region, notes, latitude, longitude, fetch_status) VALUES (134, 'på Segerfors bruk i Arvika landsförsamling', 'Sverige', '', '', null, null, 'AWAITING');
INSERT INTO life_event (id, day, month, year, date, notes, location_id) VALUES (256, 8, 10, 1857, '1857-10-08', '', 134);
INSERT INTO location (id, city, country, region, notes, latitude, longitude, fetch_status) VALUES (135, 'Alingsås', 'Sverige', '', '', 57.92963, 12.5324, 'FETCHED_WITH_SUCCESS');
INSERT INTO life_event (id, day, month, year, date, notes, location_id) VALUES (257, 4, 11, 1896, '1896-11-04', '', 135);
INSERT INTO life_event (id, day, month, year, date, notes, location_id) VALUES (258, null, null, null, null, '', null);
INSERT INTO person (id, first_name, last_name, middle_names, notes, sex, birth_id, death_id, burial_id, father_id, mother_id) VALUES (86, 'Julia', 'Hegardt', 'Appolonia, Josefina', '(Tab 5:31 i GS).', 'UNKNOWN', 256, 257, 258, null, null);

--======= Insert Person id: 87 =======
INSERT INTO location (id, city, country, region, notes, latitude, longitude, fetch_status) VALUES (136, 'på Segerfors bruk i Arvika landsförsamling', 'Sverige', '', '', null, null, 'AWAITING');
INSERT INTO life_event (id, day, month, year, date, notes, location_id) VALUES (259, 27, 3, 1859, '1859-03-27', '', 136);
INSERT INTO location (id, city, country, region, notes, latitude, longitude, fetch_status) VALUES (137, 'på Värnarp i Västra Ryd', 'Sverige', '', '', 58.17307, 13.22429, 'FETCHED_WITH_SUCCESS');
INSERT INTO life_event (id, day, month, year, date, notes, location_id) VALUES (260, 10, 7, 1904, '1904-07-10', '', 137);
INSERT INTO life_event (id, day, month, year, date, notes, location_id) VALUES (261, null, null, null, null, '', null);
INSERT INTO person (id, first_name, last_name, middle_names, notes, sex, birth_id, death_id, burial_id, father_id, mother_id) VALUES (87, 'Elin', 'Hegardt', 'Augusta', '', 'UNKNOWN', 259, 260, 261, null, null);

--======= Insert Person id: 88 =======
INSERT INTO location (id, city, country, region, notes, latitude, longitude, fetch_status) VALUES (138, 'Göteborg', 'Sverige', '', '', 57.70067, 11.96822, 'FETCHED_WITH_SUCCESS');
INSERT INTO life_event (id, day, month, year, date, notes, location_id) VALUES (262, 5, 2, 1861, '1861-02-05', '', 138);
INSERT INTO location (id, city, country, region, notes, latitude, longitude, fetch_status) VALUES (139, 'Göteborg', 'Sverige', '', '', 57.70067, 11.96822, 'FETCHED_WITH_SUCCESS');
INSERT INTO life_event (id, day, month, year, date, notes, location_id) VALUES (263, 3, 2, 1862, '1862-02-03', '', 139);
INSERT INTO life_event (id, day, month, year, date, notes, location_id) VALUES (264, null, null, null, null, '', null);
INSERT INTO person (id, first_name, last_name, middle_names, notes, sex, birth_id, death_id, burial_id, father_id, mother_id) VALUES (88, 'Adolfina', 'Hegardt', 'Charlotta', '(Tab 5:33 i GS).', 'UNKNOWN', 262, 263, 264, null, null);

--======= Insert Person id: 89 =======
INSERT INTO location (id, city, country, region, notes, latitude, longitude, fetch_status) VALUES (140, 'Göteborg', 'Sverige', '', '', 57.70067, 11.96822, 'FETCHED_WITH_SUCCESS');
INSERT INTO life_event (id, day, month, year, date, notes, location_id) VALUES (265, 21, 4, 1863, '1863-04-21', '', 140);
INSERT INTO location (id, city, country, region, notes, latitude, longitude, fetch_status) VALUES (141, 'Göteborg', 'Sverige', '', '', 57.70067, 11.96822, 'FETCHED_WITH_SUCCESS');
INSERT INTO life_event (id, day, month, year, date, notes, location_id) VALUES (266, 24, 1, 1864, '1864-01-24', '', 141);
INSERT INTO life_event (id, day, month, year, date, notes, location_id) VALUES (267, null, null, null, null, '', null);
INSERT INTO person (id, first_name, last_name, middle_names, notes, sex, birth_id, death_id, burial_id, father_id, mother_id) VALUES (89, 'Tekla', 'Hegardt', 'Matilda', '(Tab 5:34 i GS).', 'UNKNOWN', 265, 266, 267, null, null);

--======= Insert Person id: 90 =======
INSERT INTO location (id, city, country, region, notes, latitude, longitude, fetch_status) VALUES (142, 'Göteborg', 'Sverige', '', '', 57.70067, 11.96822, 'FETCHED_WITH_SUCCESS');
INSERT INTO life_event (id, day, month, year, date, notes, location_id) VALUES (268, 1, 3, 1867, '1867-03-01', '', 142);
INSERT INTO location (id, city, country, region, notes, latitude, longitude, fetch_status) VALUES (143, 'Göteborg', 'Sverige', '', '', 57.70067, 11.96822, 'FETCHED_WITH_SUCCESS');
INSERT INTO life_event (id, day, month, year, date, notes, location_id) VALUES (269, 19, 7, 1898, '1898-07-19', '', 143);
INSERT INTO life_event (id, day, month, year, date, notes, location_id) VALUES (270, null, null, null, null, '', null);
INSERT INTO person (id, first_name, last_name, middle_names, notes, sex, birth_id, death_id, burial_id, father_id, mother_id) VALUES (90, 'Oktavia', 'Hegardt', 'Josefina', '(Tab 5:35 i GS).', 'UNKNOWN', 268, 269, 270, null, null);

--======= Insert Person id: 91 =======
INSERT INTO location (id, city, country, region, notes, latitude, longitude, fetch_status) VALUES (144, 'Göteborg', 'Sverige', '', '', 57.70067, 11.96822, 'FETCHED_WITH_SUCCESS');
INSERT INTO life_event (id, day, month, year, date, notes, location_id) VALUES (271, 3, 1, 1816, '1816-01-03', '', 144);
INSERT INTO location (id, city, country, region, notes, latitude, longitude, fetch_status) VALUES (145, 'på sin gård Ekeberg i Skärv', 'Sverige', '', '', 58.17053, 14.85851, 'FETCHED_WITH_SUCCESS');
INSERT INTO life_event (id, day, month, year, date, notes, location_id) VALUES (272, 30, 10, 1883, '1883-10-30', '', 145);
INSERT INTO life_event (id, day, month, year, date, notes, location_id) VALUES (273, null, null, null, null, '', null);
INSERT INTO person (id, first_name, last_name, middle_names, notes, sex, birth_id, death_id, burial_id, father_id, mother_id) VALUES (91, 'Henrik', 'Planck', 'Törner', '', 'UNKNOWN', 271, 272, 273, null, null);

--======= Insert Person id: 92 =======
INSERT INTO life_event (id, day, month, year, date, notes, location_id) VALUES (274, null, null, null, null, '', null);
INSERT INTO life_event (id, day, month, year, date, notes, location_id) VALUES (275, null, null, null, null, '', null);
INSERT INTO life_event (id, day, month, year, date, notes, location_id) VALUES (276, null, null, null, null, '', null);
INSERT INTO person (id, first_name, last_name, middle_names, notes, sex, birth_id, death_id, burial_id, father_id, mother_id) VALUES (92, 'Apollonia', 'Eriksson', '', '', 'WOMAN', 274, 275, 276, null, null);

--======= Insert Person id: 93 =======
INSERT INTO life_event (id, day, month, year, date, notes, location_id) VALUES (277, null, null, null, null, '', null);
INSERT INTO life_event (id, day, month, year, date, notes, location_id) VALUES (278, null, null, null, null, '', null);
INSERT INTO life_event (id, day, month, year, date, notes, location_id) VALUES (279, null, null, null, null, '', null);
INSERT INTO occupation (id, notes, day, month, year, date, location_id) VALUES (26, 'Ekonomidirektör', null, null, null, null, null);
INSERT INTO person (id, first_name, last_name, middle_names, notes, sex, birth_id, death_id, burial_id, father_id, mother_id) VALUES (93, 'Sven', 'Kihlén', '', '', 'MAN', 277, 278, 279, null, null);

--======= Insert Person id: 94 =======
INSERT INTO location (id, city, country, region, notes, latitude, longitude, fetch_status) VALUES (146, 'Torshälla', 'Sverige', '', '', 59.41981, 16.47434, 'FETCHED_WITH_SUCCESS');
INSERT INTO life_event (id, day, month, year, date, notes, location_id) VALUES (280, 24, 1, 1857, '1857-01-24', '', 146);
INSERT INTO location (id, city, country, region, notes, latitude, longitude, fetch_status) VALUES (147, 'Göteborg', 'Sverige', '', '', 57.70067, 11.96822, 'FETCHED_WITH_SUCCESS');
INSERT INTO life_event (id, day, month, year, date, notes, location_id) VALUES (281, 18, 3, 1939, '1939-03-18', '', 147);
INSERT INTO life_event (id, day, month, year, date, notes, location_id) VALUES (282, null, null, null, null, '', null);
INSERT INTO person (id, first_name, last_name, middle_names, notes, sex, birth_id, death_id, burial_id, father_id, mother_id) VALUES (94, 'Helena', 'Brisman', 'Olivia', '', 'WOMAN', 280, 281, 282, null, null);

--======= Insert Person id: 95 =======
INSERT INTO location (id, city, country, region, notes, latitude, longitude, fetch_status) VALUES (148, 'Göteborg', 'Sverige', '', '', 57.70067, 11.96822, 'FETCHED_WITH_SUCCESS');
INSERT INTO life_event (id, day, month, year, date, notes, location_id) VALUES (283, 1, 8, 1891, '1891-08-01', '', 148);
INSERT INTO location (id, city, country, region, notes, latitude, longitude, fetch_status) VALUES (149, 'Stillingsön', 'Sverige', '', '', 58.19224, 11.82824, 'FETCHED_WITH_SUCCESS');
INSERT INTO life_event (id, day, month, year, date, notes, location_id) VALUES (284, 26, 3, 1983, '1983-03-26', '', 149);
INSERT INTO life_event (id, day, month, year, date, notes, location_id) VALUES (285, null, null, null, null, '', null);
INSERT INTO occupation (id, notes, day, month, year, date, location_id) VALUES (27, 'Fil dr', null, null, null, null, null);
INSERT INTO person (id, first_name, last_name, middle_names, notes, sex, birth_id, death_id, burial_id, father_id, mother_id) VALUES (95, 'Bernhard', 'Hegardt', '', '(Tab 7 i GS).
Död 1983-03-26 på Stillingsön.
Studentexamen i Göteborg 1911. Fil kand 1914, fil lic 1917 och fil dr 1918. Lärare vid N Kalmar läns folkhögskola 1919. Rektor vid nämnda folkhögskola och lantmannaskola i Gamleby 1923.
Har utgivit en del vetenskapliga avhandlingar, av vilka kan nämnas "Bidrag till intuitionsbegreppet före Kant" och "Religion och själsträning. Dessutom har han medarbetat i en hel del dagliga tidningar och tidskrifter i litterära, filosofiska och pedagogiska ämnen. Han har bedrivit en omfattande föreläsningsverksamhet.
Innehar en hel del brev och handlingar beträffande släkten ända från 1700-talet, släktsaker o d som gått i arv beträffande huvudmännen inom den adliga grenen. Ättens sköldebrev förvaras fn på Riddarhuset i Stockholm. Se i övrigt vad som står om Christian Bernhard Hegardts brevsamling.', 'MAN', 283, 284, 285, null, null);

--======= Insert Person id: 96 =======
INSERT INTO location (id, city, country, region, notes, latitude, longitude, fetch_status) VALUES (150, 'Göteborg', 'Sverige', '', '', 57.70067, 11.96822, 'FETCHED_WITH_SUCCESS');
INSERT INTO life_event (id, day, month, year, date, notes, location_id) VALUES (286, 30, 1, 1893, '1893-01-30', '', 150);
INSERT INTO location (id, city, country, region, notes, latitude, longitude, fetch_status) VALUES (151, 'Strömstad', 'Sverige', '', '', 58.9387, 11.17124, 'FETCHED_WITH_SUCCESS');
INSERT INTO life_event (id, day, month, year, date, notes, location_id) VALUES (287, 13, 10, 1988, '1988-10-13', '', 151);
INSERT INTO life_event (id, day, month, year, date, notes, location_id) VALUES (288, null, null, null, null, '', null);
INSERT INTO occupation (id, notes, day, month, year, date, location_id) VALUES (28, 'Leg läkare', null, null, null, null, null);
INSERT INTO person (id, first_name, last_name, middle_names, notes, sex, birth_id, death_id, burial_id, father_id, mother_id) VALUES (96, 'Gunnar', 'Hegardt', '', '(Tab 8 i GS).
Huvudman för adliga grenen Studentexamen i Göteborg 1912. med kand i Uppsala 1914 och med lic i Stockholm 1924. Provinsialläkarförordnanden 1920 - 1926 i Lycksele, Malå och Tärendö. Assistentläkare 1924 - 25 vid Sahlgrenska sjukhuset i Göteborg och Mölndals lasarett. Provinsialläkare i Junsele 1926 - 31, i Strömstads distrikt 1946 - 56. Efter denna tid praktiserande läkare i Strömstad. Dessutom varit järnvägs-, dispensär- och skolläkare i Strömstad. Landstingsledamot 1939 - 46. Ledamot av stadsfullmäktige i Strömstad 1936 - 56. RNO.', 'MAN', 286, 287, 288, null, null);

--======= Insert Person id: 97 =======
INSERT INTO location (id, city, country, region, notes, latitude, longitude, fetch_status) VALUES (152, 'Göteborg', 'Sverige', '', '', 57.70067, 11.96822, 'FETCHED_WITH_SUCCESS');
INSERT INTO life_event (id, day, month, year, date, notes, location_id) VALUES (289, 19, 11, 1894, '1894-11-19', '', 152);
INSERT INTO location (id, city, country, region, notes, latitude, longitude, fetch_status) VALUES (153, 'Mariefred', 'Sverige', '', '', 59.25965, 17.22312, 'FETCHED_WITH_SUCCESS');
INSERT INTO life_event (id, day, month, year, date, notes, location_id) VALUES (290, 14, 10, 1982, '1982-10-14', '', 153);
INSERT INTO life_event (id, day, month, year, date, notes, location_id) VALUES (291, null, null, null, null, '', null);
INSERT INTO occupation (id, notes, day, month, year, date, location_id) VALUES (29, 'Svensk konsul i kapstaden', null, null, null, null, null);
INSERT INTO person (id, first_name, last_name, middle_names, notes, sex, birth_id, death_id, burial_id, father_id, mother_id) VALUES (97, 'Nils', 'Hegardt', '', '(Tab 9 i GS).
Studentexamen i Göteborg 1914. Examen vid Göteborgs handelsinstitut 1915. Anställd vid Rederi AB Transatlantics kontor i Göteborg 1916. 1920 utsänd att starta och förestå bolagets kontor i Kapstaden. 1923 bolagets huvudrepresentant för hela Syd? och Ostafrika. 1932 utnämnd till svensk konsul för Kapstaden och Kapprovinsen. Grundade 1925 Svenska föreningen i Kapstaden. Hade under krigsåren hand om finska och japanska intressen. Tf svensk generalkonsul 1944. 1944 chef för Rederi AB Transatlantics kontor i Stockholm. Ledamot av Sveriges Flotta och i Utlandssvenskarna förening. RVO, RNO, Kungliga Patriotiska sällskapets stora guldmedalj.', 'MAN', 289, 290, 291, null, null);

--======= Insert Person id: 98 =======
INSERT INTO location (id, city, country, region, notes, latitude, longitude, fetch_status) VALUES (154, 'Göteborg', 'Sverige', '', '', 57.70067, 11.96822, 'FETCHED_WITH_SUCCESS');
INSERT INTO life_event (id, day, month, year, date, notes, location_id) VALUES (292, 2, 2, 1896, '1896-02-02', '', 154);
INSERT INTO location (id, city, country, region, notes, latitude, longitude, fetch_status) VALUES (155, 'Göteborg', 'Sverige', '', '', 57.70067, 11.96822, 'FETCHED_WITH_SUCCESS');
INSERT INTO life_event (id, day, month, year, date, notes, location_id) VALUES (293, 17, 1, 1969, '1969-01-17', '', 155);
INSERT INTO life_event (id, day, month, year, date, notes, location_id) VALUES (294, null, null, null, null, '', null);
INSERT INTO occupation (id, notes, day, month, year, date, location_id) VALUES (30, 'Rådman', null, null, null, null, null);
INSERT INTO person (id, first_name, last_name, middle_names, notes, sex, birth_id, death_id, burial_id, father_id, mother_id) VALUES (98, 'Carl', 'Hegardt', '', '(Tab 6:28 i GS).
Rådman i Göteborg 1936-63.
Studentexamen i Göteborg 1914. Jur kand 1919. Eo notarie i Göta hovrätt samma år. Tingstjänstgöring vid Askim m fl häraders domsaga 1920. Efter provtjänstgöring ex notarie hos magistraten och rådhusrätten i Göteborg 1921. Assessor vid rådhusrätten 1929, rådman där 1937. KNO.', 'MAN', 292, 293, 294, null, null);

--======= Insert Person id: 99 =======
INSERT INTO location (id, city, country, region, notes, latitude, longitude, fetch_status) VALUES (156, 'Göteborg', 'Sverige', '', '', 57.70067, 11.96822, 'FETCHED_WITH_SUCCESS');
INSERT INTO life_event (id, day, month, year, date, notes, location_id) VALUES (295, 16, 5, 1897, '1897-05-16', '', 156);
INSERT INTO location (id, city, country, region, notes, latitude, longitude, fetch_status) VALUES (157, 'Göteborg', 'Sverige', '', '', 57.70067, 11.96822, 'FETCHED_WITH_SUCCESS');
INSERT INTO life_event (id, day, month, year, date, notes, location_id) VALUES (296, 2, 5, 1939, '1939-05-02', '', 157);
INSERT INTO life_event (id, day, month, year, date, notes, location_id) VALUES (297, null, null, null, null, '', null);
INSERT INTO occupation (id, notes, day, month, year, date, location_id) VALUES (31, 'Ingenjör', null, null, null, null, null);
INSERT INTO person (id, first_name, last_name, middle_names, notes, sex, birth_id, death_id, burial_id, father_id, mother_id) VALUES (99, 'Fritz', 'Hegardt', '', '(Tab 6:29 i GS).
Från hösten 1917 studerande vid Technicum i Alt Stelitz.
Ingenjörsexamen där 1919.', 'UNKNOWN', 295, 296, 297, null, null);

--======= Insert Person id: 100 =======
INSERT INTO location (id, city, country, region, notes, latitude, longitude, fetch_status) VALUES (158, 'Göteborg', 'Sverige', '', '', 57.70067, 11.96822, 'FETCHED_WITH_SUCCESS');
INSERT INTO life_event (id, day, month, year, date, notes, location_id) VALUES (298, 2, 10, 1898, '1898-10-02', '', 158);
INSERT INTO location (id, city, country, region, notes, latitude, longitude, fetch_status) VALUES (159, 'Mölndal', 'Sverige', '', '', 57.65473, 12.01187, 'FETCHED_WITH_SUCCESS');
INSERT INTO life_event (id, day, month, year, date, notes, location_id) VALUES (299, 5, 3, 1987, '1987-03-05', '', 159);
INSERT INTO life_event (id, day, month, year, date, notes, location_id) VALUES (300, null, null, null, null, '', null);
INSERT INTO person (id, first_name, last_name, middle_names, notes, sex, birth_id, death_id, burial_id, father_id, mother_id) VALUES (100, 'Nina', 'Hegardt', '', '(Tab 6:30).', 'UNKNOWN', 298, 299, 300, null, null);

--======= Insert Person id: 101 =======
INSERT INTO location (id, city, country, region, notes, latitude, longitude, fetch_status) VALUES (160, 'Torshälla', 'Sverige', '', '', 59.41981, 16.47434, 'FETCHED_WITH_SUCCESS');
INSERT INTO life_event (id, day, month, year, date, notes, location_id) VALUES (301, 14, 6, 1846, '1846-06-14', '', 160);
INSERT INTO location (id, city, country, region, notes, latitude, longitude, fetch_status) VALUES (161, 'på Altorp i Herrljunga', 'Sverige', '', '', 58.07953, 12.96975, 'FETCHED_WITH_SUCCESS');
INSERT INTO life_event (id, day, month, year, date, notes, location_id) VALUES (302, 21, 6, 1894, '1894-06-21', '', 161);
INSERT INTO life_event (id, day, month, year, date, notes, location_id) VALUES (303, null, null, null, null, '', null);
INSERT INTO occupation (id, notes, day, month, year, date, location_id) VALUES (32, 'Postmästare i herrljunga', null, null, null, null, null);
INSERT INTO person (id, first_name, last_name, middle_names, notes, sex, birth_id, death_id, burial_id, father_id, mother_id) VALUES (101, 'Daniel', 'Brisman', '', '(Tab 6 i GS).', 'UNKNOWN', 301, 302, 303, null, null);

--======= Insert Person id: 102 =======
INSERT INTO location (id, city, country, region, notes, latitude, longitude, fetch_status) VALUES (162, 'Gårdeby', 'Sverige', '', '', 58.44479, 16.0966, 'FETCHED_WITH_SUCCESS');
INSERT INTO life_event (id, day, month, year, date, notes, location_id) VALUES (304, 8, 3, 1853, '1853-03-08', '', 162);
INSERT INTO location (id, city, country, region, notes, latitude, longitude, fetch_status) VALUES (163, 'Västra Ryd', 'Sverige', '', '', 58.17307, 13.22429, 'FETCHED_WITH_SUCCESS');
INSERT INTO life_event (id, day, month, year, date, notes, location_id) VALUES (305, 16, 2, 1918, '1918-02-16', '', 163);
INSERT INTO life_event (id, day, month, year, date, notes, location_id) VALUES (306, null, null, null, null, '', null);
INSERT INTO occupation (id, notes, day, month, year, date, location_id) VALUES (33, 'Landsfiskal i ydre härads södra distrikt', null, null, null, null, null);
INSERT INTO person (id, first_name, last_name, middle_names, notes, sex, birth_id, death_id, burial_id, father_id, mother_id) VALUES (102, 'Johan', 'Johansson', 'Oskar', '(Tab 5:32 i GS).', 'UNKNOWN', 304, 305, 306, null, null);

--======= Insert Person id: 103 =======
INSERT INTO life_event (id, day, month, year, date, notes, location_id) VALUES (307, null, null, null, null, '', null);
INSERT INTO life_event (id, day, month, year, date, notes, location_id) VALUES (308, null, null, null, null, '', null);
INSERT INTO life_event (id, day, month, year, date, notes, location_id) VALUES (309, null, null, null, null, '', null);
INSERT INTO person (id, first_name, last_name, middle_names, notes, sex, birth_id, death_id, burial_id, father_id, mother_id) VALUES (103, 'Anna', 'Eriksson', 'Maria', '', 'WOMAN', 307, 308, 309, null, null);

--======= Insert Person id: 104 =======
INSERT INTO life_event (id, day, month, year, date, notes, location_id) VALUES (310, null, null, null, null, '', null);
INSERT INTO life_event (id, day, month, year, date, notes, location_id) VALUES (311, null, null, null, null, '', null);
INSERT INTO life_event (id, day, month, year, date, notes, location_id) VALUES (312, null, null, null, null, '', null);
INSERT INTO occupation (id, notes, day, month, year, date, location_id) VALUES (34, 'Postmästare', null, null, null, null, null);
INSERT INTO person (id, first_name, last_name, middle_names, notes, sex, birth_id, death_id, burial_id, father_id, mother_id) VALUES (104, 'Sven', 'Brisman', '', '', 'MAN', 310, 311, 312, null, null);

--======= Insert Person id: 105 =======
INSERT INTO location (id, city, country, region, notes, latitude, longitude, fetch_status) VALUES (164, 'Stockholm', 'Sverige', '', '', 59.33257, 18.06683, 'FETCHED_WITH_SUCCESS');
INSERT INTO life_event (id, day, month, year, date, notes, location_id) VALUES (313, 10, 6, 1895, '1895-06-10', '', 164);
INSERT INTO life_event (id, day, month, year, date, notes, location_id) VALUES (314, null, null, null, null, '', null);
INSERT INTO life_event (id, day, month, year, date, notes, location_id) VALUES (315, null, null, null, null, '', null);
INSERT INTO person (id, first_name, last_name, middle_names, notes, sex, birth_id, death_id, burial_id, father_id, mother_id) VALUES (105, 'Johanna', 'Eggertz', 'Hanna, Aurora, Charlotta', 'Död 1974-07-16 på Stillingsön.', 'WOMAN', 313, 314, 315, null, null);

--======= Insert Person id: 106 =======
INSERT INTO location (id, city, country, region, notes, latitude, longitude, fetch_status) VALUES (165, 'Gamleby', 'Sverige', '', '', 57.89596, 16.40071, 'FETCHED_WITH_SUCCESS');
INSERT INTO life_event (id, day, month, year, date, notes, location_id) VALUES (316, 9, 9, 1922, '1922-09-09', '', 165);
INSERT INTO life_event (id, day, month, year, date, notes, location_id) VALUES (317, null, null, null, null, '', null);
INSERT INTO life_event (id, day, month, year, date, notes, location_id) VALUES (318, null, null, null, null, '', null);
INSERT INTO occupation (id, notes, day, month, year, date, location_id) VALUES (35, 'Museiintendent', null, null, null, null, null);
INSERT INTO person (id, first_name, last_name, middle_names, notes, sex, birth_id, death_id, burial_id, father_id, mother_id) VALUES (106, 'Gudrun', 'Hegardt', '', 'Adress Erik Dahlbergsgatan 41, 115 32 STOCKHOLM.
(Tab 7:19 i GS).
Studentexamen 1941 i Göteborg (O).
Fil mag 1948 i Uppsala (C).
Bor i Stockholm (AB).', 'WOMAN', 316, 317, 318, null, null);

--======= Insert Person id: 107 =======
INSERT INTO location (id, city, country, region, notes, latitude, longitude, fetch_status) VALUES (166, 'Gamleby', 'Sverige', '', '', 57.89596, 16.40071, 'FETCHED_WITH_SUCCESS');
INSERT INTO life_event (id, day, month, year, date, notes, location_id) VALUES (319, 11, 9, 1924, '1924-09-11', '', 166);
INSERT INTO life_event (id, day, month, year, date, notes, location_id) VALUES (320, null, null, null, null, '', null);
INSERT INTO life_event (id, day, month, year, date, notes, location_id) VALUES (321, null, null, null, null, '', null);
INSERT INTO occupation (id, notes, day, month, year, date, location_id) VALUES (36, 'Adjunkt', null, null, null, null, null);
INSERT INTO person (id, first_name, last_name, middle_names, notes, sex, birth_id, death_id, burial_id, father_id, mother_id) VALUES (107, 'Nina', 'Hegardt', '', 'Adress Hålebäcken 6166, 440 92 SVANESUND.
(Tab 7:35 i GS).
Studentexamen 1943 i Västervik (H).
Folkskollärarexamen 1947 och fil mag 1959.
Bor i Svanesund (O).', 'UNKNOWN', 319, 320, 321, null, null);

--======= Insert Person id: 108 =======
INSERT INTO location (id, city, country, region, notes, latitude, longitude, fetch_status) VALUES (167, 'Gamleby', 'Sverige', '', '', 57.89596, 16.40071, 'FETCHED_WITH_SUCCESS');
INSERT INTO life_event (id, day, month, year, date, notes, location_id) VALUES (322, 21, 7, 1926, '1926-07-21', '', 167);
INSERT INTO location (id, city, country, region, notes, latitude, longitude, fetch_status) VALUES (168, 'Göteborg', 'Sverige', '', '', 57.70067, 11.96822, 'FETCHED_WITH_SUCCESS');
INSERT INTO life_event (id, day, month, year, date, notes, location_id) VALUES (323, null, null, 1975, '1975-01-01', '', 168);
INSERT INTO life_event (id, day, month, year, date, notes, location_id) VALUES (324, null, null, null, null, '', null);
INSERT INTO person (id, first_name, last_name, middle_names, notes, sex, birth_id, death_id, burial_id, father_id, mother_id) VALUES (108, 'Rigmor', 'Hegardt', '', '(Tab 7:21 i GS).', 'UNKNOWN', 322, 323, 324, null, null);

--======= Insert Person id: 109 =======
INSERT INTO location (id, city, country, region, notes, latitude, longitude, fetch_status) VALUES (169, 'Gamleby', 'Sverige', '', '', 57.89596, 16.40071, 'FETCHED_WITH_SUCCESS');
INSERT INTO life_event (id, day, month, year, date, notes, location_id) VALUES (325, 20, 10, 1940, '1940-10-20', '', 169);
INSERT INTO location (id, city, country, region, notes, latitude, longitude, fetch_status) VALUES (170, 'Uppsala', 'Sverige', '', '', 59.85862, 17.64373, 'FETCHED_WITH_SUCCESS');
INSERT INTO life_event (id, day, month, year, date, notes, location_id) VALUES (326, 18, 2, 1983, '1983-02-18', '', 170);
INSERT INTO life_event (id, day, month, year, date, notes, location_id) VALUES (327, null, null, null, null, '', null);
INSERT INTO occupation (id, notes, day, month, year, date, location_id) VALUES (37, 'Docent', null, null, null, null, null);
INSERT INTO person (id, first_name, last_name, middle_names, notes, sex, birth_id, death_id, burial_id, father_id, mother_id) VALUES (109, 'Astrid', 'Hegardt', '', 'Studentexamen 1960.
Fil dr 1975 i Uppsala (C).', 'WOMAN', 325, 326, 327, null, null);

--======= Insert Person id: 110 =======
INSERT INTO location (id, city, country, region, notes, latitude, longitude, fetch_status) VALUES (171, 'Uppsala', 'Sverige', '', '', 59.85862, 17.64373, 'FETCHED_WITH_SUCCESS');
INSERT INTO life_event (id, day, month, year, date, notes, location_id) VALUES (328, 28, 10, 1898, '1898-10-28', '', 171);
INSERT INTO location (id, city, country, region, notes, latitude, longitude, fetch_status) VALUES (172, 'Strömstad', 'Sverige', '', '', 58.9387, 11.17124, 'FETCHED_WITH_SUCCESS');
INSERT INTO life_event (id, day, month, year, date, notes, location_id) VALUES (329, 25, 4, 1980, '1980-04-25', '', 172);
INSERT INTO life_event (id, day, month, year, date, notes, location_id) VALUES (330, null, null, null, null, '', null);
INSERT INTO person (id, first_name, last_name, middle_names, notes, sex, birth_id, death_id, burial_id, father_id, mother_id) VALUES (110, 'Ebba', 'Sjöquist', 'Henrietta', '', 'WOMAN', 328, 329, 330, null, null);

--======= Insert Person id: 111 =======
INSERT INTO location (id, city, country, region, notes, latitude, longitude, fetch_status) VALUES (173, 'Malåträsk', 'Sverige', '', '', 64.60675, 19.16303, 'FETCHED_WITH_SUCCESS');
INSERT INTO life_event (id, day, month, year, date, notes, location_id) VALUES (331, 10, 9, 1922, '1922-09-10', '', 173);
INSERT INTO life_event (id, day, month, year, date, notes, location_id) VALUES (332, null, null, null, null, '', null);
INSERT INTO life_event (id, day, month, year, date, notes, location_id) VALUES (333, null, null, null, null, '', null);
INSERT INTO occupation (id, notes, day, month, year, date, location_id) VALUES (38, 'Leg sjuksköterska', null, null, null, null, null);
INSERT INTO person (id, first_name, last_name, middle_names, notes, sex, birth_id, death_id, burial_id, father_id, mother_id) VALUES (111, 'Inger', 'Hegardt', '', 'Adress 1990 Tovan, S Korsviken, 459 00 LJUNGSKILE.
(Tab 8:23 i GS).
Genomgått Vasa kommunala flickskola i Göteborg, Bar-Lockinstitutet i Stockholm, Gamleby folkhögskola samt Steneby slöjdskolor.
Mentalsköterskeutbildning vid Lillhagens sjukhus,Hisings-Backa 1959. Göteborgs sjuksköterskeskola 1961-63. Avdelningssköterska vid Lillhagens sjukhus 1963-67. Föreståndare vid Göteborgs socialförvaltning 1967-83. Pensionerades 1983.
Bor i Ljungskile (O).', 'UNKNOWN', 331, 332, 333, null, null);

--======= Insert Person id: 112 =======
INSERT INTO location (id, city, country, region, notes, latitude, longitude, fetch_status) VALUES (174, 'Tärendö', 'Sverige', '', '', 67.17017, 22.61354, 'FETCHED_WITH_SUCCESS');
INSERT INTO life_event (id, day, month, year, date, notes, location_id) VALUES (334, 25, 4, 1926, '1926-04-25', '', 174);
INSERT INTO life_event (id, day, month, year, date, notes, location_id) VALUES (335, null, null, null, null, '', null);
INSERT INTO life_event (id, day, month, year, date, notes, location_id) VALUES (336, null, null, null, null, '', null);
INSERT INTO occupation (id, notes, day, month, year, date, location_id) VALUES (39, 'Adress 1990 lövsångarevägen 1', null, null, null, null, null);
INSERT INTO occupation (id, notes, day, month, year, date, location_id) VALUES (40, '752 52  uppsala', null, null, null, null, null);
INSERT INTO person (id, first_name, last_name, middle_names, notes, sex, birth_id, death_id, burial_id, father_id, mother_id) VALUES (112, 'Hillevi', 'Hegardt', 'Vivi', '(Tab 8:24 i GS).
Bor i Uppsala (C).', 'UNKNOWN', 334, 335, 336, null, null);

--======= Insert Person id: 113 =======
INSERT INTO location (id, city, country, region, notes, latitude, longitude, fetch_status) VALUES (175, 'Junsele', 'Sverige', '', '', 63.75592, 17.02708, 'FETCHED_WITH_SUCCESS');
INSERT INTO life_event (id, day, month, year, date, notes, location_id) VALUES (337, 18, 4, 1928, '1928-04-18', '', 175);
INSERT INTO life_event (id, day, month, year, date, notes, location_id) VALUES (338, null, null, null, null, '', null);
INSERT INTO life_event (id, day, month, year, date, notes, location_id) VALUES (339, null, null, null, null, '', null);
INSERT INTO occupation (id, notes, day, month, year, date, location_id) VALUES (41, 'Bibliotekarie', null, null, null, null, null);
INSERT INTO person (id, first_name, last_name, middle_names, notes, sex, birth_id, death_id, burial_id, father_id, mother_id) VALUES (113, 'Birgit', 'Hegardt', '', 'Adress Øfre Slottsgatan 8 B, 753 10 UPPSALA.
Studentexamen 1949, fil kand 1954 i Uppsala.
Bor i Uppsala (C).', 'UNKNOWN', 337, 338, 339, null, null);

--======= Insert Person id: 114 =======
INSERT INTO location (id, city, country, region, notes, latitude, longitude, fetch_status) VALUES (176, 'Junsele', 'Sverige', '', '', 63.75592, 17.02708, 'FETCHED_WITH_SUCCESS');
INSERT INTO life_event (id, day, month, year, date, notes, location_id) VALUES (340, 27, 11, 1930, '1930-11-27', '', 176);
INSERT INTO life_event (id, day, month, year, date, notes, location_id) VALUES (341, null, null, null, null, '', null);
INSERT INTO life_event (id, day, month, year, date, notes, location_id) VALUES (342, null, null, null, null, '', null);
INSERT INTO occupation (id, notes, day, month, year, date, location_id) VALUES (42, 'Adjunkt', null, null, null, null, null);
INSERT INTO person (id, first_name, last_name, middle_names, notes, sex, birth_id, death_id, burial_id, father_id, mother_id) VALUES (114, 'Julia', 'Hegardt', 'Marianne', 'Adress Ostrongatan 12, 421 79 V FRØLUNDA.
Skild 1989.
Studentexamen 1950, fil mag 1957.
Bor i Västra Frölunda (O).', 'WOMAN', 340, 341, 342, null, null);

--======= Insert Person id: 115 =======
INSERT INTO location (id, city, country, region, notes, latitude, longitude, fetch_status) VALUES (177, 'Strömstad', 'Sverige', '', '', 58.9387, 11.17124, 'FETCHED_WITH_SUCCESS');
INSERT INTO life_event (id, day, month, year, date, notes, location_id) VALUES (343, 1, 10, 1935, '1935-10-01', '', 177);
INSERT INTO life_event (id, day, month, year, date, notes, location_id) VALUES (344, null, null, null, null, '', null);
INSERT INTO life_event (id, day, month, year, date, notes, location_id) VALUES (345, null, null, null, null, '', null);
INSERT INTO occupation (id, notes, day, month, year, date, location_id) VALUES (43, 'Byggnadsingenjör', null, null, null, null, null);
INSERT INTO person (id, first_name, last_name, middle_names, notes, sex, birth_id, death_id, burial_id, father_id, mother_id) VALUES (115, 'Torborg', 'Hegardt', 'Agneta', 'Adress Pontus Viknersgatan 1, 411 32 GØTEBORG.
Skild 1963.
Studentexamen 1954.
Ingenjörsexamen 1978.
CTH (Chalmers) R.O.T. 1984.
Byggkontrollant vid Vasa SH, tekn avd.
Bor i Göteborg (O).', 'WOMAN', 343, 344, 345, null, null);

--======= Insert Person id: 116 =======
INSERT INTO location (id, city, country, region, notes, latitude, longitude, fetch_status) VALUES (178, 'Strömstad', 'Sverige', '', '', 58.9387, 11.17124, 'FETCHED_WITH_SUCCESS');
INSERT INTO life_event (id, day, month, year, date, notes, location_id) VALUES (346, 20, 9, 1942, '1942-09-20', '', 178);
INSERT INTO life_event (id, day, month, year, date, notes, location_id) VALUES (347, null, null, null, null, '', null);
INSERT INTO life_event (id, day, month, year, date, notes, location_id) VALUES (348, null, null, null, null, '', null);
INSERT INTO occupation (id, notes, day, month, year, date, location_id) VALUES (44, 'Leg läkare', null, null, null, null, null);
INSERT INTO occupation (id, notes, day, month, year, date, location_id) VALUES (45, 'Spec i allmänmedicin', null, null, null, null, null);
INSERT INTO person (id, first_name, last_name, middle_names, notes, sex, birth_id, death_id, burial_id, father_id, mother_id) VALUES (116, 'Gunilla', 'Hegardt', 'Christina', 'Adress Drottninggatan 40 C, 702 22 ØREBRO.
Skild 1989.
Studentexamen 1961 i Göteborg (O).
Fil kand 1965 i Uppsala (C).
Tysk medicinsk Staatsexamen 1970 i Tyskland.
Svensk leg läkare 1973.
Specialist i allmän medicin 1976.
1977-85 distriktsöverläkare i Ørebro. Distriktsöverläkare. Vårdcentralchef vid Haga vårdcentral i Ørebro 1985-88.
1982-87 styrelseledamot i Svensk förening för Allmänmedicin.
Arbetar sedan 1988 med personlighetsutredning och "alternativmedicin" Bor i Ørebro (T).', 'WOMAN', 346, 347, 348, null, null);

--======= Insert Person id: 117 =======
INSERT INTO location (id, city, country, region, notes, latitude, longitude, fetch_status) VALUES (179, 'Göteborg', 'Sverige', '', '', 57.70067, 11.96822, 'FETCHED_WITH_SUCCESS');
INSERT INTO life_event (id, day, month, year, date, notes, location_id) VALUES (349, 4, 10, 1901, '1901-10-04', '', 179);
INSERT INTO location (id, city, country, region, notes, latitude, longitude, fetch_status) VALUES (180, 'Mariefred', 'Sverige', '', '', 59.25965, 17.22312, 'FETCHED_WITH_SUCCESS');
INSERT INTO life_event (id, day, month, year, date, notes, location_id) VALUES (350, 6, 12, 1980, '1980-12-06', '', 180);
INSERT INTO life_event (id, day, month, year, date, notes, location_id) VALUES (351, null, null, null, null, '', null);
INSERT INTO person (id, first_name, last_name, middle_names, notes, sex, birth_id, death_id, burial_id, father_id, mother_id) VALUES (117, 'Karin', 'Armstedt', '', '', 'WOMAN', 349, 350, 351, null, null);

--======= Insert Person id: 118 =======
INSERT INTO location (id, city, country, region, notes, latitude, longitude, fetch_status) VALUES (181, 'Kapstaden', 'Sydafrika', '', '', -33.91909, 18.42198, 'FETCHED_WITH_SUCCESS');
INSERT INTO life_event (id, day, month, year, date, notes, location_id) VALUES (352, 22, 12, 1923, '1923-12-22', '', 181);
INSERT INTO life_event (id, day, month, year, date, notes, location_id) VALUES (353, null, null, null, null, '', null);
INSERT INTO life_event (id, day, month, year, date, notes, location_id) VALUES (354, null, null, null, null, '', null);
INSERT INTO occupation (id, notes, day, month, year, date, location_id) VALUES (46, 'Direktör', null, null, null, null, null);
INSERT INTO person (id, first_name, last_name, middle_names, notes, sex, birth_id, death_id, burial_id, father_id, mother_id) VALUES (118, 'Carl-Fredrik', 'Hegardt', '', 'Adress APT 1, 9500 Sao Roque, Ponta Delgada, Azorerna.
(Tab 9:26 i GS).
Bor i Sao Rouque, Azorerna.', 'MAN', 352, 353, 354, null, null);

--======= Insert Person id: 119 =======
INSERT INTO location (id, city, country, region, notes, latitude, longitude, fetch_status) VALUES (182, 'Kapstaden', 'Sydafrika', '', '', -33.91909, 18.42198, 'FETCHED_WITH_SUCCESS');
INSERT INTO life_event (id, day, month, year, date, notes, location_id) VALUES (355, 12, 5, 1925, '1925-05-12', '', 182);
INSERT INTO life_event (id, day, month, year, date, notes, location_id) VALUES (356, null, null, null, null, '', null);
INSERT INTO life_event (id, day, month, year, date, notes, location_id) VALUES (357, null, null, null, null, '', null);
INSERT INTO occupation (id, notes, day, month, year, date, location_id) VALUES (47, 'Jurist', null, null, null, null, null);
INSERT INTO person (id, first_name, last_name, middle_names, notes, sex, birth_id, death_id, burial_id, father_id, mother_id) VALUES (119, 'Nils-Arne', 'Hegardt', '', 'Adress Banérvägen 3 A, 182 62 DJURSHOLM.
(Tab 9:27 i GS).
Bor i Djursholm (AB).', 'MAN', 355, 356, 357, null, null);

--======= Insert Person id: 120 =======
INSERT INTO location (id, city, country, region, notes, latitude, longitude, fetch_status) VALUES (183, 'Buffalo', 'USA', 'New York', '', 42.88545, -78.87846, 'FETCHED_WITH_SUCCESS');
INSERT INTO life_event (id, day, month, year, date, notes, location_id) VALUES (358, 6, 6, 1904, '1904-06-06', '', 183);
INSERT INTO location (id, city, country, region, notes, latitude, longitude, fetch_status) VALUES (184, 'Göteborg', 'Sverige', '', '', 57.70067, 11.96822, 'FETCHED_WITH_SUCCESS');
INSERT INTO life_event (id, day, month, year, date, notes, location_id) VALUES (359, 19, 2, 1983, '1983-02-19', '', 184);
INSERT INTO life_event (id, day, month, year, date, notes, location_id) VALUES (360, null, null, null, null, '', null);
INSERT INTO person (id, first_name, last_name, middle_names, notes, sex, birth_id, death_id, burial_id, father_id, mother_id) VALUES (120, 'Blenda', 'Koch', 'Maria', '', 'WOMAN', 358, 359, 360, null, null);

--======= Insert Person id: 121 =======
INSERT INTO location (id, city, country, region, notes, latitude, longitude, fetch_status) VALUES (185, 'Göteborg', 'Sverige', '', '', 57.70067, 11.96822, 'FETCHED_WITH_SUCCESS');
INSERT INTO life_event (id, day, month, year, date, notes, location_id) VALUES (361, 8, 8, 1928, '1928-08-08', '', 185);
INSERT INTO life_event (id, day, month, year, date, notes, location_id) VALUES (362, null, null, null, null, '', null);
INSERT INTO life_event (id, day, month, year, date, notes, location_id) VALUES (363, null, null, null, null, '', null);
INSERT INTO occupation (id, notes, day, month, year, date, location_id) VALUES (48, 'Förskollärare', null, null, null, null, null);
INSERT INTO person (id, first_name, last_name, middle_names, notes, sex, birth_id, death_id, burial_id, father_id, mother_id) VALUES (121, 'Ingrid', 'Hegardt', 'Maria', 'Adress Øverby pl 9058, Undenäs, 546 00 KARLSBORG.
Bor i Undenäs.', 'UNKNOWN', 361, 362, 363, null, null);

--======= Insert Person id: 122 =======
INSERT INTO location (id, city, country, region, notes, latitude, longitude, fetch_status) VALUES (186, 'Göteborg', 'Sverige', '', '', 57.70067, 11.96822, 'FETCHED_WITH_SUCCESS');
INSERT INTO life_event (id, day, month, year, date, notes, location_id) VALUES (364, 13, 1, 1932, '1932-01-13', '', 186);
INSERT INTO life_event (id, day, month, year, date, notes, location_id) VALUES (365, null, null, null, null, '', null);
INSERT INTO life_event (id, day, month, year, date, notes, location_id) VALUES (366, null, null, null, null, '', null);
INSERT INTO occupation (id, notes, day, month, year, date, location_id) VALUES (49, 'Fd ambassadör', null, null, null, null, null);
INSERT INTO person (id, first_name, last_name, middle_names, notes, sex, birth_id, death_id, burial_id, father_id, mother_id) VALUES (122, 'Blenda', 'Hegardt', 'Margareta', 'Adress Slottsgatan 4 B, 296 31 ÅHUS.
Skild 1959.
Skild 1976.
Jur kand 1959 i Lund (M).
Tingsmeritering 1959-61 vid Skarabygdens domsaga i Skara.
Hedersdoktor (Lan), Californian Lutheran University imaj1989.
Arbetat med informations- och samhällskontaktfrågor, socialpolitik, utbildningspolitik mm inom SAF. Ledamot/expert iflera officiella organ och arbetsmarknadskommittéer inom nämnda områden. Ledamot/expert av statliga utredningar som Kompetenskommittén (KK), kommittén för studiestöd åt vuxna (SVUX) och kommittén för försöksverksamhet med vuxenutbildning (FØVUX). Statssekreterare i handelsdepartementet (fp) åren 1978-79 samt 1981-82. Anställd i utrikesdepartementet 1980.
Biträdande kabinettsekreterare 1980-81. Ordförande i Tipstjänst 1980-82.
Ledamot/suppleant i bl a Svensk exportkredit, Sveriges Investeringsbank 1980-82. Deltagande i ett flertal konferenser inom ILO, OECD, Efta, Nordiska rådet m fl. Generalkonsul i Los Angeles 1982-89. Sedan 1989 ambassadör i republiken Irland.
Bor i Åhus (L).', 'UNKNOWN', 364, 365, 366, null, null);

--======= Insert Person id: 123 =======
INSERT INTO location (id, city, country, region, notes, latitude, longitude, fetch_status) VALUES (187, 'Göteborg', 'Sverige', '', '', 57.70067, 11.96822, 'FETCHED_WITH_SUCCESS');
INSERT INTO life_event (id, day, month, year, date, notes, location_id) VALUES (367, 16, 2, 1939, '1939-02-16', '', 187);
INSERT INTO life_event (id, day, month, year, date, notes, location_id) VALUES (368, null, null, null, null, '', null);
INSERT INTO life_event (id, day, month, year, date, notes, location_id) VALUES (369, null, null, null, null, '', null);
INSERT INTO occupation (id, notes, day, month, year, date, location_id) VALUES (50, 'Distriktsläkare', null, null, null, null, null);
INSERT INTO person (id, first_name, last_name, middle_names, notes, sex, birth_id, death_id, burial_id, father_id, mother_id) VALUES (123, 'Sven', 'Hegardt', 'Carl, Christian', 'Adress Stillingsön 6235, 440 92 SVANESUND.
Oforskat Gift när och var (sid 1).
Leg läkare 1971 och allmänläkare 1976.
Bor i Svanesund (O).', 'MAN', 367, 368, 369, null, null);

--======= Insert Person id: 124 =======
INSERT INTO location (id, city, country, region, notes, latitude, longitude, fetch_status) VALUES (188, 'Göteborg', 'Sverige', '', '', 57.70067, 11.96822, 'FETCHED_WITH_SUCCESS');
INSERT INTO life_event (id, day, month, year, date, notes, location_id) VALUES (370, 14, 3, 1942, '1942-03-14', '', 188);
INSERT INTO life_event (id, day, month, year, date, notes, location_id) VALUES (371, null, null, null, null, '', null);
INSERT INTO life_event (id, day, month, year, date, notes, location_id) VALUES (372, null, null, null, null, '', null);
INSERT INTO occupation (id, notes, day, month, year, date, location_id) VALUES (51, 'Distriktssköterska', null, null, null, null, null);
INSERT INTO person (id, first_name, last_name, middle_names, notes, sex, birth_id, death_id, burial_id, father_id, mother_id) VALUES (124, 'Kerstin', 'Hegardt', 'Birgitta', 'Adress Bildradiogatan 12, 421 34 V FRØLUNDA.
Leg sjuksköterska 1968 i Stockholm (AB).
Distriktssköterskeutbildning 1984 i Göteborg (O).
Bor i Västra Frölunda (O).', 'WOMAN', 370, 371, 372, null, null);

--======= Insert Person id: 125 =======
INSERT INTO life_event (id, day, month, year, date, notes, location_id) VALUES (373, 31, 1, 1900, '1900-01-31', '', null);
INSERT INTO location (id, city, country, region, notes, latitude, longitude, fetch_status) VALUES (189, 'Göteborg', 'Sverige', '', '', 57.70067, 11.96822, 'FETCHED_WITH_SUCCESS');
INSERT INTO life_event (id, day, month, year, date, notes, location_id) VALUES (374, 26, 7, 1985, '1985-07-26', '', 189);
INSERT INTO life_event (id, day, month, year, date, notes, location_id) VALUES (375, null, null, null, null, '', null);
INSERT INTO person (id, first_name, last_name, middle_names, notes, sex, birth_id, death_id, burial_id, father_id, mother_id) VALUES (125, 'Märta', 'Högsten', 'Helena, Sofia', '', 'UNKNOWN', 373, 374, 375, null, null);

--======= Insert Person id: 126 =======
INSERT INTO location (id, city, country, region, notes, latitude, longitude, fetch_status) VALUES (190, 'på Toresta gård i Nykyrka', 'Sverige', '', '', 59.16252, 15.30688, 'FETCHED_WITH_SUCCESS');
INSERT INTO life_event (id, day, month, year, date, notes, location_id) VALUES (376, 29, 12, 1893, '1893-12-29', '', 190);
INSERT INTO life_event (id, day, month, year, date, notes, location_id) VALUES (377, 15, 7, 1960, '1960-07-15', '', null);
INSERT INTO life_event (id, day, month, year, date, notes, location_id) VALUES (378, null, null, null, null, '', null);
INSERT INTO person (id, first_name, last_name, middle_names, notes, sex, birth_id, death_id, burial_id, father_id, mother_id) VALUES (126, 'Sten', 'Ekholm', '', '', 'UNKNOWN', 376, 377, 378, null, null);

--======= Insert Person id: 127 =======
INSERT INTO life_event (id, day, month, year, date, notes, location_id) VALUES (379, null, null, null, null, '', null);
INSERT INTO life_event (id, day, month, year, date, notes, location_id) VALUES (380, null, null, null, null, '', null);
INSERT INTO life_event (id, day, month, year, date, notes, location_id) VALUES (381, null, null, null, null, '', null);
INSERT INTO occupation (id, notes, day, month, year, date, location_id) VALUES (52, 'Kostnärinna', null, null, null, null, null);
INSERT INTO person (id, first_name, last_name, middle_names, notes, sex, birth_id, death_id, burial_id, father_id, mother_id) VALUES (127, 'Ingeborg', 'Westfelt', 'Aurora', '', 'WOMAN', 379, 380, 381, null, null);

--======= Insert Person id: 128 =======
INSERT INTO life_event (id, day, month, year, date, notes, location_id) VALUES (382, null, null, null, null, '', null);
INSERT INTO life_event (id, day, month, year, date, notes, location_id) VALUES (383, null, null, null, null, '', null);
INSERT INTO life_event (id, day, month, year, date, notes, location_id) VALUES (384, null, null, null, null, '', null);
INSERT INTO occupation (id, notes, day, month, year, date, location_id) VALUES (53, 'Redaktör', null, null, null, null, null);
INSERT INTO person (id, first_name, last_name, middle_names, notes, sex, birth_id, death_id, burial_id, father_id, mother_id) VALUES (128, 'August', 'Eggertz', 'Emil', '', 'MAN', 382, 383, 384, null, null);

--======= Insert Person id: 129 =======
INSERT INTO life_event (id, day, month, year, date, notes, location_id) VALUES (385, null, null, 1958, '1958-01-01', '', null);
INSERT INTO life_event (id, day, month, year, date, notes, location_id) VALUES (386, null, null, null, null, '', null);
INSERT INTO life_event (id, day, month, year, date, notes, location_id) VALUES (387, null, null, null, null, '', null);
INSERT INTO occupation (id, notes, day, month, year, date, location_id) VALUES (54, 'Adress erik dahlbergsgatan 41', null, null, null, null, null);
INSERT INTO occupation (id, notes, day, month, year, date, location_id) VALUES (55, '115 32  stockholm', null, null, null, null, null);
INSERT INTO person (id, first_name, last_name, middle_names, notes, sex, birth_id, death_id, burial_id, father_id, mother_id) VALUES (129, 'Karl-Arthur', 'Hegardt', '', 'Bor i Stockholm (AB).', 'UNKNOWN', 385, 386, 387, null, null);

--======= Insert Person id: 130 =======
INSERT INTO life_event (id, day, month, year, date, notes, location_id) VALUES (388, 26, 6, 1914, '1914-06-26', '', null);
INSERT INTO life_event (id, day, month, year, date, notes, location_id) VALUES (389, null, null, null, null, '', null);
INSERT INTO life_event (id, day, month, year, date, notes, location_id) VALUES (390, null, null, null, null, '', null);
INSERT INTO person (id, first_name, last_name, middle_names, notes, sex, birth_id, death_id, burial_id, father_id, mother_id) VALUES (130, 'Gösta', 'Ivarsson', 'Ivar, Magnus', '', 'UNKNOWN', 388, 389, 390, null, null);

--======= Insert Person id: 131 =======
INSERT INTO life_event (id, day, month, year, date, notes, location_id) VALUES (391, 9, 8, 1921, '1921-08-09', '', null);
INSERT INTO life_event (id, day, month, year, date, notes, location_id) VALUES (392, null, null, null, null, '', null);
INSERT INTO life_event (id, day, month, year, date, notes, location_id) VALUES (393, null, null, null, null, '', null);
INSERT INTO person (id, first_name, last_name, middle_names, notes, sex, birth_id, death_id, burial_id, father_id, mother_id) VALUES (131, 'Arne', 'Katz', '', '', 'UNKNOWN', 391, 392, 393, null, null);

--======= Insert Person id: 132 =======
INSERT INTO location (id, city, country, region, notes, latitude, longitude, fetch_status) VALUES (191, 'Uppsala', 'Sverige', '', '', 59.85862, 17.64373, 'FETCHED_WITH_SUCCESS');
INSERT INTO life_event (id, day, month, year, date, notes, location_id) VALUES (394, 27, 1, 1964, '1964-01-27', '', 191);
INSERT INTO life_event (id, day, month, year, date, notes, location_id) VALUES (395, null, null, null, null, '', null);
INSERT INTO life_event (id, day, month, year, date, notes, location_id) VALUES (396, null, null, null, null, '', null);
INSERT INTO occupation (id, notes, day, month, year, date, location_id) VALUES (56, 'Pilot vid japan airlines', null, null, null, null, null);
INSERT INTO person (id, first_name, last_name, middle_names, notes, sex, birth_id, death_id, burial_id, father_id, mother_id) VALUES (132, 'Pär', 'Hegardt', '', 'Adress 820 Caymus St, Napa, Californien 94559, USA.
Utbildad pilot; flyginstruktör för Japanese Airlines.
Bor i Napa, Californien, USA.', 'MAN', 394, 395, 396, null, null);

--======= Insert Person id: 133 =======
INSERT INTO life_event (id, day, month, year, date, notes, location_id) VALUES (397, null, null, null, null, '', null);
INSERT INTO life_event (id, day, month, year, date, notes, location_id) VALUES (398, null, null, null, null, '', null);
INSERT INTO life_event (id, day, month, year, date, notes, location_id) VALUES (399, null, null, null, null, '', null);
INSERT INTO person (id, first_name, last_name, middle_names, notes, sex, birth_id, death_id, burial_id, father_id, mother_id) VALUES (133, 'Andra', 'Quick', '', '', 'WOMAN', 397, 398, 399, null, null);

--======= Insert Person id: 134 =======
INSERT INTO location (id, city, country, region, notes, latitude, longitude, fetch_status) VALUES (192, 'Vellejo', 'USA', 'Californien', '', 32.8414, -116.96588, 'FETCHED_WITH_SUCCESS');
INSERT INTO life_event (id, day, month, year, date, notes, location_id) VALUES (400, 22, 2, 1992, '1992-02-22', '', 192);
INSERT INTO life_event (id, day, month, year, date, notes, location_id) VALUES (401, null, null, null, null, '', null);
INSERT INTO life_event (id, day, month, year, date, notes, location_id) VALUES (402, null, null, null, null, '', null);
INSERT INTO person (id, first_name, last_name, middle_names, notes, sex, birth_id, death_id, burial_id, father_id, mother_id) VALUES (134, 'Alexandra', 'Hegardt', '', '', 'UNKNOWN', 400, 401, 402, null, null);

--======= Insert Person id: 135 =======
INSERT INTO life_event (id, day, month, year, date, notes, location_id) VALUES (403, null, null, null, null, '', null);
INSERT INTO life_event (id, day, month, year, date, notes, location_id) VALUES (404, null, null, null, null, '', null);
INSERT INTO life_event (id, day, month, year, date, notes, location_id) VALUES (405, null, null, null, null, '', null);
INSERT INTO person (id, first_name, last_name, middle_names, notes, sex, birth_id, death_id, burial_id, father_id, mother_id) VALUES (135, 'Selma', 'Tärnlund', 'Josefina', '', 'WOMAN', 403, 404, 405, null, null);

--======= Insert Person id: 136 =======
INSERT INTO life_event (id, day, month, year, date, notes, location_id) VALUES (406, null, null, null, null, '', null);
INSERT INTO life_event (id, day, month, year, date, notes, location_id) VALUES (407, null, null, null, null, '', null);
INSERT INTO life_event (id, day, month, year, date, notes, location_id) VALUES (408, null, null, null, null, '', null);
INSERT INTO occupation (id, notes, day, month, year, date, location_id) VALUES (57, 'Köpman', null, null, null, null, null);
INSERT INTO person (id, first_name, last_name, middle_names, notes, sex, birth_id, death_id, burial_id, father_id, mother_id) VALUES (136, 'Victor', 'Sjöqvist', '', '', 'MAN', 406, 407, 408, null, null);

--======= Insert Person id: 137 =======
INSERT INTO life_event (id, day, month, year, date, notes, location_id) VALUES (409, 14, 9, 1910, '1910-09-14', '', null);
INSERT INTO life_event (id, day, month, year, date, notes, location_id) VALUES (410, null, null, null, null, '', null);
INSERT INTO life_event (id, day, month, year, date, notes, location_id) VALUES (411, null, null, null, null, '', null);
INSERT INTO person (id, first_name, last_name, middle_names, notes, sex, birth_id, death_id, burial_id, father_id, mother_id) VALUES (137, 'Karl', 'Sterner', 'Erik', '', 'UNKNOWN', 409, 410, 411, null, null);

--======= Insert Person id: 138 =======
INSERT INTO life_event (id, day, month, year, date, notes, location_id) VALUES (412, 17, 1, 1921, '1921-01-17', '', null);
INSERT INTO life_event (id, day, month, year, date, notes, location_id) VALUES (413, null, null, null, null, '', null);
INSERT INTO life_event (id, day, month, year, date, notes, location_id) VALUES (414, null, null, null, null, '', null);
INSERT INTO occupation (id, notes, day, month, year, date, location_id) VALUES (58, 'Professor', null, null, null, null, null);
INSERT INTO person (id, first_name, last_name, middle_names, notes, sex, birth_id, death_id, burial_id, father_id, mother_id) VALUES (138, 'Bengt', 'Westerlund', 'Elis', '', 'UNKNOWN', 412, 413, 414, null, null);

--======= Insert Person id: 139 =======
INSERT INTO location (id, city, country, region, notes, latitude, longitude, fetch_status) VALUES (193, 'Strängnäs', 'Sverige', '', '', 59.37495, 17.02675, 'FETCHED_WITH_SUCCESS');
INSERT INTO life_event (id, day, month, year, date, notes, location_id) VALUES (415, 23, 2, 1930, '1930-02-23', '', 193);
INSERT INTO life_event (id, day, month, year, date, notes, location_id) VALUES (416, null, null, null, null, '', null);
INSERT INTO life_event (id, day, month, year, date, notes, location_id) VALUES (417, null, null, null, null, '', null);
INSERT INTO occupation (id, notes, day, month, year, date, location_id) VALUES (59, 'Rådman vid länsrätten i göteborg och bohuslän', null, null, null, null, null);
INSERT INTO person (id, first_name, last_name, middle_names, notes, sex, birth_id, death_id, burial_id, father_id, mother_id) VALUES (139, 'Jan', 'af Hagelsrum', 'Erik, Gustaf, Alfred, Drake', '', 'MAN', 415, 416, 417, null, null);

--======= Insert Person id: 140 =======
INSERT INTO life_event (id, day, month, year, date, notes, location_id) VALUES (418, null, null, 1956, '1956-01-01', '', null);
INSERT INTO life_event (id, day, month, year, date, notes, location_id) VALUES (419, null, null, null, null, '', null);
INSERT INTO life_event (id, day, month, year, date, notes, location_id) VALUES (420, null, null, null, null, '', null);
INSERT INTO occupation (id, notes, day, month, year, date, location_id) VALUES (60, 'Barnläkare', null, null, null, null, null);
INSERT INTO person (id, first_name, last_name, middle_names, notes, sex, birth_id, death_id, burial_id, father_id, mother_id) VALUES (140, 'Gunilla', 'af Hagelsrum', 'Drake', '', 'UNKNOWN', 418, 419, 420, null, null);

--======= Insert Person id: 141 =======
INSERT INTO life_event (id, day, month, year, date, notes, location_id) VALUES (421, null, null, 1966, '1966-01-01', '', null);
INSERT INTO life_event (id, day, month, year, date, notes, location_id) VALUES (422, null, null, null, null, '', null);
INSERT INTO life_event (id, day, month, year, date, notes, location_id) VALUES (423, null, null, null, null, '', null);
INSERT INTO occupation (id, notes, day, month, year, date, location_id) VALUES (61, 'Rekvisitör', null, null, null, null, null);
INSERT INTO person (id, first_name, last_name, middle_names, notes, sex, birth_id, death_id, burial_id, father_id, mother_id) VALUES (141, 'Louise', 'af Hagelsrum', 'Drake', '', 'UNKNOWN', 421, 422, 423, null, null);

--======= Insert Person id: 142 =======
INSERT INTO life_event (id, day, month, year, date, notes, location_id) VALUES (424, null, null, 1966, '1966-01-01', '', null);
INSERT INTO life_event (id, day, month, year, date, notes, location_id) VALUES (425, null, null, null, null, '', null);
INSERT INTO life_event (id, day, month, year, date, notes, location_id) VALUES (426, null, null, null, null, '', null);
INSERT INTO person (id, first_name, last_name, middle_names, notes, sex, birth_id, death_id, burial_id, father_id, mother_id) VALUES (142, 'Charlotte', 'af Hagelsrum', 'Drake', '', 'UNKNOWN', 424, 425, 426, null, null);

--======= Insert Person id: 143 =======
INSERT INTO location (id, city, country, region, notes, latitude, longitude, fetch_status) VALUES (194, 'Sankt Peder', 'Sverige', '', '', 57.78428, 14.15661, 'FETCHED_WITH_SUCCESS');
INSERT INTO life_event (id, day, month, year, date, notes, location_id) VALUES (427, null, null, 1934, '1934-01-01', '', 194);
INSERT INTO life_event (id, day, month, year, date, notes, location_id) VALUES (428, null, null, null, null, '', null);
INSERT INTO life_event (id, day, month, year, date, notes, location_id) VALUES (429, null, null, null, null, '', null);
INSERT INTO person (id, first_name, last_name, middle_names, notes, sex, birth_id, death_id, burial_id, father_id, mother_id) VALUES (143, 'Lars', 'Elfström', '', '', 'MAN', 427, 428, 429, null, null);

--======= Insert Person id: 144 =======
INSERT INTO location (id, city, country, region, notes, latitude, longitude, fetch_status) VALUES (195, 'Göteborg', 'Sverige', '', '', 57.70067, 11.96822, 'FETCHED_WITH_SUCCESS');
INSERT INTO life_event (id, day, month, year, date, notes, location_id) VALUES (430, 24, 4, 1960, '1960-04-24', '', 195);
INSERT INTO life_event (id, day, month, year, date, notes, location_id) VALUES (431, null, null, null, null, '', null);
INSERT INTO life_event (id, day, month, year, date, notes, location_id) VALUES (432, null, null, null, null, '', null);
INSERT INTO occupation (id, notes, day, month, year, date, location_id) VALUES (62, 'Egen företagare', null, null, null, null, null);
INSERT INTO person (id, first_name, last_name, middle_names, notes, sex, birth_id, death_id, burial_id, father_id, mother_id) VALUES (144, 'Annika', 'Hegardt', 'Henrietta, Maria', 'Adress Billdals hagenvägen 31, 427 37 BILLDAL.
Studerat statsvetenskap och informationsteknik vid universitetet i Göteborg. Egen företagare: Extradata med utbildning inom dataområdet.
Bor i Göteborg (O).', 'WOMAN', 430, 431, 432, null, null);

--======= Insert Person id: 145 =======
INSERT INTO location (id, city, country, region, notes, latitude, longitude, fetch_status) VALUES (196, 'Göteborg', 'Sverige', '', '', 57.70067, 11.96822, 'FETCHED_WITH_SUCCESS');
INSERT INTO life_event (id, day, month, year, date, notes, location_id) VALUES (433, 8, 7, 1962, '1962-07-08', '', 196);
INSERT INTO life_event (id, day, month, year, date, notes, location_id) VALUES (434, null, null, null, null, '', null);
INSERT INTO life_event (id, day, month, year, date, notes, location_id) VALUES (435, null, null, null, null, '', null);
INSERT INTO occupation (id, notes, day, month, year, date, location_id) VALUES (63, 'Ekon stud och jur stud', null, null, null, null, null);
INSERT INTO person (id, first_name, last_name, middle_names, notes, sex, birth_id, death_id, burial_id, father_id, mother_id) VALUES (145, 'Joel', 'Hegardt', 'Richard', 'Adress Gamla Särövägen, Pl 6915, 430 41 KULLAVIK.
Bor i Göteborg (O).', 'MAN', 433, 434, 435, null, null);

--======= Insert Person id: 146 =======
INSERT INTO location (id, city, country, region, notes, latitude, longitude, fetch_status) VALUES (197, 'Hornäs', 'Norge', '', '', 59.33312, 11.09642, 'FETCHED_WITH_SUCCESS');
INSERT INTO life_event (id, day, month, year, date, notes, location_id) VALUES (436, 29, 5, 1942, '1942-05-29', '', 197);
INSERT INTO life_event (id, day, month, year, date, notes, location_id) VALUES (437, null, null, null, null, '', null);
INSERT INTO life_event (id, day, month, year, date, notes, location_id) VALUES (438, null, null, null, null, '', null);
INSERT INTO occupation (id, notes, day, month, year, date, location_id) VALUES (64, 'Øverläkare vid regionsjukhuset i örebro', null, null, null, null, null);
INSERT INTO person (id, first_name, last_name, middle_names, notes, sex, birth_id, death_id, burial_id, father_id, mother_id) VALUES (146, 'Harald', 'Moi', '', '', 'MAN', 436, 437, 438, null, null);

--======= Insert Person id: 147 =======
INSERT INTO location (id, city, country, region, notes, latitude, longitude, fetch_status) VALUES (198, 'Ørebro', 'Sverige', '', '', 59.27084, 15.21759, 'FETCHED_WITH_SUCCESS');
INSERT INTO life_event (id, day, month, year, date, notes, location_id) VALUES (439, 13, 3, 1974, '1974-03-13', '', 198);
INSERT INTO life_event (id, day, month, year, date, notes, location_id) VALUES (440, null, null, null, null, '', null);
INSERT INTO life_event (id, day, month, year, date, notes, location_id) VALUES (441, null, null, null, null, '', null);
INSERT INTO occupation (id, notes, day, month, year, date, location_id) VALUES (65, 'Studerande', null, null, null, null, null);
INSERT INTO person (id, first_name, last_name, middle_names, notes, sex, birth_id, death_id, burial_id, father_id, mother_id) VALUES (147, 'Björn', 'Hegardt', '', 'Adress Drottninggatan 40 C, 702 22 ØREBRO.
Bor i Ørebro (T).', 'UNKNOWN', 439, 440, 441, null, null);

--======= Insert Person id: 148 =======
INSERT INTO life_event (id, day, month, year, date, notes, location_id) VALUES (442, null, null, null, null, '', null);
INSERT INTO life_event (id, day, month, year, date, notes, location_id) VALUES (443, null, null, null, null, '', null);
INSERT INTO life_event (id, day, month, year, date, notes, location_id) VALUES (444, null, null, null, null, '', null);
INSERT INTO person (id, first_name, last_name, middle_names, notes, sex, birth_id, death_id, burial_id, father_id, mother_id) VALUES (148, 'Maria', 'Engström', '', '', 'WOMAN', 442, 443, 444, null, null);

--======= Insert Person id: 149 =======
INSERT INTO life_event (id, day, month, year, date, notes, location_id) VALUES (445, null, null, null, null, '', null);
INSERT INTO life_event (id, day, month, year, date, notes, location_id) VALUES (446, null, null, null, null, '', null);
INSERT INTO life_event (id, day, month, year, date, notes, location_id) VALUES (447, null, null, null, null, '', null);
INSERT INTO occupation (id, notes, day, month, year, date, location_id) VALUES (66, 'Sjökapten', null, null, null, null, null);
INSERT INTO person (id, first_name, last_name, middle_names, notes, sex, birth_id, death_id, burial_id, father_id, mother_id) VALUES (149, 'Carl', 'Andersson', '', '', 'MAN', 445, 446, 447, null, null);

--======= Insert Person id: 150 =======
INSERT INTO life_event (id, day, month, year, date, notes, location_id) VALUES (448, 18, 4, 1932, '1932-04-18', '', null);
INSERT INTO life_event (id, day, month, year, date, notes, location_id) VALUES (449, null, null, null, null, '', null);
INSERT INTO life_event (id, day, month, year, date, notes, location_id) VALUES (450, null, null, null, null, '', null);
INSERT INTO person (id, first_name, last_name, middle_names, notes, sex, birth_id, death_id, burial_id, father_id, mother_id) VALUES (150, 'Sonja', 'Wallin', '', '', 'WOMAN', 448, 449, 450, null, null);

--======= Insert Person id: 151 =======
INSERT INTO life_event (id, day, month, year, date, notes, location_id) VALUES (451, 7, 6, 1938, '1938-06-07', '', null);
INSERT INTO life_event (id, day, month, year, date, notes, location_id) VALUES (452, null, null, null, null, '', null);
INSERT INTO life_event (id, day, month, year, date, notes, location_id) VALUES (453, null, null, null, null, '', null);
INSERT INTO person (id, first_name, last_name, middle_names, notes, sex, birth_id, death_id, burial_id, father_id, mother_id) VALUES (151, 'Jean', 'Hitchner', '', '', 'UNKNOWN', 451, 452, 453, null, null);

--======= Insert Person id: 152 =======
INSERT INTO location (id, city, country, region, notes, latitude, longitude, fetch_status) VALUES (199, 'Göteborg', 'Sverige', '', '', 57.70067, 11.96822, 'FETCHED_WITH_SUCCESS');
INSERT INTO life_event (id, day, month, year, date, notes, location_id) VALUES (454, 24, 12, 1955, '1955-12-24', '', 199);
INSERT INTO location (id, city, country, region, notes, latitude, longitude, fetch_status) VALUES (200, 'Johannesburg', 'Sydafrika', '', '', -26.20495, 28.03995, 'FETCHED_WITH_SUCCESS');
INSERT INTO life_event (id, day, month, year, date, notes, location_id) VALUES (455, 5, 8, 1987, '1987-08-05', '', 200);
INSERT INTO life_event (id, day, month, year, date, notes, location_id) VALUES (456, null, null, null, null, '', null);
INSERT INTO occupation (id, notes, day, month, year, date, location_id) VALUES (67, 'Resebyråtjänsteman', null, null, null, null, null);
INSERT INTO person (id, first_name, last_name, middle_names, notes, sex, birth_id, death_id, burial_id, father_id, mother_id) VALUES (152, 'Anne', 'Hegardt', 'Louise', '', 'UNKNOWN', 454, 455, 456, null, null);

--======= Insert Person id: 153 =======
INSERT INTO location (id, city, country, region, notes, latitude, longitude, fetch_status) VALUES (201, 'Kapstaden', 'Sydafrika', '', '', -33.91909, 18.42198, 'FETCHED_WITH_SUCCESS');
INSERT INTO life_event (id, day, month, year, date, notes, location_id) VALUES (457, 7, 2, 1958, '1958-02-07', '', 201);
INSERT INTO life_event (id, day, month, year, date, notes, location_id) VALUES (458, null, null, null, null, '', null);
INSERT INTO life_event (id, day, month, year, date, notes, location_id) VALUES (459, null, null, null, null, '', null);
INSERT INTO occupation (id, notes, day, month, year, date, location_id) VALUES (68, 'Konstnär', null, null, null, null, null);
INSERT INTO person (id, first_name, last_name, middle_names, notes, sex, birth_id, death_id, burial_id, father_id, mother_id) VALUES (153, 'Caroline', 'Hegardt', 'Louise', 'Adress 58 Sparrow Cres, Flamingo Viei 7450, Cape Town, Sydafrika.
Production Management diploma vid PM Institute,Sydafrika1983.
BA vid University of South Africa.
Bor i Kapstaden, Sydafrika.', 'UNKNOWN', 457, 458, 459, null, null);

--======= Insert Person id: 154 =======
INSERT INTO life_event (id, day, month, year, date, notes, location_id) VALUES (460, 4, 9, 1930, '1930-09-04', '', null);
INSERT INTO life_event (id, day, month, year, date, notes, location_id) VALUES (461, null, null, null, null, '', null);
INSERT INTO life_event (id, day, month, year, date, notes, location_id) VALUES (462, null, null, null, null, '', null);
INSERT INTO person (id, first_name, last_name, middle_names, notes, sex, birth_id, death_id, burial_id, father_id, mother_id) VALUES (154, 'Elisabeth', 'af Ugglas', 'Gunilla', '', 'WOMAN', 460, 461, 462, null, null);

--======= Insert Person id: 155 =======
INSERT INTO location (id, city, country, region, notes, latitude, longitude, fetch_status) VALUES (202, 'Klippan', 'Sverige', '', '', 56.13496, 13.13285, 'FETCHED_WITH_SUCCESS');
INSERT INTO life_event (id, day, month, year, date, notes, location_id) VALUES (463, 8, 5, 1953, '1953-05-08', '', 202);
INSERT INTO life_event (id, day, month, year, date, notes, location_id) VALUES (464, null, null, null, null, '', null);
INSERT INTO life_event (id, day, month, year, date, notes, location_id) VALUES (465, null, null, null, null, '', null);
INSERT INTO occupation (id, notes, day, month, year, date, location_id) VALUES (69, 'Controller', null, null, null, null, null);
INSERT INTO person (id, first_name, last_name, middle_names, notes, sex, birth_id, death_id, burial_id, father_id, mother_id) VALUES (155, 'Christer', 'Hegardt', 'Nils, Peder', 'Adress Chemin de Hamo 20, CH1261 Chavonnes de Bogis, Schweiz.
Civilekonom vid HEC 1978 i Lausanne, Schweiz.
Jur kand 1982 i Stockholm (AB).
Bor i Chavonnes de Bogis, Schweiz.
Arbetar som finansiell rådgivare hos JS Gadd och CiE S.A. i Genève.', 'MAN', 463, 464, 465, null, null);

--======= Insert Person id: 156 =======
INSERT INTO location (id, city, country, region, notes, latitude, longitude, fetch_status) VALUES (203, 'Danderyd', 'Sverige', '', '', 59.39892, 18.03677, 'FETCHED_WITH_SUCCESS');
INSERT INTO life_event (id, day, month, year, date, notes, location_id) VALUES (466, 12, 1, 1956, '1956-01-12', '', 203);
INSERT INTO life_event (id, day, month, year, date, notes, location_id) VALUES (467, null, null, null, null, '', null);
INSERT INTO life_event (id, day, month, year, date, notes, location_id) VALUES (468, null, null, null, null, '', null);
INSERT INTO occupation (id, notes, day, month, year, date, location_id) VALUES (70, 'Vd', null, null, null, null, null);
INSERT INTO person (id, first_name, last_name, middle_names, notes, sex, birth_id, death_id, burial_id, father_id, mother_id) VALUES (156, 'Katharina', 'Hegardt', 'Elisabeth', 'Adress Krokvägen 1, 182 74 STOCKSUND.
Bor i Stocksund (AB).', 'UNKNOWN', 466, 467, 468, null, null);

--======= Insert Person id: 157 =======
INSERT INTO location (id, city, country, region, notes, latitude, longitude, fetch_status) VALUES (204, 'Danderyd', 'Sverige', '', '', 59.39892, 18.03677, 'FETCHED_WITH_SUCCESS');
INSERT INTO life_event (id, day, month, year, date, notes, location_id) VALUES (469, 14, 10, 1961, '1961-10-14', '', 204);
INSERT INTO life_event (id, day, month, year, date, notes, location_id) VALUES (470, null, null, null, null, '', null);
INSERT INTO life_event (id, day, month, year, date, notes, location_id) VALUES (471, null, null, null, null, '', null);
INSERT INTO occupation (id, notes, day, month, year, date, location_id) VALUES (71, 'Civilekonom', null, null, null, null, null);
INSERT INTO person (id, first_name, last_name, middle_names, notes, sex, birth_id, death_id, burial_id, father_id, mother_id) VALUES (157, 'Claes', 'Hegardt', 'Fredrik, Bernhard', 'Adress Invernessvägen 9, 182 76 STOCKSUND.
Civilekonom 1986 i Stockholm (AB).
Arbetar sedan 1978 vid ASEA i Västerås.
Bor i Stocksund (AB).', 'UNKNOWN', 469, 470, 471, null, null);

--======= Insert Person id: 158 =======
INSERT INTO location (id, city, country, region, notes, latitude, longitude, fetch_status) VALUES (205, 'Kapstaden', 'Sydafrika', '', '', -33.91909, 18.42198, 'FETCHED_WITH_SUCCESS');
INSERT INTO life_event (id, day, month, year, date, notes, location_id) VALUES (472, 24, 1, 1945, '1945-01-24', '', 205);
INSERT INTO life_event (id, day, month, year, date, notes, location_id) VALUES (473, null, null, null, null, '', null);
INSERT INTO life_event (id, day, month, year, date, notes, location_id) VALUES (474, null, null, null, null, '', null);
INSERT INTO occupation (id, notes, day, month, year, date, location_id) VALUES (72, 'Direktör', null, null, null, null, null);
INSERT INTO person (id, first_name, last_name, middle_names, notes, sex, birth_id, death_id, burial_id, father_id, mother_id) VALUES (158, 'Bernhard', 'Meyr', 'John', '', 'UNKNOWN', 472, 473, 474, null, null);

--======= Insert Person id: 159 =======
INSERT INTO location (id, city, country, region, notes, latitude, longitude, fetch_status) VALUES (206, 'Hakarp', 'Sverige', '', '', 57.19632, 13.5085, 'FETCHED_WITH_SUCCESS');
INSERT INTO life_event (id, day, month, year, date, notes, location_id) VALUES (475, 12, 12, 1962, '1962-12-12', '', 206);
INSERT INTO life_event (id, day, month, year, date, notes, location_id) VALUES (476, null, null, null, null, '', null);
INSERT INTO life_event (id, day, month, year, date, notes, location_id) VALUES (477, null, null, null, null, '', null);
INSERT INTO person (id, first_name, last_name, middle_names, notes, sex, birth_id, death_id, burial_id, father_id, mother_id) VALUES (159, 'Charlotta', 'Siegbahn', '', '', 'WOMAN', 475, 476, 477, null, null);

--======= Insert Person id: 160 =======
INSERT INTO location (id, city, country, region, notes, latitude, longitude, fetch_status) VALUES (207, 'Geneve', 'Schweiz', '', '', 46.20833, 6.14275, 'FETCHED_WITH_SUCCESS');
INSERT INTO life_event (id, day, month, year, date, notes, location_id) VALUES (478, 14, 3, 1992, '1992-03-14', '', 207);
INSERT INTO life_event (id, day, month, year, date, notes, location_id) VALUES (479, null, null, null, null, '', null);
INSERT INTO life_event (id, day, month, year, date, notes, location_id) VALUES (480, null, null, null, null, '', null);
INSERT INTO person (id, first_name, last_name, middle_names, notes, sex, birth_id, death_id, burial_id, father_id, mother_id) VALUES (160, 'Fredrik', 'Hegardt', 'Nils, Wilhelm', '', 'UNKNOWN', 478, 479, 480, null, null);

--======= Insert Person id: 161 =======
INSERT INTO location (id, city, country, region, notes, latitude, longitude, fetch_status) VALUES (208, 'Porto', 'Portogal', '', '', 41.14584, -8.61081, 'FETCHED_WITH_SUCCESS');
INSERT INTO life_event (id, day, month, year, date, notes, location_id) VALUES (481, 24, 12, 1949, '1949-12-24', '', 208);
INSERT INTO life_event (id, day, month, year, date, notes, location_id) VALUES (482, null, null, null, null, '', null);
INSERT INTO life_event (id, day, month, year, date, notes, location_id) VALUES (483, null, null, null, null, '', null);
INSERT INTO occupation (id, notes, day, month, year, date, location_id) VALUES (73, 'Bankdirektör', null, null, null, null, null);
INSERT INTO person (id, first_name, last_name, middle_names, notes, sex, birth_id, death_id, burial_id, father_id, mother_id) VALUES (161, 'Hans-Peter', 'Ekeroth', 'Pedro', '', 'UNKNOWN', 481, 482, 483, null, null);

--======= Insert Person id: 162 =======
INSERT INTO location (id, city, country, region, notes, latitude, longitude, fetch_status) VALUES (209, 'på Skabersjö i Skabersjö', 'Skabersjö', '', '', 55.54579, 13.16175, 'FETCHED_WITH_SUCCESS');
INSERT INTO life_event (id, day, month, year, date, notes, location_id) VALUES (484, 7, 3, 1915, '1915-03-07', '', 209);
INSERT INTO life_event (id, day, month, year, date, notes, location_id) VALUES (485, null, null, 1965, '1965-01-01', '', null);
INSERT INTO life_event (id, day, month, year, date, notes, location_id) VALUES (486, null, null, null, null, '', null);
INSERT INTO person (id, first_name, last_name, middle_names, notes, sex, birth_id, death_id, burial_id, father_id, mother_id) VALUES (162, 'Magdalena', 'Thott', 'Vilhelmina', '', 'WOMAN', 484, 485, 486, null, null);

--======= Insert Person id: 163 =======
INSERT INTO location (id, city, country, region, notes, latitude, longitude, fetch_status) VALUES (210, 'på Bäckaskog i Kristianstad', 'Sverige', '', '', 56.04274, 14.33546, 'FETCHED_WITH_SUCCESS');
INSERT INTO life_event (id, day, month, year, date, notes, location_id) VALUES (487, 18, 8, 1917, '1917-08-18', '', 210);
INSERT INTO life_event (id, day, month, year, date, notes, location_id) VALUES (488, null, null, null, null, '', null);
INSERT INTO life_event (id, day, month, year, date, notes, location_id) VALUES (489, null, null, null, null, '', null);
INSERT INTO occupation (id, notes, day, month, year, date, location_id) VALUES (74, 'Direktör', null, null, null, null, null);
INSERT INTO person (id, first_name, last_name, middle_names, notes, sex, birth_id, death_id, burial_id, father_id, mother_id) VALUES (163, 'Carl', 'Ekeroth', 'Gustaf, Philip', '', 'MAN', 487, 488, 489, null, null);

--======= Insert Person id: 164 =======
INSERT INTO life_event (id, day, month, year, date, notes, location_id) VALUES (490, null, null, null, null, '', null);
INSERT INTO life_event (id, day, month, year, date, notes, location_id) VALUES (491, null, null, null, null, '', null);
INSERT INTO life_event (id, day, month, year, date, notes, location_id) VALUES (492, null, null, null, null, '', null);
INSERT INTO person (id, first_name, last_name, middle_names, notes, sex, birth_id, death_id, burial_id, father_id, mother_id) VALUES (164, 'Blenda', 'Säfström', 'Rosalia', '', 'WOMAN', 490, 491, 492, null, null);

--======= Insert Person id: 165 =======
INSERT INTO life_event (id, day, month, year, date, notes, location_id) VALUES (493, null, null, null, null, '', null);
INSERT INTO life_event (id, day, month, year, date, notes, location_id) VALUES (494, null, null, null, null, '', null);
INSERT INTO life_event (id, day, month, year, date, notes, location_id) VALUES (495, null, null, null, null, '', null);
INSERT INTO occupation (id, notes, day, month, year, date, location_id) VALUES (75, 'Ingenjör', null, null, null, null, null);
INSERT INTO person (id, first_name, last_name, middle_names, notes, sex, birth_id, death_id, burial_id, father_id, mother_id) VALUES (165, 'Sven', 'Koch', 'Viktor', '', 'MAN', 493, 494, 495, null, null);

--======= Insert Person id: 166 =======
INSERT INTO location (id, city, country, region, notes, latitude, longitude, fetch_status) VALUES (211, 'Fredriksberg', 'Danmark', '', '', 55.67996, 12.52366, 'FETCHED_WITH_SUCCESS');
INSERT INTO life_event (id, day, month, year, date, notes, location_id) VALUES (496, 12, 1, 1924, '1924-01-12', '', 211);
INSERT INTO location (id, city, country, region, notes, latitude, longitude, fetch_status) VALUES (212, 'Karlsborg', 'Sverige', '', '', 58.53267, 14.50806, 'FETCHED_WITH_SUCCESS');
INSERT INTO life_event (id, day, month, year, date, notes, location_id) VALUES (497, 25, 1, 1991, '1991-01-25', '', 212);
INSERT INTO life_event (id, day, month, year, date, notes, location_id) VALUES (498, null, null, null, null, '', null);
INSERT INTO occupation (id, notes, day, month, year, date, location_id) VALUES (76, 'Kaptainlöjtnant', null, null, null, null, null);
INSERT INTO person (id, first_name, last_name, middle_names, notes, sex, birth_id, death_id, burial_id, father_id, mother_id) VALUES (166, 'Poul', 'Lütken', 'Erik', '', 'UNKNOWN', 496, 497, 498, null, null);

--======= Insert Person id: 167 =======
INSERT INTO life_event (id, day, month, year, date, notes, location_id) VALUES (499, null, null, null, null, '', null);
INSERT INTO life_event (id, day, month, year, date, notes, location_id) VALUES (500, null, null, null, null, '', null);
INSERT INTO life_event (id, day, month, year, date, notes, location_id) VALUES (501, null, null, null, null, '', null);
INSERT INTO occupation (id, notes, day, month, year, date, location_id) VALUES (77, 'Ambassadör', null, null, null, null, null);
INSERT INTO person (id, first_name, last_name, middle_names, notes, sex, birth_id, death_id, burial_id, father_id, mother_id) VALUES (167, 'Karl', 'Wollter', 'Anders', '', 'UNKNOWN', 499, 500, 501, null, null);

--======= Insert Person id: 168 =======
INSERT INTO life_event (id, day, month, year, date, notes, location_id) VALUES (502, null, null, null, null, '', null);
INSERT INTO life_event (id, day, month, year, date, notes, location_id) VALUES (503, null, null, null, null, '', null);
INSERT INTO life_event (id, day, month, year, date, notes, location_id) VALUES (504, null, null, null, null, '', null);
INSERT INTO occupation (id, notes, day, month, year, date, location_id) VALUES (78, 'Länsåklagare', null, null, null, null, null);
INSERT INTO person (id, first_name, last_name, middle_names, notes, sex, birth_id, death_id, burial_id, father_id, mother_id) VALUES (168, 'Lars', 'Dahlgren', '', '', 'UNKNOWN', 502, 503, 504, null, null);

--======= Insert Person id: 169 =======
INSERT INTO life_event (id, day, month, year, date, notes, location_id) VALUES (505, null, null, null, null, '', null);
INSERT INTO life_event (id, day, month, year, date, notes, location_id) VALUES (506, null, null, null, null, '', null);
INSERT INTO life_event (id, day, month, year, date, notes, location_id) VALUES (507, null, null, null, null, '', null);
INSERT INTO person (id, first_name, last_name, middle_names, notes, sex, birth_id, death_id, burial_id, father_id, mother_id) VALUES (169, '', '', '', 'Oforskat Fullständiga uppgifter (sid 1).
Oforskat Fullständiga uppgifter om föräldrar (sid 4).', 'WOMAN', 505, 506, 507, null, null);

--======= Insert Person id: 170 =======
INSERT INTO location (id, city, country, region, notes, latitude, longitude, fetch_status) VALUES (213, 'Vänersborg', 'Sverige', '', '', 58.38189, 12.3243, 'FETCHED_WITH_SUCCESS');
INSERT INTO life_event (id, day, month, year, date, notes, location_id) VALUES (508, 13, 6, 1968, '1968-06-13', '', 213);
INSERT INTO life_event (id, day, month, year, date, notes, location_id) VALUES (509, null, null, null, null, '', null);
INSERT INTO life_event (id, day, month, year, date, notes, location_id) VALUES (510, null, null, null, null, '', null);
INSERT INTO occupation (id, notes, day, month, year, date, location_id) VALUES (79, 'Studerande', null, null, null, null, null);
INSERT INTO person (id, first_name, last_name, middle_names, notes, sex, birth_id, death_id, burial_id, father_id, mother_id) VALUES (170, 'Carl', 'Hegardt', 'Mikael', 'Adress Fjeliev 11 B/3503, 227 36 LUND.
Bor i Svanesund (O).', 'UNKNOWN', 508, 509, 510, null, null);

--======= Insert Person id: 171 =======
INSERT INTO location (id, city, country, region, notes, latitude, longitude, fetch_status) VALUES (214, 'Piteå', 'Sverige', '', '', 65.3201, 21.47392, 'FETCHED_WITH_SUCCESS');
INSERT INTO life_event (id, day, month, year, date, notes, location_id) VALUES (511, 18, 2, 1971, '1971-02-18', '', 214);
INSERT INTO life_event (id, day, month, year, date, notes, location_id) VALUES (512, null, null, null, null, '', null);
INSERT INTO life_event (id, day, month, year, date, notes, location_id) VALUES (513, null, null, null, null, '', null);
INSERT INTO occupation (id, notes, day, month, year, date, location_id) VALUES (80, 'Studerande', null, null, null, null, null);
INSERT INTO person (id, first_name, last_name, middle_names, notes, sex, birth_id, death_id, burial_id, father_id, mother_id) VALUES (171, 'Åsa', 'Hegardt', 'Christina', 'Adress Stillingsön 405, 440 92 SVANESUND.
Bor i Svanesund (O).', 'UNKNOWN', 511, 512, 513, null, null);

--======= Insert Person id: 172 =======
INSERT INTO location (id, city, country, region, notes, latitude, longitude, fetch_status) VALUES (215, 'Kingston', 'Jamaica', '', '', 17.97092, -76.78827, 'FETCHED_WITH_SUCCESS');
INSERT INTO life_event (id, day, month, year, date, notes, location_id) VALUES (514, 7, 2, 1973, '1973-02-07', '', 215);
INSERT INTO life_event (id, day, month, year, date, notes, location_id) VALUES (515, null, null, null, null, '', null);
INSERT INTO life_event (id, day, month, year, date, notes, location_id) VALUES (516, null, null, null, null, '', null);
INSERT INTO occupation (id, notes, day, month, year, date, location_id) VALUES (81, 'Studerande', null, null, null, null, null);
INSERT INTO person (id, first_name, last_name, middle_names, notes, sex, birth_id, death_id, burial_id, father_id, mother_id) VALUES (172, 'David', 'Hegardt', 'Austin', 'Adress Modulatorg 17, 421 34 V FRØLUNDA.
Bor i Västra Frölunda (O).', 'UNKNOWN', 514, 515, 516, null, null);

--======= Insert Person id: 173 =======
INSERT INTO location (id, city, country, region, notes, latitude, longitude, fetch_status) VALUES (216, 'Göteborg', 'Sverige', '', '', 57.70067, 11.96822, 'FETCHED_WITH_SUCCESS');
INSERT INTO life_event (id, day, month, year, date, notes, location_id) VALUES (517, 26, 5, 1974, '1974-05-26', '', 216);
INSERT INTO life_event (id, day, month, year, date, notes, location_id) VALUES (518, null, null, null, null, '', null);
INSERT INTO life_event (id, day, month, year, date, notes, location_id) VALUES (519, null, null, null, null, '', null);
INSERT INTO occupation (id, notes, day, month, year, date, location_id) VALUES (82, 'Studerande', null, null, null, null, null);
INSERT INTO person (id, first_name, last_name, middle_names, notes, sex, birth_id, death_id, burial_id, father_id, mother_id) VALUES (173, 'Eric', 'Hegardt', 'Austin', 'Adress Modulatorg 17, 421 34 V FRØLUNDA.
Bor i Västra Frölunda (O).', 'UNKNOWN', 517, 518, 519, null, null);

--======= Insert Person id: 174 =======
INSERT INTO location (id, city, country, region, notes, latitude, longitude, fetch_status) VALUES (217, 'Asker', 'Sverige', '', '', 59.14805, 15.47668, 'FETCHED_WITH_SUCCESS');
INSERT INTO life_event (id, day, month, year, date, notes, location_id) VALUES (520, 21, 1, 1820, '1820-01-21', '', 217);
INSERT INTO location (id, city, country, region, notes, latitude, longitude, fetch_status) VALUES (218, 'Nordmark', 'Sverige', '', '', 59.83199, 14.10074, 'FETCHED_WITH_SUCCESS');
INSERT INTO life_event (id, day, month, year, date, notes, location_id) VALUES (521, 4, 8, 1863, '1863-08-04', '', 218);
INSERT INTO life_event (id, day, month, year, date, notes, location_id) VALUES (522, null, null, null, null, '', null);
INSERT INTO person (id, first_name, last_name, middle_names, notes, sex, birth_id, death_id, burial_id, father_id, mother_id) VALUES (174, 'Maria', 'Berggren', 'Kristina', '', 'WOMAN', 520, 521, 522, null, null);

--======= Insert Person id: 175 =======
INSERT INTO location (id, city, country, region, notes, latitude, longitude, fetch_status) VALUES (219, 'Nordmark', 'Sverige', '', '', 59.83199, 14.10074, 'FETCHED_WITH_SUCCESS');
INSERT INTO life_event (id, day, month, year, date, notes, location_id) VALUES (523, 14, 10, 1850, '1850-10-14', '', 219);
INSERT INTO location (id, city, country, region, notes, latitude, longitude, fetch_status) VALUES (220, 'Nordmark', 'Sverige', '', '', 59.83199, 14.10074, 'FETCHED_WITH_SUCCESS');
INSERT INTO life_event (id, day, month, year, date, notes, location_id) VALUES (524, 28, 11, 1927, '1927-11-28', '', 220);
INSERT INTO life_event (id, day, month, year, date, notes, location_id) VALUES (525, null, null, null, null, '', null);
INSERT INTO occupation (id, notes, day, month, year, date, location_id) VALUES (83, 'Snickare i sandsjön', null, null, null, null, null);
INSERT INTO person (id, first_name, last_name, middle_names, notes, sex, birth_id, death_id, burial_id, father_id, mother_id) VALUES (175, 'Oskar', 'Hegardt', 'Bernhard', '(Tab 12 i GS).', 'MAN', 523, 524, 525, null, null);

--======= Insert Person id: 176 =======
INSERT INTO location (id, city, country, region, notes, latitude, longitude, fetch_status) VALUES (221, 'Nordmark', 'Sverige', '', '', 59.83199, 14.10074, 'FETCHED_WITH_SUCCESS');
INSERT INTO life_event (id, day, month, year, date, notes, location_id) VALUES (526, 29, 10, 1852, '1852-10-29', '', 221);
INSERT INTO life_event (id, day, month, year, date, notes, location_id) VALUES (527, 3, 5, 1963, '1963-05-03', '', null);
INSERT INTO life_event (id, day, month, year, date, notes, location_id) VALUES (528, null, null, null, null, '', null);
INSERT INTO person (id, first_name, last_name, middle_names, notes, sex, birth_id, death_id, burial_id, father_id, mother_id) VALUES (176, 'Augusta', 'Hegardt', 'Amalia', '(Tab 11:60 i GS).', 'UNKNOWN', 526, 527, 528, null, null);

--======= Insert Person id: 177 =======
INSERT INTO location (id, city, country, region, notes, latitude, longitude, fetch_status) VALUES (222, 'Nordmark', 'Sverige', '', '', 59.83199, 14.10074, 'FETCHED_WITH_SUCCESS');
INSERT INTO life_event (id, day, month, year, date, notes, location_id) VALUES (529, 18, 5, 1854, '1854-05-18', '', 222);
INSERT INTO location (id, city, country, region, notes, latitude, longitude, fetch_status) VALUES (223, 'Nordmark', 'Sverige', '', '', 59.83199, 14.10074, 'FETCHED_WITH_SUCCESS');
INSERT INTO life_event (id, day, month, year, date, notes, location_id) VALUES (530, 30, 1, 1857, '1857-01-30', '', 223);
INSERT INTO life_event (id, day, month, year, date, notes, location_id) VALUES (531, null, null, null, null, '', null);
INSERT INTO person (id, first_name, last_name, middle_names, notes, sex, birth_id, death_id, burial_id, father_id, mother_id) VALUES (177, 'Anna', 'Hegardt', 'Constance', '(Tab 11:61 i GS).', 'UNKNOWN', 529, 530, 531, null, null);

--======= Insert Person id: 178 =======
INSERT INTO location (id, city, country, region, notes, latitude, longitude, fetch_status) VALUES (224, 'Nordmark', 'Sverige', '', '', 59.83199, 14.10074, 'FETCHED_WITH_SUCCESS');
INSERT INTO life_event (id, day, month, year, date, notes, location_id) VALUES (532, 17, 6, 1856, '1856-06-17', '', 224);
INSERT INTO life_event (id, day, month, year, date, notes, location_id) VALUES (533, null, null, null, null, '', null);
INSERT INTO life_event (id, day, month, year, date, notes, location_id) VALUES (534, null, null, null, null, '', null);
INSERT INTO occupation (id, notes, day, month, year, date, location_id) VALUES (84, 'Smed', null, null, null, null, null);
INSERT INTO person (id, first_name, last_name, middle_names, notes, sex, birth_id, death_id, burial_id, father_id, mother_id) VALUES (178, 'Johan', 'Hegardt', 'Vilhelm', '(Tab 11:62 i GS).', 'UNKNOWN', 532, 533, 534, null, null);

--======= Insert Person id: 179 =======
INSERT INTO location (id, city, country, region, notes, latitude, longitude, fetch_status) VALUES (225, 'Nordmark', 'Sverige', '', '', 59.83199, 14.10074, 'FETCHED_WITH_SUCCESS');
INSERT INTO life_event (id, day, month, year, date, notes, location_id) VALUES (535, 10, 7, 1859, '1859-07-10', '', 225);
INSERT INTO location (id, city, country, region, notes, latitude, longitude, fetch_status) VALUES (226, 'Stockholm', 'Sverige', '', '', 59.33257, 18.06683, 'FETCHED_WITH_SUCCESS');
INSERT INTO life_event (id, day, month, year, date, notes, location_id) VALUES (536, 7, 9, 1941, '1941-09-07', '', 226);
INSERT INTO life_event (id, day, month, year, date, notes, location_id) VALUES (537, null, null, null, null, '', null);
INSERT INTO occupation (id, notes, day, month, year, date, location_id) VALUES (85, 'Skomakare', null, null, null, null, null);
INSERT INTO person (id, first_name, last_name, middle_names, notes, sex, birth_id, death_id, burial_id, father_id, mother_id) VALUES (179, 'Carl', 'Hegardt', 'Gustaf', '(Tab 16 i GS).
De sista åren hade han en skomakeriverkstad.', 'MAN', 535, 536, 537, null, null);

--======= Insert Person id: 180 =======
INSERT INTO location (id, city, country, region, notes, latitude, longitude, fetch_status) VALUES (227, 'Uddevalla', 'Sverige', '', '', 58.35096, 11.93264, 'FETCHED_WITH_SUCCESS');
INSERT INTO life_event (id, day, month, year, date, notes, location_id) VALUES (538, 7, 3, 1834, '1834-03-07', '', 227);
INSERT INTO location (id, city, country, region, notes, latitude, longitude, fetch_status) VALUES (228, 'Eksjö', 'Sverige', '', '', 57.66697, 14.96951, 'FETCHED_WITH_SUCCESS');
INSERT INTO life_event (id, day, month, year, date, notes, location_id) VALUES (539, 9, 10, 1919, '1919-10-09', '', 228);
INSERT INTO life_event (id, day, month, year, date, notes, location_id) VALUES (540, null, null, null, null, '', null);
INSERT INTO person (id, first_name, last_name, middle_names, notes, sex, birth_id, death_id, burial_id, father_id, mother_id) VALUES (180, 'Matilda', 'Svensson', '', '', 'WOMAN', 538, 539, 540, null, null);

--======= Insert Person id: 181 =======
INSERT INTO location (id, city, country, region, notes, latitude, longitude, fetch_status) VALUES (229, 'Uddevalla', 'Sverige', '', '', 58.35096, 11.93264, 'FETCHED_WITH_SUCCESS');
INSERT INTO life_event (id, day, month, year, date, notes, location_id) VALUES (541, 24, 8, 1862, '1862-08-24', '', 229);
INSERT INTO location (id, city, country, region, notes, latitude, longitude, fetch_status) VALUES (230, 'Eksjö', 'Sverige', '', '', 57.66697, 14.96951, 'FETCHED_WITH_SUCCESS');
INSERT INTO life_event (id, day, month, year, date, notes, location_id) VALUES (542, null, null, 1919, '1919-01-01', '', 230);
INSERT INTO life_event (id, day, month, year, date, notes, location_id) VALUES (543, null, null, null, null, '', null);
INSERT INTO person (id, first_name, last_name, middle_names, notes, sex, birth_id, death_id, burial_id, father_id, mother_id) VALUES (181, 'Matilda', 'Hegardt', 'Charlotta', '(Tab 19:75 i GS).', 'UNKNOWN', 541, 542, 543, null, null);

--======= Insert Person id: 182 =======
INSERT INTO location (id, city, country, region, notes, latitude, longitude, fetch_status) VALUES (231, 'Uddevalla', 'Sverige', '', '', 58.35096, 11.93264, 'FETCHED_WITH_SUCCESS');
INSERT INTO life_event (id, day, month, year, date, notes, location_id) VALUES (544, 3, 9, 1864, '1864-09-03', '', 231);
INSERT INTO location (id, city, country, region, notes, latitude, longitude, fetch_status) VALUES (232, 'Göteborg', 'Sverige', '', '', 57.70067, 11.96822, 'FETCHED_WITH_SUCCESS');
INSERT INTO life_event (id, day, month, year, date, notes, location_id) VALUES (545, 21, 11, 1905, '1905-11-21', '', 232);
INSERT INTO life_event (id, day, month, year, date, notes, location_id) VALUES (546, null, null, null, null, '', null);
INSERT INTO person (id, first_name, last_name, middle_names, notes, sex, birth_id, death_id, burial_id, father_id, mother_id) VALUES (182, 'Johan', 'Hegardt', 'Gotthard', '(Tab 19:76 i GS).
Blev handelsbiträde i Svanesund, sedermera handelsbokhållare i Grebbestad och Göteborg samt slutligen kontorschef hos firman Ørnberg och Andersson i sistnämnda stad.', 'UNKNOWN', 544, 545, 546, null, null);

--======= Insert Person id: 183 =======
INSERT INTO location (id, city, country, region, notes, latitude, longitude, fetch_status) VALUES (233, 'Uddevalla', 'Sverige', '', '', 58.35096, 11.93264, 'FETCHED_WITH_SUCCESS');
INSERT INTO life_event (id, day, month, year, date, notes, location_id) VALUES (547, 29, 4, 1817, '1817-04-29', '', 233);
INSERT INTO location (id, city, country, region, notes, latitude, longitude, fetch_status) VALUES (234, 'Fuxerna', 'Sverige', '', '', 58.12699, 12.13029, 'FETCHED_WITH_SUCCESS');
INSERT INTO life_event (id, day, month, year, date, notes, location_id) VALUES (548, 8, 1, 1897, '1897-01-08', '', 234);
INSERT INTO life_event (id, day, month, year, date, notes, location_id) VALUES (549, null, null, null, null, '', null);
INSERT INTO person (id, first_name, last_name, middle_names, notes, sex, birth_id, death_id, burial_id, father_id, mother_id) VALUES (183, 'Karl', 'Lindahl', 'August', '', 'UNKNOWN', 547, 548, 549, null, null);

--======= Insert Person id: 184 =======
INSERT INTO location (id, city, country, region, notes, latitude, longitude, fetch_status) VALUES (235, 'Østra Vingåker', 'Sverige', '', '', 58.96792, 16.11122, 'FETCHED_WITH_SUCCESS');
INSERT INTO life_event (id, day, month, year, date, notes, location_id) VALUES (550, 7, 10, 1817, '1817-10-07', '', 235);
INSERT INTO location (id, city, country, region, notes, latitude, longitude, fetch_status) VALUES (236, 'Ørebro', 'Sverige', '', '', 59.27084, 15.21759, 'FETCHED_WITH_SUCCESS');
INSERT INTO life_event (id, day, month, year, date, notes, location_id) VALUES (551, 29, 3, 1901, '1901-03-29', '', 236);
INSERT INTO life_event (id, day, month, year, date, notes, location_id) VALUES (552, null, null, null, null, '', null);
INSERT INTO person (id, first_name, last_name, middle_names, notes, sex, birth_id, death_id, burial_id, father_id, mother_id) VALUES (184, 'Fredrika', 'Beckman', '', '', 'UNKNOWN', 550, 551, 552, null, null);

--======= Insert Person id: 185 =======
INSERT INTO life_event (id, day, month, year, date, notes, location_id) VALUES (553, null, null, null, null, '', null);
INSERT INTO life_event (id, day, month, year, date, notes, location_id) VALUES (554, null, null, null, null, '', null);
INSERT INTO life_event (id, day, month, year, date, notes, location_id) VALUES (555, null, null, null, null, '', null);
INSERT INTO person (id, first_name, last_name, middle_names, notes, sex, birth_id, death_id, burial_id, father_id, mother_id) VALUES (185, 'Lisa', 'Olofsdotter', '', '', 'WOMAN', 553, 554, 555, null, null);

--======= Insert Person id: 186 =======
INSERT INTO life_event (id, day, month, year, date, notes, location_id) VALUES (556, null, null, null, null, '', null);
INSERT INTO life_event (id, day, month, year, date, notes, location_id) VALUES (557, null, null, null, null, '', null);
INSERT INTO life_event (id, day, month, year, date, notes, location_id) VALUES (558, null, null, null, null, '', null);
INSERT INTO occupation (id, notes, day, month, year, date, location_id) VALUES (86, 'Lantbrukare', null, null, null, null, null);
INSERT INTO person (id, first_name, last_name, middle_names, notes, sex, birth_id, death_id, burial_id, father_id, mother_id) VALUES (186, 'Anders', 'Andersson', '', '', 'MAN', 556, 557, 558, null, null);

--======= Insert Person id: 187 =======
INSERT INTO life_event (id, day, month, year, date, notes, location_id) VALUES (559, null, null, null, null, '', null);
INSERT INTO life_event (id, day, month, year, date, notes, location_id) VALUES (560, null, null, null, null, '', null);
INSERT INTO life_event (id, day, month, year, date, notes, location_id) VALUES (561, null, null, null, null, '', null);
INSERT INTO person (id, first_name, last_name, middle_names, notes, sex, birth_id, death_id, burial_id, father_id, mother_id) VALUES (187, 'Kristina', 'Knöppel', 'Katarina', '', 'WOMAN', 559, 560, 561, null, null);

--======= Insert Person id: 188 =======
INSERT INTO life_event (id, day, month, year, date, notes, location_id) VALUES (562, null, null, null, null, '', null);
INSERT INTO life_event (id, day, month, year, date, notes, location_id) VALUES (563, null, null, null, null, '', null);
INSERT INTO life_event (id, day, month, year, date, notes, location_id) VALUES (564, null, null, null, null, '', null);
INSERT INTO occupation (id, notes, day, month, year, date, location_id) VALUES (87, 'Bergsbruksidkare', null, null, null, null, null);
INSERT INTO person (id, first_name, last_name, middle_names, notes, sex, birth_id, death_id, burial_id, father_id, mother_id) VALUES (188, 'Jöns', 'Berggren', '', '', 'MAN', 562, 563, 564, null, null);

--======= Insert Person id: 189 =======
INSERT INTO location (id, city, country, region, notes, latitude, longitude, fetch_status) VALUES (237, 'Nordmark', 'Sverige', '', '', 59.83199, 14.10074, 'FETCHED_WITH_SUCCESS');
INSERT INTO life_event (id, day, month, year, date, notes, location_id) VALUES (565, 27, 10, 1852, '1852-10-27', '', 237);
INSERT INTO location (id, city, country, region, notes, latitude, longitude, fetch_status) VALUES (238, 'Nordmark', 'Sverige', '', '', 59.83199, 14.10074, 'FETCHED_WITH_SUCCESS');
INSERT INTO life_event (id, day, month, year, date, notes, location_id) VALUES (566, 1, 4, 1931, '1931-04-01', '', 238);
INSERT INTO life_event (id, day, month, year, date, notes, location_id) VALUES (567, null, null, null, null, '', null);
INSERT INTO person (id, first_name, last_name, middle_names, notes, sex, birth_id, death_id, burial_id, father_id, mother_id) VALUES (189, 'Anna', 'Olsdotter', 'Brita', '(Tab.', 'WOMAN', 565, 566, 567, null, null);

--======= Insert Person id: 190 =======
INSERT INTO location (id, city, country, region, notes, latitude, longitude, fetch_status) VALUES (239, 'Nordmark', 'Sverige', '', '', 59.83199, 14.10074, 'FETCHED_WITH_SUCCESS');
INSERT INTO life_event (id, day, month, year, date, notes, location_id) VALUES (568, 2, 9, 1871, '1871-09-02', '', 239);
INSERT INTO location (id, city, country, region, notes, latitude, longitude, fetch_status) VALUES (240, 'Karlstad', 'Sverige', '', '', 59.3805, 13.49937, 'FETCHED_WITH_SUCCESS');
INSERT INTO life_event (id, day, month, year, date, notes, location_id) VALUES (569, 20, 5, 1943, '1943-05-20', '', 240);
INSERT INTO life_event (id, day, month, year, date, notes, location_id) VALUES (570, null, null, null, null, '', null);
INSERT INTO person (id, first_name, last_name, middle_names, notes, sex, birth_id, death_id, burial_id, father_id, mother_id) VALUES (190, 'Anna', 'Hegardt', 'Elisabet, Anna-Lisa', '(Tab 12:43 i GS).', 'UNKNOWN', 568, 569, 570, null, null);

--======= Insert Person id: 191 =======
INSERT INTO location (id, city, country, region, notes, latitude, longitude, fetch_status) VALUES (241, 'Nordmark', 'Sverige', '', '', 59.83199, 14.10074, 'FETCHED_WITH_SUCCESS');
INSERT INTO life_event (id, day, month, year, date, notes, location_id) VALUES (571, 19, 4, 1874, '1874-04-19', '', 241);
INSERT INTO location (id, city, country, region, notes, latitude, longitude, fetch_status) VALUES (242, 'Segeltorp', 'Sverige', '', '', 59.2794, 17.94289, 'FETCHED_WITH_SUCCESS');
INSERT INTO life_event (id, day, month, year, date, notes, location_id) VALUES (572, 22, 5, 1941, '1941-05-22', '', 242);
INSERT INTO life_event (id, day, month, year, date, notes, location_id) VALUES (573, null, null, null, null, '', null);
INSERT INTO person (id, first_name, last_name, middle_names, notes, sex, birth_id, death_id, burial_id, father_id, mother_id) VALUES (191, 'Charlotta', 'Hegardt', 'Kristina', '(Tab 12:44 i GS).', 'UNKNOWN', 571, 572, 573, null, null);

--======= Insert Person id: 192 =======
INSERT INTO location (id, city, country, region, notes, latitude, longitude, fetch_status) VALUES (243, 'Nordmark', 'Sverige', '', '', 59.83199, 14.10074, 'FETCHED_WITH_SUCCESS');
INSERT INTO life_event (id, day, month, year, date, notes, location_id) VALUES (574, 13, 9, 1876, '1876-09-13', '', 243);
INSERT INTO location (id, city, country, region, notes, latitude, longitude, fetch_status) VALUES (244, 'Stockholm', 'Sverige', '', '', 59.33257, 18.06683, 'FETCHED_WITH_SUCCESS');
INSERT INTO life_event (id, day, month, year, date, notes, location_id) VALUES (575, 15, 3, 1927, '1927-03-15', '', 244);
INSERT INTO life_event (id, day, month, year, date, notes, location_id) VALUES (576, null, null, null, null, '', null);
INSERT INTO occupation (id, notes, day, month, year, date, location_id) VALUES (88, 'Byggnadssnickare', null, null, null, null, null);
INSERT INTO person (id, first_name, last_name, middle_names, notes, sex, birth_id, death_id, burial_id, father_id, mother_id) VALUES (192, 'Johan', 'Hegardt', 'Vilhelm', '(Tab 12:45 i GS).', 'UNKNOWN', 574, 575, 576, null, null);

--======= Insert Person id: 193 =======
INSERT INTO location (id, city, country, region, notes, latitude, longitude, fetch_status) VALUES (245, 'Nordmark', 'Sverige', '', '', 59.83199, 14.10074, 'FETCHED_WITH_SUCCESS');
INSERT INTO life_event (id, day, month, year, date, notes, location_id) VALUES (577, 22, 4, 1879, '1879-04-22', '', 245);
INSERT INTO location (id, city, country, region, notes, latitude, longitude, fetch_status) VALUES (246, 'Stockholm', 'Sverige', '', '', 59.33257, 18.06683, 'FETCHED_WITH_SUCCESS');
INSERT INTO life_event (id, day, month, year, date, notes, location_id) VALUES (578, 21, 5, 1941, '1941-05-21', '', 246);
INSERT INTO life_event (id, day, month, year, date, notes, location_id) VALUES (579, null, null, null, null, '', null);
INSERT INTO person (id, first_name, last_name, middle_names, notes, sex, birth_id, death_id, burial_id, father_id, mother_id) VALUES (193, 'Hilma', 'Hegardt', 'Maria', '(Tab 12:46 i GS).
Innehade syatelier och damskrädderi i Stockholm.', 'UNKNOWN', 577, 578, 579, null, null);

--======= Insert Person id: 194 =======
INSERT INTO location (id, city, country, region, notes, latitude, longitude, fetch_status) VALUES (247, 'Nordmark', 'Sverige', '', '', 59.83199, 14.10074, 'FETCHED_WITH_SUCCESS');
INSERT INTO life_event (id, day, month, year, date, notes, location_id) VALUES (580, 22, 3, 1882, '1882-03-22', '', 247);
INSERT INTO life_event (id, day, month, year, date, notes, location_id) VALUES (581, 23, 12, 1965, '1965-12-23', '', null);
INSERT INTO life_event (id, day, month, year, date, notes, location_id) VALUES (582, null, null, null, null, '', null);
INSERT INTO occupation (id, notes, day, month, year, date, location_id) VALUES (89, 'Byggnadssnickare', null, null, null, null, null);
INSERT INTO person (id, first_name, last_name, middle_names, notes, sex, birth_id, death_id, burial_id, father_id, mother_id) VALUES (194, 'Gustaf', 'Hegardt', 'Robert', '(Tab 13 i GS).', 'MAN', 580, 581, 582, null, null);

--======= Insert Person id: 195 =======
INSERT INTO location (id, city, country, region, notes, latitude, longitude, fetch_status) VALUES (248, 'Nordmark', 'Sverige', '', '', 59.83199, 14.10074, 'FETCHED_WITH_SUCCESS');
INSERT INTO life_event (id, day, month, year, date, notes, location_id) VALUES (583, 24, 5, 1884, '1884-05-24', '', 248);
INSERT INTO location (id, city, country, region, notes, latitude, longitude, fetch_status) VALUES (249, 'Segeltorp', 'Sverige', '', '', 59.2794, 17.94289, 'FETCHED_WITH_SUCCESS');
INSERT INTO life_event (id, day, month, year, date, notes, location_id) VALUES (584, 3, 5, 1963, '1963-05-03', '', 249);
INSERT INTO life_event (id, day, month, year, date, notes, location_id) VALUES (585, null, null, null, null, '', null);
INSERT INTO person (id, first_name, last_name, middle_names, notes, sex, birth_id, death_id, burial_id, father_id, mother_id) VALUES (195, 'Alma', 'Hegardt', 'Eleonora, Nora', '(Tab 12:50 i GS).', 'UNKNOWN', 583, 584, 585, null, null);

--======= Insert Person id: 196 =======
INSERT INTO location (id, city, country, region, notes, latitude, longitude, fetch_status) VALUES (250, 'Nordmark', 'Sverige', '', '', 59.83199, 14.10074, 'FETCHED_WITH_SUCCESS');
INSERT INTO life_event (id, day, month, year, date, notes, location_id) VALUES (586, 30, 10, 1886, '1886-10-30', '', 250);
INSERT INTO location (id, city, country, region, notes, latitude, longitude, fetch_status) VALUES (251, 'Sollentuna', 'Sverige', '', '', 59.42921, 17.95181, 'FETCHED_WITH_SUCCESS');
INSERT INTO life_event (id, day, month, year, date, notes, location_id) VALUES (587, 7, 12, 1948, '1948-12-07', '', 251);
INSERT INTO life_event (id, day, month, year, date, notes, location_id) VALUES (588, null, null, null, null, '', null);
INSERT INTO occupation (id, notes, day, month, year, date, location_id) VALUES (90, 'Fd byggnadssnickare', null, null, null, null, null);
INSERT INTO person (id, first_name, last_name, middle_names, notes, sex, birth_id, death_id, burial_id, father_id, mother_id) VALUES (196, 'Karl', 'Hegardt', 'Verner', '(Tab 12:51 i GS).', 'UNKNOWN', 586, 587, 588, null, null);

--======= Insert Person id: 197 =======
INSERT INTO location (id, city, country, region, notes, latitude, longitude, fetch_status) VALUES (252, 'Nordmark', 'Sverige', '', '', 59.83199, 14.10074, 'FETCHED_WITH_SUCCESS');
INSERT INTO life_event (id, day, month, year, date, notes, location_id) VALUES (589, 27, 9, 1889, '1889-09-27', '', 252);
INSERT INTO life_event (id, day, month, year, date, notes, location_id) VALUES (590, null, null, null, null, '', null);
INSERT INTO life_event (id, day, month, year, date, notes, location_id) VALUES (591, null, null, null, null, '', null);
INSERT INTO person (id, first_name, last_name, middle_names, notes, sex, birth_id, death_id, burial_id, father_id, mother_id) VALUES (197, 'Oscar', 'Hagardt', 'Alexius', '(Tab 14 i GS).
Utflyttad till Canada 1907 från Nordmark (S).
Vid årsskiftet 1936-37 innehade han Hegardts General Store, Groceries, Hardware, Gas and Oils i Menisino, Manitoba, Canada.
1938 bodde de i Piney, Manitoba, Canada; samma slags affär där.', 'MAN', 589, 590, 591, null, null);

--======= Insert Person id: 198 =======
INSERT INTO location (id, city, country, region, notes, latitude, longitude, fetch_status) VALUES (253, 'Nordmark', 'Sverige', '', '', 59.83199, 14.10074, 'FETCHED_WITH_SUCCESS');
INSERT INTO life_event (id, day, month, year, date, notes, location_id) VALUES (592, 28, 9, 1892, '1892-09-28', '', 253);
INSERT INTO location (id, city, country, region, notes, latitude, longitude, fetch_status) VALUES (254, 'Molkom', 'Karlstad', '', '', 59.60141, 13.72085, 'FETCHED_WITH_SUCCESS');
INSERT INTO life_event (id, day, month, year, date, notes, location_id) VALUES (593, 26, 7, 1975, '1975-07-26', '', 254);
INSERT INTO life_event (id, day, month, year, date, notes, location_id) VALUES (594, null, null, null, null, '', null);
INSERT INTO person (id, first_name, last_name, middle_names, notes, sex, birth_id, death_id, burial_id, father_id, mother_id) VALUES (198, 'Agnes', 'Hegardt', 'Linnea', '(Tab 12:54 i GS).', 'UNKNOWN', 592, 593, 594, null, null);

--======= Insert Person id: 199 =======
INSERT INTO location (id, city, country, region, notes, latitude, longitude, fetch_status) VALUES (255, 'Nordmark', 'Sverige', '', '', 59.83199, 14.10074, 'FETCHED_WITH_SUCCESS');
INSERT INTO life_event (id, day, month, year, date, notes, location_id) VALUES (595, 9, 8, 1894, '1894-08-09', '', 255);
INSERT INTO location (id, city, country, region, notes, latitude, longitude, fetch_status) VALUES (256, 'Stockholm', 'Sverige', '', '', 59.33257, 18.06683, 'FETCHED_WITH_SUCCESS');
INSERT INTO life_event (id, day, month, year, date, notes, location_id) VALUES (596, 10, 2, 1951, '1951-02-10', '', 256);
INSERT INTO life_event (id, day, month, year, date, notes, location_id) VALUES (597, null, null, null, null, '', null);
INSERT INTO occupation (id, notes, day, month, year, date, location_id) VALUES (91, 'Köpman', null, null, null, null, null);
INSERT INTO person (id, first_name, last_name, middle_names, notes, sex, birth_id, death_id, burial_id, father_id, mother_id) VALUES (199, 'Axel', 'Hegardt', 'Hilmer', '(Tab 15 i GS).
Innehade från 1926 Hegardts livs i Sundbyberg.', 'MAN', 595, 596, 597, null, null);

--======= Insert Person id: 200 =======
INSERT INTO location (id, city, country, region, notes, latitude, longitude, fetch_status) VALUES (257, 'Nordmark', 'Sverige', '', '', 59.83199, 14.10074, 'FETCHED_WITH_SUCCESS');
INSERT INTO life_event (id, day, month, year, date, notes, location_id) VALUES (598, 22, 8, 1897, '1897-08-22', '', 257);
INSERT INTO location (id, city, country, region, notes, latitude, longitude, fetch_status) VALUES (258, 'Grums', 'Sverige', '', '', 59.35262, 13.11242, 'FETCHED_WITH_SUCCESS');
INSERT INTO life_event (id, day, month, year, date, notes, location_id) VALUES (599, 27, 6, 1986, '1986-06-27', '', 258);
INSERT INTO life_event (id, day, month, year, date, notes, location_id) VALUES (600, null, null, null, null, '', null);
INSERT INTO person (id, first_name, last_name, middle_names, notes, sex, birth_id, death_id, burial_id, father_id, mother_id) VALUES (200, 'Signe', 'Hegardt', '', '(Tab 12:58 i GS).', 'UNKNOWN', 598, 599, 600, null, null);

--======= Insert Person id: 201 =======
INSERT INTO location (id, city, country, region, notes, latitude, longitude, fetch_status) VALUES (259, 'Nordmark', 'Sverige', '', '', 59.83199, 14.10074, 'FETCHED_WITH_SUCCESS');
INSERT INTO life_event (id, day, month, year, date, notes, location_id) VALUES (601, 28, 9, 1899, '1899-09-28', '', 259);
INSERT INTO life_event (id, day, month, year, date, notes, location_id) VALUES (602, null, null, null, null, '', null);
INSERT INTO life_event (id, day, month, year, date, notes, location_id) VALUES (603, null, null, null, null, '', null);
INSERT INTO person (id, first_name, last_name, middle_names, notes, sex, birth_id, death_id, burial_id, father_id, mother_id) VALUES (201, 'Ester', 'Hegardt', 'Lilly', '(Tab 12:59 i GS).', 'UNKNOWN', 601, 602, 603, null, null);

--======= Insert Person id: 202 =======
INSERT INTO location (id, city, country, region, notes, latitude, longitude, fetch_status) VALUES (260, 'Rämmen', 'Sverige', '', '', 60.03409, 14.12228, 'FETCHED_WITH_SUCCESS');
INSERT INTO life_event (id, day, month, year, date, notes, location_id) VALUES (604, 8, 3, 1850, '1850-03-08', '', 260);
INSERT INTO location (id, city, country, region, notes, latitude, longitude, fetch_status) VALUES (261, 'Ånimskog', 'Sverige', '', '', 58.87961, 12.56691, 'FETCHED_WITH_SUCCESS');
INSERT INTO life_event (id, day, month, year, date, notes, location_id) VALUES (605, 21, 7, 1919, '1919-07-21', '', 261);
INSERT INTO life_event (id, day, month, year, date, notes, location_id) VALUES (606, null, null, null, null, '', null);
INSERT INTO person (id, first_name, last_name, middle_names, notes, sex, birth_id, death_id, burial_id, father_id, mother_id) VALUES (202, 'Jan', 'Träff', 'Petter', '', 'UNKNOWN', 604, 605, 606, null, null);

--======= Insert Person id: 203 =======
INSERT INTO location (id, city, country, region, notes, latitude, longitude, fetch_status) VALUES (262, 'Nordmark', 'Sverige', '', '', 59.83199, 14.10074, 'FETCHED_WITH_SUCCESS');
INSERT INTO life_event (id, day, month, year, date, notes, location_id) VALUES (607, 8, 4, 1875, '1875-04-08', '', 262);
INSERT INTO location (id, city, country, region, notes, latitude, longitude, fetch_status) VALUES (263, 'Vansbro', 'Sverige', '', '', 60.51122, 14.22569, 'FETCHED_WITH_SUCCESS');
INSERT INTO life_event (id, day, month, year, date, notes, location_id) VALUES (608, 12, 2, 1921, '1921-02-12', '', 263);
INSERT INTO life_event (id, day, month, year, date, notes, location_id) VALUES (609, null, null, null, null, '', null);
INSERT INTO person (id, first_name, last_name, middle_names, notes, sex, birth_id, death_id, burial_id, father_id, mother_id) VALUES (203, 'Emma', 'Olsson', 'Sofia', '', 'WOMAN', 607, 608, 609, null, null);

--======= Insert Person id: 204 =======
INSERT INTO location (id, city, country, region, notes, latitude, longitude, fetch_status) VALUES (264, 'Nordmark', 'Sverige', '', '', 59.83199, 14.10074, 'FETCHED_WITH_SUCCESS');
INSERT INTO life_event (id, day, month, year, date, notes, location_id) VALUES (610, 10, 11, 1893, '1893-11-10', '', 264);
INSERT INTO location (id, city, country, region, notes, latitude, longitude, fetch_status) VALUES (265, 'Nacka', 'Sverige', '', '', 59.3111, 18.16451, 'FETCHED_WITH_SUCCESS');
INSERT INTO life_event (id, day, month, year, date, notes, location_id) VALUES (611, 25, 10, 1983, '1983-10-25', '', 265);
INSERT INTO life_event (id, day, month, year, date, notes, location_id) VALUES (612, null, null, null, null, '', null);
INSERT INTO person (id, first_name, last_name, middle_names, notes, sex, birth_id, death_id, burial_id, father_id, mother_id) VALUES (204, 'Matilda', 'Hegardt', 'Kristina', '(Tab 16:64 i GS).', 'UNKNOWN', 610, 611, 612, null, null);

--======= Insert Person id: 205 =======
INSERT INTO location (id, city, country, region, notes, latitude, longitude, fetch_status) VALUES (266, 'Nordmark', 'Sverige', '', '', 59.83199, 14.10074, 'FETCHED_WITH_SUCCESS');
INSERT INTO life_event (id, day, month, year, date, notes, location_id) VALUES (613, 12, 10, 1897, '1897-10-12', '', 266);
INSERT INTO location (id, city, country, region, notes, latitude, longitude, fetch_status) VALUES (267, 'Danderyd', 'Sverige', '', '', 59.39892, 18.03677, 'FETCHED_WITH_SUCCESS');
INSERT INTO life_event (id, day, month, year, date, notes, location_id) VALUES (614, 28, 10, 1985, '1985-10-28', '', 267);
INSERT INTO life_event (id, day, month, year, date, notes, location_id) VALUES (615, null, null, null, null, '', null);
INSERT INTO occupation (id, notes, day, month, year, date, location_id) VALUES (92, 'Köpman', null, null, null, null, null);
INSERT INTO person (id, first_name, last_name, middle_names, notes, sex, birth_id, death_id, burial_id, father_id, mother_id) VALUES (205, 'Johan', 'Hegardt', 'Valfrid', '(Tab 17 i GS).
Flyttade till Stockholm 1927.
Arbetade då som försäljare i möbel- och klädesbranschen. Fortsatte med detta till 1947. Därefter egen köpman i choklad och konfektyr.', 'MAN', 613, 614, 615, null, null);

--======= Insert Person id: 206 =======
INSERT INTO location (id, city, country, region, notes, latitude, longitude, fetch_status) VALUES (268, 'Järna kbfd', 'Sverige', '', '', 59.0912, 17.56465, 'FETCHED_WITH_SUCCESS');
INSERT INTO life_event (id, day, month, year, date, notes, location_id) VALUES (616, 21, 3, 1901, '1901-03-21', '', 268);
INSERT INTO life_event (id, day, month, year, date, notes, location_id) VALUES (617, 22, 6, 1983, '1983-06-22', '', null);
INSERT INTO life_event (id, day, month, year, date, notes, location_id) VALUES (618, null, null, null, null, '', null);
INSERT INTO occupation (id, notes, day, month, year, date, location_id) VALUES (93, 'Reparatör', null, null, null, null, null);
INSERT INTO person (id, first_name, last_name, middle_names, notes, sex, birth_id, death_id, burial_id, father_id, mother_id) VALUES (206, 'Karl', 'Hegardt', 'Ragnar', '(Tab 18 i GS).
Tvilling med Ragnhild* Sofia Hegardt.', 'MAN', 616, 617, 618, null, null);

--======= Insert Person id: 207 =======
INSERT INTO location (id, city, country, region, notes, latitude, longitude, fetch_status) VALUES (269, 'Järna kbfd', 'Sverige', '', '', 59.0912, 17.56465, 'FETCHED_WITH_SUCCESS');
INSERT INTO life_event (id, day, month, year, date, notes, location_id) VALUES (619, 21, 3, 1901, '1901-03-21', '', 269);
INSERT INTO location (id, city, country, region, notes, latitude, longitude, fetch_status) VALUES (270, 'Stockholm', 'Sverige', '', '', 59.33257, 18.06683, 'FETCHED_WITH_SUCCESS');
INSERT INTO life_event (id, day, month, year, date, notes, location_id) VALUES (620, 11, 2, 1949, '1949-02-11', '', 270);
INSERT INTO life_event (id, day, month, year, date, notes, location_id) VALUES (621, null, null, null, null, '', null);
INSERT INTO person (id, first_name, last_name, middle_names, notes, sex, birth_id, death_id, burial_id, father_id, mother_id) VALUES (207, 'Ragnhild', 'Hegardt', 'Sofia', '(Tab 16:69 i GS).
Tvilling med Karl Ragnar* Hegardt.', 'UNKNOWN', 619, 620, 621, null, null);

--======= Insert Person id: 208 =======
INSERT INTO location (id, city, country, region, notes, latitude, longitude, fetch_status) VALUES (271, 'Järna kbfd', 'Sverige', '', '', 59.0912, 17.56465, 'FETCHED_WITH_SUCCESS');
INSERT INTO life_event (id, day, month, year, date, notes, location_id) VALUES (622, 26, 3, 1907, '1907-03-26', '', 271);
INSERT INTO location (id, city, country, region, notes, latitude, longitude, fetch_status) VALUES (272, 'Järna kbfd', 'Sverige', '', '', 59.0912, 17.56465, 'FETCHED_WITH_SUCCESS');
INSERT INTO life_event (id, day, month, year, date, notes, location_id) VALUES (623, 24, 5, 1908, '1908-05-24', '', 272);
INSERT INTO life_event (id, day, month, year, date, notes, location_id) VALUES (624, null, null, null, null, '', null);
INSERT INTO person (id, first_name, last_name, middle_names, notes, sex, birth_id, death_id, burial_id, father_id, mother_id) VALUES (208, 'Valborg', 'Hegardt', 'Charlotta', '(Tab 16:70 i GS).', 'UNKNOWN', 622, 623, 624, null, null);

--======= Insert Person id: 209 =======
INSERT INTO location (id, city, country, region, notes, latitude, longitude, fetch_status) VALUES (273, 'Järna kbfd', 'Sverige', '', '', 59.0912, 17.56465, 'FETCHED_WITH_SUCCESS');
INSERT INTO life_event (id, day, month, year, date, notes, location_id) VALUES (625, 1, 12, 1909, '1909-12-01', '', 273);
INSERT INTO location (id, city, country, region, notes, latitude, longitude, fetch_status) VALUES (274, 'Solna', 'Sverige', '', '', 59.35869, 18.00296, 'FETCHED_WITH_SUCCESS');
INSERT INTO life_event (id, day, month, year, date, notes, location_id) VALUES (626, 10, 1, 1995, '1995-01-10', '', 274);
INSERT INTO life_event (id, day, month, year, date, notes, location_id) VALUES (627, null, null, null, null, '', null);
INSERT INTO person (id, first_name, last_name, middle_names, notes, sex, birth_id, death_id, burial_id, father_id, mother_id) VALUES (209, 'Valborg', 'Hegardt', 'Margareta', '(Tab 16:71 i GS).', 'UNKNOWN', 625, 626, 627, null, null);

--======= Insert Person id: 210 =======
INSERT INTO location (id, city, country, region, notes, latitude, longitude, fetch_status) VALUES (275, 'Järna kbfd', 'Sverige', '', '', 59.0912, 17.56465, 'FETCHED_WITH_SUCCESS');
INSERT INTO life_event (id, day, month, year, date, notes, location_id) VALUES (628, 11, 10, 1912, '1912-10-11', '', 275);
INSERT INTO location (id, city, country, region, notes, latitude, longitude, fetch_status) VALUES (276, 'Stockholm', 'Sverige', '', '', 59.33257, 18.06683, 'FETCHED_WITH_SUCCESS');
INSERT INTO life_event (id, day, month, year, date, notes, location_id) VALUES (629, 24, 6, 1937, '1937-06-24', '', 276);
INSERT INTO life_event (id, day, month, year, date, notes, location_id) VALUES (630, null, null, null, null, '', null);
INSERT INTO person (id, first_name, last_name, middle_names, notes, sex, birth_id, death_id, burial_id, father_id, mother_id) VALUES (210, 'Dagmar', 'Hegardt', 'Birgitta', '(Tab 16:72 i GS).', 'UNKNOWN', 628, 629, 630, null, null);

--======= Insert Person id: 211 =======
INSERT INTO life_event (id, day, month, year, date, notes, location_id) VALUES (631, null, null, null, null, '', null);
INSERT INTO life_event (id, day, month, year, date, notes, location_id) VALUES (632, null, null, null, null, '', null);
INSERT INTO life_event (id, day, month, year, date, notes, location_id) VALUES (633, null, null, null, null, '', null);
INSERT INTO person (id, first_name, last_name, middle_names, notes, sex, birth_id, death_id, burial_id, father_id, mother_id) VALUES (211, 'Lisa', 'Henriksson', '', '', 'WOMAN', 631, 632, 633, null, null);

--======= Insert Person id: 212 =======
INSERT INTO life_event (id, day, month, year, date, notes, location_id) VALUES (634, null, null, null, null, '', null);
INSERT INTO life_event (id, day, month, year, date, notes, location_id) VALUES (635, null, null, null, null, '', null);
INSERT INTO life_event (id, day, month, year, date, notes, location_id) VALUES (636, null, null, null, null, '', null);
INSERT INTO occupation (id, notes, day, month, year, date, location_id) VALUES (94, 'Gruvarbetare', null, null, null, null, null);
INSERT INTO person (id, first_name, last_name, middle_names, notes, sex, birth_id, death_id, burial_id, father_id, mother_id) VALUES (212, 'Olof', 'Olsson', '', '', 'MAN', 634, 635, 636, null, null);

--======= Insert Person id: 213 =======
INSERT INTO location (id, city, country, region, notes, latitude, longitude, fetch_status) VALUES (277, 'Karlstad', 'Sverige', '', '', 59.3805, 13.49937, 'FETCHED_WITH_SUCCESS');
INSERT INTO life_event (id, day, month, year, date, notes, location_id) VALUES (637, 14, 1, 1870, '1870-01-14', '', 277);
INSERT INTO location (id, city, country, region, notes, latitude, longitude, fetch_status) VALUES (278, 'Karlstad', 'Sverige', '', '', 59.3805, 13.49937, 'FETCHED_WITH_SUCCESS');
INSERT INTO life_event (id, day, month, year, date, notes, location_id) VALUES (638, 28, 10, 1944, '1944-10-28', '', 278);
INSERT INTO life_event (id, day, month, year, date, notes, location_id) VALUES (639, null, null, null, null, '', null);
INSERT INTO occupation (id, notes, day, month, year, date, location_id) VALUES (95, 'Förman vid karlstads vattenledningsverk', null, null, null, null, null);
INSERT INTO person (id, first_name, last_name, middle_names, notes, sex, birth_id, death_id, burial_id, father_id, mother_id) VALUES (213, 'Axel', 'Gustafsson', 'Vilhelm', '', 'UNKNOWN', 637, 638, 639, null, null);

--======= Insert Person id: 214 =======
INSERT INTO location (id, city, country, region, notes, latitude, longitude, fetch_status) VALUES (279, 'Gräsmark', 'Sverige', '', '', 59.94583, 12.91131, 'FETCHED_WITH_SUCCESS');
INSERT INTO life_event (id, day, month, year, date, notes, location_id) VALUES (640, 15, 4, 1874, '1874-04-15', '', 279);
INSERT INTO location (id, city, country, region, notes, latitude, longitude, fetch_status) VALUES (280, 'Segeltorp', 'Sverige', '', '', 59.2794, 17.94289, 'FETCHED_WITH_SUCCESS');
INSERT INTO life_event (id, day, month, year, date, notes, location_id) VALUES (641, 24, 7, 1951, '1951-07-24', '', 280);
INSERT INTO life_event (id, day, month, year, date, notes, location_id) VALUES (642, null, null, null, null, '', null);
INSERT INTO person (id, first_name, last_name, middle_names, notes, sex, birth_id, death_id, burial_id, father_id, mother_id) VALUES (214, 'Erik', 'Högfäldt', 'Vilhelm', '', 'UNKNOWN', 640, 641, 642, null, null);

--======= Insert Person id: 215 =======
INSERT INTO location (id, city, country, region, notes, latitude, longitude, fetch_status) VALUES (281, 'Loos', 'Sverige', '', '', 61.98439, 15.29878, 'FETCHED_WITH_SUCCESS');
INSERT INTO life_event (id, day, month, year, date, notes, location_id) VALUES (643, 26, 6, 1875, '1875-06-26', '', 281);
INSERT INTO location (id, city, country, region, notes, latitude, longitude, fetch_status) VALUES (282, 'Stockholm', 'Sverige', '', '', 59.33257, 18.06683, 'FETCHED_WITH_SUCCESS');
INSERT INTO life_event (id, day, month, year, date, notes, location_id) VALUES (644, 25, 8, 1937, '1937-08-25', '', 282);
INSERT INTO life_event (id, day, month, year, date, notes, location_id) VALUES (645, null, null, null, null, '', null);
INSERT INTO person (id, first_name, last_name, middle_names, notes, sex, birth_id, death_id, burial_id, father_id, mother_id) VALUES (215, 'Maria', 'Eriksson', 'Kristina', '', 'UNKNOWN', 643, 644, 645, null, null);

--======= Insert Person id: 216 =======
INSERT INTO life_event (id, day, month, year, date, notes, location_id) VALUES (646, null, null, null, null, '', null);
INSERT INTO life_event (id, day, month, year, date, notes, location_id) VALUES (647, null, null, null, null, '', null);
INSERT INTO life_event (id, day, month, year, date, notes, location_id) VALUES (648, null, null, null, null, '', null);
INSERT INTO person (id, first_name, last_name, middle_names, notes, sex, birth_id, death_id, burial_id, father_id, mother_id) VALUES (216, 'Marit', 'Olsdotter', '', '', 'WOMAN', 646, 647, 648, null, null);

--======= Insert Person id: 217 =======
INSERT INTO life_event (id, day, month, year, date, notes, location_id) VALUES (649, null, null, null, null, '', null);
INSERT INTO life_event (id, day, month, year, date, notes, location_id) VALUES (650, null, null, null, null, '', null);
INSERT INTO life_event (id, day, month, year, date, notes, location_id) VALUES (651, null, null, null, null, '', null);
INSERT INTO occupation (id, notes, day, month, year, date, location_id) VALUES (96, 'Husägare', null, null, null, null, null);
INSERT INTO person (id, first_name, last_name, middle_names, notes, sex, birth_id, death_id, burial_id, father_id, mother_id) VALUES (217, 'Erik', 'Andersson', '', '', 'MAN', 649, 650, 651, null, null);

--======= Insert Person id: 218 =======
INSERT INTO location (id, city, country, region, notes, latitude, longitude, fetch_status) VALUES (283, 'Uppsala', 'Sverige', '', '', 59.85862, 17.64373, 'FETCHED_WITH_SUCCESS');
INSERT INTO life_event (id, day, month, year, date, notes, location_id) VALUES (652, 14, 7, 1878, '1878-07-14', '', 283);
INSERT INTO location (id, city, country, region, notes, latitude, longitude, fetch_status) VALUES (284, 'Stockholm', 'Sverige', '', '', 59.33257, 18.06683, 'FETCHED_WITH_SUCCESS');
INSERT INTO life_event (id, day, month, year, date, notes, location_id) VALUES (653, 26, 3, 1908, '1908-03-26', '', 284);
INSERT INTO life_event (id, day, month, year, date, notes, location_id) VALUES (654, null, null, null, null, '', null);
INSERT INTO person (id, first_name, last_name, middle_names, notes, sex, birth_id, death_id, burial_id, father_id, mother_id) VALUES (218, 'Alfred', 'Stolt', 'Verner', '', 'UNKNOWN', 652, 653, 654, null, null);

--======= Insert Person id: 219 =======
INSERT INTO location (id, city, country, region, notes, latitude, longitude, fetch_status) VALUES (285, 'Gustav Adolf', 'Sverige', '', '', 57.96089, 14.05764, 'FETCHED_WITH_SUCCESS');
INSERT INTO life_event (id, day, month, year, date, notes, location_id) VALUES (655, 17, 9, 1889, '1889-09-17', '', 285);
INSERT INTO location (id, city, country, region, notes, latitude, longitude, fetch_status) VALUES (286, 'Nordmark', 'Sverige', '', '', 59.83199, 14.10074, 'FETCHED_WITH_SUCCESS');
INSERT INTO life_event (id, day, month, year, date, notes, location_id) VALUES (656, 18, 11, 1947, '1947-11-18', '', 286);
INSERT INTO life_event (id, day, month, year, date, notes, location_id) VALUES (657, null, null, null, null, '', null);
INSERT INTO person (id, first_name, last_name, middle_names, notes, sex, birth_id, death_id, burial_id, father_id, mother_id) VALUES (219, 'Hilma', 'Larsdotter', 'Alfrida', '', 'WOMAN', 655, 656, 657, null, null);

--======= Insert Person id: 220 =======
INSERT INTO location (id, city, country, region, notes, latitude, longitude, fetch_status) VALUES (287, 'Nordmark', 'Sverige', '', '', 59.83199, 14.10074, 'FETCHED_WITH_SUCCESS');
INSERT INTO life_event (id, day, month, year, date, notes, location_id) VALUES (658, 6, 6, 1917, '1917-06-06', '', 287);
INSERT INTO location (id, city, country, region, notes, latitude, longitude, fetch_status) VALUES (288, 'Nordmark', 'Sverige', '', '', 59.83199, 14.10074, 'FETCHED_WITH_SUCCESS');
INSERT INTO life_event (id, day, month, year, date, notes, location_id) VALUES (659, 28, 7, 1918, '1918-07-28', '', 288);
INSERT INTO life_event (id, day, month, year, date, notes, location_id) VALUES (660, null, null, null, null, '', null);
INSERT INTO person (id, first_name, last_name, middle_names, notes, sex, birth_id, death_id, burial_id, father_id, mother_id) VALUES (220, 'Brita', 'Hegardt', 'Margit, Linnea', '(Tab 13:48 i GS).', 'UNKNOWN', 658, 659, 660, null, null);

--======= Insert Person id: 221 =======
INSERT INTO location (id, city, country, region, notes, latitude, longitude, fetch_status) VALUES (289, 'Nordmark', 'Sverige', '', '', 59.83199, 14.10074, 'FETCHED_WITH_SUCCESS');
INSERT INTO life_event (id, day, month, year, date, notes, location_id) VALUES (661, 21, 2, 1922, '1922-02-21', '', 289);
INSERT INTO life_event (id, day, month, year, date, notes, location_id) VALUES (662, null, null, null, null, '', null);
INSERT INTO life_event (id, day, month, year, date, notes, location_id) VALUES (663, null, null, null, null, '', null);
INSERT INTO occupation (id, notes, day, month, year, date, location_id) VALUES (97, 'Adress box 60', null, null, null, null, null);
INSERT INTO occupation (id, notes, day, month, year, date, location_id) VALUES (98, '680 92  nordmarkshyttan', null, null, null, null, null);
INSERT INTO person (id, first_name, last_name, middle_names, notes, sex, birth_id, death_id, burial_id, father_id, mother_id) VALUES (221, 'Gerd', 'Hegardt', 'Aina, Maj-Britt', '(Tab 13:49 i GS).
Bor i Nordmarkshyttan, Nordmark (S).', 'UNKNOWN', 661, 662, 663, null, null);

--======= Insert Person id: 222 =======
INSERT INTO location (id, city, country, region, notes, latitude, longitude, fetch_status) VALUES (290, 'Huddinge', 'Sverige', '', '', 59.2349, 17.97859, 'FETCHED_WITH_SUCCESS');
INSERT INTO life_event (id, day, month, year, date, notes, location_id) VALUES (664, 31, 8, 1888, '1888-08-31', '', 290);
INSERT INTO location (id, city, country, region, notes, latitude, longitude, fetch_status) VALUES (291, 'Segeltorp', 'Sverige', '', '', 59.2794, 17.94289, 'FETCHED_WITH_SUCCESS');
INSERT INTO life_event (id, day, month, year, date, notes, location_id) VALUES (665, 6, 12, 1973, '1973-12-06', '', 291);
INSERT INTO life_event (id, day, month, year, date, notes, location_id) VALUES (666, null, null, null, null, '', null);
INSERT INTO occupation (id, notes, day, month, year, date, location_id) VALUES (99, 'Metallslipare', null, null, null, null, null);
INSERT INTO person (id, first_name, last_name, middle_names, notes, sex, birth_id, death_id, burial_id, father_id, mother_id) VALUES (222, 'Johan', 'Karlsson', 'Arvid', '', 'UNKNOWN', 664, 665, 666, null, null);

--======= Insert Person id: 223 =======
INSERT INTO location (id, city, country, region, notes, latitude, longitude, fetch_status) VALUES (292, 'Ockelbo', 'Sverige', '', '', 60.8902, 16.71709, 'FETCHED_WITH_SUCCESS');
INSERT INTO life_event (id, day, month, year, date, notes, location_id) VALUES (667, 12, 4, 1887, '1887-04-12', '', 292);
INSERT INTO life_event (id, day, month, year, date, notes, location_id) VALUES (668, null, null, null, null, '', null);
INSERT INTO life_event (id, day, month, year, date, notes, location_id) VALUES (669, null, null, null, null, '', null);
INSERT INTO person (id, first_name, last_name, middle_names, notes, sex, birth_id, death_id, burial_id, father_id, mother_id) VALUES (223, 'Beda', 'Lutman', '', '', 'UNKNOWN', 667, 668, 669, null, null);

--======= Insert Person id: 224 =======
INSERT INTO location (id, city, country, region, notes, latitude, longitude, fetch_status) VALUES (293, 'Stockholm', 'Sverige', '', '', 59.33257, 18.06683, 'FETCHED_WITH_SUCCESS');
INSERT INTO life_event (id, day, month, year, date, notes, location_id) VALUES (670, 12, 6, 1881, '1881-06-12', '', 293);
INSERT INTO location (id, city, country, region, notes, latitude, longitude, fetch_status) VALUES (294, 'Sollentuna', 'Sverige', '', '', 59.42921, 17.95181, 'FETCHED_WITH_SUCCESS');
INSERT INTO life_event (id, day, month, year, date, notes, location_id) VALUES (671, 24, 3, 1963, '1963-03-24', '', 294);
INSERT INTO life_event (id, day, month, year, date, notes, location_id) VALUES (672, null, null, null, null, '', null);
INSERT INTO person (id, first_name, last_name, middle_names, notes, sex, birth_id, death_id, burial_id, father_id, mother_id) VALUES (224, 'Hilma', 'Landin', 'Alfrida', '', 'UNKNOWN', 670, 671, 672, null, null);

--======= Insert Person id: 225 =======
INSERT INTO life_event (id, day, month, year, date, notes, location_id) VALUES (673, null, null, null, null, '', null);
INSERT INTO life_event (id, day, month, year, date, notes, location_id) VALUES (674, null, null, null, null, '', null);
INSERT INTO life_event (id, day, month, year, date, notes, location_id) VALUES (675, null, null, null, null, '', null);
INSERT INTO person (id, first_name, last_name, middle_names, notes, sex, birth_id, death_id, burial_id, father_id, mother_id) VALUES (225, 'Stina', 'Hammarlund', '', '', 'WOMAN', 673, 674, 675, null, null);

--======= Insert Person id: 226 =======
INSERT INTO life_event (id, day, month, year, date, notes, location_id) VALUES (676, null, null, null, null, '', null);
INSERT INTO life_event (id, day, month, year, date, notes, location_id) VALUES (677, null, null, null, null, '', null);
INSERT INTO life_event (id, day, month, year, date, notes, location_id) VALUES (678, null, null, null, null, '', null);
INSERT INTO occupation (id, notes, day, month, year, date, location_id) VALUES (100, 'Arbetare', null, null, null, null, null);
INSERT INTO person (id, first_name, last_name, middle_names, notes, sex, birth_id, death_id, burial_id, father_id, mother_id) VALUES (226, 'Sven', 'Lutman', 'Johan', '', 'MAN', 676, 677, 678, null, null);

--======= Insert Person id: 227 =======
INSERT INTO life_event (id, day, month, year, date, notes, location_id) VALUES (679, null, null, null, null, '', null);
INSERT INTO life_event (id, day, month, year, date, notes, location_id) VALUES (680, null, null, null, null, '', null);
INSERT INTO life_event (id, day, month, year, date, notes, location_id) VALUES (681, null, null, null, null, '', null);
INSERT INTO person (id, first_name, last_name, middle_names, notes, sex, birth_id, death_id, burial_id, father_id, mother_id) VALUES (227, 'Anna', 'Pettersson', 'Ulrika', '', 'WOMAN', 679, 680, 681, null, null);

--======= Insert Person id: 228 =======
INSERT INTO life_event (id, day, month, year, date, notes, location_id) VALUES (682, null, null, null, null, '', null);
INSERT INTO life_event (id, day, month, year, date, notes, location_id) VALUES (683, null, null, null, null, '', null);
INSERT INTO life_event (id, day, month, year, date, notes, location_id) VALUES (684, null, null, null, null, '', null);
INSERT INTO occupation (id, notes, day, month, year, date, location_id) VALUES (101, 'Lokomotivförare', null, null, null, null, null);
INSERT INTO person (id, first_name, last_name, middle_names, notes, sex, birth_id, death_id, burial_id, father_id, mother_id) VALUES (228, 'Olof', 'Landin', 'Alfred', '', 'MAN', 682, 683, 684, null, null);

--======= Insert Person id: 229 =======
INSERT INTO location (id, city, country, region, notes, latitude, longitude, fetch_status) VALUES (295, 'Mattmar', 'Sverige', '', '', 63.30394, 13.89218, 'FETCHED_WITH_SUCCESS');
INSERT INTO life_event (id, day, month, year, date, notes, location_id) VALUES (685, 4, 8, 1890, '1890-08-04', '', 295);
INSERT INTO life_event (id, day, month, year, date, notes, location_id) VALUES (686, null, null, 1940, '1940-01-01', '', null);
INSERT INTO life_event (id, day, month, year, date, notes, location_id) VALUES (687, null, null, null, null, '', null);
INSERT INTO person (id, first_name, last_name, middle_names, notes, sex, birth_id, death_id, burial_id, father_id, mother_id) VALUES (229, 'Johanna', 'Johansson', 'Vilhelmina', '', 'WOMAN', 685, 686, 687, null, null);

--======= Insert Person id: 230 =======
INSERT INTO location (id, city, country, region, notes, latitude, longitude, fetch_status) VALUES (296, 'West Valley', 'USA', 'Minnesota', '', 45.74884, -93.01734, 'FETCHED_WITH_SUCCESS');
INSERT INTO life_event (id, day, month, year, date, notes, location_id) VALUES (688, 8, 7, 1891, '1891-07-08', '', 296);
INSERT INTO location (id, city, country, region, notes, latitude, longitude, fetch_status) VALUES (297, 'Grunthal', 'Canada', 'Manitoba', '', 49.40668, -96.85132, 'FETCHED_WITH_SUCCESS');
INSERT INTO life_event (id, day, month, year, date, notes, location_id) VALUES (689, 20, 2, 1978, '1978-02-20', '', 297);
INSERT INTO life_event (id, day, month, year, date, notes, location_id) VALUES (690, null, null, null, null, '', null);
INSERT INTO person (id, first_name, last_name, middle_names, notes, sex, birth_id, death_id, burial_id, father_id, mother_id) VALUES (230, 'Anna', 'Thompson', '', '', 'UNKNOWN', 688, 689, 690, null, null);

--======= Insert Person id: 231 =======
INSERT INTO location (id, city, country, region, notes, latitude, longitude, fetch_status) VALUES (298, 'Winnipeg', 'Canada', 'Manitoba', '', 49.89953, -97.14113, 'FETCHED_WITH_SUCCESS');
INSERT INTO life_event (id, day, month, year, date, notes, location_id) VALUES (691, 21, 10, 1925, '1925-10-21', '', 298);
INSERT INTO location (id, city, country, region, notes, latitude, longitude, fetch_status) VALUES (299, 'Enderby', 'Canada', 'BC', '', 50.5509, -119.14016, 'FETCHED_WITH_SUCCESS');
INSERT INTO life_event (id, day, month, year, date, notes, location_id) VALUES (692, 31, 1, 1996, '1996-01-31', '', 299);
INSERT INTO life_event (id, day, month, year, date, notes, location_id) VALUES (693, null, null, null, null, '', null);
INSERT INTO occupation (id, notes, day, month, year, date, location_id) VALUES (102, 'Skogsavverkningsentreprenör', null, null, null, null, null);
INSERT INTO person (id, first_name, last_name, middle_names, notes, sex, birth_id, death_id, burial_id, father_id, mother_id) VALUES (231, 'George', 'Hagardt', 'Bernhard', '(Tab 14:53 i GS).', 'MAN', 691, 692, 693, null, null);

--======= Insert Person id: 232 =======
INSERT INTO location (id, city, country, region, notes, latitude, longitude, fetch_status) VALUES (300, 'Nordmark', 'Sverige', '', '', 59.83199, 14.10074, 'FETCHED_WITH_SUCCESS');
INSERT INTO life_event (id, day, month, year, date, notes, location_id) VALUES (694, 11, 10, 1892, '1892-10-11', '', 300);
INSERT INTO location (id, city, country, region, notes, latitude, longitude, fetch_status) VALUES (301, 'Molkom', 'Karlstad', '', '', 59.60141, 13.72085, 'FETCHED_WITH_SUCCESS');
INSERT INTO life_event (id, day, month, year, date, notes, location_id) VALUES (695, 27, 8, 1974, '1974-08-27', '', 301);
INSERT INTO life_event (id, day, month, year, date, notes, location_id) VALUES (696, null, null, null, null, '', null);
INSERT INTO occupation (id, notes, day, month, year, date, location_id) VALUES (103, 'Föreståndare för normarksbergs godsstation', null, null, null, null, null);
INSERT INTO person (id, first_name, last_name, middle_names, notes, sex, birth_id, death_id, burial_id, father_id, mother_id) VALUES (232, 'Karl', 'Persson', 'Alfred', '', 'UNKNOWN', 694, 695, 696, null, null);

--======= Insert Person id: 233 =======
INSERT INTO location (id, city, country, region, notes, latitude, longitude, fetch_status) VALUES (302, 'Långared', 'Sverige', '', '', 58.04538, 12.52312, 'FETCHED_WITH_SUCCESS');
INSERT INTO life_event (id, day, month, year, date, notes, location_id) VALUES (697, 6, 1, 1894, '1894-01-06', '', 302);
INSERT INTO location (id, city, country, region, notes, latitude, longitude, fetch_status) VALUES (303, 'Stockholm', 'Sverige', '', '', 59.33257, 18.06683, 'FETCHED_WITH_SUCCESS');
INSERT INTO life_event (id, day, month, year, date, notes, location_id) VALUES (698, 17, 8, 1962, '1962-08-17', '', 303);
INSERT INTO life_event (id, day, month, year, date, notes, location_id) VALUES (699, null, null, null, null, '', null);
INSERT INTO person (id, first_name, last_name, middle_names, notes, sex, birth_id, death_id, burial_id, father_id, mother_id) VALUES (233, 'Gertrud', 'Berggren', 'Maria', '', 'WOMAN', 697, 698, 699, null, null);

--======= Insert Person id: 234 =======
INSERT INTO location (id, city, country, region, notes, latitude, longitude, fetch_status) VALUES (304, 'Stockholm', 'Sverige', '', '', 59.33257, 18.06683, 'FETCHED_WITH_SUCCESS');
INSERT INTO life_event (id, day, month, year, date, notes, location_id) VALUES (700, 22, 4, 1918, '1918-04-22', '', 304);
INSERT INTO location (id, city, country, region, notes, latitude, longitude, fetch_status) VALUES (305, 'Solna', 'Sverige', '', '', 59.35869, 18.00296, 'FETCHED_WITH_SUCCESS');
INSERT INTO life_event (id, day, month, year, date, notes, location_id) VALUES (701, 5, 4, 1993, '1993-04-05', '', 305);
INSERT INTO life_event (id, day, month, year, date, notes, location_id) VALUES (702, null, null, null, null, '', null);
INSERT INTO person (id, first_name, last_name, middle_names, notes, sex, birth_id, death_id, burial_id, father_id, mother_id) VALUES (234, 'Ingrid', 'Hegardt', 'Linnea, Maria', '(Tab 15:56 i GS).
Genomgått barnavårds- och hushållsskola.', 'UNKNOWN', 700, 701, 702, null, null);

--======= Insert Person id: 235 =======
INSERT INTO location (id, city, country, region, notes, latitude, longitude, fetch_status) VALUES (306, 'Stockholm', 'Sverige', '', '', 59.33257, 18.06683, 'FETCHED_WITH_SUCCESS');
INSERT INTO life_event (id, day, month, year, date, notes, location_id) VALUES (703, 21, 3, 1922, '1922-03-21', '', 306);
INSERT INTO life_event (id, day, month, year, date, notes, location_id) VALUES (704, null, null, null, null, '', null);
INSERT INTO life_event (id, day, month, year, date, notes, location_id) VALUES (705, null, null, null, null, '', null);
INSERT INTO occupation (id, notes, day, month, year, date, location_id) VALUES (104, 'Grafiker', null, null, null, null, null);
INSERT INTO person (id, first_name, last_name, middle_names, notes, sex, birth_id, death_id, burial_id, father_id, mother_id) VALUES (235, 'Rune', 'Hegardt', 'Axel, Gunnar', 'Adress Eskaderv 14, 183 54 TÄBY.
(Tab 15:57 i GS).
Bor i Stockholm (AB).', 'UNKNOWN', 703, 704, 705, null, null);

--======= Insert Person id: 236 =======
INSERT INTO location (id, city, country, region, notes, latitude, longitude, fetch_status) VALUES (307, 'Nordmark', 'Sverige', '', '', 59.83199, 14.10074, 'FETCHED_WITH_SUCCESS');
INSERT INTO life_event (id, day, month, year, date, notes, location_id) VALUES (706, 4, 3, 1888, '1888-03-04', '', 307);
INSERT INTO location (id, city, country, region, notes, latitude, longitude, fetch_status) VALUES (308, 'Grums', 'Sverige', '', '', 59.35262, 13.11242, 'FETCHED_WITH_SUCCESS');
INSERT INTO life_event (id, day, month, year, date, notes, location_id) VALUES (707, 27, 11, 1963, '1963-11-27', '', 308);
INSERT INTO life_event (id, day, month, year, date, notes, location_id) VALUES (708, null, null, null, null, '', null);
INSERT INTO person (id, first_name, last_name, middle_names, notes, sex, birth_id, death_id, burial_id, father_id, mother_id) VALUES (236, 'Karl', 'Jansson', 'Adrian', '', 'UNKNOWN', 706, 707, 708, null, null);

--======= Insert Person id: 237 =======
INSERT INTO location (id, city, country, region, notes, latitude, longitude, fetch_status) VALUES (309, 'Nyed', 'Sverige', '', '', 59.37802, 13.48506, 'FETCHED_WITH_SUCCESS');
INSERT INTO life_event (id, day, month, year, date, notes, location_id) VALUES (709, 3, 8, 1888, '1888-08-03', '', 309);
INSERT INTO life_event (id, day, month, year, date, notes, location_id) VALUES (710, null, null, null, null, '', null);
INSERT INTO life_event (id, day, month, year, date, notes, location_id) VALUES (711, null, null, null, null, '', null);
INSERT INTO person (id, first_name, last_name, middle_names, notes, sex, birth_id, death_id, burial_id, father_id, mother_id) VALUES (237, 'Nils', 'Bengtsson', 'Fredrik', '', 'UNKNOWN', 709, 710, 711, null, null);

--======= Insert Person id: 238 =======
INSERT INTO life_event (id, day, month, year, date, notes, location_id) VALUES (712, null, null, null, null, '', null);
INSERT INTO life_event (id, day, month, year, date, notes, location_id) VALUES (713, null, null, null, null, '', null);
INSERT INTO life_event (id, day, month, year, date, notes, location_id) VALUES (714, null, null, null, null, '', null);
INSERT INTO person (id, first_name, last_name, middle_names, notes, sex, birth_id, death_id, burial_id, father_id, mother_id) VALUES (238, 'Anna', 'Eriksson', 'Lena', '', 'WOMAN', 712, 713, 714, null, null);

--======= Insert Person id: 239 =======
INSERT INTO life_event (id, day, month, year, date, notes, location_id) VALUES (715, null, null, null, null, '', null);
INSERT INTO life_event (id, day, month, year, date, notes, location_id) VALUES (716, null, null, null, null, '', null);
INSERT INTO life_event (id, day, month, year, date, notes, location_id) VALUES (717, null, null, null, null, '', null);
INSERT INTO occupation (id, notes, day, month, year, date, location_id) VALUES (105, 'Arrendator', null, null, null, null, null);
INSERT INTO person (id, first_name, last_name, middle_names, notes, sex, birth_id, death_id, burial_id, father_id, mother_id) VALUES (239, 'Lars', 'Jansson', 'Alfred', '', 'MAN', 715, 716, 717, null, null);

--======= Insert Person id: 240 =======
INSERT INTO location (id, city, country, region, notes, latitude, longitude, fetch_status) VALUES (310, 'Nordmark', 'Sverige', '', '', 59.83199, 14.10074, 'FETCHED_WITH_SUCCESS');
INSERT INTO life_event (id, day, month, year, date, notes, location_id) VALUES (718, 23, 8, 1914, '1914-08-23', '', 310);
INSERT INTO life_event (id, day, month, year, date, notes, location_id) VALUES (719, null, null, null, null, '', null);
INSERT INTO life_event (id, day, month, year, date, notes, location_id) VALUES (720, null, null, null, null, '', null);
INSERT INTO occupation (id, notes, day, month, year, date, location_id) VALUES (106, 'Fd byggnadssnickare', null, null, null, null, null);
INSERT INTO person (id, first_name, last_name, middle_names, notes, sex, birth_id, death_id, burial_id, father_id, mother_id) VALUES (240, 'Hilmer', 'Lindman', 'Fredrik', '', 'UNKNOWN', 718, 719, 720, null, null);

--======= Insert Person id: 241 =======
INSERT INTO life_event (id, day, month, year, date, notes, location_id) VALUES (721, null, null, null, null, '', null);
INSERT INTO life_event (id, day, month, year, date, notes, location_id) VALUES (722, null, null, null, null, '', null);
INSERT INTO life_event (id, day, month, year, date, notes, location_id) VALUES (723, null, null, null, null, '', null);
INSERT INTO person (id, first_name, last_name, middle_names, notes, sex, birth_id, death_id, burial_id, father_id, mother_id) VALUES (241, 'Helena', 'Gran', 'Vilhelmina', '', 'WOMAN', 721, 722, 723, null, null);

--======= Insert Person id: 242 =======
INSERT INTO life_event (id, day, month, year, date, notes, location_id) VALUES (724, null, null, null, null, '', null);
INSERT INTO life_event (id, day, month, year, date, notes, location_id) VALUES (725, null, null, null, null, '', null);
INSERT INTO life_event (id, day, month, year, date, notes, location_id) VALUES (726, null, null, null, null, '', null);
INSERT INTO person (id, first_name, last_name, middle_names, notes, sex, birth_id, death_id, burial_id, father_id, mother_id) VALUES (242, 'Frederik', 'Johanson', 'Laurids', '', 'MAN', 724, 725, 726, null, null);

--======= Insert Person id: 243 =======
INSERT INTO location (id, city, country, region, notes, latitude, longitude, fetch_status) VALUES (311, 'Vancouver', 'Canada', 'BC', '', 49.26038, -123.11336, 'FETCHED_WITH_SUCCESS');
INSERT INTO life_event (id, day, month, year, date, notes, location_id) VALUES (727, 4, 9, 1931, '1931-09-04', '', 311);
INSERT INTO life_event (id, day, month, year, date, notes, location_id) VALUES (728, null, null, null, null, '', null);
INSERT INTO life_event (id, day, month, year, date, notes, location_id) VALUES (729, null, null, null, null, '', null);
INSERT INTO occupation (id, notes, day, month, year, date, location_id) VALUES (107, 'Sjuksköterska', null, null, null, null, null);
INSERT INTO person (id, first_name, last_name, middle_names, notes, sex, birth_id, death_id, burial_id, father_id, mother_id) VALUES (243, 'Elinor', 'Faulkner', 'Anne', '', 'WOMAN', 727, 728, 729, null, null);

--======= Insert Person id: 244 =======
INSERT INTO location (id, city, country, region, notes, latitude, longitude, fetch_status) VALUES (312, 'Enderby', 'Canada', 'BC', '', 50.5509, -119.14016, 'FETCHED_WITH_SUCCESS');
INSERT INTO life_event (id, day, month, year, date, notes, location_id) VALUES (730, 9, 3, 1953, '1953-03-09', '', 312);
INSERT INTO life_event (id, day, month, year, date, notes, location_id) VALUES (731, null, null, null, null, '', null);
INSERT INTO life_event (id, day, month, year, date, notes, location_id) VALUES (732, null, null, null, null, '', null);
INSERT INTO occupation (id, notes, day, month, year, date, location_id) VALUES (108, 'Elektriker', null, null, null, null, null);
INSERT INTO person (id, first_name, last_name, middle_names, notes, sex, birth_id, death_id, burial_id, father_id, mother_id) VALUES (244, 'Ronald', 'Hagardt', 'George', 'Adress RR2 S5 C6, Enderby, BC, V0E 1V0, Canada.
Bor i Enderby, BC, Canada.', 'MAN', 730, 731, 732, null, null);

--======= Insert Person id: 245 =======
INSERT INTO location (id, city, country, region, notes, latitude, longitude, fetch_status) VALUES (313, 'Enderby', 'Canada', 'BC', '', 50.5509, -119.14016, 'FETCHED_WITH_SUCCESS');
INSERT INTO life_event (id, day, month, year, date, notes, location_id) VALUES (733, 29, 6, 1954, '1954-06-29', '', 313);
INSERT INTO life_event (id, day, month, year, date, notes, location_id) VALUES (734, null, null, null, null, '', null);
INSERT INTO life_event (id, day, month, year, date, notes, location_id) VALUES (735, null, null, null, null, '', null);
INSERT INTO occupation (id, notes, day, month, year, date, location_id) VALUES (109, 'Sjuksköterska', null, null, null, null, null);
INSERT INTO person (id, first_name, last_name, middle_names, notes, sex, birth_id, death_id, burial_id, father_id, mother_id) VALUES (245, 'Rosalie', 'Hagardt', 'Dawn', 'Adress Box 33, Grindrod, BC, V0E 1V0, Canada.
Bor i Grindrod, BC, Canada.', 'UNKNOWN', 733, 734, 735, null, null);

--======= Insert Person id: 246 =======
INSERT INTO location (id, city, country, region, notes, latitude, longitude, fetch_status) VALUES (314, 'Enderby', 'Canada', 'BC', '', 50.5509, -119.14016, 'FETCHED_WITH_SUCCESS');
INSERT INTO life_event (id, day, month, year, date, notes, location_id) VALUES (736, 18, 1, 1956, '1956-01-18', '', 314);
INSERT INTO life_event (id, day, month, year, date, notes, location_id) VALUES (737, null, null, null, null, '', null);
INSERT INTO life_event (id, day, month, year, date, notes, location_id) VALUES (738, null, null, null, null, '', null);
INSERT INTO occupation (id, notes, day, month, year, date, location_id) VALUES (110, 'Lärare', null, null, null, null, null);
INSERT INTO person (id, first_name, last_name, middle_names, notes, sex, birth_id, death_id, burial_id, father_id, mother_id) VALUES (246, 'William', 'Hagardt', 'Bruce', 'Adress 1330-12 Ave SE, Salmon Arm, BC, V1E 2C7, Canada.
Bor i Salmon Arm, BC, Canada.', 'MAN', 736, 737, 738, null, null);

--======= Insert Person id: 247 =======
INSERT INTO location (id, city, country, region, notes, latitude, longitude, fetch_status) VALUES (315, 'Enderby', 'Canada', 'BC', '', 50.5509, -119.14016, 'FETCHED_WITH_SUCCESS');
INSERT INTO life_event (id, day, month, year, date, notes, location_id) VALUES (739, 23, 1, 1958, '1958-01-23', '', 315);
INSERT INTO life_event (id, day, month, year, date, notes, location_id) VALUES (740, null, null, null, null, '', null);
INSERT INTO life_event (id, day, month, year, date, notes, location_id) VALUES (741, null, null, null, null, '', null);
INSERT INTO occupation (id, notes, day, month, year, date, location_id) VALUES (111, 'Adress 1560 15th st se', null, null, null, null, null);
INSERT INTO occupation (id, notes, day, month, year, date, location_id) VALUES (112, 'Salmon arm', null, null, null, null, null);
INSERT INTO occupation (id, notes, day, month, year, date, location_id) VALUES (113, 'Bc', null, null, null, null, null);
INSERT INTO occupation (id, notes, day, month, year, date, location_id) VALUES (114, 'Vie 2g2', null, null, null, null, null);
INSERT INTO occupation (id, notes, day, month, year, date, location_id) VALUES (115, 'Canada', null, null, null, null, null);
INSERT INTO person (id, first_name, last_name, middle_names, notes, sex, birth_id, death_id, burial_id, father_id, mother_id) VALUES (247, 'Catherine', 'Hagardt', 'Anne', 'Bor i Salmon Arm, BC, Canada.', 'UNKNOWN', 739, 740, 741, null, null);

--======= Insert Person id: 248 =======
INSERT INTO location (id, city, country, region, notes, latitude, longitude, fetch_status) VALUES (316, 'Enderby', 'Canada', 'BC', '', 50.5509, -119.14016, 'FETCHED_WITH_SUCCESS');
INSERT INTO life_event (id, day, month, year, date, notes, location_id) VALUES (742, 6, 8, 1960, '1960-08-06', '', 316);
INSERT INTO location (id, city, country, region, notes, latitude, longitude, fetch_status) VALUES (317, 'Enderby', 'Canada', 'BC', '', 50.5509, -119.14016, 'FETCHED_WITH_SUCCESS');
INSERT INTO life_event (id, day, month, year, date, notes, location_id) VALUES (743, 8, 3, 1985, '1985-03-08', '', 317);
INSERT INTO life_event (id, day, month, year, date, notes, location_id) VALUES (744, null, null, null, null, '', null);
INSERT INTO person (id, first_name, last_name, middle_names, notes, sex, birth_id, death_id, burial_id, father_id, mother_id) VALUES (248, 'Robert', 'Hagardt', 'Wade', '', 'UNKNOWN', 742, 743, 744, null, null);

--======= Insert Person id: 249 =======
INSERT INTO location (id, city, country, region, notes, latitude, longitude, fetch_status) VALUES (318, 'Salmon Arm', 'Canada', 'BC', '', 50.70318, -119.26884, 'FETCHED_WITH_SUCCESS');
INSERT INTO life_event (id, day, month, year, date, notes, location_id) VALUES (745, 11, 6, 1953, '1953-06-11', '', 318);
INSERT INTO life_event (id, day, month, year, date, notes, location_id) VALUES (746, null, null, null, null, '', null);
INSERT INTO life_event (id, day, month, year, date, notes, location_id) VALUES (747, null, null, null, null, '', null);
INSERT INTO occupation (id, notes, day, month, year, date, location_id) VALUES (116, 'Tandtekniker', null, null, null, null, null);
INSERT INTO person (id, first_name, last_name, middle_names, notes, sex, birth_id, death_id, burial_id, father_id, mother_id) VALUES (249, 'Margret', 'Duxbury', 'Jean', '', 'WOMAN', 745, 746, 747, null, null);

--======= Insert Person id: 250 =======
INSERT INTO location (id, city, country, region, notes, latitude, longitude, fetch_status) VALUES (319, 'Salmon Arm', 'Canada', 'BC', '', 50.70318, -119.26884, 'FETCHED_WITH_SUCCESS');
INSERT INTO life_event (id, day, month, year, date, notes, location_id) VALUES (748, 15, 3, 1979, '1979-03-15', '', 319);
INSERT INTO life_event (id, day, month, year, date, notes, location_id) VALUES (749, null, null, null, null, '', null);
INSERT INTO life_event (id, day, month, year, date, notes, location_id) VALUES (750, null, null, null, null, '', null);
INSERT INTO person (id, first_name, last_name, middle_names, notes, sex, birth_id, death_id, burial_id, father_id, mother_id) VALUES (250, 'Brett', 'Hagardt', 'James, Bernhard', '1997.', 'UNKNOWN', 748, 749, 750, null, null);

--======= Insert Person id: 251 =======
INSERT INTO location (id, city, country, region, notes, latitude, longitude, fetch_status) VALUES (320, 'Salmon Arm', 'Canada', 'BC', '', 50.70318, -119.26884, 'FETCHED_WITH_SUCCESS');
INSERT INTO life_event (id, day, month, year, date, notes, location_id) VALUES (751, 4, 2, 1981, '1981-02-04', '', 320);
INSERT INTO life_event (id, day, month, year, date, notes, location_id) VALUES (752, null, null, null, null, '', null);
INSERT INTO life_event (id, day, month, year, date, notes, location_id) VALUES (753, null, null, null, null, '', null);
INSERT INTO person (id, first_name, last_name, middle_names, notes, sex, birth_id, death_id, burial_id, father_id, mother_id) VALUES (251, 'Kelsey', 'Hagardt', 'Ann', '1999.', 'UNKNOWN', 751, 752, 753, null, null);

--======= Insert Person id: 252 =======
INSERT INTO location (id, city, country, region, notes, latitude, longitude, fetch_status) VALUES (321, 'Armstrong', 'Canada', 'BC', '', 50.44179, -119.18316, 'FETCHED_WITH_SUCCESS');
INSERT INTO life_event (id, day, month, year, date, notes, location_id) VALUES (754, 1, 5, 1952, '1952-05-01', '', 321);
INSERT INTO life_event (id, day, month, year, date, notes, location_id) VALUES (755, null, null, null, null, '', null);
INSERT INTO life_event (id, day, month, year, date, notes, location_id) VALUES (756, null, null, null, null, '', null);
INSERT INTO person (id, first_name, last_name, middle_names, notes, sex, birth_id, death_id, burial_id, father_id, mother_id) VALUES (252, 'Lorne', 'Hawrys', 'Dale', '', 'UNKNOWN', 754, 755, 756, null, null);

--======= Insert Person id: 253 =======
INSERT INTO location (id, city, country, region, notes, latitude, longitude, fetch_status) VALUES (322, 'Burnaby', 'Canada', 'BC', '', 49.24475, -122.97334, 'FETCHED_WITH_SUCCESS');
INSERT INTO life_event (id, day, month, year, date, notes, location_id) VALUES (757, 13, 9, 1957, '1957-09-13', '', 322);
INSERT INTO life_event (id, day, month, year, date, notes, location_id) VALUES (758, null, null, null, null, '', null);
INSERT INTO life_event (id, day, month, year, date, notes, location_id) VALUES (759, null, null, null, null, '', null);
INSERT INTO person (id, first_name, last_name, middle_names, notes, sex, birth_id, death_id, burial_id, father_id, mother_id) VALUES (253, 'Margot', 'Berger', 'Anne', '', 'WOMAN', 757, 758, 759, null, null);

--======= Insert Person id: 254 =======
INSERT INTO location (id, city, country, region, notes, latitude, longitude, fetch_status) VALUES (323, 'Salmon Arm', 'Canada', 'BC', '', 50.70318, -119.26884, 'FETCHED_WITH_SUCCESS');
INSERT INTO life_event (id, day, month, year, date, notes, location_id) VALUES (760, 15, 1, 1982, '1982-01-15', '', 323);
INSERT INTO life_event (id, day, month, year, date, notes, location_id) VALUES (761, null, null, null, null, '', null);
INSERT INTO life_event (id, day, month, year, date, notes, location_id) VALUES (762, null, null, null, null, '', null);
INSERT INTO person (id, first_name, last_name, middle_names, notes, sex, birth_id, death_id, burial_id, father_id, mother_id) VALUES (254, 'Devin', 'Hagardt', 'Bruce', '2000.', 'UNKNOWN', 760, 761, 762, null, null);

--======= Insert Person id: 255 =======
INSERT INTO location (id, city, country, region, notes, latitude, longitude, fetch_status) VALUES (324, 'Salmon Arm', 'Canada', 'BC', '', 50.70318, -119.26884, 'FETCHED_WITH_SUCCESS');
INSERT INTO life_event (id, day, month, year, date, notes, location_id) VALUES (763, 23, 5, 1984, '1984-05-23', '', 324);
INSERT INTO life_event (id, day, month, year, date, notes, location_id) VALUES (764, null, null, null, null, '', null);
INSERT INTO life_event (id, day, month, year, date, notes, location_id) VALUES (765, null, null, null, null, '', null);
INSERT INTO person (id, first_name, last_name, middle_names, notes, sex, birth_id, death_id, burial_id, father_id, mother_id) VALUES (255, 'Jeunell', 'Hagardt', 'Leigh', '2002.', 'UNKNOWN', 763, 764, 765, null, null);

--======= Insert Person id: 256 =======
INSERT INTO location (id, city, country, region, notes, latitude, longitude, fetch_status) VALUES (325, 'Salmon Arm', 'Canada', 'BC', '', 50.70318, -119.26884, 'FETCHED_WITH_SUCCESS');
INSERT INTO life_event (id, day, month, year, date, notes, location_id) VALUES (766, 2, 5, 1986, '1986-05-02', '', 325);
INSERT INTO life_event (id, day, month, year, date, notes, location_id) VALUES (767, null, null, null, null, '', null);
INSERT INTO life_event (id, day, month, year, date, notes, location_id) VALUES (768, null, null, null, null, '', null);
INSERT INTO person (id, first_name, last_name, middle_names, notes, sex, birth_id, death_id, burial_id, father_id, mother_id) VALUES (256, 'Brianne', 'Hagardt', 'Michelle', '2004.', 'UNKNOWN', 766, 767, 768, null, null);

--======= Insert Person id: 257 =======
INSERT INTO location (id, city, country, region, notes, latitude, longitude, fetch_status) VALUES (326, 'Bralone', 'Canada', 'BC', '', 50.85523, -122.8359, 'FETCHED_WITH_SUCCESS');
INSERT INTO life_event (id, day, month, year, date, notes, location_id) VALUES (769, 16, 4, 1959, '1959-04-16', '', 326);
INSERT INTO life_event (id, day, month, year, date, notes, location_id) VALUES (770, null, null, null, null, '', null);
INSERT INTO life_event (id, day, month, year, date, notes, location_id) VALUES (771, null, null, null, null, '', null);
INSERT INTO person (id, first_name, last_name, middle_names, notes, sex, birth_id, death_id, burial_id, father_id, mother_id) VALUES (257, 'Jeffrey', 'Lipsett', 'Alexander', '', 'UNKNOWN', 769, 770, 771, null, null);

--======= Insert Person id: 258 =======
INSERT INTO life_event (id, day, month, year, date, notes, location_id) VALUES (772, null, null, null, null, '', null);
INSERT INTO life_event (id, day, month, year, date, notes, location_id) VALUES (773, null, null, null, null, '', null);
INSERT INTO life_event (id, day, month, year, date, notes, location_id) VALUES (774, null, null, null, null, '', null);
INSERT INTO person (id, first_name, last_name, middle_names, notes, sex, birth_id, death_id, burial_id, father_id, mother_id) VALUES (258, 'Augusta', 'Karlsson', '', '', 'WOMAN', 772, 773, 774, null, null);

--======= Insert Person id: 259 =======
INSERT INTO life_event (id, day, month, year, date, notes, location_id) VALUES (775, null, null, null, null, '', null);
INSERT INTO life_event (id, day, month, year, date, notes, location_id) VALUES (776, null, null, null, null, '', null);
INSERT INTO life_event (id, day, month, year, date, notes, location_id) VALUES (777, null, null, null, null, '', null);
INSERT INTO person (id, first_name, last_name, middle_names, notes, sex, birth_id, death_id, burial_id, father_id, mother_id) VALUES (259, 'Janne', 'Berggren', '', '', 'MAN', 775, 776, 777, null, null);

--======= Insert Person id: 260 =======
INSERT INTO location (id, city, country, region, notes, latitude, longitude, fetch_status) VALUES (327, 'Långbro', 'Sverige', '', '', 59.27765, 17.98306, 'FETCHED_WITH_SUCCESS');
INSERT INTO life_event (id, day, month, year, date, notes, location_id) VALUES (778, 26, 3, 1926, '1926-03-26', '', 327);
INSERT INTO life_event (id, day, month, year, date, notes, location_id) VALUES (779, null, null, null, null, '', null);
INSERT INTO life_event (id, day, month, year, date, notes, location_id) VALUES (780, null, null, null, null, '', null);
INSERT INTO person (id, first_name, last_name, middle_names, notes, sex, birth_id, death_id, burial_id, father_id, mother_id) VALUES (260, 'Hjördis', 'Skogström', 'Margareta', '', 'UNKNOWN', 778, 779, 780, null, null);

--======= Insert Person id: 261 =======
INSERT INTO life_event (id, day, month, year, date, notes, location_id) VALUES (781, null, null, null, null, '', null);
INSERT INTO life_event (id, day, month, year, date, notes, location_id) VALUES (782, null, null, null, null, '', null);
INSERT INTO life_event (id, day, month, year, date, notes, location_id) VALUES (783, null, null, null, null, '', null);
INSERT INTO person (id, first_name, last_name, middle_names, notes, sex, birth_id, death_id, burial_id, father_id, mother_id) VALUES (261, 'Inger', 'Jonsdotter', '', '', 'WOMAN', 781, 782, 783, null, null);

--======= Insert Person id: 262 =======
INSERT INTO life_event (id, day, month, year, date, notes, location_id) VALUES (784, null, null, null, null, '', null);
INSERT INTO life_event (id, day, month, year, date, notes, location_id) VALUES (785, null, null, null, null, '', null);
INSERT INTO life_event (id, day, month, year, date, notes, location_id) VALUES (786, null, null, null, null, '', null);
INSERT INTO person (id, first_name, last_name, middle_names, notes, sex, birth_id, death_id, burial_id, father_id, mother_id) VALUES (262, 'Sven', 'Bengtsson', '', '', 'MAN', 784, 785, 786, null, null);

--======= Insert Person id: 263 =======
INSERT INTO location (id, city, country, region, notes, latitude, longitude, fetch_status) VALUES (328, 'Säby', 'Sverige', '', '', 55.89799, 12.86029, 'FETCHED_WITH_SUCCESS');
INSERT INTO life_event (id, day, month, year, date, notes, location_id) VALUES (787, 2, 8, 1849, '1849-08-02', '', 328);
INSERT INTO location (id, city, country, region, notes, latitude, longitude, fetch_status) VALUES (329, 'Tranås', 'Sverige', '', '', 58.03551, 14.9765, 'FETCHED_WITH_SUCCESS');
INSERT INTO life_event (id, day, month, year, date, notes, location_id) VALUES (788, 2, 5, 1923, '1923-05-02', '', 329);
INSERT INTO life_event (id, day, month, year, date, notes, location_id) VALUES (789, null, null, null, null, '', null);
INSERT INTO person (id, first_name, last_name, middle_names, notes, sex, birth_id, death_id, burial_id, father_id, mother_id) VALUES (263, 'Knut', 'Wetterhall', 'Emil', '', 'UNKNOWN', 787, 788, 789, null, null);

--======= Insert Person id: 264 =======
INSERT INTO life_event (id, day, month, year, date, notes, location_id) VALUES (790, null, null, null, null, '', null);
INSERT INTO life_event (id, day, month, year, date, notes, location_id) VALUES (791, null, null, null, null, '', null);
INSERT INTO life_event (id, day, month, year, date, notes, location_id) VALUES (792, null, null, null, null, '', null);
INSERT INTO person (id, first_name, last_name, middle_names, notes, sex, birth_id, death_id, burial_id, father_id, mother_id) VALUES (264, 'Stina', 'Bengtsson', 'Katarina', '', 'WOMAN', 790, 791, 792, null, null);

--======= Insert Person id: 265 =======
INSERT INTO life_event (id, day, month, year, date, notes, location_id) VALUES (793, null, null, null, null, '', null);
INSERT INTO life_event (id, day, month, year, date, notes, location_id) VALUES (794, null, null, null, null, '', null);
INSERT INTO life_event (id, day, month, year, date, notes, location_id) VALUES (795, null, null, null, null, '', null);
INSERT INTO occupation (id, notes, day, month, year, date, location_id) VALUES (117, 'Hyttarbetare', null, null, null, null, null);
INSERT INTO person (id, first_name, last_name, middle_names, notes, sex, birth_id, death_id, burial_id, father_id, mother_id) VALUES (265, 'Olof', 'Henriksson', '', '', 'MAN', 793, 794, 795, null, null);

--======= Insert Person id: 266 =======
INSERT INTO location (id, city, country, region, notes, latitude, longitude, fetch_status) VALUES (330, 'Stockholm', 'Sverige', '', '', 59.33257, 18.06683, 'FETCHED_WITH_SUCCESS');
INSERT INTO life_event (id, day, month, year, date, notes, location_id) VALUES (796, 24, 10, 1894, '1894-10-24', '', 330);
INSERT INTO life_event (id, day, month, year, date, notes, location_id) VALUES (797, null, null, null, null, '', null);
INSERT INTO life_event (id, day, month, year, date, notes, location_id) VALUES (798, null, null, null, null, '', null);
INSERT INTO occupation (id, notes, day, month, year, date, location_id) VALUES (118, 'Förman vid casco i nacka', null, null, null, null, null);
INSERT INTO person (id, first_name, last_name, middle_names, notes, sex, birth_id, death_id, burial_id, father_id, mother_id) VALUES (266, 'John', 'Svahn', 'Fritiof, Ragnar', '', 'UNKNOWN', 796, 797, 798, null, null);

--======= Insert Person id: 267 =======
INSERT INTO location (id, city, country, region, notes, latitude, longitude, fetch_status) VALUES (331, 'Sontorp', 'Hällestad', '', '', 58.74029, 15.57457, 'FETCHED_WITH_SUCCESS');
INSERT INTO life_event (id, day, month, year, date, notes, location_id) VALUES (799, 5, 12, 1897, '1897-12-05', '', 331);
INSERT INTO life_event (id, day, month, year, date, notes, location_id) VALUES (800, null, null, null, null, '', null);
INSERT INTO life_event (id, day, month, year, date, notes, location_id) VALUES (801, null, null, null, null, '', null);
INSERT INTO person (id, first_name, last_name, middle_names, notes, sex, birth_id, death_id, burial_id, father_id, mother_id) VALUES (267, 'Märta', 'Andersson', 'Elisabet', '', 'WOMAN', 799, 800, 801, null, null);

--======= Insert Person id: 268 =======
INSERT INTO location (id, city, country, region, notes, latitude, longitude, fetch_status) VALUES (332, 'Sundsvall', 'Sverige', '', '', 62.38888, 17.30672, 'FETCHED_WITH_SUCCESS');
INSERT INTO life_event (id, day, month, year, date, notes, location_id) VALUES (802, 31, 3, 1912, '1912-03-31', '', 332);
INSERT INTO location (id, city, country, region, notes, latitude, longitude, fetch_status) VALUES (333, 'Danderyd', 'Sverige', '', '', 59.39892, 18.03677, 'FETCHED_WITH_SUCCESS');
INSERT INTO life_event (id, day, month, year, date, notes, location_id) VALUES (803, 29, 6, 1976, '1976-06-29', '', 333);
INSERT INTO life_event (id, day, month, year, date, notes, location_id) VALUES (804, null, null, null, null, '', null);
INSERT INTO person (id, first_name, last_name, middle_names, notes, sex, birth_id, death_id, burial_id, father_id, mother_id) VALUES (268, 'Astrid', 'Howén', 'Viola', '', 'WOMAN', 802, 803, 804, null, null);

--======= Insert Person id: 269 =======
INSERT INTO location (id, city, country, region, notes, latitude, longitude, fetch_status) VALUES (334, 'i Finspång', 'Sverige', '', '', 58.70834, 15.77659, 'FETCHED_WITH_SUCCESS');
INSERT INTO life_event (id, day, month, year, date, notes, location_id) VALUES (805, 6, 10, 1922, '1922-10-06', '', 334);
INSERT INTO life_event (id, day, month, year, date, notes, location_id) VALUES (806, null, null, null, null, '', null);
INSERT INTO life_event (id, day, month, year, date, notes, location_id) VALUES (807, null, null, null, null, '', null);
INSERT INTO occupation (id, notes, day, month, year, date, location_id) VALUES (119, 'Fd chefssekreterare', null, null, null, null, null);
INSERT INTO person (id, first_name, last_name, middle_names, notes, sex, birth_id, death_id, burial_id, father_id, mother_id) VALUES (269, 'Ingrid', 'Hegardt', 'Elisabet, Ingalill', 'Adress Oxelvägen 21#138 00 ÄLTA###Holsgård.
(Tab 17:66 i GS).
Studentexamen 1952 i Stockholm (AB).
Sekreterarkurs 1954 i Stockholm (AB).
20 poäng sociologi 1973.
Bor i Älta, Nacka (AB).', 'UNKNOWN', 805, 806, 807, null, null);

--======= Insert Person id: 270 =======
INSERT INTO location (id, city, country, region, notes, latitude, longitude, fetch_status) VALUES (335, 'Danderyd', 'Sverige', '', '', 59.39892, 18.03677, 'FETCHED_WITH_SUCCESS');
INSERT INTO life_event (id, day, month, year, date, notes, location_id) VALUES (808, 19, 6, 1945, '1945-06-19', '', 335);
INSERT INTO life_event (id, day, month, year, date, notes, location_id) VALUES (809, null, null, null, null, '', null);
INSERT INTO life_event (id, day, month, year, date, notes, location_id) VALUES (810, null, null, null, null, '', null);
INSERT INTO occupation (id, notes, day, month, year, date, location_id) VALUES (120, 'Adress bergvägen 64', null, null, null, null, null);
INSERT INTO occupation (id, notes, day, month, year, date, location_id) VALUES (121, '186 41  vallentuna', null, null, null, null, null);
INSERT INTO person (id, first_name, last_name, middle_names, notes, sex, birth_id, death_id, burial_id, father_id, mother_id) VALUES (270, 'Johan', 'Hegardt', 'Henrik, Christer', 'Bor i Vallentuna (AB).', 'MAN', 808, 809, 810, null, null);

--======= Insert Person id: 271 =======
INSERT INTO location (id, city, country, region, notes, latitude, longitude, fetch_status) VALUES (336, 'Danderyd', 'Sverige', '', '', 59.39892, 18.03677, 'FETCHED_WITH_SUCCESS');
INSERT INTO life_event (id, day, month, year, date, notes, location_id) VALUES (811, 5, 11, 1948, '1948-11-05', '', 336);
INSERT INTO life_event (id, day, month, year, date, notes, location_id) VALUES (812, null, null, null, null, '', null);
INSERT INTO life_event (id, day, month, year, date, notes, location_id) VALUES (813, null, null, null, null, '', null);
INSERT INTO occupation (id, notes, day, month, year, date, location_id) VALUES (122, 'Adress aug wahlströms väg 1', null, null, null, null, null);
INSERT INTO occupation (id, notes, day, month, year, date, location_id) VALUES (123, '182 31  danderyd', null, null, null, null, null);
INSERT INTO person (id, first_name, last_name, middle_names, notes, sex, birth_id, death_id, burial_id, father_id, mother_id) VALUES (271, 'Astrid', 'Hegardt', 'Christina', 'Bor i Danderyd (AB).', 'UNKNOWN', 811, 812, 813, null, null);

--======= Insert Person id: 272 =======
INSERT INTO location (id, city, country, region, notes, latitude, longitude, fetch_status) VALUES (337, 'Västervik', 'Sverige', '', '', 57.75801, 16.64009, 'FETCHED_WITH_SUCCESS');
INSERT INTO life_event (id, day, month, year, date, notes, location_id) VALUES (814, 20, 5, 1902, '1902-05-20', '', 337);
INSERT INTO life_event (id, day, month, year, date, notes, location_id) VALUES (815, null, null, null, null, '', null);
INSERT INTO life_event (id, day, month, year, date, notes, location_id) VALUES (816, null, null, null, null, '', null);
INSERT INTO person (id, first_name, last_name, middle_names, notes, sex, birth_id, death_id, burial_id, father_id, mother_id) VALUES (272, 'Berta', 'Grönlund', 'Hilda, Karolina', '', 'WOMAN', 814, 815, 816, null, null);

--======= Insert Person id: 273 =======
INSERT INTO location (id, city, country, region, notes, latitude, longitude, fetch_status) VALUES (338, 'Stockholm', 'Sverige', '', '', 59.33257, 18.06683, 'FETCHED_WITH_SUCCESS');
INSERT INTO life_event (id, day, month, year, date, notes, location_id) VALUES (817, 2, 11, 1924, '1924-11-02', '', 338);
INSERT INTO life_event (id, day, month, year, date, notes, location_id) VALUES (818, null, null, null, null, '', null);
INSERT INTO life_event (id, day, month, year, date, notes, location_id) VALUES (819, null, null, null, null, '', null);
INSERT INTO occupation (id, notes, day, month, year, date, location_id) VALUES (124, 'Adress kevingeringen 83', null, null, null, null, null);
INSERT INTO occupation (id, notes, day, month, year, date, location_id) VALUES (125, '182 33  danderyd', null, null, null, null, null);
INSERT INTO person (id, first_name, last_name, middle_names, notes, sex, birth_id, death_id, burial_id, father_id, mother_id) VALUES (273, 'Gun', 'Hegardt', 'Hildegard', '(Tab 18:68 i GS).
Bor i Danderyd (AB).', 'UNKNOWN', 817, 818, 819, null, null);

--======= Insert Person id: 274 =======
INSERT INTO location (id, city, country, region, notes, latitude, longitude, fetch_status) VALUES (339, 'Stockholm', 'Sverige', '', '', 59.33257, 18.06683, 'FETCHED_WITH_SUCCESS');
INSERT INTO life_event (id, day, month, year, date, notes, location_id) VALUES (820, 19, 2, 1934, '1934-02-19', '', 339);
INSERT INTO life_event (id, day, month, year, date, notes, location_id) VALUES (821, null, null, null, null, '', null);
INSERT INTO life_event (id, day, month, year, date, notes, location_id) VALUES (822, null, null, null, null, '', null);
INSERT INTO occupation (id, notes, day, month, year, date, location_id) VALUES (126, 'Adress franstorpsvägen 27', null, null, null, null, null);
INSERT INTO occupation (id, notes, day, month, year, date, location_id) VALUES (127, '172 36  sundbyberg', null, null, null, null, null);
INSERT INTO person (id, first_name, last_name, middle_names, notes, sex, birth_id, death_id, burial_id, father_id, mother_id) VALUES (274, 'Karl', 'Hegardt', 'Gunnar', 'Bor i Sundbyberg (AB).', 'MAN', 820, 821, 822, null, null);

--======= Insert Person id: 275 =======
INSERT INTO location (id, city, country, region, notes, latitude, longitude, fetch_status) VALUES (340, 'Valtorp', 'Sverige', '', '', 58.22789, 13.64656, 'FETCHED_WITH_SUCCESS');
INSERT INTO life_event (id, day, month, year, date, notes, location_id) VALUES (823, 10, 8, 1899, '1899-08-10', '', 340);
INSERT INTO life_event (id, day, month, year, date, notes, location_id) VALUES (824, null, null, null, null, '', null);
INSERT INTO life_event (id, day, month, year, date, notes, location_id) VALUES (825, null, null, null, null, '', null);
INSERT INTO occupation (id, notes, day, month, year, date, location_id) VALUES (128, 'Inspektör', null, null, null, null, null);
INSERT INTO person (id, first_name, last_name, middle_names, notes, sex, birth_id, death_id, burial_id, father_id, mother_id) VALUES (275, 'John', 'Zetterstad', 'Hernfrid, Karlsson', '', 'UNKNOWN', 823, 824, 825, null, null);

--======= Insert Person id: 276 =======
INSERT INTO location (id, city, country, region, notes, latitude, longitude, fetch_status) VALUES (341, 'Stockholm', 'Sverige', '', '', 59.33257, 18.06683, 'FETCHED_WITH_SUCCESS');
INSERT INTO life_event (id, day, month, year, date, notes, location_id) VALUES (826, 26, 12, 1909, '1909-12-26', '', 341);
INSERT INTO location (id, city, country, region, notes, latitude, longitude, fetch_status) VALUES (342, 'Solna', 'Sverige', '', '', 59.35869, 18.00296, 'FETCHED_WITH_SUCCESS');
INSERT INTO life_event (id, day, month, year, date, notes, location_id) VALUES (827, 5, 3, 1989, '1989-03-05', '', 342);
INSERT INTO life_event (id, day, month, year, date, notes, location_id) VALUES (828, null, null, null, null, '', null);
INSERT INTO occupation (id, notes, day, month, year, date, location_id) VALUES (129, 'Avdelningschef på bpa', null, null, null, null, null);
INSERT INTO person (id, first_name, last_name, middle_names, notes, sex, birth_id, death_id, burial_id, father_id, mother_id) VALUES (276, 'Evert', 'Gustafsson', 'Axel', '', 'UNKNOWN', 826, 827, 828, null, null);

--======= Insert Person id: 277 =======
INSERT INTO location (id, city, country, region, notes, latitude, longitude, fetch_status) VALUES (343, 'Vansbro', 'Sverige', '', '', 60.51122, 14.22569, 'FETCHED_WITH_SUCCESS');
INSERT INTO life_event (id, day, month, year, date, notes, location_id) VALUES (829, null, null, null, null, '', 343);
INSERT INTO location (id, city, country, region, notes, latitude, longitude, fetch_status) VALUES (344, 'Stockholm', 'Sverige', '', '', 59.33257, 18.06683, 'FETCHED_WITH_SUCCESS');
INSERT INTO life_event (id, day, month, year, date, notes, location_id) VALUES (830, 29, 6, 1937, '1937-06-29', '', 344);
INSERT INTO life_event (id, day, month, year, date, notes, location_id) VALUES (831, null, null, null, null, '', null);
INSERT INTO person (id, first_name, last_name, middle_names, notes, sex, birth_id, death_id, burial_id, father_id, mother_id) VALUES (277, 'Verner', 'Wejdenstolpe', '', '', 'UNKNOWN', 829, 830, 831, null, null);

--======= Insert Person id: 278 =======
INSERT INTO life_event (id, day, month, year, date, notes, location_id) VALUES (832, null, null, null, null, '', null);
INSERT INTO life_event (id, day, month, year, date, notes, location_id) VALUES (833, null, null, null, null, '', null);
INSERT INTO life_event (id, day, month, year, date, notes, location_id) VALUES (834, null, null, null, null, '', null);
INSERT INTO person (id, first_name, last_name, middle_names, notes, sex, birth_id, death_id, burial_id, father_id, mother_id) VALUES (278, 'Linda', 'Pettersson', 'Maria', '', 'WOMAN', 832, 833, 834, null, null);

--======= Insert Person id: 279 =======
INSERT INTO life_event (id, day, month, year, date, notes, location_id) VALUES (835, null, null, null, null, '', null);
INSERT INTO life_event (id, day, month, year, date, notes, location_id) VALUES (836, null, null, null, null, '', null);
INSERT INTO life_event (id, day, month, year, date, notes, location_id) VALUES (837, null, null, null, null, '', null);
INSERT INTO occupation (id, notes, day, month, year, date, location_id) VALUES (130, 'Hemmansägare', null, null, null, null, null);
INSERT INTO person (id, first_name, last_name, middle_names, notes, sex, birth_id, death_id, burial_id, father_id, mother_id) VALUES (279, 'Karl', 'Andersson', 'Adam', '', 'MAN', 835, 836, 837, null, null);

--======= Insert Person id: 280 =======
INSERT INTO life_event (id, day, month, year, date, notes, location_id) VALUES (838, 1, 9, 1920, '1920-09-01', '', null);
INSERT INTO life_event (id, day, month, year, date, notes, location_id) VALUES (839, null, null, null, null, '', null);
INSERT INTO life_event (id, day, month, year, date, notes, location_id) VALUES (840, null, null, null, null, '', null);
INSERT INTO person (id, first_name, last_name, middle_names, notes, sex, birth_id, death_id, burial_id, father_id, mother_id) VALUES (280, 'Sten', 'Holsgård', 'Hjalmar', '', 'UNKNOWN', 838, 839, 840, null, null);

--======= Insert Person id: 281 =======
INSERT INTO life_event (id, day, month, year, date, notes, location_id) VALUES (841, null, null, null, null, '', null);
INSERT INTO life_event (id, day, month, year, date, notes, location_id) VALUES (842, null, null, null, null, '', null);
INSERT INTO life_event (id, day, month, year, date, notes, location_id) VALUES (843, null, null, null, null, '', null);
INSERT INTO person (id, first_name, last_name, middle_names, notes, sex, birth_id, death_id, burial_id, father_id, mother_id) VALUES (281, 'Ma-Lou', 'Nordenskjöld', '', '', 'WOMAN', 841, 842, 843, null, null);

--======= Insert Person id: 282 =======
INSERT INTO location (id, city, country, region, notes, latitude, longitude, fetch_status) VALUES (345, 'Vallentuna', 'Sverige', '', '', 59.53544, 18.07769, 'FETCHED_WITH_SUCCESS');
INSERT INTO life_event (id, day, month, year, date, notes, location_id) VALUES (844, 1, 7, 1968, '1968-07-01', '', 345);
INSERT INTO life_event (id, day, month, year, date, notes, location_id) VALUES (845, null, null, null, null, '', null);
INSERT INTO life_event (id, day, month, year, date, notes, location_id) VALUES (846, null, null, null, null, '', null);
INSERT INTO occupation (id, notes, day, month, year, date, location_id) VALUES (131, 'Adress bergvägen 64', null, null, null, null, null);
INSERT INTO occupation (id, notes, day, month, year, date, location_id) VALUES (132, '186 41  vallentuna', null, null, null, null, null);
INSERT INTO person (id, first_name, last_name, middle_names, notes, sex, birth_id, death_id, burial_id, father_id, mother_id) VALUES (282, 'Peter', 'Hegardt', '', 'Bor i Vallentuna (AB).', 'UNKNOWN', 844, 845, 846, null, null);

--======= Insert Person id: 283 =======
INSERT INTO location (id, city, country, region, notes, latitude, longitude, fetch_status) VALUES (346, 'Vallentuna', 'Sverige', '', '', 59.53544, 18.07769, 'FETCHED_WITH_SUCCESS');
INSERT INTO life_event (id, day, month, year, date, notes, location_id) VALUES (847, 6, 5, 1971, '1971-05-06', '', 346);
INSERT INTO life_event (id, day, month, year, date, notes, location_id) VALUES (848, null, null, null, null, '', null);
INSERT INTO life_event (id, day, month, year, date, notes, location_id) VALUES (849, null, null, null, null, '', null);
INSERT INTO occupation (id, notes, day, month, year, date, location_id) VALUES (133, 'Adress bergvägen 64', null, null, null, null, null);
INSERT INTO occupation (id, notes, day, month, year, date, location_id) VALUES (134, '186 41  vallentuna', null, null, null, null, null);
INSERT INTO person (id, first_name, last_name, middle_names, notes, sex, birth_id, death_id, burial_id, father_id, mother_id) VALUES (283, 'Anders', 'Hegardt', '', 'Bor i Vallentuna (AB).', 'UNKNOWN', 847, 848, 849, null, null);

--======= Insert Person id: 284 =======
INSERT INTO location (id, city, country, region, notes, latitude, longitude, fetch_status) VALUES (347, 'Vallentuna', 'Sverige', '', '', 59.53544, 18.07769, 'FETCHED_WITH_SUCCESS');
INSERT INTO life_event (id, day, month, year, date, notes, location_id) VALUES (850, 27, 3, 1976, '1976-03-27', '', 347);
INSERT INTO life_event (id, day, month, year, date, notes, location_id) VALUES (851, null, null, null, null, '', null);
INSERT INTO life_event (id, day, month, year, date, notes, location_id) VALUES (852, null, null, null, null, '', null);
INSERT INTO occupation (id, notes, day, month, year, date, location_id) VALUES (135, 'Studerande', null, null, null, null, null);
INSERT INTO person (id, first_name, last_name, middle_names, notes, sex, birth_id, death_id, burial_id, father_id, mother_id) VALUES (284, 'Anne-Marie', 'Hegardt', '', 'Adress Bergv 64, 186 41 VALLENTUNA.
1994.
Bor i Vallentuna (AB).', 'UNKNOWN', 850, 851, 852, null, null);

--======= Insert Person id: 285 =======
INSERT INTO location (id, city, country, region, notes, latitude, longitude, fetch_status) VALUES (348, 'Tyskland', 'Sverige', '', '', 62.65903, 14.39167, 'FETCHED_WITH_SUCCESS');
INSERT INTO life_event (id, day, month, year, date, notes, location_id) VALUES (853, 30, 3, 1945, '1945-03-30', '', 348);
INSERT INTO life_event (id, day, month, year, date, notes, location_id) VALUES (854, null, null, null, null, '', null);
INSERT INTO life_event (id, day, month, year, date, notes, location_id) VALUES (855, null, null, null, null, '', null);
INSERT INTO person (id, first_name, last_name, middle_names, notes, sex, birth_id, death_id, burial_id, father_id, mother_id) VALUES (285, 'Koit', 'Lausing', '', '', 'UNKNOWN', 853, 854, 855, null, null);

--======= Insert Person id: 286 =======
INSERT INTO life_event (id, day, month, year, date, notes, location_id) VALUES (856, 18, 8, 1924, '1924-08-18', '', null);
INSERT INTO life_event (id, day, month, year, date, notes, location_id) VALUES (857, null, null, null, null, '', null);
INSERT INTO life_event (id, day, month, year, date, notes, location_id) VALUES (858, null, null, null, null, '', null);
INSERT INTO person (id, first_name, last_name, middle_names, notes, sex, birth_id, death_id, burial_id, father_id, mother_id) VALUES (286, 'Rune', 'Jacobson', 'Elias', '', 'UNKNOWN', 856, 857, 858, null, null);

--======= Insert Person id: 287 =======
INSERT INTO location (id, city, country, region, notes, latitude, longitude, fetch_status) VALUES (349, 'Hammarby', 'Sverige', '', '', 59.40495, 16.59433, 'FETCHED_WITH_SUCCESS');
INSERT INTO life_event (id, day, month, year, date, notes, location_id) VALUES (859, 1, 7, 1957, '1957-07-01', '', 349);
INSERT INTO life_event (id, day, month, year, date, notes, location_id) VALUES (860, 4, 10, 1976, '1976-10-04', '', null);
INSERT INTO life_event (id, day, month, year, date, notes, location_id) VALUES (861, null, null, null, null, '', null);
INSERT INTO person (id, first_name, last_name, middle_names, notes, sex, birth_id, death_id, burial_id, father_id, mother_id) VALUES (287, 'Karl', 'Hegardt', 'Ingvar, Tommy', '', 'UNKNOWN', 859, 860, 861, null, null);

--======= Insert Person id: 288 =======
INSERT INTO location (id, city, country, region, notes, latitude, longitude, fetch_status) VALUES (350, 'Uddevalla', 'Sverige', '', '', 58.35096, 11.93264, 'FETCHED_WITH_SUCCESS');
INSERT INTO life_event (id, day, month, year, date, notes, location_id) VALUES (862, 3, 10, 1789, '1789-10-03', '', 350);
INSERT INTO location (id, city, country, region, notes, latitude, longitude, fetch_status) VALUES (351, 'Göteborg', 'Sverige', '', '', 57.70067, 11.96822, 'FETCHED_WITH_SUCCESS');
INSERT INTO life_event (id, day, month, year, date, notes, location_id) VALUES (863, 8, 3, 1863, '1863-03-08', '', 351);
INSERT INTO life_event (id, day, month, year, date, notes, location_id) VALUES (864, null, null, null, null, '', null);
INSERT INTO person (id, first_name, last_name, middle_names, notes, sex, birth_id, death_id, burial_id, father_id, mother_id) VALUES (288, 'Cecilia', 'Koch', '', '', 'WOMAN', 862, 863, 864, null, null);

--======= Insert Person id: 289 =======
INSERT INTO location (id, city, country, region, notes, latitude, longitude, fetch_status) VALUES (352, 'Göteborg', 'Sverige', '', '', 57.70067, 11.96822, 'FETCHED_WITH_SUCCESS');
INSERT INTO life_event (id, day, month, year, date, notes, location_id) VALUES (865, 17, 12, 1810, '1810-12-17', '', 352);
INSERT INTO location (id, city, country, region, notes, latitude, longitude, fetch_status) VALUES (353, 'Göteborg', 'Sverige', '', '', 57.70067, 11.96822, 'FETCHED_WITH_SUCCESS');
INSERT INTO life_event (id, day, month, year, date, notes, location_id) VALUES (866, null, null, 1812, '1812-01-01', '', 353);
INSERT INTO life_event (id, day, month, year, date, notes, location_id) VALUES (867, null, null, null, null, '', null);
INSERT INTO person (id, first_name, last_name, middle_names, notes, sex, birth_id, death_id, burial_id, father_id, mother_id) VALUES (289, 'Josias', 'Hegardt', '', '(Tab 20:81 i GS).', 'UNKNOWN', 865, 866, 867, null, null);

--======= Insert Person id: 290 =======
INSERT INTO location (id, city, country, region, notes, latitude, longitude, fetch_status) VALUES (354, 'Göteborg', 'Sverige', '', '', 57.70067, 11.96822, 'FETCHED_WITH_SUCCESS');
INSERT INTO life_event (id, day, month, year, date, notes, location_id) VALUES (868, 19, 5, 1812, '1812-05-19', '', 354);
INSERT INTO location (id, city, country, region, notes, latitude, longitude, fetch_status) VALUES (355, 'Göteborg', 'Sverige', '', '', 57.70067, 11.96822, 'FETCHED_WITH_SUCCESS');
INSERT INTO life_event (id, day, month, year, date, notes, location_id) VALUES (869, 20, 8, 1881, '1881-08-20', '', 355);
INSERT INTO life_event (id, day, month, year, date, notes, location_id) VALUES (870, null, null, null, null, '', null);
INSERT INTO person (id, first_name, last_name, middle_names, notes, sex, birth_id, death_id, burial_id, father_id, mother_id) VALUES (290, 'Anna', 'Hegardt', 'Cecilia', '(Tab 20:82 i GS).', 'UNKNOWN', 868, 869, 870, null, null);

--======= Insert Person id: 291 =======
INSERT INTO location (id, city, country, region, notes, latitude, longitude, fetch_status) VALUES (356, 'Göteborg', 'Sverige', '', '', 57.70067, 11.96822, 'FETCHED_WITH_SUCCESS');
INSERT INTO life_event (id, day, month, year, date, notes, location_id) VALUES (871, null, null, 1813, '1813-01-01', '', 356);
INSERT INTO location (id, city, country, region, notes, latitude, longitude, fetch_status) VALUES (357, 'Göteborg', 'Sverige', '', '', 57.70067, 11.96822, 'FETCHED_WITH_SUCCESS');
INSERT INTO life_event (id, day, month, year, date, notes, location_id) VALUES (872, null, null, 1813, '1813-01-01', '', 357);
INSERT INTO life_event (id, day, month, year, date, notes, location_id) VALUES (873, null, null, null, null, '', null);
INSERT INTO person (id, first_name, last_name, middle_names, notes, sex, birth_id, death_id, burial_id, father_id, mother_id) VALUES (291, 'Alida', 'Hegardt', '', '(Tab 20:83 i GS).', 'UNKNOWN', 871, 872, 873, null, null);

--======= Insert Person id: 292 =======
INSERT INTO location (id, city, country, region, notes, latitude, longitude, fetch_status) VALUES (358, 'Göteborg', 'Sverige', '', '', 57.70067, 11.96822, 'FETCHED_WITH_SUCCESS');
INSERT INTO life_event (id, day, month, year, date, notes, location_id) VALUES (874, 29, 11, 1814, '1814-11-29', '', 358);
INSERT INTO location (id, city, country, region, notes, latitude, longitude, fetch_status) VALUES (359, 'Göteborg', 'Sverige', '', '', 57.70067, 11.96822, 'FETCHED_WITH_SUCCESS');
INSERT INTO life_event (id, day, month, year, date, notes, location_id) VALUES (875, 11, 12, 1889, '1889-12-11', '', 359);
INSERT INTO life_event (id, day, month, year, date, notes, location_id) VALUES (876, null, null, null, null, '', null);
INSERT INTO person (id, first_name, last_name, middle_names, notes, sex, birth_id, death_id, burial_id, father_id, mother_id) VALUES (292, 'Constance', 'Hegardt', 'Bernhardina', '(Tab 20:84 i GS).', 'UNKNOWN', 874, 875, 876, null, null);

--======= Insert Person id: 293 =======
INSERT INTO location (id, city, country, region, notes, latitude, longitude, fetch_status) VALUES (360, 'Göteborg', 'Sverige', '', '', 57.70067, 11.96822, 'FETCHED_WITH_SUCCESS');
INSERT INTO life_event (id, day, month, year, date, notes, location_id) VALUES (877, 14, 3, 1816, '1816-03-14', '', 360);
INSERT INTO location (id, city, country, region, notes, latitude, longitude, fetch_status) VALUES (361, 'Sontorp', 'Värnamo', '', '', 57.18641, 14.04242, 'FETCHED_WITH_SUCCESS');
INSERT INTO life_event (id, day, month, year, date, notes, location_id) VALUES (878, 21, 3, 1869, '1869-03-21', '', 361);
INSERT INTO life_event (id, day, month, year, date, notes, location_id) VALUES (879, null, null, null, null, '', null);
INSERT INTO occupation (id, notes, day, month, year, date, location_id) VALUES (136, 'Grosshandlare', null, null, null, null, null);
INSERT INTO person (id, first_name, last_name, middle_names, notes, sex, birth_id, death_id, burial_id, father_id, mother_id) VALUES (293, 'Gustaf', 'Hegardt', 'Leopold', '(Tab 21 i GS).
Leopold var syssling med sin hustru.
Efter skolgång i Göteborg kom H på kontor hos sin morbror, major Koch på Vågsäter och stannade där till 1844. Fick detta år burskap som borgare och grosshandlare i Uddevalla. Ägde åren 1844-1851 Sörviks herrgård i Herrestad vid Uddevalla. Sedan dels arrenderade, dels förvaltade han efter varandra Tanums prästgård i Bohuslän, Longs kaptensboställe i Long (Skarab), Aspö herrgård nära Skövde samt Norrhorja i Värnamo. Uppsade burskapet 1854.', 'MAN', 877, 878, 879, null, null);

--======= Insert Person id: 294 =======
INSERT INTO location (id, city, country, region, notes, latitude, longitude, fetch_status) VALUES (362, 'Göteborg', 'Sverige', '', '', 57.70067, 11.96822, 'FETCHED_WITH_SUCCESS');
INSERT INTO life_event (id, day, month, year, date, notes, location_id) VALUES (880, 23, 5, 1825, '1825-05-23', '', 362);
INSERT INTO location (id, city, country, region, notes, latitude, longitude, fetch_status) VALUES (363, 'Göteborg', 'Sverige', '', '', 57.70067, 11.96822, 'FETCHED_WITH_SUCCESS');
INSERT INTO life_event (id, day, month, year, date, notes, location_id) VALUES (881, 8, 12, 1902, '1902-12-08', '', 363);
INSERT INTO life_event (id, day, month, year, date, notes, location_id) VALUES (882, null, null, null, null, '', null);
INSERT INTO person (id, first_name, last_name, middle_names, notes, sex, birth_id, death_id, burial_id, father_id, mother_id) VALUES (294, 'Hulda', 'Hegardt', 'Augusta, Heliodora', '(Tab 20:95 i GS).', 'UNKNOWN', 880, 881, 882, null, null);

--======= Insert Person id: 295 =======
INSERT INTO location (id, city, country, region, notes, latitude, longitude, fetch_status) VALUES (364, 'Uddevalla', 'Sverige', '', '', 58.35096, 11.93264, 'FETCHED_WITH_SUCCESS');
INSERT INTO life_event (id, day, month, year, date, notes, location_id) VALUES (883, 19, 8, 1757, '1757-08-19', '', 364);
INSERT INTO location (id, city, country, region, notes, latitude, longitude, fetch_status) VALUES (365, 'Valbo', 'Sverige', '', '', 60.64064, 17.00098, 'FETCHED_WITH_SUCCESS');
INSERT INTO life_event (id, day, month, year, date, notes, location_id) VALUES (884, 11, 9, 1822, '1822-09-11', '', 365);
INSERT INTO life_event (id, day, month, year, date, notes, location_id) VALUES (885, null, null, null, null, '', null);
INSERT INTO person (id, first_name, last_name, middle_names, notes, sex, birth_id, death_id, burial_id, father_id, mother_id) VALUES (295, 'Simzon', 'Koch', '', '', 'MAN', 883, 884, 885, null, null);

--======= Insert Person id: 296 =======
INSERT INTO location (id, city, country, region, notes, latitude, longitude, fetch_status) VALUES (366, 'Uddevalla', 'Sverige', '', '', 58.35096, 11.93264, 'FETCHED_WITH_SUCCESS');
INSERT INTO life_event (id, day, month, year, date, notes, location_id) VALUES (886, 19, 7, 1770, '1770-07-19', '', 366);
INSERT INTO location (id, city, country, region, notes, latitude, longitude, fetch_status) VALUES (367, 'Valbo', 'Sverige', '', '', 60.64064, 17.00098, 'FETCHED_WITH_SUCCESS');
INSERT INTO life_event (id, day, month, year, date, notes, location_id) VALUES (887, 3, 7, 1819, '1819-07-03', '', 367);
INSERT INTO life_event (id, day, month, year, date, notes, location_id) VALUES (888, null, null, null, null, '', null);
INSERT INTO person (id, first_name, last_name, middle_names, notes, sex, birth_id, death_id, burial_id, father_id, mother_id) VALUES (296, 'Cecilia', 'Hegardt', '', '', 'WOMAN', 886, 887, 888, null, null);

--======= Insert Person id: 297 =======
INSERT INTO location (id, city, country, region, notes, latitude, longitude, fetch_status) VALUES (368, 'Göteborg', 'Sverige', '', '', 57.70067, 11.96822, 'FETCHED_WITH_SUCCESS');
INSERT INTO life_event (id, day, month, year, date, notes, location_id) VALUES (889, 21, 10, 1802, '1802-10-21', '', 368);
INSERT INTO location (id, city, country, region, notes, latitude, longitude, fetch_status) VALUES (369, 'Göteborg', 'Sverige', '', '', 57.70067, 11.96822, 'FETCHED_WITH_SUCCESS');
INSERT INTO life_event (id, day, month, year, date, notes, location_id) VALUES (890, 14, 10, 1867, '1867-10-14', '', 369);
INSERT INTO life_event (id, day, month, year, date, notes, location_id) VALUES (891, null, null, null, null, '', null);
INSERT INTO person (id, first_name, last_name, middle_names, notes, sex, birth_id, death_id, burial_id, father_id, mother_id) VALUES (297, 'Elis', 'Brusewitz', 'Fredrik', '', 'UNKNOWN', 889, 890, 891, null, null);

--======= Insert Person id: 298 =======
INSERT INTO location (id, city, country, region, notes, latitude, longitude, fetch_status) VALUES (370, 'Uddevalla', 'Sverige', '', '', 58.35096, 11.93264, 'FETCHED_WITH_SUCCESS');
INSERT INTO life_event (id, day, month, year, date, notes, location_id) VALUES (892, 5, 7, 1822, '1822-07-05', '', 370);
INSERT INTO location (id, city, country, region, notes, latitude, longitude, fetch_status) VALUES (371, 'Uddevalla', 'Sverige', '', '', 58.35096, 11.93264, 'FETCHED_WITH_SUCCESS');
INSERT INTO life_event (id, day, month, year, date, notes, location_id) VALUES (893, 20, 5, 1889, '1889-05-20', '', 371);
INSERT INTO life_event (id, day, month, year, date, notes, location_id) VALUES (894, null, null, null, null, '', null);
INSERT INTO person (id, first_name, last_name, middle_names, notes, sex, birth_id, death_id, burial_id, father_id, mother_id) VALUES (298, 'Rosa', 'Bagge', 'Aurora, Cecilia', '', 'WOMAN', 892, 893, 894, null, null);

--======= Insert Person id: 299 =======
INSERT INTO location (id, city, country, region, notes, latitude, longitude, fetch_status) VALUES (372, 'Herrestad', 'Sverige', '', '', 58.34518, 11.84729, 'FETCHED_WITH_SUCCESS');
INSERT INTO life_event (id, day, month, year, date, notes, location_id) VALUES (895, 26, 3, 1846, '1846-03-26', '', 372);
INSERT INTO location (id, city, country, region, notes, latitude, longitude, fetch_status) VALUES (373, 'Uddevalla', 'Sverige', '', '', 58.35096, 11.93264, 'FETCHED_WITH_SUCCESS');
INSERT INTO life_event (id, day, month, year, date, notes, location_id) VALUES (896, 18, 5, 1875, '1875-05-18', '', 373);
INSERT INTO life_event (id, day, month, year, date, notes, location_id) VALUES (897, null, null, null, null, '', null);
INSERT INTO occupation (id, notes, day, month, year, date, location_id) VALUES (137, 'Bokhållare', null, null, null, null, null);
INSERT INTO person (id, first_name, last_name, middle_names, notes, sex, birth_id, death_id, burial_id, father_id, mother_id) VALUES (299, 'Gustaf', 'Hegardt', 'Mikaël', '(Tab 22 i GS).
Genomgick, efter skolgång i Uddevalla och Jönköping, åren 1862-63 Askenstedtska privata handelsinstitut i Uddevalla och hade, från sistnämnda år anställning som bokhållare hos firman W Thorburns söner i Uddevalla. Ledamot av styrelsen för Uddevalla museum 1869 och från 1870 tillika dess sekreterare.
"Redbar, skicklig och mångkunnig i sitt yrke, blev han värderad av principaler och yrkesbröder samt ofta anlitad om råd och upplysningar av långt äldre personer. Redan tidigt användes han också i olika, mer eller mindre offentliga värv, såsom inom fattigvården, frivilliga brand? och skarpskyttekåren samt varjehanda föreningar. Hans livliga och vetgiriga sinne var dessutom icke allenast för alla dagens frågor, utan även för förflutna tiders minnen. I många år nitisk medlem av museistyrelsen härstädes, intresserade han sig där med förkärlek för konst? och fornsaker samt numismatik. ---" Begravdes 23/5 i närvaro av en "oräknelig människomassa". (Bohusl tidn 1875 21/5 och 23/5.)', 'MAN', 895, 896, 897, null, null);

--======= Insert Person id: 300 =======
INSERT INTO location (id, city, country, region, notes, latitude, longitude, fetch_status) VALUES (374, 'Herrestad', 'Sverige', '', '', 58.34518, 11.84729, 'FETCHED_WITH_SUCCESS');
INSERT INTO life_event (id, day, month, year, date, notes, location_id) VALUES (898, 14, 6, 1848, '1848-06-14', '', 374);
INSERT INTO location (id, city, country, region, notes, latitude, longitude, fetch_status) VALUES (375, 'Long', 'Sverige', '', '', 58.30348, 12.96722, 'FETCHED_WITH_SUCCESS');
INSERT INTO life_event (id, day, month, year, date, notes, location_id) VALUES (899, 28, 4, 1855, '1855-04-28', '', 375);
INSERT INTO life_event (id, day, month, year, date, notes, location_id) VALUES (900, null, null, null, null, '', null);
INSERT INTO person (id, first_name, last_name, middle_names, notes, sex, birth_id, death_id, burial_id, father_id, mother_id) VALUES (300, 'Artur', 'Hegardt', 'Fingal', '(Tab 21:93 i GS).', 'UNKNOWN', 898, 899, 900, null, null);

--======= Insert Person id: 301 =======
INSERT INTO location (id, city, country, region, notes, latitude, longitude, fetch_status) VALUES (376, 'Herrestad', 'Sverige', '', '', 58.34518, 11.84729, 'FETCHED_WITH_SUCCESS');
INSERT INTO life_event (id, day, month, year, date, notes, location_id) VALUES (901, 23, 3, 1850, '1850-03-23', '', 376);
INSERT INTO location (id, city, country, region, notes, latitude, longitude, fetch_status) VALUES (377, 'Karlskrona', 'Sverige', '', '', 56.16067, 15.58464, 'FETCHED_WITH_SUCCESS');
INSERT INTO life_event (id, day, month, year, date, notes, location_id) VALUES (902, 7, 6, 1884, '1884-06-07', '', 377);
INSERT INTO life_event (id, day, month, year, date, notes, location_id) VALUES (903, null, null, null, null, '', null);
INSERT INTO person (id, first_name, last_name, middle_names, notes, sex, birth_id, death_id, burial_id, father_id, mother_id) VALUES (301, 'Martina', 'Hegardt', 'Cecilia', '(Tab 21:94 i GS).', 'UNKNOWN', 901, 902, 903, null, null);

--======= Insert Person id: 302 =======
INSERT INTO location (id, city, country, region, notes, latitude, longitude, fetch_status) VALUES (378, 'Göteborg', 'Sverige', '', '', 57.70067, 11.96822, 'FETCHED_WITH_SUCCESS');
INSERT INTO life_event (id, day, month, year, date, notes, location_id) VALUES (904, 3, 8, 1808, '1808-08-03', '', 378);
INSERT INTO location (id, city, country, region, notes, latitude, longitude, fetch_status) VALUES (379, 'Göteborg', 'Sverige', '', '', 57.70067, 11.96822, 'FETCHED_WITH_SUCCESS');
INSERT INTO life_event (id, day, month, year, date, notes, location_id) VALUES (905, 26, 9, 1870, '1870-09-26', '', 379);
INSERT INTO life_event (id, day, month, year, date, notes, location_id) VALUES (906, null, null, null, null, '', null);
INSERT INTO person (id, first_name, last_name, middle_names, notes, sex, birth_id, death_id, burial_id, father_id, mother_id) VALUES (302, 'Adolf', 'Brusewitz', '', '', 'UNKNOWN', 904, 905, 906, null, null);

--======= Insert Person id: 303 =======
INSERT INTO life_event (id, day, month, year, date, notes, location_id) VALUES (907, null, null, null, null, '', null);
INSERT INTO life_event (id, day, month, year, date, notes, location_id) VALUES (908, null, null, null, null, '', null);
INSERT INTO life_event (id, day, month, year, date, notes, location_id) VALUES (909, null, null, null, null, '', null);
INSERT INTO person (id, first_name, last_name, middle_names, notes, sex, birth_id, death_id, burial_id, father_id, mother_id) VALUES (303, 'Karolina', 'Koch', 'Cecilia', '', 'WOMAN', 907, 908, 909, null, null);

--======= Insert Person id: 304 =======
INSERT INTO life_event (id, day, month, year, date, notes, location_id) VALUES (910, null, null, null, null, '', null);
INSERT INTO life_event (id, day, month, year, date, notes, location_id) VALUES (911, null, null, null, null, '', null);
INSERT INTO life_event (id, day, month, year, date, notes, location_id) VALUES (912, null, null, null, null, '', null);
INSERT INTO occupation (id, notes, day, month, year, date, location_id) VALUES (138, 'Grosshandlare och häradshövding', null, null, null, null, null);
INSERT INTO person (id, first_name, last_name, middle_names, notes, sex, birth_id, death_id, burial_id, father_id, mother_id) VALUES (304, 'Martin', 'Bagge', '', '', 'MAN', 910, 911, 912, null, null);

--======= Insert Person id: 305 =======
INSERT INTO location (id, city, country, region, notes, latitude, longitude, fetch_status) VALUES (380, 'Vassända', 'Sverige', '', '', 58.91539, 12.02619, 'FETCHED_WITH_SUCCESS');
INSERT INTO life_event (id, day, month, year, date, notes, location_id) VALUES (913, 30, 10, 1849, '1849-10-30', '', 380);
INSERT INTO location (id, city, country, region, notes, latitude, longitude, fetch_status) VALUES (381, 'Karlstad', 'Sverige', '', '', 59.3805, 13.49937, 'FETCHED_WITH_SUCCESS');
INSERT INTO life_event (id, day, month, year, date, notes, location_id) VALUES (914, 16, 7, 1923, '1923-07-16', '', 381);
INSERT INTO life_event (id, day, month, year, date, notes, location_id) VALUES (915, null, null, null, null, '', null);
INSERT INTO person (id, first_name, last_name, middle_names, notes, sex, birth_id, death_id, burial_id, father_id, mother_id) VALUES (305, 'Anna', 'Carlström', 'Hilda, Kristina', '', 'WOMAN', 913, 914, 915, null, null);

--======= Insert Person id: 306 =======
INSERT INTO location (id, city, country, region, notes, latitude, longitude, fetch_status) VALUES (382, 'Uddevalla', 'Sverige', '', '', 58.35096, 11.93264, 'FETCHED_WITH_SUCCESS');
INSERT INTO life_event (id, day, month, year, date, notes, location_id) VALUES (916, 21, 8, 1871, '1871-08-21', '', 382);
INSERT INTO location (id, city, country, region, notes, latitude, longitude, fetch_status) VALUES (383, 'Vänersborg', 'Sverige', '', '', 58.38189, 12.3243, 'FETCHED_WITH_SUCCESS');
INSERT INTO life_event (id, day, month, year, date, notes, location_id) VALUES (917, 22, 8, 1919, '1919-08-22', '', 383);
INSERT INTO life_event (id, day, month, year, date, notes, location_id) VALUES (918, null, null, null, null, '', null);
INSERT INTO occupation (id, notes, day, month, year, date, location_id) VALUES (139, 'Köpman', null, null, null, null, null);
INSERT INTO person (id, first_name, last_name, middle_names, notes, sex, birth_id, death_id, burial_id, father_id, mother_id) VALUES (306, 'Gustaf', 'Hegardt', 'Martin, Henrik', '(Tab 23 i GS).
Efter avslutade skolstudier i Vänersborg hade han plats som handelsbiträde dels i denna stad, dels i Skövde och Göteborg samt etablerade 1900 egen manufakturaffär i Vänersborg, vilken han innehade till sin död.
"Henrik Hegardt har varit en redbar och kunnig köpman, som åtnjutit allas odelade förtroende, därtill tjänstvillig och ägnade ett gott sätt mot kunderna. Med sitt enkla gladlynta väsen förvärvade han många vänner och var en omtyckt ordensbroder. Inom såväl frimurarorden som Par Bricole intog han höga grader." (Älvsb läns annonsblad 1919 30/8.)', 'MAN', 916, 917, 918, null, null);

--======= Insert Person id: 307 =======
INSERT INTO location (id, city, country, region, notes, latitude, longitude, fetch_status) VALUES (384, 'Uddevalla', 'Sverige', '', '', 58.35096, 11.93264, 'FETCHED_WITH_SUCCESS');
INSERT INTO life_event (id, day, month, year, date, notes, location_id) VALUES (919, 29, 4, 1873, '1873-04-29', '', 384);
INSERT INTO location (id, city, country, region, notes, latitude, longitude, fetch_status) VALUES (385, 'Karlstad', 'Sverige', '', '', 59.3805, 13.49937, 'FETCHED_WITH_SUCCESS');
INSERT INTO life_event (id, day, month, year, date, notes, location_id) VALUES (920, 12, 9, 1948, '1948-09-12', '', 385);
INSERT INTO life_event (id, day, month, year, date, notes, location_id) VALUES (921, null, null, null, null, '', null);
INSERT INTO person (id, first_name, last_name, middle_names, notes, sex, birth_id, death_id, burial_id, father_id, mother_id) VALUES (307, 'Gustaf', 'Hegardt', 'Peter, Leopold', '(Tab 24 i GS).
Efter avslutade studier vid Vänersborgs läroverk genomgick han Göteborgs Handelsinstitut, där han gick ut 1892.
Innehade därefter grossistfirma i kolonialvaror i Vänersborg under en följd av år. Blev därefter representant för större firmor i samma bransch.
Medlem av Odd Fellows under sin Vänersborgstid.', 'MAN', 919, 920, 921, null, null);

--======= Insert Person id: 308 =======
INSERT INTO location (id, city, country, region, notes, latitude, longitude, fetch_status) VALUES (386, 'Uddevalla', 'Sverige', '', '', 58.35096, 11.93264, 'FETCHED_WITH_SUCCESS');
INSERT INTO life_event (id, day, month, year, date, notes, location_id) VALUES (922, 12, 11, 1874, '1874-11-12', '', 386);
INSERT INTO location (id, city, country, region, notes, latitude, longitude, fetch_status) VALUES (387, 'Vänersborg', 'Sverige', '', '', 58.38189, 12.3243, 'FETCHED_WITH_SUCCESS');
INSERT INTO life_event (id, day, month, year, date, notes, location_id) VALUES (923, 13, 3, 1883, '1883-03-13', '', 387);
INSERT INTO life_event (id, day, month, year, date, notes, location_id) VALUES (924, null, null, null, null, '', null);
INSERT INTO person (id, first_name, last_name, middle_names, notes, sex, birth_id, death_id, burial_id, father_id, mother_id) VALUES (308, 'Hilda', 'Hegardt', 'Torborg, Cecilia', '', 'UNKNOWN', 922, 923, 924, null, null);

--======= Insert Person id: 309 =======
INSERT INTO location (id, city, country, region, notes, latitude, longitude, fetch_status) VALUES (388, 'Karlskrona', 'Sverige', '', '', 56.16067, 15.58464, 'FETCHED_WITH_SUCCESS');
INSERT INTO life_event (id, day, month, year, date, notes, location_id) VALUES (925, 16, 11, 1834, '1834-11-16', '', 388);
INSERT INTO location (id, city, country, region, notes, latitude, longitude, fetch_status) VALUES (389, 'Stockholm', 'Sverige', '', '', 59.33257, 18.06683, 'FETCHED_WITH_SUCCESS');
INSERT INTO life_event (id, day, month, year, date, notes, location_id) VALUES (926, 21, 3, 1891, '1891-03-21', '', 389);
INSERT INTO life_event (id, day, month, year, date, notes, location_id) VALUES (927, null, null, null, null, '', null);
INSERT INTO occupation (id, notes, day, month, year, date, location_id) VALUES (140, 'Kommendörkapten av 1:a graden', null, null, null, null, null);
INSERT INTO person (id, first_name, last_name, middle_names, notes, sex, birth_id, death_id, burial_id, father_id, mother_id) VALUES (309, 'Yngve', 'Christierson', 'Niord', '', 'UNKNOWN', 925, 926, 927, null, null);

--======= Insert Person id: 310 =======
INSERT INTO life_event (id, day, month, year, date, notes, location_id) VALUES (928, null, null, null, null, '', null);
INSERT INTO life_event (id, day, month, year, date, notes, location_id) VALUES (929, null, null, null, null, '', null);
INSERT INTO life_event (id, day, month, year, date, notes, location_id) VALUES (930, null, null, null, null, '', null);
INSERT INTO person (id, first_name, last_name, middle_names, notes, sex, birth_id, death_id, burial_id, father_id, mother_id) VALUES (310, 'Kristina', 'Lockberg', '', '', 'WOMAN', 928, 929, 930, null, null);

--======= Insert Person id: 311 =======
INSERT INTO life_event (id, day, month, year, date, notes, location_id) VALUES (931, null, null, null, null, '', null);
INSERT INTO life_event (id, day, month, year, date, notes, location_id) VALUES (932, null, null, null, null, '', null);
INSERT INTO life_event (id, day, month, year, date, notes, location_id) VALUES (933, null, null, null, null, '', null);
INSERT INTO occupation (id, notes, day, month, year, date, location_id) VALUES (141, 'Lantbrukare', null, null, null, null, null);
INSERT INTO person (id, first_name, last_name, middle_names, notes, sex, birth_id, death_id, burial_id, father_id, mother_id) VALUES (311, 'Johan', 'Carlström', 'Henrik', '', 'MAN', 931, 932, 933, null, null);

--======= Insert Person id: 312 =======
INSERT INTO location (id, city, country, region, notes, latitude, longitude, fetch_status) VALUES (390, 'Trollhättan', 'Sverige', '', '', 58.2831, 12.28731, 'FETCHED_WITH_SUCCESS');
INSERT INTO life_event (id, day, month, year, date, notes, location_id) VALUES (934, 1, 6, 1870, '1870-06-01', '', 390);
INSERT INTO location (id, city, country, region, notes, latitude, longitude, fetch_status) VALUES (391, 'Västervik', 'Sverige', '', '', 57.75801, 16.64009, 'FETCHED_WITH_SUCCESS');
INSERT INTO life_event (id, day, month, year, date, notes, location_id) VALUES (935, 26, 12, 1939, '1939-12-26', '', 391);
INSERT INTO life_event (id, day, month, year, date, notes, location_id) VALUES (936, null, null, null, null, '', null);
INSERT INTO person (id, first_name, last_name, middle_names, notes, sex, birth_id, death_id, burial_id, father_id, mother_id) VALUES (312, 'Hulda', 'Andersson', 'Amalia', '', 'WOMAN', 934, 935, 936, null, null);

--======= Insert Person id: 313 =======
INSERT INTO location (id, city, country, region, notes, latitude, longitude, fetch_status) VALUES (392, 'Vänersborg', 'Sverige', '', '', 58.38189, 12.3243, 'FETCHED_WITH_SUCCESS');
INSERT INTO life_event (id, day, month, year, date, notes, location_id) VALUES (937, 9, 5, 1903, '1903-05-09', '', 392);
INSERT INTO location (id, city, country, region, notes, latitude, longitude, fetch_status) VALUES (393, 'Västervik', 'Sverige', '', '', 57.75801, 16.64009, 'FETCHED_WITH_SUCCESS');
INSERT INTO life_event (id, day, month, year, date, notes, location_id) VALUES (938, 30, 10, 1947, '1947-10-30', '', 393);
INSERT INTO life_event (id, day, month, year, date, notes, location_id) VALUES (939, null, null, null, null, '', null);
INSERT INTO person (id, first_name, last_name, middle_names, notes, sex, birth_id, death_id, burial_id, father_id, mother_id) VALUES (313, 'Gustaf', 'Hegardt', 'Henrik', '(Tab 23:88 i GS).
Med lic 1930 i Lund (M).
E läkare vid Lunds hospital och asyl 1930.
Assistenläkare och underläkare vid länslasarettet i Vänersborg 1930-1932. Innehaft förordnanden som stads- och provisialläkare.
Andre lasarettsläkare 1932 i Västervik (H).
Förste lasarettsläkare 1933 och förste stadsläkare i Västervik från 1935 till sin död.', 'MAN', 937, 938, 939, null, null);

--======= Insert Person id: 314 =======
INSERT INTO location (id, city, country, region, notes, latitude, longitude, fetch_status) VALUES (394, 'Vänersborg', 'Sverige', '', '', 58.38189, 12.3243, 'FETCHED_WITH_SUCCESS');
INSERT INTO life_event (id, day, month, year, date, notes, location_id) VALUES (940, 14, 8, 1907, '1907-08-14', '', 394);
INSERT INTO location (id, city, country, region, notes, latitude, longitude, fetch_status) VALUES (395, 'Läggesta', 'Sverige', '', '', 59.24959, 17.17981, 'FETCHED_WITH_SUCCESS');
INSERT INTO life_event (id, day, month, year, date, notes, location_id) VALUES (941, 10, 9, 1948, '1948-09-10', '', 395);
INSERT INTO life_event (id, day, month, year, date, notes, location_id) VALUES (942, null, null, null, null, '', null);
INSERT INTO person (id, first_name, last_name, middle_names, notes, sex, birth_id, death_id, burial_id, father_id, mother_id) VALUES (314, 'Hulda', 'Hegardt', 'Rosa, Martina, Marta', '(Tab 23:89 i GS).', 'UNKNOWN', 940, 941, 942, null, null);

--======= Insert Person id: 315 =======
INSERT INTO life_event (id, day, month, year, date, notes, location_id) VALUES (943, null, null, null, null, '', null);
INSERT INTO life_event (id, day, month, year, date, notes, location_id) VALUES (944, null, null, null, null, '', null);
INSERT INTO life_event (id, day, month, year, date, notes, location_id) VALUES (945, null, null, null, null, '', null);
INSERT INTO person (id, first_name, last_name, middle_names, notes, sex, birth_id, death_id, burial_id, father_id, mother_id) VALUES (315, 'Inga', 'Olsson', 'Helena', '', 'WOMAN', 943, 944, 945, null, null);

--======= Insert Person id: 316 =======
INSERT INTO life_event (id, day, month, year, date, notes, location_id) VALUES (946, null, null, null, null, '', null);
INSERT INTO life_event (id, day, month, year, date, notes, location_id) VALUES (947, null, null, null, null, '', null);
INSERT INTO life_event (id, day, month, year, date, notes, location_id) VALUES (948, null, null, null, null, '', null);
INSERT INTO occupation (id, notes, day, month, year, date, location_id) VALUES (142, 'Skomakare', null, null, null, null, null);
INSERT INTO person (id, first_name, last_name, middle_names, notes, sex, birth_id, death_id, burial_id, father_id, mother_id) VALUES (316, 'Olof', 'Andersson', 'Gustaf', '', 'MAN', 946, 947, 948, null, null);

--======= Insert Person id: 317 =======
INSERT INTO location (id, city, country, region, notes, latitude, longitude, fetch_status) VALUES (396, 'Østra Fågelvik', 'Sverige', '', '', 59.42151, 13.73026, 'FETCHED_WITH_SUCCESS');
INSERT INTO life_event (id, day, month, year, date, notes, location_id) VALUES (949, 25, 10, 1885, '1885-10-25', '', 396);
INSERT INTO location (id, city, country, region, notes, latitude, longitude, fetch_status) VALUES (397, 'Karlstad', 'Sverige', '', '', 59.3805, 13.49937, 'FETCHED_WITH_SUCCESS');
INSERT INTO life_event (id, day, month, year, date, notes, location_id) VALUES (950, 13, 7, 1968, '1968-07-13', '', 397);
INSERT INTO life_event (id, day, month, year, date, notes, location_id) VALUES (951, null, null, null, null, '', null);
INSERT INTO person (id, first_name, last_name, middle_names, notes, sex, birth_id, death_id, burial_id, father_id, mother_id) VALUES (317, 'Sofia', 'Ahlgren', 'Karolina, Karin', '', 'WOMAN', 949, 950, 951, null, null);

--======= Insert Person id: 318 =======
INSERT INTO location (id, city, country, region, notes, latitude, longitude, fetch_status) VALUES (398, 'Deje', 'Sverige', '', '', 59.60435, 13.4652, 'FETCHED_WITH_SUCCESS');
INSERT INTO life_event (id, day, month, year, date, notes, location_id) VALUES (952, 31, 10, 1914, '1914-10-31', '', 398);
INSERT INTO life_event (id, day, month, year, date, notes, location_id) VALUES (953, null, null, null, null, '', null);
INSERT INTO life_event (id, day, month, year, date, notes, location_id) VALUES (954, null, null, null, null, '', null);
INSERT INTO occupation (id, notes, day, month, year, date, location_id) VALUES (143, 'Adress drottninggatan 37 a', null, null, null, null, null);
INSERT INTO occupation (id, notes, day, month, year, date, location_id) VALUES (144, '652 25  karlstad', null, null, null, null, null);
INSERT INTO person (id, first_name, last_name, middle_names, notes, sex, birth_id, death_id, burial_id, father_id, mother_id) VALUES (318, 'Rosa', 'Hegardt', 'Karin, Sofia', 'Bor i Karlstad (S).', 'WOMAN', 952, 953, 954, null, null);

--======= Insert Person id: 319 =======
INSERT INTO location (id, city, country, region, notes, latitude, longitude, fetch_status) VALUES (399, 'Uddevalla', 'Sverige', '', '', 58.35096, 11.93264, 'FETCHED_WITH_SUCCESS');
INSERT INTO life_event (id, day, month, year, date, notes, location_id) VALUES (955, 5, 12, 1776, '1776-12-05', '', 399);
INSERT INTO location (id, city, country, region, notes, latitude, longitude, fetch_status) VALUES (400, 'Uddevalla', 'Sverige', '', '', 58.35096, 11.93264, 'FETCHED_WITH_SUCCESS');
INSERT INTO life_event (id, day, month, year, date, notes, location_id) VALUES (956, 16, 5, 1841, '1841-05-16', '', 400);
INSERT INTO life_event (id, day, month, year, date, notes, location_id) VALUES (957, null, null, null, null, '', null);
INSERT INTO person (id, first_name, last_name, middle_names, notes, sex, birth_id, death_id, burial_id, father_id, mother_id) VALUES (319, 'Eva', 'Hegardt', 'Beata', '', 'WOMAN', 955, 956, 957, null, null);

--======= Insert Person id: 320 =======
INSERT INTO location (id, city, country, region, notes, latitude, longitude, fetch_status) VALUES (401, 'Uddevalla', 'Sverige', '', '', 58.35096, 11.93264, 'FETCHED_WITH_SUCCESS');
INSERT INTO life_event (id, day, month, year, date, notes, location_id) VALUES (958, 11, 9, 1797, '1797-09-11', '', 401);
INSERT INTO location (id, city, country, region, notes, latitude, longitude, fetch_status) VALUES (402, 'på tingsstället Skansen i Kungsbacka', 'Sverige', '', '', 57.48494, 12.06832, 'FETCHED_WITH_SUCCESS');
INSERT INTO life_event (id, day, month, year, date, notes, location_id) VALUES (959, 5, 10, 1868, '1868-10-05', '', 402);
INSERT INTO life_event (id, day, month, year, date, notes, location_id) VALUES (960, null, null, null, null, '', null);
INSERT INTO occupation (id, notes, day, month, year, date, location_id) VALUES (145, 'Borgmästare och rådman', null, null, null, null, null);
INSERT INTO person (id, first_name, last_name, middle_names, notes, sex, birth_id, death_id, burial_id, father_id, mother_id) VALUES (320, 'Johannes', 'Hegardt', '', '(Tab 27 i GS).
Johannes sattes hösten 1806, efter branden i Uddevalla, tillsammans med de yngre bröderna i pension i Halland, där de undervisades av informatorer (bl a sedermera ärkebiskop Reuterdahl) och var där till 1811. Student i Lund 1815. Kameralexamen 1816. Student i Uppsala 1817. Hovrättsexamen samma år. Auskultant i Svea hovrätt samma år. Extra kanslist i bondeståndet vid urtima riksdagen 1817 ? 1818.
Eo kanslist vid justitiefördelningen av Kungl Maj:ts kansli 1818. Eo notarie i Svea hovrätt samma år. Auskultant i Göta hovrätt samma år. Hade detta år och 1819 åtskilliga domarförordnanden i Bohuslän.
Uppförd på förslag till borgmästare i Strömstad 1819 och i Uddevalla samma år. Borgmästare i Strömstad samma år (installerad 4/6 av kungl Maj:ts befallningshavandes i Göteborg ombud kanslirådet Karl Bernhard Hegardt). Riksdagsman i borgarståndet för Strömstad, Marstrand och Kungälv vid 1823 års riksdag och ledamot av ekonomiutskottet, samt för Strömstad och Østersund vid 1840?1841 års riksdag och ledamot av lagutskottet. Häradshövding i Fjäre och Viske häraders domsaga 1848 och död i tjänsten. Johannes som hade anseende som en skicklig ämbetsman, var personligen god och välvillig, musikaliskt begåvad och en ej oäven porträttecknare.
Som porträttecknare skall Johannes ha utfört teckningarna som finns i GS : nr 12 Kristian, nr 5 Anna Elisabet Bratt, nr 104 Peter Johansson. Av Peter Johansson finns en kopia utförd 1861 av A Hallin (i S H:son Hegardts ägo). Utöver dessa finns en originalteckning av samme Peter Johansson, som också skall vara utförd av Johannes. Teckningen finns förvarad i släktarkivet.', 'MAN', 958, 959, 960, null, null);

--======= Insert Person id: 321 =======
INSERT INTO location (id, city, country, region, notes, latitude, longitude, fetch_status) VALUES (403, 'Uddevalla', 'Sverige', '', '', 58.35096, 11.93264, 'FETCHED_WITH_SUCCESS');
INSERT INTO life_event (id, day, month, year, date, notes, location_id) VALUES (961, 16, 9, 1798, '1798-09-16', '', 403);
INSERT INTO location (id, city, country, region, notes, latitude, longitude, fetch_status) VALUES (404, 'Stockholm', 'Sverige', '', '', 59.33257, 18.06683, 'FETCHED_WITH_SUCCESS');
INSERT INTO life_event (id, day, month, year, date, notes, location_id) VALUES (962, 2, 3, 1870, '1870-03-02', '', 404);
INSERT INTO life_event (id, day, month, year, date, notes, location_id) VALUES (963, null, null, null, null, '', null);
INSERT INTO person (id, first_name, last_name, middle_names, notes, sex, birth_id, death_id, burial_id, father_id, mother_id) VALUES (321, 'Josias', 'Hegardt', '', '(Tab 26:150 i GS).
Genomgick Malmö skola 1808-1815. Student i Lund 1815 och i Uppsala 1817. Kansliexamen 1818. Eo kanslist i hovkanslerexpeditionen samma år och i kommerskollegium 1820. Kopist i förstnämnda expedition 1823 och kanslist 1826. PV i Kungl Maj:ts kansli 1837 och i hovkanslerexpeditionen 1838. Arkivarie i justitiestatsexpeditionen 1840-1845, då han erhöll avsked. Uppbördstullförvaltare i Stockholm 1847. RVO 1853.
"Vi hava --- att omnämna bortgången ur tiden av en man, vilken oförtrutet och nitiskt tjänat staten i nära 52 år. H hade olyckan att för ett par månader sedan halka omkull på Drottninggatan, utanför det s k landshövdingeämbetets hus, varvid han erhöll en svår skada i höften, vilken väl nu påskyndat den åldrige tjänstemannens slut. Han hade i några och 20 år härstädes uppburit den betydande tulluppbörd, vilken influtit vid denna Sveriges ojämförligt största tullförvaltningsplats." (Posttidn 3/3 1870.)', 'UNKNOWN', 961, 962, 963, null, null);

--======= Insert Person id: 322 =======
INSERT INTO location (id, city, country, region, notes, latitude, longitude, fetch_status) VALUES (405, 'Uddevalla', 'Sverige', '', '', 58.35096, 11.93264, 'FETCHED_WITH_SUCCESS');
INSERT INTO life_event (id, day, month, year, date, notes, location_id) VALUES (964, 24, 11, 1799, '1799-11-24', '', 405);
INSERT INTO location (id, city, country, region, notes, latitude, longitude, fetch_status) VALUES (406, 'Marseille', 'Frankrike', '', '', 43.29337, 5.37133, 'FETCHED_WITH_SUCCESS');
INSERT INTO life_event (id, day, month, year, date, notes, location_id) VALUES (965, null, null, 1846, '1846-01-01', '', 406);
INSERT INTO life_event (id, day, month, year, date, notes, location_id) VALUES (966, null, null, null, null, '', null);
INSERT INTO occupation (id, notes, day, month, year, date, location_id) VALUES (146, 'Handelsbokhållare i alicante', null, null, null, null, null);
INSERT INTO occupation (id, notes, day, month, year, date, location_id) VALUES (147, 'Spanien', null, null, null, null, null);
INSERT INTO person (id, first_name, last_name, middle_names, notes, sex, birth_id, death_id, burial_id, father_id, mother_id) VALUES (322, 'Karl', 'Hegardt', 'Emil, Charlemil', '(Tab 26:151 i GS).', 'UNKNOWN', 964, 965, 966, null, null);

--======= Insert Person id: 323 =======
INSERT INTO location (id, city, country, region, notes, latitude, longitude, fetch_status) VALUES (407, 'Uddevalla', 'Sverige', '', '', 58.35096, 11.93264, 'FETCHED_WITH_SUCCESS');
INSERT INTO life_event (id, day, month, year, date, notes, location_id) VALUES (967, 31, 12, 1800, '1800-12-31', '', 407);
INSERT INTO location (id, city, country, region, notes, latitude, longitude, fetch_status) VALUES (408, 'Göteborg', 'Sverige', '', '', 57.70067, 11.96822, 'FETCHED_WITH_SUCCESS');
INSERT INTO life_event (id, day, month, year, date, notes, location_id) VALUES (968, 17, 12, 1866, '1866-12-17', '', 408);
INSERT INTO life_event (id, day, month, year, date, notes, location_id) VALUES (969, null, null, null, null, '', null);
INSERT INTO occupation (id, notes, day, month, year, date, location_id) VALUES (148, 'Grosshandlare', null, null, null, null, null);
INSERT INTO person (id, first_name, last_name, middle_names, notes, sex, birth_id, death_id, burial_id, father_id, mother_id) VALUES (323, 'Vilhelm', 'Hegardt', '', '(Tab 26:152 i GS).
"Redan för många år tillbaka hade han dragit sig ifrån den egentliga affärsvärlden och levde nu som gammal ungkarl så gott som uteslutande för tvenne föremål: politiken och musiken. Få människor torde bättre än han ha följt med vad som tilldrog sig både på den stora skådebanan, där nationers öden avgöras, och på den mindre, där kommunens viktiga frågor dragas fram på scenen. Till följd därav var han en passionerad tidningsläsare och man kunde vara övertygad om att, lika säkert som solen går upp om morgonen och ner om aftonen, lika säkert framträdde H morgon och afton strax före tidningarnas ankomst på Siemens Kafés horisont, det kafé, där han sedan många år brukade intaga sina alltid enkla och måttliga morgon? och aftonmåltider. Då fanns det för honom ingenting kärare än att träffa på en person, med vilken han kunde få diskutera, och en sådan fattades vanligen icke.
Och nu avgjordes världens öden som en dans, Napoleons och Bismarcks finaste diplomatiska finter förutsades eller kommenterades och detta vanligen med en så ytterlig häftig het, att den som icke kände till förhållandena lätteligen kunde tro, att den spenslige, ännu vid 65 år ungdomligt rörliga gubben med de livliga ögonen, det mörka håret och den något sydländska ansiktsfärgen, var på allvar uppretad. Men några minuter därefter var han åter lugn och vänlig igen.
Sak samma var det när talet föll på musik, samma häftighet, samma utmanande ord och åtbörder. Men under allt detta var H i grund och botten alltid svenskt och fosterländskt sinnad, och detta kom mången, som måhända eljest skulle ha stött sig på hans Menschen-schreckerei, att överse med ett och annat omilt uttryck, spårande under de häftiga orden den goda meningen.
Den gamle politikern har nu gått till vila; ännu aftonen före sin död deltog han med samma värma i en politisk debatt på den vanliga arenan. Morgonen kom, posten anlände, men den som alltid så oroligt avvaktat dess ankomst kom icke, och innan aftontidningen hunnit utdelas hade den trötte anden flyktat hän till de rymder, ''där allting skall varda uppenbarat." (Göteborgsposten 22/12 1866.)', 'UNKNOWN', 967, 968, 969, null, null);

--======= Insert Person id: 324 =======
INSERT INTO location (id, city, country, region, notes, latitude, longitude, fetch_status) VALUES (409, 'Uddevalla', 'Sverige', '', '', 58.35096, 11.93264, 'FETCHED_WITH_SUCCESS');
INSERT INTO life_event (id, day, month, year, date, notes, location_id) VALUES (970, 5, 6, 1802, '1802-06-05', '', 409);
INSERT INTO location (id, city, country, region, notes, latitude, longitude, fetch_status) VALUES (410, 'Uddevalla', 'Sverige', '', '', 58.35096, 11.93264, 'FETCHED_WITH_SUCCESS');
INSERT INTO life_event (id, day, month, year, date, notes, location_id) VALUES (971, 14, 6, 1806, '1806-06-14', '', 410);
INSERT INTO life_event (id, day, month, year, date, notes, location_id) VALUES (972, null, null, null, null, '', null);
INSERT INTO person (id, first_name, last_name, middle_names, notes, sex, birth_id, death_id, burial_id, father_id, mother_id) VALUES (324, 'Kristian', 'Hegardt', 'Bernhard', '(Tab 26:153 i GS).', 'UNKNOWN', 970, 971, 972, null, null);

--======= Insert Person id: 325 =======
INSERT INTO location (id, city, country, region, notes, latitude, longitude, fetch_status) VALUES (411, 'Uddevalla', 'Sverige', '', '', 58.35096, 11.93264, 'FETCHED_WITH_SUCCESS');
INSERT INTO life_event (id, day, month, year, date, notes, location_id) VALUES (973, 12, 1, 1804, '1804-01-12', '', 411);
INSERT INTO location (id, city, country, region, notes, latitude, longitude, fetch_status) VALUES (412, 'Stockholm', 'Sverige', '', '', 59.33257, 18.06683, 'FETCHED_WITH_SUCCESS');
INSERT INTO life_event (id, day, month, year, date, notes, location_id) VALUES (974, 25, 11, 1880, '1880-11-25', '', 412);
INSERT INTO life_event (id, day, month, year, date, notes, location_id) VALUES (975, null, null, null, null, '', null);
INSERT INTO person (id, first_name, last_name, middle_names, notes, sex, birth_id, death_id, burial_id, father_id, mother_id) VALUES (325, 'Marianne', 'Hegardt', '', '(Tab 26:154 i GS).
Marianne, brodern Josias och systrarna Cecilia och Emilia bodde tillsammans i Stockholm.', 'UNKNOWN', 973, 974, 975, null, null);

--======= Insert Person id: 326 =======
INSERT INTO location (id, city, country, region, notes, latitude, longitude, fetch_status) VALUES (413, 'Uddevalla', 'Sverige', '', '', 58.35096, 11.93264, 'FETCHED_WITH_SUCCESS');
INSERT INTO life_event (id, day, month, year, date, notes, location_id) VALUES (976, 26, 4, 1805, '1805-04-26', '', 413);
INSERT INTO location (id, city, country, region, notes, latitude, longitude, fetch_status) VALUES (414, 'Stockholm', 'Sverige', '', '', 59.33257, 18.06683, 'FETCHED_WITH_SUCCESS');
INSERT INTO life_event (id, day, month, year, date, notes, location_id) VALUES (977, 4, 2, 1874, '1874-02-04', '', 414);
INSERT INTO life_event (id, day, month, year, date, notes, location_id) VALUES (978, null, null, null, null, '', null);
INSERT INTO person (id, first_name, last_name, middle_names, notes, sex, birth_id, death_id, burial_id, father_id, mother_id) VALUES (326, 'Cecilia', 'Hegardt', 'Cilla', '(Tab 26:155 i GS).', 'UNKNOWN', 976, 977, 978, null, null);

--======= Insert Person id: 327 =======
INSERT INTO location (id, city, country, region, notes, latitude, longitude, fetch_status) VALUES (415, 'Uddevalla', 'Sverige', '', '', 58.35096, 11.93264, 'FETCHED_WITH_SUCCESS');
INSERT INTO life_event (id, day, month, year, date, notes, location_id) VALUES (979, 26, 7, 1806, '1806-07-26', '', 415);
INSERT INTO location (id, city, country, region, notes, latitude, longitude, fetch_status) VALUES (416, 'i närheten av', 'Sverige', '', '', 58.91046, 17.09937, 'FETCHED_WITH_SUCCESS');
INSERT INTO life_event (id, day, month, year, date, notes, location_id) VALUES (980, null, null, null, null, '', 416);
INSERT INTO life_event (id, day, month, year, date, notes, location_id) VALUES (981, null, null, null, null, '', null);
INSERT INTO person (id, first_name, last_name, middle_names, notes, sex, birth_id, death_id, burial_id, father_id, mother_id) VALUES (327, 'Kristian', 'Hegardt', 'Bernhard', '(Tab 26:156 i GS).
Dog troligen genom hunger och törst.', 'UNKNOWN', 979, 980, 981, null, null);

--======= Insert Person id: 328 =======
INSERT INTO location (id, city, country, region, notes, latitude, longitude, fetch_status) VALUES (417, 'Uddevalla', 'Sverige', '', '', 58.35096, 11.93264, 'FETCHED_WITH_SUCCESS');
INSERT INTO life_event (id, day, month, year, date, notes, location_id) VALUES (982, 6, 2, 1811, '1811-02-06', '', 417);
INSERT INTO location (id, city, country, region, notes, latitude, longitude, fetch_status) VALUES (418, 'Uddevalla', 'Sverige', '', '', 58.35096, 11.93264, 'FETCHED_WITH_SUCCESS');
INSERT INTO life_event (id, day, month, year, date, notes, location_id) VALUES (983, 26, 7, 1824, '1824-07-26', '', 418);
INSERT INTO life_event (id, day, month, year, date, notes, location_id) VALUES (984, null, null, null, null, '', null);
INSERT INTO person (id, first_name, last_name, middle_names, notes, sex, birth_id, death_id, burial_id, father_id, mother_id) VALUES (328, 'Eva', 'Hegardt', 'Augusta', '(Tab 26:157 i GS).', 'UNKNOWN', 982, 983, 984, null, null);

--======= Insert Person id: 329 =======
INSERT INTO location (id, city, country, region, notes, latitude, longitude, fetch_status) VALUES (419, 'Uddevalla', 'Sverige', '', '', 58.35096, 11.93264, 'FETCHED_WITH_SUCCESS');
INSERT INTO life_event (id, day, month, year, date, notes, location_id) VALUES (985, 3, 7, 1813, '1813-07-03', '', 419);
INSERT INTO location (id, city, country, region, notes, latitude, longitude, fetch_status) VALUES (420, 'Uddevalla', 'Sverige', '', '', 58.35096, 11.93264, 'FETCHED_WITH_SUCCESS');
INSERT INTO life_event (id, day, month, year, date, notes, location_id) VALUES (986, 12, 7, 1824, '1824-07-12', '', 420);
INSERT INTO life_event (id, day, month, year, date, notes, location_id) VALUES (987, null, null, null, null, '', null);
INSERT INTO person (id, first_name, last_name, middle_names, notes, sex, birth_id, death_id, burial_id, father_id, mother_id) VALUES (329, 'Peter', 'Hegardt', '', '(Tab 26:158 i GS).', 'UNKNOWN', 985, 986, 987, null, null);

--======= Insert Person id: 330 =======
INSERT INTO location (id, city, country, region, notes, latitude, longitude, fetch_status) VALUES (421, 'Uddevalla', 'Sverige', '', '', 58.35096, 11.93264, 'FETCHED_WITH_SUCCESS');
INSERT INTO life_event (id, day, month, year, date, notes, location_id) VALUES (988, 19, 6, 1815, '1815-06-19', '', 421);
INSERT INTO location (id, city, country, region, notes, latitude, longitude, fetch_status) VALUES (422, 'Göteborg', 'Sverige', '', '', 57.70067, 11.96822, 'FETCHED_WITH_SUCCESS');
INSERT INTO life_event (id, day, month, year, date, notes, location_id) VALUES (989, 18, 12, 1896, '1896-12-18', '', 422);
INSERT INTO life_event (id, day, month, year, date, notes, location_id) VALUES (990, null, null, null, null, '', null);
INSERT INTO person (id, first_name, last_name, middle_names, notes, sex, birth_id, death_id, burial_id, father_id, mother_id) VALUES (330, 'Emilia', 'Hegardt', 'Emilie', '(Tab 26:159 i GS).
Efter systern Mariannes död flyttade Emilie till Göteborg.', 'UNKNOWN', 988, 989, 990, null, null);

--======= Insert Person id: 331 =======
INSERT INTO location (id, city, country, region, notes, latitude, longitude, fetch_status) VALUES (423, 'Uddevalla', 'Sverige', '', '', 58.35096, 11.93264, 'FETCHED_WITH_SUCCESS');
INSERT INTO life_event (id, day, month, year, date, notes, location_id) VALUES (991, 15, 8, 1818, '1818-08-15', '', 423);
INSERT INTO location (id, city, country, region, notes, latitude, longitude, fetch_status) VALUES (424, 'Uddevalla', 'Sverige', '', '', 58.35096, 11.93264, 'FETCHED_WITH_SUCCESS');
INSERT INTO life_event (id, day, month, year, date, notes, location_id) VALUES (992, 3, 12, 1819, '1819-12-03', '', 424);
INSERT INTO life_event (id, day, month, year, date, notes, location_id) VALUES (993, null, null, null, null, '', null);
INSERT INTO person (id, first_name, last_name, middle_names, notes, sex, birth_id, death_id, burial_id, father_id, mother_id) VALUES (331, 'Lars', 'Hegardt', 'Adolf', '(Tab 26:159a i i GS).', 'UNKNOWN', 991, 992, 993, null, null);

--======= Insert Person id: 332 =======
INSERT INTO location (id, city, country, region, notes, latitude, longitude, fetch_status) VALUES (425, 'Uddevalla', 'Sverige', '', '', 58.35096, 11.93264, 'FETCHED_WITH_SUCCESS');
INSERT INTO life_event (id, day, month, year, date, notes, location_id) VALUES (994, 11, 12, 1772, '1772-12-11', '', 425);
INSERT INTO location (id, city, country, region, notes, latitude, longitude, fetch_status) VALUES (426, 'Uddevalla', 'Sverige', '', '', 58.35096, 11.93264, 'FETCHED_WITH_SUCCESS');
INSERT INTO life_event (id, day, month, year, date, notes, location_id) VALUES (995, 5, 5, 1821, '1821-05-05', '', 426);
INSERT INTO life_event (id, day, month, year, date, notes, location_id) VALUES (996, null, null, null, null, '', null);
INSERT INTO person (id, first_name, last_name, middle_names, notes, sex, birth_id, death_id, burial_id, father_id, mother_id) VALUES (332, 'Peter', 'Hegardt', 'Johansson', '', 'UNKNOWN', 994, 995, 996, null, null);

--======= Insert Person id: 333 =======
INSERT INTO location (id, city, country, region, notes, latitude, longitude, fetch_status) VALUES (427, 'Simrishamn', 'Sverige', '', '', 55.55613, 14.35034, 'FETCHED_WITH_SUCCESS');
INSERT INTO life_event (id, day, month, year, date, notes, location_id) VALUES (997, 3, 2, 1905, '1905-02-03', '', 427);
INSERT INTO life_event (id, day, month, year, date, notes, location_id) VALUES (998, null, null, null, null, '', null);
INSERT INTO life_event (id, day, month, year, date, notes, location_id) VALUES (999, null, null, null, null, '', null);
INSERT INTO occupation (id, notes, day, month, year, date, location_id) VALUES (149, 'Fd skolkökslärarinna', null, null, null, null, null);
INSERT INTO person (id, first_name, last_name, middle_names, notes, sex, birth_id, death_id, burial_id, father_id, mother_id) VALUES (333, 'Alma', 'Thulin', 'Ingeborg', 'Adress St Trädgårdsgatan 15 A? 543 35 VÄSTERVIK.', 'WOMAN', 997, 998, 999, null, null);

--======= Insert Person id: 334 =======
INSERT INTO location (id, city, country, region, notes, latitude, longitude, fetch_status) VALUES (428, 'Simrishamn', 'Sverige', '', '', 55.55613, 14.35034, 'FETCHED_WITH_SUCCESS');
INSERT INTO life_event (id, day, month, year, date, notes, location_id) VALUES (1000, 26, 9, 1931, '1931-09-26', '', 428);
INSERT INTO location (id, city, country, region, notes, latitude, longitude, fetch_status) VALUES (429, 'Västervik', 'Sverige', '', '', 57.75801, 16.64009, 'FETCHED_WITH_SUCCESS');
INSERT INTO life_event (id, day, month, year, date, notes, location_id) VALUES (1001, 25, 1, 1933, '1933-01-25', '', 429);
INSERT INTO life_event (id, day, month, year, date, notes, location_id) VALUES (1002, null, null, null, null, '', null);
INSERT INTO person (id, first_name, last_name, middle_names, notes, sex, birth_id, death_id, burial_id, father_id, mother_id) VALUES (334, 'Jan', 'Hegardt', 'Gustaf, Henrik, Jan-Henrik', '', 'UNKNOWN', 1000, 1001, 1002, null, null);

--======= Insert Person id: 335 =======
INSERT INTO location (id, city, country, region, notes, latitude, longitude, fetch_status) VALUES (430, 'Västervik', 'Sverige', '', '', 57.75801, 16.64009, 'FETCHED_WITH_SUCCESS');
INSERT INTO life_event (id, day, month, year, date, notes, location_id) VALUES (1003, 16, 11, 1933, '1933-11-16', '', 430);
INSERT INTO location (id, city, country, region, notes, latitude, longitude, fetch_status) VALUES (431, 'Västervik', 'Sverige', '', '', 57.75801, 16.64009, 'FETCHED_WITH_SUCCESS');
INSERT INTO life_event (id, day, month, year, date, notes, location_id) VALUES (1004, 13, 2, 1941, '1941-02-13', '', 431);
INSERT INTO life_event (id, day, month, year, date, notes, location_id) VALUES (1005, null, null, null, null, '', null);
INSERT INTO person (id, first_name, last_name, middle_names, notes, sex, birth_id, death_id, burial_id, father_id, mother_id) VALUES (335, 'Bengt', 'Hegardt', 'Gustaf, Tomas', '', 'UNKNOWN', 1003, 1004, 1005, null, null);

--======= Insert Person id: 336 =======
INSERT INTO location (id, city, country, region, notes, latitude, longitude, fetch_status) VALUES (432, 'Västervik', 'Sverige', '', '', 57.75801, 16.64009, 'FETCHED_WITH_SUCCESS');
INSERT INTO life_event (id, day, month, year, date, notes, location_id) VALUES (1006, 16, 11, 1933, '1933-11-16', '', 432);
INSERT INTO life_event (id, day, month, year, date, notes, location_id) VALUES (1007, null, null, null, null, '', null);
INSERT INTO life_event (id, day, month, year, date, notes, location_id) VALUES (1008, null, null, null, null, '', null);
INSERT INTO occupation (id, notes, day, month, year, date, location_id) VALUES (150, 'Adjunkt', null, null, null, null, null);
INSERT INTO person (id, first_name, last_name, middle_names, notes, sex, birth_id, death_id, burial_id, father_id, mother_id) VALUES (336, 'Alma', 'Hegardt', 'Birgitta', 'Adress Malma Ringväg 7, 752 45 UPPSALA.
Fil mag 1959.
Bor i Uppsala (C).', 'UNKNOWN', 1006, 1007, 1008, null, null);

--======= Insert Person id: 337 =======
INSERT INTO location (id, city, country, region, notes, latitude, longitude, fetch_status) VALUES (433, 'Västervik', 'Sverige', '', '', 57.75801, 16.64009, 'FETCHED_WITH_SUCCESS');
INSERT INTO life_event (id, day, month, year, date, notes, location_id) VALUES (1009, 21, 7, 1936, '1936-07-21', '', 433);
INSERT INTO location (id, city, country, region, notes, latitude, longitude, fetch_status) VALUES (434, 'Åkarp', 'Sverige', '', '', 55.6495, 13.1105, 'FETCHED_WITH_SUCCESS');
INSERT INTO life_event (id, day, month, year, date, notes, location_id) VALUES (1010, 11, 2, 1998, '1998-02-11', '', 434);
INSERT INTO life_event (id, day, month, year, date, notes, location_id) VALUES (1011, null, null, null, null, '', null);
INSERT INTO occupation (id, notes, day, month, year, date, location_id) VALUES (151, 'Bankkamrer', null, null, null, null, null);
INSERT INTO person (id, first_name, last_name, middle_names, notes, sex, birth_id, death_id, burial_id, father_id, mother_id) VALUES (337, 'Gustaf', 'Hegardt', 'Peter', 'Studentexamen 1955 i Västervik (H).
Handelsgymnasieexamen 1958 vid Göteborgs handelsinstitut. Hochschule für Welthandel, Wien, Østerrike 1965-67.', 'MAN', 1009, 1010, 1011, null, null);

--======= Insert Person id: 338 =======
INSERT INTO location (id, city, country, region, notes, latitude, longitude, fetch_status) VALUES (435, 'Västervik', 'Sverige', '', '', 57.75801, 16.64009, 'FETCHED_WITH_SUCCESS');
INSERT INTO life_event (id, day, month, year, date, notes, location_id) VALUES (1012, 16, 5, 1943, '1943-05-16', '', 435);
INSERT INTO life_event (id, day, month, year, date, notes, location_id) VALUES (1013, null, null, null, null, '', null);
INSERT INTO life_event (id, day, month, year, date, notes, location_id) VALUES (1014, null, null, null, null, '', null);
INSERT INTO occupation (id, notes, day, month, year, date, location_id) VALUES (152, 'Marknadsdirektör', null, null, null, null, null);
INSERT INTO person (id, first_name, last_name, middle_names, notes, sex, birth_id, death_id, burial_id, father_id, mother_id) VALUES (338, 'Gustaf', 'Hegardt', 'Magnus', 'Adress Rådhusgatan 28, 593 33 VÄSTERVIK.
Studentexamen 1963 i Västervik (H).
Fil mag 1967 i Uppsala (C).
Bor i Västervik (H).', 'UNKNOWN', 1012, 1013, 1014, null, null);

--======= Insert Person id: 339 =======
INSERT INTO location (id, city, country, region, notes, latitude, longitude, fetch_status) VALUES (436, 'Borrby', 'Sverige', '', '', 55.45876, 14.18108, 'FETCHED_WITH_SUCCESS');
INSERT INTO life_event (id, day, month, year, date, notes, location_id) VALUES (1015, 6, 7, 1877, '1877-07-06', '', 436);
INSERT INTO life_event (id, day, month, year, date, notes, location_id) VALUES (1016, 11, 8, 1956, '1956-08-11', '', null);
INSERT INTO life_event (id, day, month, year, date, notes, location_id) VALUES (1017, null, null, null, null, '', null);
INSERT INTO person (id, first_name, last_name, middle_names, notes, sex, birth_id, death_id, burial_id, father_id, mother_id) VALUES (339, 'Amanda', 'Lasson', 'Elida', '', 'WOMAN', 1015, 1016, 1017, null, null);

--======= Insert Person id: 340 =======
INSERT INTO location (id, city, country, region, notes, latitude, longitude, fetch_status) VALUES (437, 'Simrishamn', 'Sverige', '', '', 55.55613, 14.35034, 'FETCHED_WITH_SUCCESS');
INSERT INTO life_event (id, day, month, year, date, notes, location_id) VALUES (1018, 26, 10, 1869, '1869-10-26', '', 437);
INSERT INTO life_event (id, day, month, year, date, notes, location_id) VALUES (1019, 2, 9, 1938, '1938-09-02', '', null);
INSERT INTO life_event (id, day, month, year, date, notes, location_id) VALUES (1020, null, null, null, null, '', null);
INSERT INTO person (id, first_name, last_name, middle_names, notes, sex, birth_id, death_id, burial_id, father_id, mother_id) VALUES (340, 'Johan', 'Thulin', 'Magnus', '', 'MAN', 1018, 1019, 1020, null, null);

--======= Insert Person id: 341 =======
INSERT INTO location (id, city, country, region, notes, latitude, longitude, fetch_status) VALUES (438, 'Umeå', 'Sverige', '', '', 63.82529, 20.26059, 'FETCHED_WITH_SUCCESS');
INSERT INTO life_event (id, day, month, year, date, notes, location_id) VALUES (1021, 18, 5, 1900, '1900-05-18', '', 438);
INSERT INTO life_event (id, day, month, year, date, notes, location_id) VALUES (1022, null, null, null, null, '', null);
INSERT INTO life_event (id, day, month, year, date, notes, location_id) VALUES (1023, null, null, null, null, '', null);
INSERT INTO occupation (id, notes, day, month, year, date, location_id) VALUES (153, 'Löjtnant', null, null, null, null, null);
INSERT INTO person (id, first_name, last_name, middle_names, notes, sex, birth_id, death_id, burial_id, father_id, mother_id) VALUES (341, 'Carl', 'Lindberg', 'Paul', '', 'UNKNOWN', 1021, 1022, 1023, null, null);

--======= Insert Person id: 342 =======
INSERT INTO location (id, city, country, region, notes, latitude, longitude, fetch_status) VALUES (439, 'Indonesien', 'Sverige', '', '', -6.17149, 106.82649, 'FETCHED_WITH_SUCCESS');
INSERT INTO life_event (id, day, month, year, date, notes, location_id) VALUES (1024, 29, 10, 1932, '1932-10-29', '', 439);
INSERT INTO life_event (id, day, month, year, date, notes, location_id) VALUES (1025, null, null, null, null, '', null);
INSERT INTO life_event (id, day, month, year, date, notes, location_id) VALUES (1026, null, null, null, null, '', null);
INSERT INTO occupation (id, notes, day, month, year, date, location_id) VALUES (154, 'Forskningskemist', null, null, null, null, null);
INSERT INTO person (id, first_name, last_name, middle_names, notes, sex, birth_id, death_id, burial_id, father_id, mother_id) VALUES (342, 'Marius', 'Joustra', '', '', 'UNKNOWN', 1024, 1025, 1026, null, null);

--======= Insert Person id: 343 =======
INSERT INTO location (id, city, country, region, notes, latitude, longitude, fetch_status) VALUES (440, 'Stockholm', 'Sverige', '', '', 59.33257, 18.06683, 'FETCHED_WITH_SUCCESS');
INSERT INTO life_event (id, day, month, year, date, notes, location_id) VALUES (1027, 29, 7, 1939, '1939-07-29', '', 440);
INSERT INTO life_event (id, day, month, year, date, notes, location_id) VALUES (1028, null, null, null, null, '', null);
INSERT INTO life_event (id, day, month, year, date, notes, location_id) VALUES (1029, null, null, null, null, '', null);
INSERT INTO occupation (id, notes, day, month, year, date, location_id) VALUES (155, 'Lågstadielärare', null, null, null, null, null);
INSERT INTO person (id, first_name, last_name, middle_names, notes, sex, birth_id, death_id, burial_id, father_id, mother_id) VALUES (343, 'Monica', 'Helmers', '', 'Adress Hornsgatan 5, 234 32 LOMMA.
Studentexamen 1960.
Småskollärarexamen 1962.', 'WOMAN', 1027, 1028, 1029, null, null);

--======= Insert Person id: 344 =======
INSERT INTO location (id, city, country, region, notes, latitude, longitude, fetch_status) VALUES (441, 'Lund', 'Sverige', '', '', 55.70664, 13.18759, 'FETCHED_WITH_SUCCESS');
INSERT INTO life_event (id, day, month, year, date, notes, location_id) VALUES (1030, 22, 7, 1974, '1974-07-22', '', 441);
INSERT INTO life_event (id, day, month, year, date, notes, location_id) VALUES (1031, null, null, null, null, '', null);
INSERT INTO life_event (id, day, month, year, date, notes, location_id) VALUES (1032, null, null, null, null, '', null);
INSERT INTO occupation (id, notes, day, month, year, date, location_id) VALUES (156, 'Studerande', null, null, null, null, null);
INSERT INTO person (id, first_name, last_name, middle_names, notes, sex, birth_id, death_id, burial_id, father_id, mother_id) VALUES (344, 'Thomas', 'Hegardt', 'Peter', 'Adress Hornsgatan 5, 234 32 LOMMA.
Bor i Åkarp (M).', 'UNKNOWN', 1030, 1031, 1032, null, null);

--======= Insert Person id: 345 =======
INSERT INTO location (id, city, country, region, notes, latitude, longitude, fetch_status) VALUES (442, 'Lund', 'Sverige', '', '', 55.70664, 13.18759, 'FETCHED_WITH_SUCCESS');
INSERT INTO life_event (id, day, month, year, date, notes, location_id) VALUES (1033, 21, 1, 1976, '1976-01-21', '', 442);
INSERT INTO life_event (id, day, month, year, date, notes, location_id) VALUES (1034, null, null, null, null, '', null);
INSERT INTO life_event (id, day, month, year, date, notes, location_id) VALUES (1035, null, null, null, null, '', null);
INSERT INTO occupation (id, notes, day, month, year, date, location_id) VALUES (157, 'Studerande', null, null, null, null, null);
INSERT INTO person (id, first_name, last_name, middle_names, notes, sex, birth_id, death_id, burial_id, father_id, mother_id) VALUES (345, 'Anna', 'Hegardt', 'Monica', 'Adress Hornsgatan 5, 234 32 LOMMA.
1994.
Bor i Åkarp (M).', 'UNKNOWN', 1033, 1034, 1035, null, null);

--======= Insert Person id: 346 =======
INSERT INTO life_event (id, day, month, year, date, notes, location_id) VALUES (1036, null, null, null, null, '', null);
INSERT INTO life_event (id, day, month, year, date, notes, location_id) VALUES (1037, null, null, null, null, '', null);
INSERT INTO life_event (id, day, month, year, date, notes, location_id) VALUES (1038, null, null, null, null, '', null);
INSERT INTO person (id, first_name, last_name, middle_names, notes, sex, birth_id, death_id, burial_id, father_id, mother_id) VALUES (346, 'Sofia', 'Hellsing', '', '', 'WOMAN', 1036, 1037, 1038, null, null);

--======= Insert Person id: 347 =======
INSERT INTO life_event (id, day, month, year, date, notes, location_id) VALUES (1039, null, null, null, null, '', null);
INSERT INTO life_event (id, day, month, year, date, notes, location_id) VALUES (1040, null, null, null, null, '', null);
INSERT INTO life_event (id, day, month, year, date, notes, location_id) VALUES (1041, null, null, null, null, '', null);
INSERT INTO occupation (id, notes, day, month, year, date, location_id) VALUES (158, 'Lantbrukare', null, null, null, null, null);
INSERT INTO person (id, first_name, last_name, middle_names, notes, sex, birth_id, death_id, burial_id, father_id, mother_id) VALUES (347, 'Anders', 'Ahlgren', 'Magnus', '', 'MAN', 1039, 1040, 1041, null, null);

--======= Insert Person id: 348 =======
INSERT INTO life_event (id, day, month, year, date, notes, location_id) VALUES (1042, 8, 8, 1908, '1908-08-08', '', null);
INSERT INTO life_event (id, day, month, year, date, notes, location_id) VALUES (1043, null, null, null, null, '', null);
INSERT INTO life_event (id, day, month, year, date, notes, location_id) VALUES (1044, null, null, null, null, '', null);
INSERT INTO person (id, first_name, last_name, middle_names, notes, sex, birth_id, death_id, burial_id, father_id, mother_id) VALUES (348, 'Nils', 'Jonsson', 'Gunnar', '', 'MAN', 1042, 1043, 1044, null, null);

--======= Insert Person id: 349 =======
INSERT INTO location (id, city, country, region, notes, latitude, longitude, fetch_status) VALUES (443, 'Karlstad', 'Sverige', '', '', 59.3805, 13.49937, 'FETCHED_WITH_SUCCESS');
INSERT INTO life_event (id, day, month, year, date, notes, location_id) VALUES (1045, 11, 5, 1948, '1948-05-11', '', 443);
INSERT INTO life_event (id, day, month, year, date, notes, location_id) VALUES (1046, null, null, null, null, '', null);
INSERT INTO life_event (id, day, month, year, date, notes, location_id) VALUES (1047, null, null, null, null, '', null);
INSERT INTO occupation (id, notes, day, month, year, date, location_id) VALUES (159, 'Adjunkt', null, null, null, null, null);
INSERT INTO person (id, first_name, last_name, middle_names, notes, sex, birth_id, death_id, burial_id, father_id, mother_id) VALUES (349, 'Thomas', 'Jonsson', 'Gunnar, Leopold', 'Adress Gröna vägen 42 A, 541 54 SKØVDE.
Studentexamen vid Sundstagymnasiet 1968 i Karlstad.
Fil kand vid Uppsala universitet 1973 .
Fr o m 1977 adjunkt i SO-ämnen på högstadieskola i Skövde.
Bor i Skövde.', 'UNKNOWN', 1045, 1046, 1047, null, null);

--======= Insert Person id: 350 =======
INSERT INTO life_event (id, day, month, year, date, notes, location_id) VALUES (1048, null, null, null, null, '', null);
INSERT INTO life_event (id, day, month, year, date, notes, location_id) VALUES (1049, null, null, null, null, '', null);
INSERT INTO life_event (id, day, month, year, date, notes, location_id) VALUES (1050, null, null, null, null, '', null);
INSERT INTO person (id, first_name, last_name, middle_names, notes, sex, birth_id, death_id, burial_id, father_id, mother_id) VALUES (350, 'Gunilla', 'Øhrwall', 'Katarina', '', 'WOMAN', 1048, 1049, 1050, null, null);

--======= Insert Person id: 351 =======
INSERT INTO life_event (id, day, month, year, date, notes, location_id) VALUES (1051, null, null, null, null, '', null);
INSERT INTO life_event (id, day, month, year, date, notes, location_id) VALUES (1052, null, null, null, null, '', null);
INSERT INTO life_event (id, day, month, year, date, notes, location_id) VALUES (1053, null, null, null, null, '', null);
INSERT INTO occupation (id, notes, day, month, year, date, location_id) VALUES (160, 'Kyrkoherde', null, null, null, null, null);
INSERT INTO person (id, first_name, last_name, middle_names, notes, sex, birth_id, death_id, burial_id, father_id, mother_id) VALUES (351, 'Hans', 'Gjædda', '', '', 'MAN', 1051, 1052, 1053, null, null);

--======= Insert Person id: 352 =======
INSERT INTO location (id, city, country, region, notes, latitude, longitude, fetch_status) VALUES (444, 'Øverkalix', 'Sverige', '', '', 66.32801, 22.84368, 'FETCHED_WITH_SUCCESS');
INSERT INTO life_event (id, day, month, year, date, notes, location_id) VALUES (1054, 31, 12, 1748, '1748-12-31', '', 444);
INSERT INTO location (id, city, country, region, notes, latitude, longitude, fetch_status) VALUES (445, 'Varberg', 'Sverige', '', '', 57.10789, 12.24901, 'FETCHED_WITH_SUCCESS');
INSERT INTO life_event (id, day, month, year, date, notes, location_id) VALUES (1055, 6, 4, 1834, '1834-04-06', '', 445);
INSERT INTO life_event (id, day, month, year, date, notes, location_id) VALUES (1056, null, null, null, null, '', null);
INSERT INTO person (id, first_name, last_name, middle_names, notes, sex, birth_id, death_id, burial_id, father_id, mother_id) VALUES (352, 'Jonas', 'Nordvall', '', '', 'UNKNOWN', 1054, 1055, 1056, null, null);

--======= Insert Person id: 353 =======
INSERT INTO life_event (id, day, month, year, date, notes, location_id) VALUES (1057, null, null, 1752, '1752-01-01', '', null);
INSERT INTO location (id, city, country, region, notes, latitude, longitude, fetch_status) VALUES (446, 'Uddevalla', 'Sverige', '', '', 58.35096, 11.93264, 'FETCHED_WITH_SUCCESS');
INSERT INTO life_event (id, day, month, year, date, notes, location_id) VALUES (1058, 22, 7, 1802, '1802-07-22', '', 446);
INSERT INTO life_event (id, day, month, year, date, notes, location_id) VALUES (1059, null, null, null, null, '', null);
INSERT INTO occupation (id, notes, day, month, year, date, location_id) VALUES (161, 'Handlande i uddevalla', null, null, null, null, null);
INSERT INTO person (id, first_name, last_name, middle_names, notes, sex, birth_id, death_id, burial_id, father_id, mother_id) VALUES (353, 'Kristian', 'Hammar', 'Rutger', '', 'UNKNOWN', 1057, 1058, 1059, null, null);

--======= Insert Person id: 354 =======
INSERT INTO location (id, city, country, region, notes, latitude, longitude, fetch_status) VALUES (447, 'Uddevalla', 'Sverige', '', '', 58.35096, 11.93264, 'FETCHED_WITH_SUCCESS');
INSERT INTO life_event (id, day, month, year, date, notes, location_id) VALUES (1060, 2, 2, 1764, '1764-02-02', '', 447);
INSERT INTO location (id, city, country, region, notes, latitude, longitude, fetch_status) VALUES (448, 'Varberg', 'Sverige', '', '', 57.10789, 12.24901, 'FETCHED_WITH_SUCCESS');
INSERT INTO life_event (id, day, month, year, date, notes, location_id) VALUES (1061, 13, 3, 1852, '1852-03-13', '', 448);
INSERT INTO life_event (id, day, month, year, date, notes, location_id) VALUES (1062, null, null, null, null, '', null);
INSERT INTO occupation (id, notes, day, month, year, date, location_id) VALUES (162, 'Handlande och åren 1804', null, null, null, null, null);
INSERT INTO person (id, first_name, last_name, middle_names, notes, sex, birth_id, death_id, burial_id, father_id, mother_id) VALUES (354, 'Karl', 'Bagge', 'Kristian', '', 'UNKNOWN', 1060, 1061, 1062, null, null);

--======= Insert Person id: 355 =======
INSERT INTO location (id, city, country, region, notes, latitude, longitude, fetch_status) VALUES (449, 'Uddevalla', 'Sverige', '', '', 58.35096, 11.93264, 'FETCHED_WITH_SUCCESS');
INSERT INTO life_event (id, day, month, year, date, notes, location_id) VALUES (1063, 19, 7, 1781, '1781-07-19', '', 449);
INSERT INTO location (id, city, country, region, notes, latitude, longitude, fetch_status) VALUES (450, 'på Samneröd i Samneröd', 'Bäve', '', '', 58.36827, 11.96094, 'FETCHED_WITH_SUCCESS');
INSERT INTO life_event (id, day, month, year, date, notes, location_id) VALUES (1064, 2, 12, 1856, '1856-12-02', '', 450);
INSERT INTO life_event (id, day, month, year, date, notes, location_id) VALUES (1065, null, null, null, null, '', null);
INSERT INTO person (id, first_name, last_name, middle_names, notes, sex, birth_id, death_id, burial_id, father_id, mother_id) VALUES (355, 'Magdalena', 'Bodell', '', '', 'WOMAN', 1063, 1064, 1065, null, null);

--======= Insert Person id: 356 =======
INSERT INTO location (id, city, country, region, notes, latitude, longitude, fetch_status) VALUES (451, 'Uddevalla', 'Sverige', '', '', 58.35096, 11.93264, 'FETCHED_WITH_SUCCESS');
INSERT INTO life_event (id, day, month, year, date, notes, location_id) VALUES (1066, 6, 12, 1805, '1805-12-06', '', 451);
INSERT INTO location (id, city, country, region, notes, latitude, longitude, fetch_status) VALUES (452, 'Uddevalla', 'Sverige', '', '', 58.35096, 11.93264, 'FETCHED_WITH_SUCCESS');
INSERT INTO life_event (id, day, month, year, date, notes, location_id) VALUES (1067, 6, 2, 1806, '1806-02-06', '', 452);
INSERT INTO life_event (id, day, month, year, date, notes, location_id) VALUES (1068, null, null, null, null, '', null);
INSERT INTO person (id, first_name, last_name, middle_names, notes, sex, birth_id, death_id, burial_id, father_id, mother_id) VALUES (356, 'Maria', 'Hegardt', '', '(Tab 38:163 i GS).', 'UNKNOWN', 1066, 1067, 1068, null, null);

--======= Insert Person id: 357 =======
INSERT INTO location (id, city, country, region, notes, latitude, longitude, fetch_status) VALUES (453, 'Uddevalla', 'Sverige', '', '', 58.35096, 11.93264, 'FETCHED_WITH_SUCCESS');
INSERT INTO life_event (id, day, month, year, date, notes, location_id) VALUES (1069, 22, 12, 1806, '1806-12-22', '', 453);
INSERT INTO location (id, city, country, region, notes, latitude, longitude, fetch_status) VALUES (454, 'på Drottningholm i Lovö', 'Sverige', '', '', 59.31025, 17.8608, 'FETCHED_WITH_SUCCESS');
INSERT INTO life_event (id, day, month, year, date, notes, location_id) VALUES (1070, 26, 2, 1871, '1871-02-26', '', 454);
INSERT INTO life_event (id, day, month, year, date, notes, location_id) VALUES (1071, null, null, null, null, '', null);
INSERT INTO occupation (id, notes, day, month, year, date, location_id) VALUES (163, 'Regementsläkare', null, null, null, null, null);
INSERT INTO person (id, first_name, last_name, middle_names, notes, sex, birth_id, death_id, burial_id, father_id, mother_id) VALUES (357, 'Johan', 'Hegardt', 'Lechard', '(Tab 39 i GS).
Student i Lund 1822 och i Uppsala 1827. Studerade först juridik, sedan medicin. Med kand hösten 1840. Med lic 1843 och kir magister 1846. Underläkare vid Allmänna garnisonssjukhuset i Stockholm 1834-35. Stipendiat i fältläkarkåren 1835 och pensionär 1841. Tjf bataljonsläkare vid Livregementets dragonkår 1835 och tf sådan samma år. Extra bataljonsläkare vid instruktionsbataljonen på Drottningholm 1836 och vid Upplands regementes rekrytkompani där 1845.
Slottsläkare på Drottningholm 1843, bataljonsläkare 1847, 1:e d:o 1852 och regementsläkare 1859 allt vid dragonkåren. Död i tjänsten.
H var liksom fadern bestämd och fordrade lydnad, men rättvis och personligen älskvärd man, mycket omtyckt av dragonerna. Hans gästfria hem, prytt av fyra behagfulla döttrar, var en uppskattad tillflykt för de dragonofficerare, som var kommenderade till Drottningholm (dit kårens exercisskadron, rekryt- och remontmöten var förlagda), och dessa visade sin tacksamhet genom att resa en minnesvård på hans grav på Lovö kyrkogård, samt genom att anslå medel till minnesvårdens framtida underhåll.', 'MAN', 1069, 1070, 1071, null, null);

--======= Insert Person id: 358 =======
INSERT INTO location (id, city, country, region, notes, latitude, longitude, fetch_status) VALUES (455, 'Samneröd', 'Bäve', '', '', 58.36834, 11.96089, 'FETCHED_WITH_SUCCESS');
INSERT INTO life_event (id, day, month, year, date, notes, location_id) VALUES (1072, 6, 4, 1808, '1808-04-06', '', 455);
INSERT INTO location (id, city, country, region, notes, latitude, longitude, fetch_status) VALUES (456, 'Göteborg', 'Sverige', '', '', 57.70067, 11.96822, 'FETCHED_WITH_SUCCESS');
INSERT INTO life_event (id, day, month, year, date, notes, location_id) VALUES (1073, 12, 6, 1905, '1905-06-12', '', 456);
INSERT INTO life_event (id, day, month, year, date, notes, location_id) VALUES (1074, null, null, null, null, '', null);
INSERT INTO person (id, first_name, last_name, middle_names, notes, sex, birth_id, death_id, burial_id, father_id, mother_id) VALUES (358, 'Magdalena', 'Hegardt', '', '(Tab 38:169 i GS).', 'WOMAN', 1072, 1073, 1074, null, null);

--======= Insert Person id: 359 =======
INSERT INTO location (id, city, country, region, notes, latitude, longitude, fetch_status) VALUES (457, 'Uddevalla', 'Sverige', '', '', 58.35096, 11.93264, 'FETCHED_WITH_SUCCESS');
INSERT INTO life_event (id, day, month, year, date, notes, location_id) VALUES (1075, 9, 5, 1810, '1810-05-09', '', 457);
INSERT INTO location (id, city, country, region, notes, latitude, longitude, fetch_status) VALUES (458, 'Uddevalla', 'Sverige', '', '', 58.35096, 11.93264, 'FETCHED_WITH_SUCCESS');
INSERT INTO life_event (id, day, month, year, date, notes, location_id) VALUES (1076, 15, 6, 1812, '1812-06-15', '', 458);
INSERT INTO life_event (id, day, month, year, date, notes, location_id) VALUES (1077, null, null, null, null, '', null);
INSERT INTO person (id, first_name, last_name, middle_names, notes, sex, birth_id, death_id, burial_id, father_id, mother_id) VALUES (359, 'Peter', 'Hegardt', '', '(Tab 38:170 i GS).', 'UNKNOWN', 1075, 1076, 1077, null, null);

--======= Insert Person id: 360 =======
INSERT INTO location (id, city, country, region, notes, latitude, longitude, fetch_status) VALUES (459, 'på Samneröd i Bäve', 'Sverige', '', '', 58.36834, 11.96089, 'FETCHED_WITH_SUCCESS');
INSERT INTO life_event (id, day, month, year, date, notes, location_id) VALUES (1078, 3, 1, 1812, '1812-01-03', '', 459);
INSERT INTO location (id, city, country, region, notes, latitude, longitude, fetch_status) VALUES (460, 'på Samneröd i Bäve', 'Sverige', '', '', 58.36834, 11.96089, 'FETCHED_WITH_SUCCESS');
INSERT INTO life_event (id, day, month, year, date, notes, location_id) VALUES (1079, 23, 10, 1812, '1812-10-23', '', 460);
INSERT INTO life_event (id, day, month, year, date, notes, location_id) VALUES (1080, null, null, null, null, '', null);
INSERT INTO person (id, first_name, last_name, middle_names, notes, sex, birth_id, death_id, burial_id, father_id, mother_id) VALUES (360, 'Maria', 'Hegardt', '', '(Tab 38:171 i GS).', 'UNKNOWN', 1078, 1079, 1080, null, null);

--======= Insert Person id: 361 =======
INSERT INTO location (id, city, country, region, notes, latitude, longitude, fetch_status) VALUES (461, 'på Samneröd i Bäve', 'Sverige', '', '', 58.36834, 11.96089, 'FETCHED_WITH_SUCCESS');
INSERT INTO life_event (id, day, month, year, date, notes, location_id) VALUES (1081, 9, 1, 1814, '1814-01-09', '', 461);
INSERT INTO location (id, city, country, region, notes, latitude, longitude, fetch_status) VALUES (462, 'Stora Kopparberg', 'Sverige', '', '', 59.87612, 14.9946, 'FETCHED_WITH_SUCCESS');
INSERT INTO life_event (id, day, month, year, date, notes, location_id) VALUES (1082, 5, 4, 1899, '1899-04-05', '', 462);
INSERT INTO life_event (id, day, month, year, date, notes, location_id) VALUES (1083, null, null, null, null, '', null);
INSERT INTO person (id, first_name, last_name, middle_names, notes, sex, birth_id, death_id, burial_id, father_id, mother_id) VALUES (361, 'Thorborg', 'Hegardt', 'Cecilia', '(Tab 38:172 i GS).', 'UNKNOWN', 1081, 1082, 1083, null, null);

--======= Insert Person id: 362 =======
INSERT INTO location (id, city, country, region, notes, latitude, longitude, fetch_status) VALUES (463, 'på Samneröd i Bäve', 'Sverige', '', '', 58.36834, 11.96089, 'FETCHED_WITH_SUCCESS');
INSERT INTO life_event (id, day, month, year, date, notes, location_id) VALUES (1084, 9, 2, 1816, '1816-02-09', '', 463);
INSERT INTO location (id, city, country, region, notes, latitude, longitude, fetch_status) VALUES (464, 'Starrkärr', 'Sverige', '', '', 58.11331, 11.84697, 'FETCHED_WITH_SUCCESS');
INSERT INTO life_event (id, day, month, year, date, notes, location_id) VALUES (1085, 27, 6, 1903, '1903-06-27', '', 464);
INSERT INTO life_event (id, day, month, year, date, notes, location_id) VALUES (1086, null, null, null, null, '', null);
INSERT INTO occupation (id, notes, day, month, year, date, location_id) VALUES (164, 'Kontraktsprost', null, null, null, null, null);
INSERT INTO person (id, first_name, last_name, middle_names, notes, sex, birth_id, death_id, burial_id, father_id, mother_id) VALUES (362, 'Lechard', 'Hegardt', 'Josias', '(Tab 40 i GS).
Student i Uppsala 1837. Teoretisk och praktisk teol examen 1841. Prästvigd 1842. Disputerade för pastoralexamen 1853 och avlade denna examen 1859.
Var åren 1838-40 informator hos friherre N Silferschöld på Koberg. Adjunkt i Forshälla församling hos svågerns bror, kyrkoherde Karl Ullman 1842-45. Adjunkt i domkyrkoförsamlingen i Göteborg 1845. Tf vice pastor där 1847 och vice pastor 1856 samt 1862 kyrkoherde i Starrkärrs pastorat, där han sedan verkade i nära 40 år och slöt sina dagar som stiftets senior. Kontraktsprost i domprosteriets norra kontrakt 1865-91. Ledamot av Göteborgs bibelsällskap 1853 och av Älvsborgs läns hushållningssällskap 1865. LVO 1885.
Hans liv och verksamhet "framgick i det stilla, ty H hörde aldrig till dem, som göra mycket buller av sig. För något sådant var han varken anlagd eller hågad. Tvärtom var han en fridens och därtill en kärlekens man. Utan att vara på huvudets vägnar i särskilt framstående grad utrustad saknade han därför ej gåvor. Han hade framför allt ganska goda predikogåvor, med vilka han ock med trohet ockrade; och då härtill kommer, att han även var begåvad med en god mässröst, kunde han både som homilet och liturg göra sig gällande, varför han ock var en gärna hörd församlingslärare. Lägga vi därtill, att han hade ett yttre utseende i hög grad för sig, samt att hans uppträdande präglades av värdighet och allvar, må vi väl om honom säga att han i ordets både egentliga och goda bemärkelse var ''en präst i sin prydno''.
H hade ett varmt hjärta för människors nöd, och detta ej blott för dem, som dvaldes i hans närmaste omgivning. Han hade tvärtom för kristendomens och den kristna kärlekens universalism både en vidsträckt syn och en innerlig nitälskan. Härav var en följd, att han på en tid, då det kyrkliga missionsintresset ännu till det mesta låg nere bland vårt folk och icke minst inom vårt stift, ådagalade ett öppet sinne för hednafolkens nöd och därmed även för missionens heliga sak samt i allmänhet för kyrkans kärleksverksamhet åt olika sidor. När därför vår svenska kyrka upprättat sin egen missionsverksamhet, låg denna honom mycket om hjärtat. --- I sin umgängelse var H en behaglig och älskvärd man med ett nobelt och fint sätt. Där vilade s a s en ljuv och angenäm doft över hela hans uppträdande; ja, där var ock i vissa avseenden i hans väsende och sätt något kvinnligt vekt, på samma gång han i andra avseenden var manligt härdad mer än de flesta. I senare hänseendet tillåta vi oss erinra om, hurusom de ej var ovanligt att få se den onekligen vackre mannen ända in på ålderdomen kalla vinterdagar vandra på stiftstadens gator, klädd endast i sin prästdräkt utan några ytterplagg. Vi skola ock sent glömma den både friska och ädla patriarkaliska gestalten, sådan den tedde sig för oss, när han ännu på den sena ålderns dagar med livligt intresse deltog i våra prästsällskapssammanträden eller andra dylika möten. --- H hade utan tvivel en estetisk läggning; för skön konst var han därför ock intresserad och ville gärna njuta därav. Men framför allt var han intresserad av sin heliga kallelse som en Herrans tjänare i predikoämbetet; och han tog därför ock sin ämbetsgärning på helt allvar. Det kändes ock påkostande för honom att för ålderdomsskröplighetens skull nödgas lämna allt mer och mer av detsamma. Han hördes ofta de senare åren yttra sin undergivna förundran däröver, att Øverherden lät honom gå kvar så länge, allt mer och mer oduglig för ämbetets verk, under det att många yngre medarbetare kallades bort från ämbetsfältet. Måhända låg det sanning uti, vad vi vid ett sådant tillfälle hörde en vida yngre ämbetsbroder än den gamle yttra, nämligen att Herren låter kanske den gamle leva därför, att ''vi yngre skola ha något att se på''. Och vi tro, att han var värd att ''se på'', att han i mer än ett avseende var för oss föredömlig. ---" (Göteborgs Stift-tidning 16/7 1903. Utförlig biografi se Carl S Lindblad "Till minnet av Lechard Josias Hegardt", Göteborg 1910.) Under de senare åren av sitt liv var H blind. Tacksamma församlingsbor har rest en minnesvård på hans grav.', 'MAN', 1084, 1085, 1086, null, null);

--======= Insert Person id: 363 =======
INSERT INTO location (id, city, country, region, notes, latitude, longitude, fetch_status) VALUES (465, 'på Samneröd i Bäve', 'Sverige', '', '', 58.36834, 11.96089, 'FETCHED_WITH_SUCCESS');
INSERT INTO life_event (id, day, month, year, date, notes, location_id) VALUES (1087, 15, 7, 1818, '1818-07-15', '', 465);
INSERT INTO location (id, city, country, region, notes, latitude, longitude, fetch_status) VALUES (466, 'Varberg', 'Sverige', '', '', 57.10789, 12.24901, 'FETCHED_WITH_SUCCESS');
INSERT INTO life_event (id, day, month, year, date, notes, location_id) VALUES (1088, 9, 5, 1907, '1907-05-09', '', 466);
INSERT INTO life_event (id, day, month, year, date, notes, location_id) VALUES (1089, null, null, null, null, '', null);
INSERT INTO person (id, first_name, last_name, middle_names, notes, sex, birth_id, death_id, burial_id, father_id, mother_id) VALUES (363, 'Maria', 'Hegardt', 'Teresia, Therese', '(Tab 38:185 i GS).', 'UNKNOWN', 1087, 1088, 1089, null, null);

--======= Insert Person id: 364 =======
INSERT INTO location (id, city, country, region, notes, latitude, longitude, fetch_status) VALUES (467, 'på Samneröd i Bäve', 'Sverige', '', '', 58.36834, 11.96089, 'FETCHED_WITH_SUCCESS');
INSERT INTO life_event (id, day, month, year, date, notes, location_id) VALUES (1090, 2, 4, 1820, '1820-04-02', '', 467);
INSERT INTO location (id, city, country, region, notes, latitude, longitude, fetch_status) VALUES (468, 'Alingsås', 'Sverige', '', '', 57.92963, 12.5324, 'FETCHED_WITH_SUCCESS');
INSERT INTO life_event (id, day, month, year, date, notes, location_id) VALUES (1091, 21, 4, 1910, '1910-04-21', '', 468);
INSERT INTO life_event (id, day, month, year, date, notes, location_id) VALUES (1092, null, null, null, null, '', null);
INSERT INTO person (id, first_name, last_name, middle_names, notes, sex, birth_id, death_id, burial_id, father_id, mother_id) VALUES (364, 'Sara', 'Hegardt', 'Maria', '(Tab 38:186 i GS).', 'UNKNOWN', 1090, 1091, 1092, null, null);

--======= Insert Person id: 365 =======
INSERT INTO location (id, city, country, region, notes, latitude, longitude, fetch_status) VALUES (469, 'Göteborg', 'Sverige', '', '', 57.70067, 11.96822, 'FETCHED_WITH_SUCCESS');
INSERT INTO life_event (id, day, month, year, date, notes, location_id) VALUES (1093, 18, 9, 1772, '1772-09-18', '', 469);
INSERT INTO location (id, city, country, region, notes, latitude, longitude, fetch_status) VALUES (470, 'Göteborg', 'Sverige', '', '', 57.70067, 11.96822, 'FETCHED_WITH_SUCCESS');
INSERT INTO life_event (id, day, month, year, date, notes, location_id) VALUES (1094, 17, 6, 1819, '1819-06-17', '', 470);
INSERT INTO life_event (id, day, month, year, date, notes, location_id) VALUES (1095, null, null, null, null, '', null);
INSERT INTO occupation (id, notes, day, month, year, date, location_id) VALUES (165, 'Tullförvaltare i göteborg', null, null, null, null, null);
INSERT INTO person (id, first_name, last_name, middle_names, notes, sex, birth_id, death_id, burial_id, father_id, mother_id) VALUES (365, 'Karl', 'Lamberg', 'August', '', 'UNKNOWN', 1093, 1094, 1095, null, null);

--======= Insert Person id: 366 =======
INSERT INTO location (id, city, country, region, notes, latitude, longitude, fetch_status) VALUES (471, 'Göteborg', 'Sverige', '', '', 57.70067, 11.96822, 'FETCHED_WITH_SUCCESS');
INSERT INTO life_event (id, day, month, year, date, notes, location_id) VALUES (1096, null, null, 1738, '1738-01-01', '', 471);
INSERT INTO location (id, city, country, region, notes, latitude, longitude, fetch_status) VALUES (472, 'Göteborg', 'Sverige', '', '', 57.70067, 11.96822, 'FETCHED_WITH_SUCCESS');
INSERT INTO life_event (id, day, month, year, date, notes, location_id) VALUES (1097, null, null, 1819, '1819-01-01', '', 472);
INSERT INTO life_event (id, day, month, year, date, notes, location_id) VALUES (1098, null, null, null, null, '', null);
INSERT INTO person (id, first_name, last_name, middle_names, notes, sex, birth_id, death_id, burial_id, father_id, mother_id) VALUES (366, 'Maria', 'Meister', 'Elisabet', '', 'WOMAN', 1096, 1097, 1098, null, null);

--======= Insert Person id: 367 =======
INSERT INTO location (id, city, country, region, notes, latitude, longitude, fetch_status) VALUES (473, 'Göteborg', 'Sverige', '', '', 57.70067, 11.96822, 'FETCHED_WITH_SUCCESS');
INSERT INTO life_event (id, day, month, year, date, notes, location_id) VALUES (1099, null, null, 1745, '1745-01-01', '', 473);
INSERT INTO location (id, city, country, region, notes, latitude, longitude, fetch_status) VALUES (474, 'Göteborg', 'Sverige', '', '', 57.70067, 11.96822, 'FETCHED_WITH_SUCCESS');
INSERT INTO life_event (id, day, month, year, date, notes, location_id) VALUES (1100, null, null, 1796, '1796-01-01', '', 474);
INSERT INTO life_event (id, day, month, year, date, notes, location_id) VALUES (1101, null, null, null, null, '', null);
INSERT INTO person (id, first_name, last_name, middle_names, notes, sex, birth_id, death_id, burial_id, father_id, mother_id) VALUES (367, 'Karl', 'Lamberg', '', '', 'MAN', 1099, 1100, 1101, null, null);

--======= Insert Person id: 368 =======
INSERT INTO location (id, city, country, region, notes, latitude, longitude, fetch_status) VALUES (475, 'på Blomsberg i Skee', 'Sverige', '', '', 57.65974, 14.71573, 'FETCHED_WITH_SUCCESS');
INSERT INTO life_event (id, day, month, year, date, notes, location_id) VALUES (1102, 3, 11, 1805, '1805-11-03', '', 475);
INSERT INTO location (id, city, country, region, notes, latitude, longitude, fetch_status) VALUES (476, 'Göteborg', 'Sverige', '', '', 57.70067, 11.96822, 'FETCHED_WITH_SUCCESS');
INSERT INTO life_event (id, day, month, year, date, notes, location_id) VALUES (1103, 10, 3, 1896, '1896-03-10', '', 476);
INSERT INTO life_event (id, day, month, year, date, notes, location_id) VALUES (1104, null, null, null, null, '', null);
INSERT INTO person (id, first_name, last_name, middle_names, notes, sex, birth_id, death_id, burial_id, father_id, mother_id) VALUES (368, 'Maria', 'Koch', 'Katarina, von', '', 'WOMAN', 1102, 1103, 1104, null, null);

--======= Insert Person id: 369 =======
INSERT INTO location (id, city, country, region, notes, latitude, longitude, fetch_status) VALUES (477, 'Strömstad', 'Sverige', '', '', 58.9387, 11.17124, 'FETCHED_WITH_SUCCESS');
INSERT INTO life_event (id, day, month, year, date, notes, location_id) VALUES (1105, 29, 7, 1825, '1825-07-29', '', 477);
INSERT INTO location (id, city, country, region, notes, latitude, longitude, fetch_status) VALUES (478, 'Ørebro', 'Sverige', '', '', 59.27084, 15.21759, 'FETCHED_WITH_SUCCESS');
INSERT INTO life_event (id, day, month, year, date, notes, location_id) VALUES (1106, 7, 5, 1892, '1892-05-07', '', 478);
INSERT INTO life_event (id, day, month, year, date, notes, location_id) VALUES (1107, null, null, null, null, '', null);
INSERT INTO person (id, first_name, last_name, middle_names, notes, sex, birth_id, death_id, burial_id, father_id, mother_id) VALUES (369, 'Peter', 'Hegardt', 'Maximilian', '(Tab 27:106 i GS).
Student vid Lunds universitet 1842 och avlade där juridisk preliminärexamen, men måste p g a sjukdom avbryta den akademiska banan. Studerade sedermera lantbruksskötsel i Skottland. Förvaltade en tid Gottenvik i Rönö sn (Østerg) och ägde sedan Närefors i Uvered sn (Skarab) samt arrenderade slutligen från 1876 till sin död Irvingholm i Tysslinge sn (Ørebro).
"En av alla omtyckt, stilla och vänsäll man. --- Af de kommunala uppdrag, som H innehade, må här nämnas ordförandeskap i kommunalnämnden och brandstodsnämnden." (Ner Alleh 9/5 1892.)', 'UNKNOWN', 1105, 1106, 1107, null, null);

--======= Insert Person id: 370 =======
INSERT INTO location (id, city, country, region, notes, latitude, longitude, fetch_status) VALUES (479, 'Strömstad', 'Sverige', '', '', 58.9387, 11.17124, 'FETCHED_WITH_SUCCESS');
INSERT INTO life_event (id, day, month, year, date, notes, location_id) VALUES (1108, 5, 3, 1827, '1827-03-05', '', 479);
INSERT INTO location (id, city, country, region, notes, latitude, longitude, fetch_status) VALUES (480, 'Strömstad', 'Sverige', '', '', 58.9387, 11.17124, 'FETCHED_WITH_SUCCESS');
INSERT INTO life_event (id, day, month, year, date, notes, location_id) VALUES (1109, 12, 6, 1843, '1843-06-12', '', 480);
INSERT INTO life_event (id, day, month, year, date, notes, location_id) VALUES (1110, null, null, null, null, '', null);
INSERT INTO person (id, first_name, last_name, middle_names, notes, sex, birth_id, death_id, burial_id, father_id, mother_id) VALUES (370, 'Karl', 'Hegardt', 'Vilhelm', '(Tab 27:107 i GS).', 'UNKNOWN', 1108, 1109, 1110, null, null);

--======= Insert Person id: 371 =======
INSERT INTO location (id, city, country, region, notes, latitude, longitude, fetch_status) VALUES (481, 'Strömstad', 'Sverige', '', '', 58.9387, 11.17124, 'FETCHED_WITH_SUCCESS');
INSERT INTO life_event (id, day, month, year, date, notes, location_id) VALUES (1111, 5, 3, 1827, '1827-03-05', '', 481);
INSERT INTO location (id, city, country, region, notes, latitude, longitude, fetch_status) VALUES (482, 'Stockholm', 'Sverige', '', '', 59.33257, 18.06683, 'FETCHED_WITH_SUCCESS');
INSERT INTO life_event (id, day, month, year, date, notes, location_id) VALUES (1112, 14, 12, 1898, '1898-12-14', '', 482);
INSERT INTO life_event (id, day, month, year, date, notes, location_id) VALUES (1113, null, null, null, null, '', null);
INSERT INTO occupation (id, notes, day, month, year, date, location_id) VALUES (166, 'Major', null, null, null, null, null);
INSERT INTO person (id, first_name, last_name, middle_names, notes, sex, birth_id, death_id, burial_id, father_id, mother_id) VALUES (371, 'Nils', 'Hegardt', 'Josias', '(Tab 28 i GS).
Genomgick Strömstads storskola och Göteborgs gymnasium samt avlade studentexamen i Uppsala 1847. Volontär vid Västgötadals regemente 1846. Furir 1847, kommenderad med regementet till Danmark 1848. Officersexamen 1849, underlöjtnant vid regementet samma år, löjtnant 1851, 2:e adjutant 1852 och 1:e adjutant 1853. 2:e kapten 1864, 1:e kapten och kompanichef 1872. Major i armén 1878 och avsked ur armén 1882. RSO 1873.
Var överkontrollör vid brännvinstillverkningen 1876-1897 och kontrollant vid denaturering av brännvin inom Stockholms stad 1897 till sin död.
Øverbefälhavare för Norra Hallands frivilliga skytteförening 1864 och för Alingsås d:o 1864-1872. Ägde Domö i Hjärpås (Skarab) 1856-1860.', 'MAN', 1111, 1112, 1113, null, null);

--======= Insert Person id: 372 =======
INSERT INTO location (id, city, country, region, notes, latitude, longitude, fetch_status) VALUES (483, 'Strömstad', 'Sverige', '', '', 58.9387, 11.17124, 'FETCHED_WITH_SUCCESS');
INSERT INTO life_event (id, day, month, year, date, notes, location_id) VALUES (1114, 2, 2, 1831, '1831-02-02', '', 483);
INSERT INTO location (id, city, country, region, notes, latitude, longitude, fetch_status) VALUES (484, 'Ørebro', 'Sverige', '', '', 59.27084, 15.21759, 'FETCHED_WITH_SUCCESS');
INSERT INTO life_event (id, day, month, year, date, notes, location_id) VALUES (1115, 19, 2, 1903, '1903-02-19', '', 484);
INSERT INTO life_event (id, day, month, year, date, notes, location_id) VALUES (1116, null, null, null, null, '', null);
INSERT INTO occupation (id, notes, day, month, year, date, location_id) VALUES (167, 'Godsägare', null, null, null, null, null);
INSERT INTO occupation (id, notes, day, month, year, date, location_id) VALUES (168, 'Øverstelöjtnant', null, null, null, null, null);
INSERT INTO person (id, first_name, last_name, middle_names, notes, sex, birth_id, death_id, burial_id, father_id, mother_id) VALUES (372, 'Henrik', 'Hegardt', 'Bernhard', '(Tab 34 i GS).
Kadett vid krigsakademin 1845 och utexaminerad 1850. Underlöjtnant vid Västgötadals regemente samma år och avancerade sedan till major 1878 vid samma regemente. Øverstelöjtnant och 1:e major vid Nerikes regemente 1882 samt avsked 1886. Genomgick GCI 1852-53. Øverbefälhavare för Vänersborgs frivilliga skarpskytteförening 1862-63. Stadsfullmäktig i Vänersborg 1867-82 och ordförande i drätselkammaren 1872-82. Ledamot av styrelsen för Vänersborgs enskilda bank 1867-82. Verkställande direktör i Uddevalla - Vänersborg - Herrljunga järnväg 1872-82. Ordförande i styrelsen för Ørebro enskilda bank 1892-1903. RSO 1874 och KVO 1899.
Ägde Irvingsholm och Latorp bruk, båda i Tysslinge sn (Ørebro).
"Såsom lantbrukare och ekonom har han sakkunnigt förvaltat sina stora egendomar. --- För Ørebro-Svartå järnväg hyste han livligt intresse och bidrog i sin mån att föra den förbindelsen igenom. Senaste tiden har han ock genom att låta taga elektrisk kraft till hjälp i jordbruksdriften visat, att han fortfarande förstod att följa med sin tid. I Ørebro spritförsäljningsbolag var han en av revisorerna och vid Hushållningssällskapets nyligen firade 100-årsfest hade vi tillfälle erinra om hans medverkan i dess tjänst. --- H var en reslig, mager man med skarpa drag, som lystes upp av ett par vänliga ögon." (Ner Alleh 20/2 1903.)', 'MAN', 1114, 1115, 1116, null, null);

--======= Insert Person id: 373 =======
INSERT INTO location (id, city, country, region, notes, latitude, longitude, fetch_status) VALUES (485, 'Strömstad', 'Sverige', '', '', 58.9387, 11.17124, 'FETCHED_WITH_SUCCESS');
INSERT INTO life_event (id, day, month, year, date, notes, location_id) VALUES (1117, 21, 1, 1833, '1833-01-21', '', 485);
INSERT INTO location (id, city, country, region, notes, latitude, longitude, fetch_status) VALUES (486, 'Göteborg', 'Sverige', '', '', 57.70067, 11.96822, 'FETCHED_WITH_SUCCESS');
INSERT INTO life_event (id, day, month, year, date, notes, location_id) VALUES (1118, 13, 8, 1898, '1898-08-13', '', 486);
INSERT INTO life_event (id, day, month, year, date, notes, location_id) VALUES (1119, null, null, null, null, '', null);
INSERT INTO occupation (id, notes, day, month, year, date, location_id) VALUES (169, 'Grosshandlare i göteborg', null, null, null, null, null);
INSERT INTO person (id, first_name, last_name, middle_names, notes, sex, birth_id, death_id, burial_id, father_id, mother_id) VALUES (373, 'John', 'Hegardt', '', '(Tab 27:142 i GS).', 'UNKNOWN', 1117, 1118, 1119, null, null);

--======= Insert Person id: 374 =======
INSERT INTO location (id, city, country, region, notes, latitude, longitude, fetch_status) VALUES (487, 'Strömstad', 'Sverige', '', '', 58.9387, 11.17124, 'FETCHED_WITH_SUCCESS');
INSERT INTO life_event (id, day, month, year, date, notes, location_id) VALUES (1120, 16, 3, 1839, '1839-03-16', '', 487);
INSERT INTO location (id, city, country, region, notes, latitude, longitude, fetch_status) VALUES (488, 'Göteborg', 'Sverige', '', '', 57.70067, 11.96822, 'FETCHED_WITH_SUCCESS');
INSERT INTO life_event (id, day, month, year, date, notes, location_id) VALUES (1121, 22, 8, 1911, '1911-08-22', '', 488);
INSERT INTO life_event (id, day, month, year, date, notes, location_id) VALUES (1122, null, null, null, null, '', null);
INSERT INTO person (id, first_name, last_name, middle_names, notes, sex, birth_id, death_id, burial_id, father_id, mother_id) VALUES (374, 'Sofia', 'Hegardt', 'Selma, Adelaide', '(Tab 27:143 i GS).', 'UNKNOWN', 1120, 1121, 1122, null, null);

--======= Insert Person id: 375 =======
INSERT INTO location (id, city, country, region, notes, latitude, longitude, fetch_status) VALUES (489, 'Strömstad', 'Sverige', '', '', 58.9387, 11.17124, 'FETCHED_WITH_SUCCESS');
INSERT INTO life_event (id, day, month, year, date, notes, location_id) VALUES (1123, 1, 10, 1840, '1840-10-01', '', 489);
INSERT INTO location (id, city, country, region, notes, latitude, longitude, fetch_status) VALUES (490, 'på Björkedalen i Göteborg', 'Sverige', '', '', 57.78497, 12.10035, 'FETCHED_WITH_SUCCESS');
INSERT INTO life_event (id, day, month, year, date, notes, location_id) VALUES (1124, 8, 8, 1879, '1879-08-08', '', 490);
INSERT INTO life_event (id, day, month, year, date, notes, location_id) VALUES (1125, null, null, null, null, '', null);
INSERT INTO occupation (id, notes, day, month, year, date, location_id) VALUES (170, 'Jurist', null, null, null, null, null);
INSERT INTO person (id, first_name, last_name, middle_names, notes, sex, birth_id, death_id, burial_id, father_id, mother_id) VALUES (375, 'Axel', 'Hegardt', 'Kristian', '(Tab 36 i GS).
Studentexamen i Lund 1857. Jur prel examen 1858. Examen för inträde vid rikets rättegångsverk 1861. Auskultant i hovrätten över Skåne och Blekinge samma år och i Göta hovrätt 1863. Tjänstgjorde som biträde åt lantdomare åren 1861?66 och från 1866 i Göteborgs poliskammare. Polissekreterare där 1869. Sekreterare i fattigvårdsstyrelsen samma år. Hade åren 1869?73 åtskilliga förordnanden som stadsnotarie. Blev sterbhusnotarie 1874.
Är liksom sin hustru gravsatt på Fristads kyrkogård i von Kochska familjegraven.', 'MAN', 1123, 1124, 1125, null, null);

--======= Insert Person id: 376 =======
INSERT INTO location (id, city, country, region, notes, latitude, longitude, fetch_status) VALUES (491, 'Strömstad', 'Sverige', '', '', 58.9387, 11.17124, 'FETCHED_WITH_SUCCESS');
INSERT INTO life_event (id, day, month, year, date, notes, location_id) VALUES (1126, 19, 10, 1846, '1846-10-19', '', 491);
INSERT INTO location (id, city, country, region, notes, latitude, longitude, fetch_status) VALUES (492, 'Göteborg', 'Sverige', '', '', 57.70067, 11.96822, 'FETCHED_WITH_SUCCESS');
INSERT INTO life_event (id, day, month, year, date, notes, location_id) VALUES (1127, 10, 7, 1911, '1911-07-10', '', 492);
INSERT INTO life_event (id, day, month, year, date, notes, location_id) VALUES (1128, null, null, null, null, '', null);
INSERT INTO occupation (id, notes, day, month, year, date, location_id) VALUES (171, 'Stadsauktuarie', null, null, null, null, null);
INSERT INTO person (id, first_name, last_name, middle_names, notes, sex, birth_id, death_id, burial_id, father_id, mother_id) VALUES (376, 'Karl', 'Hegardt', 'Francis, Vilhelm', '(Tab 27:149 i GS).
Mogenhetsexamen i Göteborg 1866. Student i Uppsala samma år. juridisk preliminärexamen 1867. Hovrättsexamen 1870. Auskultant i Göta hovrätt 1871 och eo notarie där samma år. Tf domhavande i Fjäre och Viske häraders domsaga sammanlagt 2 månader under 1872 och 1873. V häradshövding 1873. Hade åren 1876, 1878 och 1879 förordnanden som sekreterare i Göteborgs fattigvårdsstyrelse och 1881-1883 som stadsnotarie vid rådhusrätten. Kanslist hos stadsauktuarien 1879. Polisnotarie 1884. Polissekreterare samma år och stadsauktuarie 1894 till sin död (allt i Göteborg).
"Hegardt var av ett rätt inbundet väsen. Bakom den till synes sträva ytan doldes emellertid ett utomordentligt gott hjärta och en hjälpsamhet som aldrig tvekade, då det gällde att räcka en nödställd en stödjande hand. I sitt arbete var han utpräglat punktlig och noggrann, och ett mönster av plikttrohet. (Göteb H & Sj tidn 10/7 1911.) Francis var en framstående violinist och medlem i ett enskilt kammarmusiksällskap.', 'UNKNOWN', 1126, 1127, 1128, null, null);

--======= Insert Person id: 377 =======
INSERT INTO life_event (id, day, month, year, date, notes, location_id) VALUES (1129, null, null, null, null, '', null);
INSERT INTO life_event (id, day, month, year, date, notes, location_id) VALUES (1130, null, null, null, null, '', null);
INSERT INTO life_event (id, day, month, year, date, notes, location_id) VALUES (1131, null, null, null, null, '', null);
INSERT INTO person (id, first_name, last_name, middle_names, notes, sex, birth_id, death_id, burial_id, father_id, mother_id) VALUES (377, 'Sofia', 'Hummelhielm', 'Charlotta', '', 'WOMAN', 1129, 1130, 1131, null, null);

--======= Insert Person id: 378 =======
INSERT INTO life_event (id, day, month, year, date, notes, location_id) VALUES (1132, null, null, null, null, '', null);
INSERT INTO life_event (id, day, month, year, date, notes, location_id) VALUES (1133, null, null, null, null, '', null);
INSERT INTO life_event (id, day, month, year, date, notes, location_id) VALUES (1134, null, null, null, null, '', null);
INSERT INTO occupation (id, notes, day, month, year, date, location_id) VALUES (172, 'Major', null, null, null, null, null);
INSERT INTO person (id, first_name, last_name, middle_names, notes, sex, birth_id, death_id, burial_id, father_id, mother_id) VALUES (378, 'Nils', 'Koch', 'von', 'Adliga ätten nr 2244.', 'MAN', 1132, 1133, 1134, null, null);

--======= Insert Person id: 379 =======
INSERT INTO location (id, city, country, region, notes, latitude, longitude, fetch_status) VALUES (493, 'på St Måå i Fjärås', 'Sverige', '', '', 57.47342, 12.24389, 'FETCHED_WITH_SUCCESS');
INSERT INTO life_event (id, day, month, year, date, notes, location_id) VALUES (1135, 6, 7, 1834, '1834-07-06', '', 493);
INSERT INTO location (id, city, country, region, notes, latitude, longitude, fetch_status) VALUES (494, 'Stockholm', 'Sverige', '', '', 59.33257, 18.06683, 'FETCHED_WITH_SUCCESS');
INSERT INTO life_event (id, day, month, year, date, notes, location_id) VALUES (1136, 18, 2, 1918, '1918-02-18', '', 494);
INSERT INTO life_event (id, day, month, year, date, notes, location_id) VALUES (1137, null, null, null, null, '', null);
INSERT INTO person (id, first_name, last_name, middle_names, notes, sex, birth_id, death_id, burial_id, father_id, mother_id) VALUES (379, 'Klara', 'Jeanson', 'Rosalie, Elise', '', 'WOMAN', 1135, 1136, 1137, null, null);

--======= Insert Person id: 380 =======
INSERT INTO location (id, city, country, region, notes, latitude, longitude, fetch_status) VALUES (495, 'på Kjellshagen i Vänersborg', 'Sverige', '', '', 58.38189, 12.3243, 'FETCHED_WITH_SUCCESS');
INSERT INTO life_event (id, day, month, year, date, notes, location_id) VALUES (1138, 8, 11, 1854, '1854-11-08', '', 495);
INSERT INTO location (id, city, country, region, notes, latitude, longitude, fetch_status) VALUES (496, 'Stockholm', 'Sverige', '', '', 59.33257, 18.06683, 'FETCHED_WITH_SUCCESS');
INSERT INTO life_event (id, day, month, year, date, notes, location_id) VALUES (1139, 31, 10, 1905, '1905-10-31', '', 496);
INSERT INTO life_event (id, day, month, year, date, notes, location_id) VALUES (1140, null, null, null, null, '', null);
INSERT INTO occupation (id, notes, day, month, year, date, location_id) VALUES (173, 'Grosshandlare', null, null, null, null, null);
INSERT INTO person (id, first_name, last_name, middle_names, notes, sex, birth_id, death_id, burial_id, father_id, mother_id) VALUES (380, 'Nils', 'Hegardt', 'Johannes', '(Tab 29 i GS).
Mogenhetsexamen 1874 i Vänersborg (P).
Handelsbokhållare i Göteborg 1874-76. Flyttade 1876 till Paris, Frankrike, där han idkade grosshandel till 1901, då han återvände till Sverige.', 'MAN', 1138, 1139, 1140, null, null);

--======= Insert Person id: 381 =======
INSERT INTO location (id, city, country, region, notes, latitude, longitude, fetch_status) VALUES (497, 'på Domö', 'Sverige', '', '', 58.60493, 11.64557, 'FETCHED_WITH_SUCCESS');
INSERT INTO life_event (id, day, month, year, date, notes, location_id) VALUES (1141, 9, 12, 1857, '1857-12-09', '', 497);
INSERT INTO location (id, city, country, region, notes, latitude, longitude, fetch_status) VALUES (498, 'Haro', 'Spanien', '', '', 42.57778, -2.84976, 'FETCHED_WITH_SUCCESS');
INSERT INTO life_event (id, day, month, year, date, notes, location_id) VALUES (1142, 20, 2, 1928, '1928-02-20', '', 498);
INSERT INTO life_event (id, day, month, year, date, notes, location_id) VALUES (1143, null, null, null, null, '', null);
INSERT INTO occupation (id, notes, day, month, year, date, location_id) VALUES (174, 'Grosshandlare', null, null, null, null, null);
INSERT INTO person (id, first_name, last_name, middle_names, notes, sex, birth_id, death_id, burial_id, father_id, mother_id) VALUES (381, 'Karl', 'Hegardt', 'Vilhelm', '(Tab 30 i GS).
Utflyttad till Haro, Spanien 1884 från Göteborg (O).
Handelsbokhållare i Varberg 1877 och i Göteborg 1878-1884. Flyttade 1884 till Spanien och idkade grosshandel i Huelva, Sevilla, Haro och Bilbao. 1898 flyttade han till Oslo och var grosshandlare där till 1901, då han återvände till Spanien och bosatte sig i Haro. Konverterade till katolicism 1890.', 'MAN', 1141, 1142, 1143, null, null);

--======= Insert Person id: 382 =======
INSERT INTO location (id, city, country, region, notes, latitude, longitude, fetch_status) VALUES (499, 'Domö', 'Sverige', '', '', 59.5939, 13.42086, 'FETCHED_WITH_SUCCESS');
INSERT INTO life_event (id, day, month, year, date, notes, location_id) VALUES (1144, 24, 6, 1859, '1859-06-24', '', 499);
INSERT INTO location (id, city, country, region, notes, latitude, longitude, fetch_status) VALUES (500, 'Oakland', 'USA', 'Californien', '', 37.80508, -122.27307, 'FETCHED_WITH_SUCCESS');
INSERT INTO life_event (id, day, month, year, date, notes, location_id) VALUES (1145, 1, 9, 1942, '1942-09-01', '', 500);
INSERT INTO life_event (id, day, month, year, date, notes, location_id) VALUES (1146, null, null, null, null, '', null);
INSERT INTO occupation (id, notes, day, month, year, date, location_id) VALUES (175, 'Chefsingenjör', null, null, null, null, null);
INSERT INTO person (id, first_name, last_name, middle_names, notes, sex, birth_id, death_id, burial_id, father_id, mother_id) VALUES (382, 'Gustaf', 'Hegardt', 'Bernhard', '(Tab 31 i GS).
Genomgick Borås tekniska elementarläroverk 1874?1877. Nivellör vid byggandet av Lidköping - Håkanstorps järnväg 1877-1878 och av Borås - Herrljunga järnväg 1878-1880.
1880 flyttade han till USA. Var åren 1881-1906 anställd som ingenjör vid Förenta staternas väg- och vattenbyggnadskår och fick i denna egenskap 1890 i uppdrag att som chefsingenjör förestå befästningsarbetena vid Colombiaflodens utlopp i Stilla havet.
Här utfördes under hans ledning, i närheten av staden Astoria i Oregon, Fort Stevens m fl fästningsverk samt omfattande hamnförbättringar, som byggandet av vågbrytare mm, arbeten som tog 15 år och vilkas omfattning framgår av att hamndjupet ökades från 20 till 46 fot vid lågvatten.
Därefter bosatte han sig i Portland, Oregon, som konsulterande ingenjör och direktör i The Western Oregon Trust Company.
Anställdes 1912 som chefsingenjör vid de beslutade hamnanläggningarna i Portland och skapade där ett hamnsystem, som anses som det främsta på USA:s västkust.
Under 1925-1926 gjorde han tillsammans med två andra ingenjörer upp en plan för hamnanläggningarna i Oakland, Californien och utsågs till chefsingenjör för dessa anläggningar. Efter dessas fullbordande blev han hamndirektör i Oakland och avgick från denna tjänst 1931 p g a ohälsa.', 'MAN', 1144, 1145, 1146, null, null);

--======= Insert Person id: 383 =======
INSERT INTO location (id, city, country, region, notes, latitude, longitude, fetch_status) VALUES (501, 'Kungsbacka', 'Sverige', '', '', 57.48923, 12.07848, 'FETCHED_WITH_SUCCESS');
INSERT INTO life_event (id, day, month, year, date, notes, location_id) VALUES (1147, 5, 10, 1861, '1861-10-05', '', 501);
INSERT INTO location (id, city, country, region, notes, latitude, longitude, fetch_status) VALUES (502, 'Malmö', 'Sverige', '', '', 55.59669, 13.0011, 'FETCHED_WITH_SUCCESS');
INSERT INTO life_event (id, day, month, year, date, notes, location_id) VALUES (1148, 23, 6, 1946, '1946-06-23', '', 502);
INSERT INTO life_event (id, day, month, year, date, notes, location_id) VALUES (1149, null, null, null, null, '', null);
INSERT INTO person (id, first_name, last_name, middle_names, notes, sex, birth_id, death_id, burial_id, father_id, mother_id) VALUES (383, 'Knut', 'Hegardt', 'Evald', '(Tab 32 i GS).
Mogenhetsexamen i Skara 1881. Handelsbokhållare i Göteborg 1881-1896. Sistnämnda år chef för firman Ludvig Holming & Co i Malmö. Lämnade 1934 i samband med en svår sjukdom kompanjonskapet och arbetet.
Intresserad medlem av Odd Fellows, som han tillhört sedan Göteborgstiden. Tillhörde Skaradjäknarnas förening. Livligt intresserad av såväl Malmö som Göteborgs snabba utveckling.
Gästfri och sällskaplig, sång- och musikintresserad liksom sin maka. Fördragsamhet och mjukare sätt efterträdde med åren tidigare stridbarhet och stränghet. Anspråkslös för egen del kände han givandets glädje. Väl medveten om ägandets förpliktelser gjorde han gott utan många åthävor. Humor och gladlynthet ägde han i rikt mått. Utrustad med förnöjsamhet och en mycket god hälsa fick han, till stor glädje för de sina, behålla full vigör livet ut.
Mycket släktkär levde han sina senare år nästan helt för döttrar och familjekretsen i vidare bemärkelse.', 'MAN', 1147, 1148, 1149, null, null);

--======= Insert Person id: 384 =======
INSERT INTO location (id, city, country, region, notes, latitude, longitude, fetch_status) VALUES (503, 'Alingsås', 'Sverige', '', '', 57.92963, 12.5324, 'FETCHED_WITH_SUCCESS');
INSERT INTO life_event (id, day, month, year, date, notes, location_id) VALUES (1150, 25, 11, 1866, '1866-11-25', '', 503);
INSERT INTO location (id, city, country, region, notes, latitude, longitude, fetch_status) VALUES (504, 'Norrköping', 'Sverige', '', '', 58.58462, 16.19376, 'FETCHED_WITH_SUCCESS');
INSERT INTO life_event (id, day, month, year, date, notes, location_id) VALUES (1151, 12, 4, 1916, '1916-04-12', '', 504);
INSERT INTO life_event (id, day, month, year, date, notes, location_id) VALUES (1152, null, null, null, null, '', null);
INSERT INTO person (id, first_name, last_name, middle_names, notes, sex, birth_id, death_id, burial_id, father_id, mother_id) VALUES (384, 'Hedvig', 'Hegardt', 'Maria, Eleonora', '(Tab 28:127 i GS).
Genomgick elementarskola för flickor i Lidköping 1876-1884 och högre lärarinneseminarium i Stockholm 1884-1887. Vistades i Tyskland och Frankrike 1891-1893. Lärarinna vid Arvika flickskola 1893-1899, vid Whitlockska skolan i Stockholm 1899-1900, vid Norrtälje flickskola 1900-1903 och vid Nya Elementarskolan för flickor i Norrköping 1903-1916.
"Alla som kände henne närmare visste vilken stark, helgjuten personlighet hon var. Intet svek bodde hos henne. Skulle en kort sammanfattning givas av hennes väsen passar bäst det ordet sanning. Hon älskade sanningen, levde i sanningen. Ren och klar var hon i ord och gärning, omutligt rättrådig. Men hon var ock barmhärtig och god mer än de flesta. --- Plikttrogen var hon till det yttersta. Och till sanning och plikttrohet ville hon fostra den ungdom hon hade hand om. Såsom lärarinna var hon i sällsynt grad framstående, såväl i kunskaper som i förmågan att undervisa ---." (Norrk Tidn 12/4 1916.)', 'UNKNOWN', 1150, 1151, 1152, null, null);

--======= Insert Person id: 385 =======
INSERT INTO location (id, city, country, region, notes, latitude, longitude, fetch_status) VALUES (505, 'Alingsås', 'Sverige', '', '', 57.92963, 12.5324, 'FETCHED_WITH_SUCCESS');
INSERT INTO life_event (id, day, month, year, date, notes, location_id) VALUES (1153, 3, 10, 1868, '1868-10-03', '', 505);
INSERT INTO location (id, city, country, region, notes, latitude, longitude, fetch_status) VALUES (506, 'Stockholm', 'Sverige', '', '', 59.33257, 18.06683, 'FETCHED_WITH_SUCCESS');
INSERT INTO life_event (id, day, month, year, date, notes, location_id) VALUES (1154, 15, 6, 1945, '1945-06-15', '', 506);
INSERT INTO life_event (id, day, month, year, date, notes, location_id) VALUES (1155, null, null, null, null, '', null);
INSERT INTO occupation (id, notes, day, month, year, date, location_id) VALUES (176, 'Generallöjtnant', null, null, null, null, null);
INSERT INTO person (id, first_name, last_name, middle_names, notes, sex, birth_id, death_id, burial_id, father_id, mother_id) VALUES (385, 'Peter', 'Hegardt', 'Josias', '(Tab 33 i GS).
Författare till "Gamla släktboken".
Mogenhetsexamen i Skara 1887. Volontär vid Bohusläns regemente 1887, sergeant 1888, officersexamen 1889, underlöjtnant samma år; löjtnant 1899; aspirant vid generalstaben 1899-1901. Stabsadjutant och löjtnant där 1902 och kapten 1903. Kapten i Bohusläns regemente samma år, vid Västgöta regemente 1907 och åter generalstaben 1910. Øveradjutant och major där samma år. Øverstelöjtnant i staben 1913 och. vid Hallands regemente 1914. Tf chef för detta regemente 1915. Øverste i regementet 1916 och dess chef 1917. Chef för 1:a brigaden 1920 samt generalmajor och chef för 6:e arméfördelningen 1926.
Genomgick krigshögskolan 1896?1898. Kommenderad till Ryssland 1902. Militärattaché i Tokyo 1901-1905 och under tiden där (1904-1905) vid 1:a japanska fältarmén i Kina. Generallöjtnant i armén 1933. Avsked med skyldighet att inträda i generalitetets reserv 1933. Ur reserven 1938.
1:e lärare i krigskonst vid krigshögskolan 1907-1909. Stabschef vid 3:e arméfördelningen 1910-1912. Chef för inf skjutskolan 1913-1915. Ledamot av styrelsen för landstormsföreningarnas centralförbund 1913?1919 och ordförande i dess verkställande utskott 1913?1915. Sakkunnig för inf skjutskolans förläggning mm 1913-1914 och 1917-1918 samt utarbetande av nytt inf exercisreglemente 1923-1924. RSO 1910, RVO 2:a kl 1919 och 1:a kl 1922, landst GM samma år, JHSO 1905, RFrHL 1906, JFM 1907 och led Kr V A 1913. Tilldelad Hallands- Nordvästra Skånes landstormsförbunds guldmedalj vid förbundets 20-årsjubileum 1928. Komm av Finlands vita Ros 1:a kl 1933. K Fr H L 1930. K msth O 1933. R C XIII O 1936.
Har innehaft diverse kommunala och likartade uppdrag i Halmstad. Från 1936 kanslichef i Svenska Frimurarorden.', 'MAN', 1153, 1154, 1155, null, null);

--======= Insert Person id: 386 =======
INSERT INTO location (id, city, country, region, notes, latitude, longitude, fetch_status) VALUES (507, 'Lidköping', 'Sverige', '', '', 58.50331, 13.15843, 'FETCHED_WITH_SUCCESS');
INSERT INTO life_event (id, day, month, year, date, notes, location_id) VALUES (1156, 5, 9, 1876, '1876-09-05', '', 507);
INSERT INTO location (id, city, country, region, notes, latitude, longitude, fetch_status) VALUES (508, 'på Marielunds sjukhem i Lidingö', 'Sverige', '', '', 59.8431, 17.87723, 'FETCHED_WITH_SUCCESS');
INSERT INTO life_event (id, day, month, year, date, notes, location_id) VALUES (1157, 8, 1, 1969, '1969-01-08', '', 508);
INSERT INTO life_event (id, day, month, year, date, notes, location_id) VALUES (1158, null, null, null, null, '', null);
INSERT INTO person (id, first_name, last_name, middle_names, notes, sex, birth_id, death_id, burial_id, father_id, mother_id) VALUES (386, 'Cecilia', 'Hegardt', 'Elisabet', '(Tab 28:133 i GS).
Genomgick elementarskolan för flickor i Lidköping 1885-91 och Schwartzska skolan i Stockholm 1891-93. Anställd vid Städernas allmänna brandstodsbolag i Stockholm 1897 och huvudkassör sedan 1914. Avgick med pension 1941, men kvarstod i tjänst ytterliggare några år. Tilldelad bolagets förtjänstmedalj i guld vid dess 100-årsjubileum 1928.', 'UNKNOWN', 1156, 1157, 1158, null, null);

--======= Insert Person id: 387 =======
INSERT INTO location (id, city, country, region, notes, latitude, longitude, fetch_status) VALUES (509, 'Stockholm', 'Sverige', '', '', 59.33257, 18.06683, 'FETCHED_WITH_SUCCESS');
INSERT INTO life_event (id, day, month, year, date, notes, location_id) VALUES (1159, 5, 9, 1841, '1841-09-05', '', 509);
INSERT INTO location (id, city, country, region, notes, latitude, longitude, fetch_status) VALUES (510, 'Ørebro', 'Sverige', '', '', 59.27084, 15.21759, 'FETCHED_WITH_SUCCESS');
INSERT INTO life_event (id, day, month, year, date, notes, location_id) VALUES (1160, 16, 2, 1918, '1918-02-16', '', 510);
INSERT INTO life_event (id, day, month, year, date, notes, location_id) VALUES (1161, null, null, null, null, '', null);
INSERT INTO person (id, first_name, last_name, middle_names, notes, sex, birth_id, death_id, burial_id, father_id, mother_id) VALUES (387, 'Augusta', 'Dugge', 'Gusting, Fredrika', '', 'WOMAN', 1159, 1160, 1161, null, null);

--======= Insert Person id: 388 =======
INSERT INTO location (id, city, country, region, notes, latitude, longitude, fetch_status) VALUES (511, 'på Latorp', 'Sverige', '', '', 59.27846, 14.99014, 'FETCHED_WITH_SUCCESS');
INSERT INTO life_event (id, day, month, year, date, notes, location_id) VALUES (1162, 24, 8, 1864, '1864-08-24', '', 511);
INSERT INTO location (id, city, country, region, notes, latitude, longitude, fetch_status) VALUES (512, 'Vänersborg', 'Sverige', '', '', 58.38189, 12.3243, 'FETCHED_WITH_SUCCESS');
INSERT INTO life_event (id, day, month, year, date, notes, location_id) VALUES (1163, 10, 11, 1868, '1868-11-10', '', 512);
INSERT INTO life_event (id, day, month, year, date, notes, location_id) VALUES (1164, null, null, null, null, '', null);
INSERT INTO person (id, first_name, last_name, middle_names, notes, sex, birth_id, death_id, burial_id, father_id, mother_id) VALUES (388, 'Augusta', 'Hegardt', 'Maria, Helena', '(Tab 34:135 i GS).', 'UNKNOWN', 1162, 1163, 1164, null, null);

--======= Insert Person id: 389 =======
INSERT INTO location (id, city, country, region, notes, latitude, longitude, fetch_status) VALUES (513, 'Vänersborg', 'Sverige', '', '', 58.38189, 12.3243, 'FETCHED_WITH_SUCCESS');
INSERT INTO life_event (id, day, month, year, date, notes, location_id) VALUES (1165, 23, 11, 1865, '1865-11-23', '', 513);
INSERT INTO location (id, city, country, region, notes, latitude, longitude, fetch_status) VALUES (514, 'på Latorpsbruk', 'Sverige', '', '', 57.03225, 14.57386, 'FETCHED_WITH_SUCCESS');
INSERT INTO life_event (id, day, month, year, date, notes, location_id) VALUES (1166, 2, 9, 1939, '1939-09-02', '', 514);
INSERT INTO life_event (id, day, month, year, date, notes, location_id) VALUES (1167, null, null, null, null, '', null);
INSERT INTO person (id, first_name, last_name, middle_names, notes, sex, birth_id, death_id, burial_id, father_id, mother_id) VALUES (389, 'Marianne', 'Hegardt', '', '(Tab 34:136 i GS).', 'UNKNOWN', 1165, 1166, 1167, null, null);

--======= Insert Person id: 390 =======
INSERT INTO location (id, city, country, region, notes, latitude, longitude, fetch_status) VALUES (515, 'Vänersborg', 'Sverige', '', '', 58.38189, 12.3243, 'FETCHED_WITH_SUCCESS');
INSERT INTO life_event (id, day, month, year, date, notes, location_id) VALUES (1168, 1, 11, 1869, '1869-11-01', '', 515);
INSERT INTO location (id, city, country, region, notes, latitude, longitude, fetch_status) VALUES (516, 'Stockholm', 'Sverige', '', '', 59.33257, 18.06683, 'FETCHED_WITH_SUCCESS');
INSERT INTO life_event (id, day, month, year, date, notes, location_id) VALUES (1169, 18, 2, 1934, '1934-02-18', '', 516);
INSERT INTO life_event (id, day, month, year, date, notes, location_id) VALUES (1170, null, null, null, null, '', null);
INSERT INTO occupation (id, notes, day, month, year, date, location_id) VALUES (177, 'Godsägare', null, null, null, null, null);
INSERT INTO occupation (id, notes, day, month, year, date, location_id) VALUES (178, 'Ryttmästare', null, null, null, null, null);
INSERT INTO person (id, first_name, last_name, middle_names, notes, sex, birth_id, death_id, burial_id, father_id, mother_id) VALUES (390, 'Johan', 'Hegardt', 'Henrik, Bernhard', '(Tab 35 i GS).
Studentexamen i Ørebro 1889. Volontär vid Livregementets husarkår 1889. Sergeant 1890. Officersexamen 1891. Löjtnant 1899. Avsked med tillstånd att kvarstå i reserven 1903. Ryttmästare i reserven 1909 och avsked ur reserven 1929.
Genomgick ridskolan 1892?93 och skjutskolan 1897 samt GCI 1898?99. Ledamot av styrelsen för Ultuna lantbruksinstitut 1915. Ledamot av riksdagens 1:a kammare för Ørebro län 1918?19. RVO 1911, RNO 1925 och KrVO 1930.
Ägde Latorps bruk och från 1919 Thorsätra gård i V Ryd (Upps).', 'MAN', 1168, 1169, 1170, null, null);

--======= Insert Person id: 391 =======
INSERT INTO location (id, city, country, region, notes, latitude, longitude, fetch_status) VALUES (517, 'Karlstad', 'Sverige', '', '', 59.3805, 13.49937, 'FETCHED_WITH_SUCCESS');
INSERT INTO life_event (id, day, month, year, date, notes, location_id) VALUES (1171, 3, 9, 1824, '1824-09-03', '', 517);
INSERT INTO location (id, city, country, region, notes, latitude, longitude, fetch_status) VALUES (518, 'Göteborg', 'Sverige', '', '', 57.70067, 11.96822, 'FETCHED_WITH_SUCCESS');
INSERT INTO life_event (id, day, month, year, date, notes, location_id) VALUES (1172, 31, 1, 1896, '1896-01-31', '', 518);
INSERT INTO life_event (id, day, month, year, date, notes, location_id) VALUES (1173, null, null, null, null, '', null);
INSERT INTO occupation (id, notes, day, month, year, date, location_id) VALUES (179, 'Auditör och häradshövding', null, null, null, null, null);
INSERT INTO person (id, first_name, last_name, middle_names, notes, sex, birth_id, death_id, burial_id, father_id, mother_id) VALUES (391, 'Johan', 'Lindberg', 'Samuel, Svante, Mauritz', '', 'UNKNOWN', 1171, 1172, 1173, null, null);

--======= Insert Person id: 392 =======
INSERT INTO location (id, city, country, region, notes, latitude, longitude, fetch_status) VALUES (519, 'Stockholm', 'Sverige', '', '', 59.33257, 18.06683, 'FETCHED_WITH_SUCCESS');
INSERT INTO life_event (id, day, month, year, date, notes, location_id) VALUES (1174, 14, 5, 1845, '1845-05-14', '', 519);
INSERT INTO location (id, city, country, region, notes, latitude, longitude, fetch_status) VALUES (520, 'Uppsala', 'Sverige', '', '', 59.85862, 17.64373, 'FETCHED_WITH_SUCCESS');
INSERT INTO life_event (id, day, month, year, date, notes, location_id) VALUES (1175, 28, 10, 1929, '1929-10-28', '', 520);
INSERT INTO life_event (id, day, month, year, date, notes, location_id) VALUES (1176, null, null, null, null, '', null);
INSERT INTO person (id, first_name, last_name, middle_names, notes, sex, birth_id, death_id, burial_id, father_id, mother_id) VALUES (392, 'Hanna', 'Koch', 'von', '', 'WOMAN', 1174, 1175, 1176, null, null);

--======= Insert Person id: 393 =======
INSERT INTO location (id, city, country, region, notes, latitude, longitude, fetch_status) VALUES (521, 'Göteborg', 'Sverige', '', '', 57.70067, 11.96822, 'FETCHED_WITH_SUCCESS');
INSERT INTO life_event (id, day, month, year, date, notes, location_id) VALUES (1177, 3, 6, 1873, '1873-06-03', '', 521);
INSERT INTO location (id, city, country, region, notes, latitude, longitude, fetch_status) VALUES (522, 'på Vallhof i Jumkil', 'Sverige', '', '', 59.94254, 17.42379, 'FETCHED_WITH_SUCCESS');
INSERT INTO life_event (id, day, month, year, date, notes, location_id) VALUES (1178, 25, 5, 1926, '1926-05-25', '', 522);
INSERT INTO life_event (id, day, month, year, date, notes, location_id) VALUES (1179, null, null, null, null, '', null);
INSERT INTO occupation (id, notes, day, month, year, date, location_id) VALUES (180, 'Godsägare', null, null, null, null, null);
INSERT INTO person (id, first_name, last_name, middle_names, notes, sex, birth_id, death_id, burial_id, father_id, mother_id) VALUES (393, 'Rudolf', 'Hegardt', '', '(Tab 37 i GS).
Studentexamen 1892 i Stockholm. Lantbrukselev på Østerby i Råby, Rekarne sn 1892-93. Elev vid Ultuna lantbruksinstitut 1893-95. Bokhållare på Södertuna i Frustuna sn 1895-97. Inspektor på Spellinge i V Harg sn 1897-98. Bokhållare på Østerby 1898?99. Arrenderade Bemersberg i Skattunge sn 1899-1920. Var därefter bosatt på Staby i Giresta sn till 1922 från vilken tid och till 1923 han arrenderade Strömsnäs i Bred sn. Ägde och brukade sedan 1923 Vallhof.
"Med den avlidne har en av Uppsala läns främsta jordbrukare gått av tiden. ... Han arrenderade den under Kipplingebergs fideikommiss hörande egendomen Bemersberg. Med utmärkt nit och skicklighet ägnade han sig åt gårdens förvaltning ... och innehade för någon kortare tid Strömsnäs i Bred sn. Genom sitt energiska, skickliga arbete har han bragt denna egendom i utmärkt kultur. ...
Helt givet togs H med så framstående egenskaper inom jordbruksområdet i anspråk för det arbete till dettas bästa, som utvecklas av vårt hushållningssällskap. Under åren 1909?1912 fungerade han som ordförande i Bälinge?Norunda hushållningsgille, i vilken egenskap han hade säte och stämma i det dåvarande förvaltningsutskottet. Sedan dettas omorganisation 1925 var han ordförande inom Åkerby och Jumkils hushållningskrets. Den hädangångne har även beklätt flera kommunala uppdrag, och på den tid järnvägsfrågorna i Uppland samlade större intresse än nu var han en av de största ivrarna för Kerstinbobanan. ... Högt värderad för sitt försynta, redbara och vänsälla väsen." (Tidn Uppsala 27/5 1926.)', 'MAN', 1177, 1178, 1179, null, null);

--======= Insert Person id: 394 =======
INSERT INTO location (id, city, country, region, notes, latitude, longitude, fetch_status) VALUES (523, 'Göteborg', 'Sverige', '', '', 57.70067, 11.96822, 'FETCHED_WITH_SUCCESS');
INSERT INTO life_event (id, day, month, year, date, notes, location_id) VALUES (1180, 5, 7, 1875, '1875-07-05', '', 523);
INSERT INTO location (id, city, country, region, notes, latitude, longitude, fetch_status) VALUES (524, 'Stockholm', 'Sverige', '', '', 59.33257, 18.06683, 'FETCHED_WITH_SUCCESS');
INSERT INTO life_event (id, day, month, year, date, notes, location_id) VALUES (1181, 6, 3, 1965, '1965-03-06', '', 524);
INSERT INTO life_event (id, day, month, year, date, notes, location_id) VALUES (1182, null, null, null, null, '', null);
INSERT INTO person (id, first_name, last_name, middle_names, notes, sex, birth_id, death_id, burial_id, father_id, mother_id) VALUES (394, 'Ebba', 'Hegardt', '', '(Tab 36:147 i GS).
Genomgick Skövde elementarskola för flickor. En av stiftarna av och vice ordförande i damföreningen "Lifbojen" i Stockholm.', 'UNKNOWN', 1180, 1181, 1182, null, null);

--======= Insert Person id: 395 =======
INSERT INTO location (id, city, country, region, notes, latitude, longitude, fetch_status) VALUES (525, 'Göteborg', 'Sverige', '', '', 57.70067, 11.96822, 'FETCHED_WITH_SUCCESS');
INSERT INTO life_event (id, day, month, year, date, notes, location_id) VALUES (1183, 23, 9, 1876, '1876-09-23', '', 525);
INSERT INTO location (id, city, country, region, notes, latitude, longitude, fetch_status) VALUES (526, 'Uppsala', 'Sverige', '', '', 59.85862, 17.64373, 'FETCHED_WITH_SUCCESS');
INSERT INTO life_event (id, day, month, year, date, notes, location_id) VALUES (1184, 18, 5, 1967, '1967-05-18', '', 526);
INSERT INTO life_event (id, day, month, year, date, notes, location_id) VALUES (1185, null, null, null, null, '', null);
INSERT INTO person (id, first_name, last_name, middle_names, notes, sex, birth_id, death_id, burial_id, father_id, mother_id) VALUES (395, 'Maria', 'Hegardt', 'Maja', '(Tab 36:148 i GS).
Genomgick Skövde flickskola och Schwartzska skolan i Stockholm (examen där 1893) samt Tekniska skolan i Stockholm 1893-94.
Förestod åren 1905-15 studentpensionat i Uppsala och 1915-19 broderns hushåll på Bennersberg. Ägnade sig med framgång åt akvarellmålning.', 'UNKNOWN', 1183, 1184, 1185, null, null);

--======= Insert Person id: 396 =======
INSERT INTO life_event (id, day, month, year, date, notes, location_id) VALUES (1186, null, null, null, null, '', null);
INSERT INTO life_event (id, day, month, year, date, notes, location_id) VALUES (1187, null, null, null, null, '', null);
INSERT INTO life_event (id, day, month, year, date, notes, location_id) VALUES (1188, null, null, null, null, '', null);
INSERT INTO person (id, first_name, last_name, middle_names, notes, sex, birth_id, death_id, burial_id, father_id, mother_id) VALUES (396, 'Karolina', 'Gyllensvärd', 'Eleonora', '', 'WOMAN', 1186, 1187, 1188, null, null);

--======= Insert Person id: 397 =======
INSERT INTO life_event (id, day, month, year, date, notes, location_id) VALUES (1189, null, null, null, null, '', null);
INSERT INTO life_event (id, day, month, year, date, notes, location_id) VALUES (1190, null, null, null, null, '', null);
INSERT INTO life_event (id, day, month, year, date, notes, location_id) VALUES (1191, null, null, null, null, '', null);
INSERT INTO occupation (id, notes, day, month, year, date, location_id) VALUES (181, 'Handlande', null, null, null, null, null);
INSERT INTO person (id, first_name, last_name, middle_names, notes, sex, birth_id, death_id, burial_id, father_id, mother_id) VALUES (397, 'Jöns', 'Jeanson', '', '', 'MAN', 1189, 1190, 1191, null, null);

--======= Insert Person id: 398 =======
INSERT INTO location (id, city, country, region, notes, latitude, longitude, fetch_status) VALUES (527, 'Visby', 'Sverige', '', '', 57.63844, 18.30004, 'FETCHED_WITH_SUCCESS');
INSERT INTO life_event (id, day, month, year, date, notes, location_id) VALUES (1192, 4, 2, 1869, '1869-02-04', '', 527);
INSERT INTO location (id, city, country, region, notes, latitude, longitude, fetch_status) VALUES (528, 'Stockholm', 'Sverige', '', '', 59.33257, 18.06683, 'FETCHED_WITH_SUCCESS');
INSERT INTO life_event (id, day, month, year, date, notes, location_id) VALUES (1193, 5, 10, 1957, '1957-10-05', '', 528);
INSERT INTO life_event (id, day, month, year, date, notes, location_id) VALUES (1194, null, null, null, null, '', null);
INSERT INTO person (id, first_name, last_name, middle_names, notes, sex, birth_id, death_id, burial_id, father_id, mother_id) VALUES (398, 'Agnes', 'Lönnroth', 'Helena, Elisabet', '', 'WOMAN', 1192, 1193, 1194, null, null);

--======= Insert Person id: 399 =======
INSERT INTO location (id, city, country, region, notes, latitude, longitude, fetch_status) VALUES (529, 'Paris', 'Frankrike', '', '', 48.85717, 2.3414, 'FETCHED_WITH_SUCCESS');
INSERT INTO life_event (id, day, month, year, date, notes, location_id) VALUES (1195, 9, 1, 1898, '1898-01-09', '', 529);
INSERT INTO location (id, city, country, region, notes, latitude, longitude, fetch_status) VALUES (530, 'Täby', 'Sverige', '', '', 59.44445, 18.07441, 'FETCHED_WITH_SUCCESS');
INSERT INTO life_event (id, day, month, year, date, notes, location_id) VALUES (1196, 16, 9, 1988, '1988-09-16', '', 530);
INSERT INTO life_event (id, day, month, year, date, notes, location_id) VALUES (1197, null, null, null, null, '', null);
INSERT INTO person (id, first_name, last_name, middle_names, notes, sex, birth_id, death_id, burial_id, father_id, mother_id) VALUES (399, 'Claire', 'Hegardt', 'Helene', '(Tab 29:110 i GS).
Studentexamen 1917 vid Whitlockska skolan i Stockholm.
Språkstudier vid Stockholms borgarskola 1919.
Kanslibiträde vid Vattenfallsstyrelsen 1919.
Stenograf och maskinskriverska på Sv Elverksföreningenssekreteriat 1927.
Kontorist vid Älvkarleby kraftverk 1940.
Förste kontorist vid Kungl Vattenfallsstyrelsen 1946.
Eo kansliskrivare 1948.
Kansliskrivare 1949.
Förste kansliskrivare 1949.
Kontorsskrivare och handsekreterare åt generaldirektören 1953.
Erhöll guldmedalj 6:e storl "För nit och redlighet i rikets tjänst" 1949.', 'UNKNOWN', 1195, 1196, 1197, null, null);

--======= Insert Person id: 400 =======
INSERT INTO location (id, city, country, region, notes, latitude, longitude, fetch_status) VALUES (531, 'Haro', 'Spanien', '', '', 42.57778, -2.84976, 'FETCHED_WITH_SUCCESS');
INSERT INTO life_event (id, day, month, year, date, notes, location_id) VALUES (1198, 25, 6, 1872, '1872-06-25', '', 531);
INSERT INTO location (id, city, country, region, notes, latitude, longitude, fetch_status) VALUES (532, 'Haro', 'Spanien', '', '', 42.57778, -2.84976, 'FETCHED_WITH_SUCCESS');
INSERT INTO life_event (id, day, month, year, date, notes, location_id) VALUES (1199, 8, 12, 1956, '1956-12-08', '', 532);
INSERT INTO life_event (id, day, month, year, date, notes, location_id) VALUES (1200, null, null, null, null, '', null);
INSERT INTO person (id, first_name, last_name, middle_names, notes, sex, birth_id, death_id, burial_id, father_id, mother_id) VALUES (400, 'Eloisa', 'Marin', 'Mozos, y', '', 'WOMAN', 1198, 1199, 1200, null, null);

--======= Insert Person id: 401 =======
INSERT INTO location (id, city, country, region, notes, latitude, longitude, fetch_status) VALUES (533, 'Haro', 'Spanien', '', '', 42.57778, -2.84976, 'FETCHED_WITH_SUCCESS');
INSERT INTO life_event (id, day, month, year, date, notes, location_id) VALUES (1201, 30, 7, 1894, '1894-07-30', '', 533);
INSERT INTO location (id, city, country, region, notes, latitude, longitude, fetch_status) VALUES (534, 'Haro', 'Spanien', '', '', 42.57778, -2.84976, 'FETCHED_WITH_SUCCESS');
INSERT INTO life_event (id, day, month, year, date, notes, location_id) VALUES (1202, 17, 1, 1898, '1898-01-17', '', 534);
INSERT INTO life_event (id, day, month, year, date, notes, location_id) VALUES (1203, null, null, null, null, '', null);
INSERT INTO person (id, first_name, last_name, middle_names, notes, sex, birth_id, death_id, burial_id, father_id, mother_id) VALUES (401, 'Maria', 'Mozos', 'Dolores, Lola, Lorenza, Hegardt', '(Tab 30:112 i GS).', 'UNKNOWN', 1201, 1202, 1203, null, null);

--======= Insert Person id: 402 =======
INSERT INTO location (id, city, country, region, notes, latitude, longitude, fetch_status) VALUES (535, 'Bilbao', 'Spanien', '', '', 43.2689, -2.94529, 'FETCHED_WITH_SUCCESS');
INSERT INTO life_event (id, day, month, year, date, notes, location_id) VALUES (1204, 15, 10, 1895, '1895-10-15', '', 535);
INSERT INTO location (id, city, country, region, notes, latitude, longitude, fetch_status) VALUES (536, 'Bilbao', 'Spanien', '', '', 43.2689, -2.94529, 'FETCHED_WITH_SUCCESS');
INSERT INTO life_event (id, day, month, year, date, notes, location_id) VALUES (1205, 7, 6, 1909, '1909-06-07', '', 536);
INSERT INTO life_event (id, day, month, year, date, notes, location_id) VALUES (1206, null, null, null, null, '', null);
INSERT INTO person (id, first_name, last_name, middle_names, notes, sex, birth_id, death_id, burial_id, father_id, mother_id) VALUES (402, 'Teresa', 'Mozos', 'Clara, Eloisa, Hegardt', '(Tab 30:113 i GS).', 'UNKNOWN', 1204, 1205, 1206, null, null);

--======= Insert Person id: 403 =======
INSERT INTO location (id, city, country, region, notes, latitude, longitude, fetch_status) VALUES (537, 'Bilbao', 'Spanien', '', '', 43.2689, -2.94529, 'FETCHED_WITH_SUCCESS');
INSERT INTO life_event (id, day, month, year, date, notes, location_id) VALUES (1207, 1, 5, 1897, '1897-05-01', '', 537);
INSERT INTO location (id, city, country, region, notes, latitude, longitude, fetch_status) VALUES (538, 'Haro', 'Spanien', '', '', 42.57778, -2.84976, 'FETCHED_WITH_SUCCESS');
INSERT INTO life_event (id, day, month, year, date, notes, location_id) VALUES (1208, 7, 5, 1982, '1982-05-07', '', 538);
INSERT INTO life_event (id, day, month, year, date, notes, location_id) VALUES (1209, null, null, null, null, '', null);
INSERT INTO person (id, first_name, last_name, middle_names, notes, sex, birth_id, death_id, burial_id, father_id, mother_id) VALUES (403, 'Felipe', 'Mozos', 'Carlos, Jose, Hegardt', '(Tab 30:114 i GS).
Examen från handelshögskolan i Bilbao 1916. Efter ett par kontorsanställningar fick han plats hos handelshuset Girard och Co (exportörer av conjak och eau-de-vie) i Tonnay Charente i Frankrike. Efter återkomst till Bilbao 1918 började han där samma år som banktjänsteman vid Banco de Viscaya. Flyttade 1921 till samma banks kontor i Haro, där han arbetade som kamrer.', 'UNKNOWN', 1207, 1208, 1209, null, null);

--======= Insert Person id: 404 =======
INSERT INTO location (id, city, country, region, notes, latitude, longitude, fetch_status) VALUES (539, 'Haro', 'Spanien', '', '', 42.57778, -2.84976, 'FETCHED_WITH_SUCCESS');
INSERT INTO life_event (id, day, month, year, date, notes, location_id) VALUES (1210, 4, 4, 1899, '1899-04-04', '', 539);
INSERT INTO location (id, city, country, region, notes, latitude, longitude, fetch_status) VALUES (540, 'Tolosa', 'Spanien', '', '', 43.13408, -2.07862, 'FETCHED_WITH_SUCCESS');
INSERT INTO life_event (id, day, month, year, date, notes, location_id) VALUES (1211, 24, 12, 1901, '1901-12-24', '', 540);
INSERT INTO life_event (id, day, month, year, date, notes, location_id) VALUES (1212, null, null, null, null, '', null);
INSERT INTO person (id, first_name, last_name, middle_names, notes, sex, birth_id, death_id, burial_id, father_id, mother_id) VALUES (404, 'Luis', 'Mozos', 'Evaldo, Nicolas, Hegardt', '(Tab 30:115 i GS).', 'UNKNOWN', 1210, 1211, 1212, null, null);

--======= Insert Person id: 405 =======
INSERT INTO location (id, city, country, region, notes, latitude, longitude, fetch_status) VALUES (541, 'Oslo', 'Norge', '', '', 59.91234, 10.75, 'FETCHED_WITH_SUCCESS');
INSERT INTO life_event (id, day, month, year, date, notes, location_id) VALUES (1213, 22, 9, 1900, '1900-09-22', '', 541);
INSERT INTO location (id, city, country, region, notes, latitude, longitude, fetch_status) VALUES (542, 'Tolosa', 'Spanien', '', '', 43.13408, -2.07862, 'FETCHED_WITH_SUCCESS');
INSERT INTO life_event (id, day, month, year, date, notes, location_id) VALUES (1214, 14, 12, 1901, '1901-12-14', '', 542);
INSERT INTO life_event (id, day, month, year, date, notes, location_id) VALUES (1215, null, null, null, null, '', null);
INSERT INTO person (id, first_name, last_name, middle_names, notes, sex, birth_id, death_id, burial_id, father_id, mother_id) VALUES (405, 'Maria', 'Mozos', 'Dolores, Lola, Hegardt', '(Tab 30:115a i GS).', 'UNKNOWN', 1213, 1214, 1215, null, null);

--======= Insert Person id: 406 =======
INSERT INTO location (id, city, country, region, notes, latitude, longitude, fetch_status) VALUES (543, 'Bilbao', 'Spanien', '', '', 43.2689, -2.94529, 'FETCHED_WITH_SUCCESS');
INSERT INTO life_event (id, day, month, year, date, notes, location_id) VALUES (1216, 21, 12, 1902, '1902-12-21', '', 543);
INSERT INTO location (id, city, country, region, notes, latitude, longitude, fetch_status) VALUES (544, 'Haro', 'Spanien', '', '', 42.57778, -2.84976, 'FETCHED_WITH_SUCCESS');
INSERT INTO life_event (id, day, month, year, date, notes, location_id) VALUES (1217, 17, 9, 1987, '1987-09-17', '', 544);
INSERT INTO life_event (id, day, month, year, date, notes, location_id) VALUES (1218, null, null, null, null, '', null);
INSERT INTO person (id, first_name, last_name, middle_names, notes, sex, birth_id, death_id, burial_id, father_id, mother_id) VALUES (406, 'Maria', 'Mozos', 'Luisa, Hegardt', '(Tab 30:116 i GS).', 'UNKNOWN', 1216, 1217, 1218, null, null);

--======= Insert Person id: 407 =======
INSERT INTO location (id, city, country, region, notes, latitude, longitude, fetch_status) VALUES (545, 'Haro', 'Spanien', '', '', 42.57778, -2.84976, 'FETCHED_WITH_SUCCESS');
INSERT INTO life_event (id, day, month, year, date, notes, location_id) VALUES (1219, 29, 12, 1905, '1905-12-29', '', 545);
INSERT INTO location (id, city, country, region, notes, latitude, longitude, fetch_status) VALUES (546, 'Zaragosa', 'Spanien', '', '', 41.65183, -0.88114, 'FETCHED_WITH_SUCCESS');
INSERT INTO life_event (id, day, month, year, date, notes, location_id) VALUES (1220, 7, 10, 1985, '1985-10-07', '', 546);
INSERT INTO life_event (id, day, month, year, date, notes, location_id) VALUES (1221, null, null, null, null, '', null);
INSERT INTO person (id, first_name, last_name, middle_names, notes, sex, birth_id, death_id, burial_id, father_id, mother_id) VALUES (407, 'Blanca', 'Mozos', 'Cecilia, Hegardt', '(Tab 30:117 i GS).', 'WOMAN', 1219, 1220, 1221, null, null);

--======= Insert Person id: 408 =======
INSERT INTO location (id, city, country, region, notes, latitude, longitude, fetch_status) VALUES (547, 'Bilbao', 'Spanien', '', '', 43.2689, -2.94529, 'FETCHED_WITH_SUCCESS');
INSERT INTO life_event (id, day, month, year, date, notes, location_id) VALUES (1222, 12, 1, 1911, '1911-01-12', '', 547);
INSERT INTO location (id, city, country, region, notes, latitude, longitude, fetch_status) VALUES (548, 'Bilbao', 'Spanien', '', '', 43.2689, -2.94529, 'FETCHED_WITH_SUCCESS');
INSERT INTO life_event (id, day, month, year, date, notes, location_id) VALUES (1223, null, null, 1911, '1911-01-01', '', 548);
INSERT INTO life_event (id, day, month, year, date, notes, location_id) VALUES (1224, null, null, null, null, '', null);
INSERT INTO person (id, first_name, last_name, middle_names, notes, sex, birth_id, death_id, burial_id, father_id, mother_id) VALUES (408, 'Maria', 'Mozos', 'Teresa, Hegardt', '(Tab 30:118 i GS).', 'UNKNOWN', 1222, 1223, 1224, null, null);

--======= Insert Person id: 409 =======
INSERT INTO location (id, city, country, region, notes, latitude, longitude, fetch_status) VALUES (549, 'Beardstown', 'USA', 'Illinois', '', 40.01549, -90.43295, 'FETCHED_WITH_SUCCESS');
INSERT INTO life_event (id, day, month, year, date, notes, location_id) VALUES (1225, 28, 6, 1866, '1866-06-28', '', 549);
INSERT INTO location (id, city, country, region, notes, latitude, longitude, fetch_status) VALUES (550, 'Portland', 'USA', 'Oregon', '', 45.51179, -122.67563, 'FETCHED_WITH_SUCCESS');
INSERT INTO life_event (id, day, month, year, date, notes, location_id) VALUES (1226, 3, 8, 1947, '1947-08-03', '', 550);
INSERT INTO life_event (id, day, month, year, date, notes, location_id) VALUES (1227, null, null, null, null, '', null);
INSERT INTO person (id, first_name, last_name, middle_names, notes, sex, birth_id, death_id, burial_id, father_id, mother_id) VALUES (409, 'Mame', 'Norbury', 'Gertrude', '', 'WOMAN', 1225, 1226, 1227, null, null);

--======= Insert Person id: 410 =======
INSERT INTO location (id, city, country, region, notes, latitude, longitude, fetch_status) VALUES (551, 'Beardstown', 'USA', 'Illinois', '', 40.01549, -90.43295, 'FETCHED_WITH_SUCCESS');
INSERT INTO life_event (id, day, month, year, date, notes, location_id) VALUES (1228, 7, 2, 1890, '1890-02-07', '', 551);
INSERT INTO location (id, city, country, region, notes, latitude, longitude, fetch_status) VALUES (552, 'Portland', 'USA', 'Oregon', '', 45.51179, -122.67563, 'FETCHED_WITH_SUCCESS');
INSERT INTO life_event (id, day, month, year, date, notes, location_id) VALUES (1229, 24, 3, 1954, '1954-03-24', '', 552);
INSERT INTO life_event (id, day, month, year, date, notes, location_id) VALUES (1230, null, null, null, null, '', null);
INSERT INTO occupation (id, notes, day, month, year, date, location_id) VALUES (182, 'Handlande', null, null, null, null, null);
INSERT INTO person (id, first_name, last_name, middle_names, notes, sex, birth_id, death_id, burial_id, father_id, mother_id) VALUES (410, 'James', 'Hegardt', 'Norbury', '(Tab 31:120 i GS).
Utexaminerad från ekonomisk högskola i Portland.', 'UNKNOWN', 1228, 1229, 1230, null, null);

--======= Insert Person id: 411 =======
INSERT INTO location (id, city, country, region, notes, latitude, longitude, fetch_status) VALUES (553, 'Fort Stevens', 'USA', 'Oregon', '', 46.20159, -123.96076, 'FETCHED_WITH_SUCCESS');
INSERT INTO life_event (id, day, month, year, date, notes, location_id) VALUES (1231, 31, 1, 1897, '1897-01-31', '', 553);
INSERT INTO life_event (id, day, month, year, date, notes, location_id) VALUES (1232, null, null, null, null, '', null);
INSERT INTO life_event (id, day, month, year, date, notes, location_id) VALUES (1233, null, null, null, null, '', null);
INSERT INTO occupation (id, notes, day, month, year, date, location_id) VALUES (183, 'Adress 13215 s w 124', null, null, null, null, null);
INSERT INTO occupation (id, notes, day, month, year, date, location_id) VALUES (184, 'Tigard', null, null, null, null, null);
INSERT INTO occupation (id, notes, day, month, year, date, location_id) VALUES (185, 'Oregon', null, null, null, null, null);
INSERT INTO occupation (id, notes, day, month, year, date, location_id) VALUES (186, 'Usa', null, null, null, null, null);
INSERT INTO person (id, first_name, last_name, middle_names, notes, sex, birth_id, death_id, burial_id, father_id, mother_id) VALUES (411, 'Mary', 'Hegardt', 'Elizabeth', '(Tab 31:121 i GS).
Bor i Tigard, Oregon, USA.', 'UNKNOWN', 1231, 1232, 1233, null, null);

--======= Insert Person id: 412 =======
INSERT INTO location (id, city, country, region, notes, latitude, longitude, fetch_status) VALUES (554, 'Fort Stevens', 'USA', 'Oregon', '', 46.20159, -123.96076, 'FETCHED_WITH_SUCCESS');
INSERT INTO life_event (id, day, month, year, date, notes, location_id) VALUES (1234, 19, 9, 1899, '1899-09-19', '', 554);
INSERT INTO location (id, city, country, region, notes, latitude, longitude, fetch_status) VALUES (555, 'Tigard', 'USA', 'Oregon', '', 45.4254, -122.76575, 'FETCHED_WITH_SUCCESS');
INSERT INTO life_event (id, day, month, year, date, notes, location_id) VALUES (1235, null, null, 1989, '1989-01-01', '', 555);
INSERT INTO life_event (id, day, month, year, date, notes, location_id) VALUES (1236, null, null, null, null, '', null);
INSERT INTO person (id, first_name, last_name, middle_names, notes, sex, birth_id, death_id, burial_id, father_id, mother_id) VALUES (412, 'Nellie', 'Hegardt', 'Margareta', '(Tab 31:122 i GS).', 'UNKNOWN', 1234, 1235, 1236, null, null);

--======= Insert Person id: 413 =======
INSERT INTO location (id, city, country, region, notes, latitude, longitude, fetch_status) VALUES (556, 'Ørebro', 'Sverige', '', '', 59.27084, 15.21759, 'FETCHED_WITH_SUCCESS');
INSERT INTO life_event (id, day, month, year, date, notes, location_id) VALUES (1237, 18, 10, 1863, '1863-10-18', '', 556);
INSERT INTO location (id, city, country, region, notes, latitude, longitude, fetch_status) VALUES (557, 'Malmö', 'Sverige', '', '', 55.59669, 13.0011, 'FETCHED_WITH_SUCCESS');
INSERT INTO life_event (id, day, month, year, date, notes, location_id) VALUES (1238, 8, 12, 1925, '1925-12-08', '', 557);
INSERT INTO life_event (id, day, month, year, date, notes, location_id) VALUES (1239, null, null, null, null, '', null);
INSERT INTO person (id, first_name, last_name, middle_names, notes, sex, birth_id, death_id, burial_id, father_id, mother_id) VALUES (413, 'Elin', 'Blücher', 'Viktoria', '', 'WOMAN', 1237, 1238, 1239, null, null);

--======= Insert Person id: 414 =======
INSERT INTO location (id, city, country, region, notes, latitude, longitude, fetch_status) VALUES (558, 'Göteborg', 'Sverige', '', '', 57.70067, 11.96822, 'FETCHED_WITH_SUCCESS');
INSERT INTO life_event (id, day, month, year, date, notes, location_id) VALUES (1240, 26, 7, 1892, '1892-07-26', '', 558);
INSERT INTO location (id, city, country, region, notes, latitude, longitude, fetch_status) VALUES (559, 'Malmö', 'Sverige', '', '', 55.59669, 13.0011, 'FETCHED_WITH_SUCCESS');
INSERT INTO life_event (id, day, month, year, date, notes, location_id) VALUES (1241, 7, 12, 1982, '1982-12-07', '', 559);
INSERT INTO life_event (id, day, month, year, date, notes, location_id) VALUES (1242, null, null, null, null, '', null);
INSERT INTO person (id, first_name, last_name, middle_names, notes, sex, birth_id, death_id, burial_id, father_id, mother_id) VALUES (414, 'Elsa', 'Hegardt', 'Klara, Lovisa', '(Tab 32:124 i GS).
Normalskolekompetens 1909. Elev vid Malmö musikkonservatorium 1909-1911. Språkstudier i Berlin 1911 vid Böttinger Studienhaus (Deutsches Institut für Ausländer). Extraelev vid Fackskolan Brogård i lanthushåll sommaren 1912 . Utexaminerad från Fackskolans för huslig ekonomi A-kurs 1914. Deltagit i diverse föreläsnings- och fortbildningskurser anordnade i Uppsala eller på annat håll av SSLF.
Lärarinna vid Anna och Eva Bunths skola i Malmö 1915-1937. Vikarierat vid Lunds stads folkskolor 1917. Förestått sockerfabrikens i Arlöv arbetarekök 1917-1919. Tjänstgjort vid Sövestads fortsättningsskola 1921 och 1924-1925 och i Uppåkra 1922-1923. Anställd vid Fosie folkskolor och senare, efter inkorporering, inom Malmö skoldistrikt 1923-1936. Øverflyttad till Kommunala Flickskolan i Malmö 1937 och ordinarie övningslärare där 1939. Avgick med pension 1957. GMfmf.', 'UNKNOWN', 1240, 1241, 1242, null, null);

--======= Insert Person id: 415 =======
INSERT INTO location (id, city, country, region, notes, latitude, longitude, fetch_status) VALUES (560, 'Göteborg', 'Sverige', '', '', 57.70067, 11.96822, 'FETCHED_WITH_SUCCESS');
INSERT INTO life_event (id, day, month, year, date, notes, location_id) VALUES (1243, 1, 7, 1894, '1894-07-01', '', 560);
INSERT INTO location (id, city, country, region, notes, latitude, longitude, fetch_status) VALUES (561, 'Malmö', 'Sverige', '', '', 55.59669, 13.0011, 'FETCHED_WITH_SUCCESS');
INSERT INTO life_event (id, day, month, year, date, notes, location_id) VALUES (1244, 1, 2, 1987, '1987-02-01', '', 561);
INSERT INTO life_event (id, day, month, year, date, notes, location_id) VALUES (1245, null, null, null, null, '', null);
INSERT INTO person (id, first_name, last_name, middle_names, notes, sex, birth_id, death_id, burial_id, father_id, mother_id) VALUES (415, 'Märta', 'Hegardt', 'Katarina', '(Tab 32:125 i GS).
Utexaminerad från Malmö högre elementarläroverk för flickor 1910. Studerade vid Malmö tekniska skola 1911-1912 och genomgick Tekniska skolan i Stockholm 1913-1917. Utexaminerad teckningslärare sistnämnda år. Innehade skolans stipendium 1916-1917 samt genomgick sommarkursen i träslöjd vid Nääs 1915 och 1916.
Vikarierande teckningslärare vid Uppsala enskilda läroverk och privatgymnasium 1917-1919 och undervisade under samma tid vid fackskolan för huslig ekonomi. Ordinarie teckningslärare vid Statens samskola i Haparanda 1919 samt undervisade vid Statens småskoleseminarium och Tekniska aftonskolan där. Blev teckningslärare vid Statens folkskoleseminarium i Härnösand 1925. Från 1936 teckningslärare vid Malmö realskola.', 'UNKNOWN', 1243, 1244, 1245, null, null);

--======= Insert Person id: 416 =======
INSERT INTO location (id, city, country, region, notes, latitude, longitude, fetch_status) VALUES (562, 'Malmö', 'Sverige', '', '', 55.59669, 13.0011, 'FETCHED_WITH_SUCCESS');
INSERT INTO life_event (id, day, month, year, date, notes, location_id) VALUES (1246, 1, 7, 1896, '1896-07-01', '', 562);
INSERT INTO location (id, city, country, region, notes, latitude, longitude, fetch_status) VALUES (563, 'Ballenstadt', 'Tyskland', '', '', 51.72322, 11.24252, 'FETCHED_WITH_SUCCESS');
INSERT INTO life_event (id, day, month, year, date, notes, location_id) VALUES (1247, 6, 11, 1923, '1923-11-06', '', 563);
INSERT INTO life_event (id, day, month, year, date, notes, location_id) VALUES (1248, null, null, null, null, '', null);
INSERT INTO person (id, first_name, last_name, middle_names, notes, sex, birth_id, death_id, burial_id, father_id, mother_id) VALUES (416, 'Ragvald', 'Hegardt', 'Nils, August', '(Tab 32:126 i GS).
Reservofficersaspirant vid Hallands regemente 1918.
Reservofficersexamen 1919, fanjunkare i regementet samma år.
Fänrik i reserven samma år och underlöjtnant 1921. Student vid Polytechnicum i Cöthen, Tyskland 1918 och 1919 vid Fresenius tekniska institut i Wiesbaden, Tyskland, där han 1923 avlade avgångsexamen.', 'UNKNOWN', 1246, 1247, 1248, null, null);

--======= Insert Person id: 417 =======
INSERT INTO location (id, city, country, region, notes, latitude, longitude, fetch_status) VALUES (564, 'på Tvetaberg i Tveta', 'Sverige', '', '', 59.15661, 17.60202, 'FETCHED_WITH_SUCCESS');
INSERT INTO life_event (id, day, month, year, date, notes, location_id) VALUES (1249, 18, 2, 1880, '1880-02-18', '', 564);
INSERT INTO location (id, city, country, region, notes, latitude, longitude, fetch_status) VALUES (565, 'Stockholm', 'Sverige', '', '', 59.33257, 18.06683, 'FETCHED_WITH_SUCCESS');
INSERT INTO life_event (id, day, month, year, date, notes, location_id) VALUES (1250, 13, 5, 1970, '1970-05-13', '', 565);
INSERT INTO life_event (id, day, month, year, date, notes, location_id) VALUES (1251, null, null, null, null, '', null);
INSERT INTO person (id, first_name, last_name, middle_names, notes, sex, birth_id, death_id, burial_id, father_id, mother_id) VALUES (417, 'Ingeborg', 'Tamm', 'Matilda', '', 'WOMAN', 1249, 1250, 1251, null, null);

--======= Insert Person id: 418 =======
INSERT INTO location (id, city, country, region, notes, latitude, longitude, fetch_status) VALUES (566, 'Stockholm', 'Sverige', '', '', 59.33257, 18.06683, 'FETCHED_WITH_SUCCESS');
INSERT INTO life_event (id, day, month, year, date, notes, location_id) VALUES (1252, 31, 12, 1906, '1906-12-31', '', 566);
INSERT INTO location (id, city, country, region, notes, latitude, longitude, fetch_status) VALUES (567, 'Stockholm', 'Sverige', '', '', 59.33257, 18.06683, 'FETCHED_WITH_SUCCESS');
INSERT INTO life_event (id, day, month, year, date, notes, location_id) VALUES (1253, 19, 9, 2000, '2000-09-19', '', 567);
INSERT INTO life_event (id, day, month, year, date, notes, location_id) VALUES (1254, null, null, null, null, '', null);
INSERT INTO occupation (id, notes, day, month, year, date, location_id) VALUES (187, 'Adress eskadervägen 34', null, null, null, null, null);
INSERT INTO occupation (id, notes, day, month, year, date, location_id) VALUES (188, '183 54  täby', null, null, null, null, null);
INSERT INTO person (id, first_name, last_name, middle_names, notes, sex, birth_id, death_id, burial_id, father_id, mother_id) VALUES (418, 'Anna', 'Hegardt', 'Elisabet', '(Tab 33:129 i GS).
Studentexamen 1926. I Spanien juni - juli 1925. Handelskurs vid Bar-Lock-institutet i Stockholm 1926-27. Antälld vid försäkrings AB Fylgia 1927-28. Sekreterare vid Østersunds länslasarett 1928-31. Sekreterare vid tidskriften Vårt Försvar i Stockholm 1931-32.
Bor i Täby (AB).', 'WOMAN', 1252, 1253, 1254, null, null);

--======= Insert Person id: 419 =======
INSERT INTO location (id, city, country, region, notes, latitude, longitude, fetch_status) VALUES (568, 'på Karlberg i Solna', 'Sverige', '', '', 59.34455, 18.00548, 'FETCHED_WITH_SUCCESS');
INSERT INTO life_event (id, day, month, year, date, notes, location_id) VALUES (1255, 5, 2, 1908, '1908-02-05', '', 568);
INSERT INTO life_event (id, day, month, year, date, notes, location_id) VALUES (1256, null, null, null, null, '', null);
INSERT INTO life_event (id, day, month, year, date, notes, location_id) VALUES (1257, null, null, null, null, '', null);
INSERT INTO occupation (id, notes, day, month, year, date, location_id) VALUES (189, 'Adress rosengården 33', null, null, null, null, null);
INSERT INTO occupation (id, notes, day, month, year, date, location_id) VALUES (190, '186 33  vallentuna', null, null, null, null, null);
INSERT INTO person (id, first_name, last_name, middle_names, notes, sex, birth_id, death_id, burial_id, father_id, mother_id) VALUES (419, 'Ingeborg', 'Hegardt', 'Inga, Maria', '(Tab 33:130 i GS).
Avgångsexamen från klass 8 i Halmstad flickskola 1926. I England till 1927 och därefter elev vid Østersunds lasarett. Från hösten samma år elev vid GCI i Stockholm. Kunde dock inte fullfölja denna utbildning p g a skada. Avgångsexamen från sällskapet Barnavård i Stockholm 1929.
Bor i Vallentuna (AB).', 'WOMAN', 1255, 1256, 1257, null, null);

--======= Insert Person id: 420 =======
INSERT INTO location (id, city, country, region, notes, latitude, longitude, fetch_status) VALUES (569, 'Skövde', 'Sverige', '', '', 58.39142, 13.8472, 'FETCHED_WITH_SUCCESS');
INSERT INTO life_event (id, day, month, year, date, notes, location_id) VALUES (1258, 14, 12, 1910, '1910-12-14', '', 569);
INSERT INTO location (id, city, country, region, notes, latitude, longitude, fetch_status) VALUES (570, 'Lund', 'Sverige', '', '', 55.70664, 13.18759, 'FETCHED_WITH_SUCCESS');
INSERT INTO life_event (id, day, month, year, date, notes, location_id) VALUES (1259, 30, 12, 1996, '1996-12-30', '', 570);
INSERT INTO life_event (id, day, month, year, date, notes, location_id) VALUES (1260, null, null, null, null, '', null);
INSERT INTO person (id, first_name, last_name, middle_names, notes, sex, birth_id, death_id, burial_id, father_id, mother_id) VALUES (420, 'Ebba', 'Hegardt', 'Margareta', '(Tab 33:131 i GS).
8-årig flickskola 1927 i Østersund, hushållsskola i Norrbyvälle.
Utbildning i maskinskrivning och stenografi i Østersund. Arbetat som au pair i London 1928 och som stenograf och maskinskriverska på svenska Livförsäkringsanstalten Trygg 1929-35.', 'WOMAN', 1258, 1259, 1260, null, null);

--======= Insert Person id: 421 =======
INSERT INTO location (id, city, country, region, notes, latitude, longitude, fetch_status) VALUES (571, 'Stockholm', 'Sverige', '', '', 59.33257, 18.06683, 'FETCHED_WITH_SUCCESS');
INSERT INTO life_event (id, day, month, year, date, notes, location_id) VALUES (1261, 12, 8, 1913, '1913-08-12', '', 571);
INSERT INTO life_event (id, day, month, year, date, notes, location_id) VALUES (1262, null, null, null, null, '', null);
INSERT INTO life_event (id, day, month, year, date, notes, location_id) VALUES (1263, null, null, null, null, '', null);
INSERT INTO occupation (id, notes, day, month, year, date, location_id) VALUES (191, 'Socionom', null, null, null, null, null);
INSERT INTO person (id, first_name, last_name, middle_names, notes, sex, birth_id, death_id, burial_id, father_id, mother_id) VALUES (421, 'Clara', 'Hegardt', 'Elisabet', 'Adress Knektabacken 1 B, 372 00 RONNEBY.
(Tab 33:132 i GS).
Studentexamen 1932 i Østersund (Z).
Socionomexamen 1936 i Stockholm (AB).
Har fem barn, varav två bär namnet Hegardt (se nedan).
Bor i Ronneby (K).', 'WOMAN', 1261, 1262, 1263, null, null);

--======= Insert Person id: 422 =======
INSERT INTO life_event (id, day, month, year, date, notes, location_id) VALUES (1264, null, null, null, null, '', null);
INSERT INTO life_event (id, day, month, year, date, notes, location_id) VALUES (1265, null, null, null, null, '', null);
INSERT INTO life_event (id, day, month, year, date, notes, location_id) VALUES (1266, null, null, null, null, '', null);
INSERT INTO person (id, first_name, last_name, middle_names, notes, sex, birth_id, death_id, burial_id, father_id, mother_id) VALUES (422, 'Karolina', 'Boustedt', 'Amalia', '', 'WOMAN', 1264, 1265, 1266, null, null);

--======= Insert Person id: 423 =======
INSERT INTO life_event (id, day, month, year, date, notes, location_id) VALUES (1267, null, null, null, null, '', null);
INSERT INTO life_event (id, day, month, year, date, notes, location_id) VALUES (1268, null, null, null, null, '', null);
INSERT INTO life_event (id, day, month, year, date, notes, location_id) VALUES (1269, null, null, null, null, '', null);
INSERT INTO occupation (id, notes, day, month, year, date, location_id) VALUES (192, 'Kapten', null, null, null, null, null);
INSERT INTO person (id, first_name, last_name, middle_names, notes, sex, birth_id, death_id, burial_id, father_id, mother_id) VALUES (423, 'Albert', 'Lönnroth', 'Leopold', '', 'MAN', 1267, 1268, 1269, null, null);

--======= Insert Person id: 424 =======
INSERT INTO life_event (id, day, month, year, date, notes, location_id) VALUES (1270, null, null, null, null, '', null);
INSERT INTO life_event (id, day, month, year, date, notes, location_id) VALUES (1271, null, null, null, null, '', null);
INSERT INTO life_event (id, day, month, year, date, notes, location_id) VALUES (1272, null, null, null, null, '', null);
INSERT INTO person (id, first_name, last_name, middle_names, notes, sex, birth_id, death_id, burial_id, father_id, mother_id) VALUES (424, 'Lorenza', 'Aguirro', 'Marin, y', '', 'WOMAN', 1270, 1271, 1272, null, null);

--======= Insert Person id: 425 =======
INSERT INTO life_event (id, day, month, year, date, notes, location_id) VALUES (1273, null, null, null, null, '', null);
INSERT INTO life_event (id, day, month, year, date, notes, location_id) VALUES (1274, null, null, null, null, '', null);
INSERT INTO life_event (id, day, month, year, date, notes, location_id) VALUES (1275, null, null, null, null, '', null);
INSERT INTO occupation (id, notes, day, month, year, date, location_id) VALUES (193, 'Köpman', null, null, null, null, null);
INSERT INTO person (id, first_name, last_name, middle_names, notes, sex, birth_id, death_id, burial_id, father_id, mother_id) VALUES (425, 'Luis', 'Puejo', 'Mozos, y', '', 'MAN', 1273, 1274, 1275, null, null);

--======= Insert Person id: 426 =======
INSERT INTO location (id, city, country, region, notes, latitude, longitude, fetch_status) VALUES (572, 'Haro', 'Spanien', '', '', 42.57778, -2.84976, 'FETCHED_WITH_SUCCESS');
INSERT INTO life_event (id, day, month, year, date, notes, location_id) VALUES (1276, 14, 4, 1908, '1908-04-14', '', 572);
INSERT INTO life_event (id, day, month, year, date, notes, location_id) VALUES (1277, null, null, null, null, '', null);
INSERT INTO life_event (id, day, month, year, date, notes, location_id) VALUES (1278, null, null, null, null, '', null);
INSERT INTO person (id, first_name, last_name, middle_names, notes, sex, birth_id, death_id, burial_id, father_id, mother_id) VALUES (426, 'Engracia', 'Barahona', 'Castro', '', 'UNKNOWN', 1276, 1277, 1278, null, null);

--======= Insert Person id: 427 =======
INSERT INTO location (id, city, country, region, notes, latitude, longitude, fetch_status) VALUES (573, 'Zaragosa', 'Spanien', '', '', 41.65183, -0.88114, 'FETCHED_WITH_SUCCESS');
INSERT INTO life_event (id, day, month, year, date, notes, location_id) VALUES (1279, 11, 4, 1904, '1904-04-11', '', 573);
INSERT INTO life_event (id, day, month, year, date, notes, location_id) VALUES (1280, null, null, null, null, '', null);
INSERT INTO life_event (id, day, month, year, date, notes, location_id) VALUES (1281, null, null, null, null, '', null);
INSERT INTO occupation (id, notes, day, month, year, date, location_id) VALUES (194, 'Arkitekt', null, null, null, null, null);
INSERT INTO person (id, first_name, last_name, middle_names, notes, sex, birth_id, death_id, burial_id, father_id, mother_id) VALUES (427, 'Fausto', 'Marco', 'Garcia', '', 'MAN', 1279, 1280, 1281, null, null);

--======= Insert Person id: 428 =======
INSERT INTO location (id, city, country, region, notes, latitude, longitude, fetch_status) VALUES (574, 'Zaragosa', 'Spanien', '', '', 41.65183, -0.88114, 'FETCHED_WITH_SUCCESS');
INSERT INTO life_event (id, day, month, year, date, notes, location_id) VALUES (1282, 23, 3, 1935, '1935-03-23', '', 574);
INSERT INTO life_event (id, day, month, year, date, notes, location_id) VALUES (1283, null, null, null, null, '', null);
INSERT INTO life_event (id, day, month, year, date, notes, location_id) VALUES (1284, null, null, null, null, '', null);
INSERT INTO occupation (id, notes, day, month, year, date, location_id) VALUES (195, 'Adress plaza del pilar 10', null, null, null, null, null);
INSERT INTO occupation (id, notes, day, month, year, date, location_id) VALUES (196, '2 dcha', null, null, null, null, null);
INSERT INTO occupation (id, notes, day, month, year, date, location_id) VALUES (197, '50003 zaragoza', null, null, null, null, null);
INSERT INTO occupation (id, notes, day, month, year, date, location_id) VALUES (198, 'Spanien', null, null, null, null, null);
INSERT INTO person (id, first_name, last_name, middle_names, notes, sex, birth_id, death_id, burial_id, father_id, mother_id) VALUES (428, 'Blanca', 'Hegardt', 'Garcia', 'Bor i Zaragosa, Spanien.', 'UNKNOWN', 1282, 1283, 1284, null, null);

--======= Insert Person id: 429 =======
INSERT INTO location (id, city, country, region, notes, latitude, longitude, fetch_status) VALUES (575, 'Zaragosa', 'Spanien', '', '', 41.65183, -0.88114, 'FETCHED_WITH_SUCCESS');
INSERT INTO life_event (id, day, month, year, date, notes, location_id) VALUES (1285, 11, 9, 1936, '1936-09-11', '', 575);
INSERT INTO life_event (id, day, month, year, date, notes, location_id) VALUES (1286, null, null, null, null, '', null);
INSERT INTO life_event (id, day, month, year, date, notes, location_id) VALUES (1287, null, null, null, null, '', null);
INSERT INTO occupation (id, notes, day, month, year, date, location_id) VALUES (199, 'Stadsarkitekt', null, null, null, null, null);
INSERT INTO person (id, first_name, last_name, middle_names, notes, sex, birth_id, death_id, burial_id, father_id, mother_id) VALUES (429, 'Augusto', 'Hegardt', 'Carlos, Garcia', 'Adress Ave de las Torres 35 6 V, Zaragoza, Spanien.
Chef för Zaragoza brandkår.
Intresserad av filateli, klassisk musik och skönlitteratur.
Bor i Zaragosa, Spanien.', 'MAN', 1285, 1286, 1287, null, null);

--======= Insert Person id: 430 =======
INSERT INTO location (id, city, country, region, notes, latitude, longitude, fetch_status) VALUES (576, 'Zaragosa', 'Spanien', '', '', 41.65183, -0.88114, 'FETCHED_WITH_SUCCESS');
INSERT INTO life_event (id, day, month, year, date, notes, location_id) VALUES (1288, 2, 12, 1939, '1939-12-02', '', 576);
INSERT INTO life_event (id, day, month, year, date, notes, location_id) VALUES (1289, null, null, null, null, '', null);
INSERT INTO life_event (id, day, month, year, date, notes, location_id) VALUES (1290, null, null, null, null, '', null);
INSERT INTO occupation (id, notes, day, month, year, date, location_id) VALUES (200, 'Professor', null, null, null, null, null);
INSERT INTO person (id, first_name, last_name, middle_names, notes, sex, birth_id, death_id, burial_id, father_id, mother_id) VALUES (430, 'Fausto', 'Hegardt', 'Garcia', 'Adress Duquesa Orleans 50-1, 08034 Barcelona, Spanien.
Fil lic i kemi 1961 i Zaragoza. Fil dr i kemi 1966. Docent i kemi vid universitetet i Zaragoza 1967. Biträdande professor i biokemi vid universitetet i Barcelona 1974 och professor 1981. Prefekt vid biokemiska instutionen vid universitetet i Barcelona 1977.
Vice dekanus vid Farmacihögskolan 1980-83. Vice ordförande i Spanska biokemiska föreningen från 1986. Har publicerat åtskilliga avhandlingar inom biokemi och har vid flera tillfällen varit engagerad som föreläsare vid olika seminarier i bl a USA.
Bor i Barcelona, Spanien.', 'MAN', 1288, 1289, 1290, null, null);

--======= Insert Person id: 431 =======
INSERT INTO location (id, city, country, region, notes, latitude, longitude, fetch_status) VALUES (577, 'Zaragosa', 'Spanien', '', '', 41.65183, -0.88114, 'FETCHED_WITH_SUCCESS');
INSERT INTO life_event (id, day, month, year, date, notes, location_id) VALUES (1291, 12, 10, 1941, '1941-10-12', '', 577);
INSERT INTO life_event (id, day, month, year, date, notes, location_id) VALUES (1292, null, null, null, null, '', null);
INSERT INTO life_event (id, day, month, year, date, notes, location_id) VALUES (1293, null, null, null, null, '', null);
INSERT INTO occupation (id, notes, day, month, year, date, location_id) VALUES (201, 'Licenciat i kemi', null, null, null, null, null);
INSERT INTO person (id, first_name, last_name, middle_names, notes, sex, birth_id, death_id, burial_id, father_id, mother_id) VALUES (431, 'Maria', 'Hegardt', 'Pilar, Garcia', 'Adress Via Hispanidad 61, bl. 7, 4 A, 50012 Zaragoza, Spanien.
Bor i Zaragosa, Spanien.', 'UNKNOWN', 1291, 1292, 1293, null, null);

--======= Insert Person id: 432 =======
INSERT INTO location (id, city, country, region, notes, latitude, longitude, fetch_status) VALUES (578, 'Zaragosa', 'Spanien', '', '', 41.65183, -0.88114, 'FETCHED_WITH_SUCCESS');
INSERT INTO life_event (id, day, month, year, date, notes, location_id) VALUES (1294, 30, 7, 1946, '1946-07-30', '', 578);
INSERT INTO life_event (id, day, month, year, date, notes, location_id) VALUES (1295, null, null, null, null, '', null);
INSERT INTO life_event (id, day, month, year, date, notes, location_id) VALUES (1296, null, null, null, null, '', null);
INSERT INTO occupation (id, notes, day, month, year, date, location_id) VALUES (202, 'Licenciat i kemi', null, null, null, null, null);
INSERT INTO person (id, first_name, last_name, middle_names, notes, sex, birth_id, death_id, burial_id, father_id, mother_id) VALUES (432, 'Carlos', 'Garcia-Hegardt', 'Alfonso, José', 'Adress Calle del Rio 31-9 D, Miranda de Ebro, Burgos, Spanien.
Bor i Burgos, Spanien.', 'MAN', 1294, 1295, 1296, null, null);

--======= Insert Person id: 433 =======
INSERT INTO location (id, city, country, region, notes, latitude, longitude, fetch_status) VALUES (579, 'Logrono', 'Spanien', '', '', 42.46591, -2.45193, 'FETCHED_WITH_SUCCESS');
INSERT INTO life_event (id, day, month, year, date, notes, location_id) VALUES (1297, 9, 6, 1927, '1927-06-09', '', 579);
INSERT INTO life_event (id, day, month, year, date, notes, location_id) VALUES (1298, null, null, null, null, '', null);
INSERT INTO life_event (id, day, month, year, date, notes, location_id) VALUES (1299, null, null, null, null, '', null);
INSERT INTO person (id, first_name, last_name, middle_names, notes, sex, birth_id, death_id, burial_id, father_id, mother_id) VALUES (433, 'Miguel', 'Morales', 'Angel, Marin', '', 'UNKNOWN', 1297, 1298, 1299, null, null);

--======= Insert Person id: 434 =======
INSERT INTO location (id, city, country, region, notes, latitude, longitude, fetch_status) VALUES (580, 'Bilbao', 'Spanien', '', '', 43.2689, -2.94529, 'FETCHED_WITH_SUCCESS');
INSERT INTO life_event (id, day, month, year, date, notes, location_id) VALUES (1300, 24, 5, 1942, '1942-05-24', '', 580);
INSERT INTO life_event (id, day, month, year, date, notes, location_id) VALUES (1301, null, null, null, null, '', null);
INSERT INTO life_event (id, day, month, year, date, notes, location_id) VALUES (1302, null, null, null, null, '', null);
INSERT INTO occupation (id, notes, day, month, year, date, location_id) VALUES (203, 'Lärare', null, null, null, null, null);
INSERT INTO person (id, first_name, last_name, middle_names, notes, sex, birth_id, death_id, burial_id, father_id, mother_id) VALUES (434, 'Begona', 'Echevarria', 'Fernandez', '', 'WOMAN', 1300, 1301, 1302, null, null);

--======= Insert Person id: 435 =======
INSERT INTO location (id, city, country, region, notes, latitude, longitude, fetch_status) VALUES (581, 'Zaragosa', 'Spanien', '', '', 41.65183, -0.88114, 'FETCHED_WITH_SUCCESS');
INSERT INTO life_event (id, day, month, year, date, notes, location_id) VALUES (1303, 2, 4, 1966, '1966-04-02', '', 581);
INSERT INTO life_event (id, day, month, year, date, notes, location_id) VALUES (1304, null, null, null, null, '', null);
INSERT INTO life_event (id, day, month, year, date, notes, location_id) VALUES (1305, null, null, null, null, '', null);
INSERT INTO occupation (id, notes, day, month, year, date, location_id) VALUES (204, 'Ekon stud', null, null, null, null, null);
INSERT INTO person (id, first_name, last_name, middle_names, notes, sex, birth_id, death_id, burial_id, father_id, mother_id) VALUES (435, 'Begona', 'Fernandez', 'Garcia', '', 'UNKNOWN', 1303, 1304, 1305, null, null);

--======= Insert Person id: 436 =======
INSERT INTO location (id, city, country, region, notes, latitude, longitude, fetch_status) VALUES (582, 'Zaragosa', 'Spanien', '', '', 41.65183, -0.88114, 'FETCHED_WITH_SUCCESS');
INSERT INTO life_event (id, day, month, year, date, notes, location_id) VALUES (1306, 12, 9, 1967, '1967-09-12', '', 582);
INSERT INTO life_event (id, day, month, year, date, notes, location_id) VALUES (1307, null, null, null, null, '', null);
INSERT INTO life_event (id, day, month, year, date, notes, location_id) VALUES (1308, null, null, null, null, '', null);
INSERT INTO occupation (id, notes, day, month, year, date, location_id) VALUES (205, 'Fil stud', null, null, null, null, null);
INSERT INTO person (id, first_name, last_name, middle_names, notes, sex, birth_id, death_id, burial_id, father_id, mother_id) VALUES (436, 'Inmaculada', 'Fernandez', 'Garcia', '', 'UNKNOWN', 1306, 1307, 1308, null, null);

--======= Insert Person id: 437 =======
INSERT INTO location (id, city, country, region, notes, latitude, longitude, fetch_status) VALUES (583, 'Zaragosa', 'Spanien', '', '', 41.65183, -0.88114, 'FETCHED_WITH_SUCCESS');
INSERT INTO life_event (id, day, month, year, date, notes, location_id) VALUES (1309, 27, 6, 1969, '1969-06-27', '', 583);
INSERT INTO location (id, city, country, region, notes, latitude, longitude, fetch_status) VALUES (584, 'Zaragosa', 'Spanien', '', '', 41.65183, -0.88114, 'FETCHED_WITH_SUCCESS');
INSERT INTO life_event (id, day, month, year, date, notes, location_id) VALUES (1310, 29, 6, 1969, '1969-06-29', '', 584);
INSERT INTO life_event (id, day, month, year, date, notes, location_id) VALUES (1311, null, null, null, null, '', null);
INSERT INTO person (id, first_name, last_name, middle_names, notes, sex, birth_id, death_id, burial_id, father_id, mother_id) VALUES (437, 'Augusto', 'Fernandez', 'Garcia', '', 'UNKNOWN', 1309, 1310, 1311, null, null);

--======= Insert Person id: 438 =======
INSERT INTO location (id, city, country, region, notes, latitude, longitude, fetch_status) VALUES (585, 'Zaragosa', 'Spanien', '', '', 41.65183, -0.88114, 'FETCHED_WITH_SUCCESS');
INSERT INTO life_event (id, day, month, year, date, notes, location_id) VALUES (1312, 15, 10, 1972, '1972-10-15', '', 585);
INSERT INTO life_event (id, day, month, year, date, notes, location_id) VALUES (1313, null, null, null, null, '', null);
INSERT INTO life_event (id, day, month, year, date, notes, location_id) VALUES (1314, null, null, null, null, '', null);
INSERT INTO occupation (id, notes, day, month, year, date, location_id) VALUES (206, 'Adress ave de las torres 35 6', null, null, null, null, null);
INSERT INTO occupation (id, notes, day, month, year, date, location_id) VALUES (207, 'Zaragoza', null, null, null, null, null);
INSERT INTO occupation (id, notes, day, month, year, date, location_id) VALUES (208, 'Spanien', null, null, null, null, null);
INSERT INTO person (id, first_name, last_name, middle_names, notes, sex, birth_id, death_id, burial_id, father_id, mother_id) VALUES (438, 'Teresa', 'Fernandez', 'Garcia', 'Bor i Zaragosa, Spanien.', 'UNKNOWN', 1312, 1313, 1314, null, null);

--======= Insert Person id: 439 =======
INSERT INTO location (id, city, country, region, notes, latitude, longitude, fetch_status) VALUES (586, 'Zaragosa', 'Spanien', '', '', 41.65183, -0.88114, 'FETCHED_WITH_SUCCESS');
INSERT INTO life_event (id, day, month, year, date, notes, location_id) VALUES (1315, 17, 12, 1976, '1976-12-17', '', 586);
INSERT INTO life_event (id, day, month, year, date, notes, location_id) VALUES (1316, null, null, null, null, '', null);
INSERT INTO life_event (id, day, month, year, date, notes, location_id) VALUES (1317, null, null, null, null, '', null);
INSERT INTO occupation (id, notes, day, month, year, date, location_id) VALUES (209, 'Adress ave de las torres 35 6', null, null, null, null, null);
INSERT INTO occupation (id, notes, day, month, year, date, location_id) VALUES (210, 'Zaragoza', null, null, null, null, null);
INSERT INTO occupation (id, notes, day, month, year, date, location_id) VALUES (211, 'Spanien', null, null, null, null, null);
INSERT INTO person (id, first_name, last_name, middle_names, notes, sex, birth_id, death_id, burial_id, father_id, mother_id) VALUES (439, 'Augusto', 'Fernandez', 'Garcia', 'Bor i Zaragosa, Spanien.', 'UNKNOWN', 1315, 1316, 1317, null, null);

--======= Insert Person id: 440 =======
INSERT INTO location (id, city, country, region, notes, latitude, longitude, fetch_status) VALUES (587, 'Yurre', 'Spanien', '', '', 42.87695, -2.70203, 'FETCHED_WITH_SUCCESS');
INSERT INTO life_event (id, day, month, year, date, notes, location_id) VALUES (1318, 14, 5, 1914, '1914-05-14', '', 587);
INSERT INTO life_event (id, day, month, year, date, notes, location_id) VALUES (1319, null, null, null, null, '', null);
INSERT INTO life_event (id, day, month, year, date, notes, location_id) VALUES (1320, null, null, null, null, '', null);
INSERT INTO person (id, first_name, last_name, middle_names, notes, sex, birth_id, death_id, burial_id, father_id, mother_id) VALUES (440, 'Maria', 'Sanchez', 'Justa, Echevarria', '', 'WOMAN', 1318, 1319, 1320, null, null);

--======= Insert Person id: 441 =======
INSERT INTO location (id, city, country, region, notes, latitude, longitude, fetch_status) VALUES (588, 'Vitoria', 'Spanien', '', '', 42.84227, -2.68359, 'FETCHED_WITH_SUCCESS');
INSERT INTO life_event (id, day, month, year, date, notes, location_id) VALUES (1321, 16, 11, 1912, '1912-11-16', '', 588);
INSERT INTO location (id, city, country, region, notes, latitude, longitude, fetch_status) VALUES (589, 'Zaragosa', 'Spanien', '', '', 41.65183, -0.88114, 'FETCHED_WITH_SUCCESS');
INSERT INTO life_event (id, day, month, year, date, notes, location_id) VALUES (1322, 13, 7, 1976, '1976-07-13', '', 589);
INSERT INTO life_event (id, day, month, year, date, notes, location_id) VALUES (1323, null, null, null, null, '', null);
INSERT INTO person (id, first_name, last_name, middle_names, notes, sex, birth_id, death_id, burial_id, father_id, mother_id) VALUES (441, 'Rufino', 'Echevarria', 'Fernandez', '', 'MAN', 1321, 1322, 1323, null, null);

--======= Insert Person id: 442 =======
INSERT INTO location (id, city, country, region, notes, latitude, longitude, fetch_status) VALUES (590, 'Zaragosa', 'Spanien', '', '', 41.65183, -0.88114, 'FETCHED_WITH_SUCCESS');
INSERT INTO life_event (id, day, month, year, date, notes, location_id) VALUES (1324, 29, 8, 1940, '1940-08-29', '', 590);
INSERT INTO life_event (id, day, month, year, date, notes, location_id) VALUES (1325, null, null, null, null, '', null);
INSERT INTO life_event (id, day, month, year, date, notes, location_id) VALUES (1326, null, null, null, null, '', null);
INSERT INTO occupation (id, notes, day, month, year, date, location_id) VALUES (212, 'Pianist', null, null, null, null, null);
INSERT INTO person (id, first_name, last_name, middle_names, notes, sex, birth_id, death_id, burial_id, father_id, mother_id) VALUES (442, 'Maria', 'Fernandez', 'Teresa, Sanchez', 'Utbildad pianist vid konservatoriet i Zaragoza 1963.', 'WOMAN', 1324, 1325, 1326, null, null);

--======= Insert Person id: 443 =======
INSERT INTO location (id, city, country, region, notes, latitude, longitude, fetch_status) VALUES (591, 'Barcelona', 'Spanien', '', '', 41.38804, 2.17001, 'FETCHED_WITH_SUCCESS');
INSERT INTO life_event (id, day, month, year, date, notes, location_id) VALUES (1327, 26, 5, 1983, '1983-05-26', '', 591);
INSERT INTO life_event (id, day, month, year, date, notes, location_id) VALUES (1328, null, null, null, null, '', null);
INSERT INTO life_event (id, day, month, year, date, notes, location_id) VALUES (1329, null, null, null, null, '', null);
INSERT INTO person (id, first_name, last_name, middle_names, notes, sex, birth_id, death_id, burial_id, father_id, mother_id) VALUES (443, 'Alba', 'Sanchez', 'Garcia', '', 'UNKNOWN', 1327, 1328, 1329, null, null);

--======= Insert Person id: 444 =======
INSERT INTO location (id, city, country, region, notes, latitude, longitude, fetch_status) VALUES (592, 'Cadreita', 'Spanien', '', '', 42.21715, -1.69373, 'FETCHED_WITH_SUCCESS');
INSERT INTO life_event (id, day, month, year, date, notes, location_id) VALUES (1330, 6, 8, 1917, '1917-08-06', '', 592);
INSERT INTO life_event (id, day, month, year, date, notes, location_id) VALUES (1331, null, null, null, null, '', null);
INSERT INTO life_event (id, day, month, year, date, notes, location_id) VALUES (1332, null, null, null, null, '', null);
INSERT INTO person (id, first_name, last_name, middle_names, notes, sex, birth_id, death_id, burial_id, father_id, mother_id) VALUES (444, 'Teresa', 'Melero', 'Fernandez', '', 'WOMAN', 1330, 1331, 1332, null, null);

--======= Insert Person id: 445 =======
INSERT INTO location (id, city, country, region, notes, latitude, longitude, fetch_status) VALUES (593, 'Corella', 'Spanien', '', '', 42.11506, -1.78821, 'FETCHED_WITH_SUCCESS');
INSERT INTO life_event (id, day, month, year, date, notes, location_id) VALUES (1333, null, null, 1915, '1915-01-01', '', 593);
INSERT INTO life_event (id, day, month, year, date, notes, location_id) VALUES (1334, 15, 2, 1945, '1945-02-15', '', null);
INSERT INTO life_event (id, day, month, year, date, notes, location_id) VALUES (1335, null, null, null, null, '', null);
INSERT INTO occupation (id, notes, day, month, year, date, location_id) VALUES (213, 'Grosshandlare', null, null, null, null, null);
INSERT INTO person (id, first_name, last_name, middle_names, notes, sex, birth_id, death_id, burial_id, father_id, mother_id) VALUES (445, 'Ramon', 'Falces', 'Sanches', '', 'MAN', 1333, 1334, 1335, null, null);

--======= Insert Person id: 446 =======
INSERT INTO location (id, city, country, region, notes, latitude, longitude, fetch_status) VALUES (594, 'Zaragosa', 'Spanien', '', '', 41.65183, -0.88114, 'FETCHED_WITH_SUCCESS');
INSERT INTO life_event (id, day, month, year, date, notes, location_id) VALUES (1336, 29, 3, 1937, '1937-03-29', '', 594);
INSERT INTO life_event (id, day, month, year, date, notes, location_id) VALUES (1337, null, null, null, null, '', null);
INSERT INTO life_event (id, day, month, year, date, notes, location_id) VALUES (1338, null, null, null, null, '', null);
INSERT INTO person (id, first_name, last_name, middle_names, notes, sex, birth_id, death_id, burial_id, father_id, mother_id) VALUES (446, 'Javier', 'Bayo', 'Lain', '', 'UNKNOWN', 1336, 1337, 1338, null, null);

--======= Insert Person id: 447 =======
INSERT INTO location (id, city, country, region, notes, latitude, longitude, fetch_status) VALUES (595, 'Barbastro', 'Spanien', '', '', 42.0361, 0.12802, 'FETCHED_WITH_SUCCESS');
INSERT INTO life_event (id, day, month, year, date, notes, location_id) VALUES (1339, 20, 7, 1948, '1948-07-20', '', 595);
INSERT INTO life_event (id, day, month, year, date, notes, location_id) VALUES (1340, null, null, null, null, '', null);
INSERT INTO life_event (id, day, month, year, date, notes, location_id) VALUES (1341, null, null, null, null, '', null);
INSERT INTO person (id, first_name, last_name, middle_names, notes, sex, birth_id, death_id, burial_id, father_id, mother_id) VALUES (447, 'Teresa', 'Fierro', 'Maria, Anguera', '', 'WOMAN', 1339, 1340, 1341, null, null);

--======= Insert Person id: 448 =======
INSERT INTO location (id, city, country, region, notes, latitude, longitude, fetch_status) VALUES (596, 'Burgos', 'Spanien', '', '', 42.34126, -3.69992, 'FETCHED_WITH_SUCCESS');
INSERT INTO life_event (id, day, month, year, date, notes, location_id) VALUES (1342, 12, 9, 1974, '1974-09-12', '', 596);
INSERT INTO life_event (id, day, month, year, date, notes, location_id) VALUES (1343, null, null, null, null, '', null);
INSERT INTO life_event (id, day, month, year, date, notes, location_id) VALUES (1344, null, null, null, null, '', null);
INSERT INTO occupation (id, notes, day, month, year, date, location_id) VALUES (214, 'Studerande', null, null, null, null, null);
INSERT INTO person (id, first_name, last_name, middle_names, notes, sex, birth_id, death_id, burial_id, father_id, mother_id) VALUES (448, 'Patricia', 'Anguera', 'Garcia-Hegardt', 'Adress Calle del Rio 31-9 D, Miranda de Ebro, Burgos, Spanien.
Bor i Barcelona, Spanien.', 'UNKNOWN', 1342, 1343, 1344, null, null);

--======= Insert Person id: 449 =======
INSERT INTO location (id, city, country, region, notes, latitude, longitude, fetch_status) VALUES (597, 'Burgos', 'Spanien', '', '', 42.34126, -3.69992, 'FETCHED_WITH_SUCCESS');
INSERT INTO life_event (id, day, month, year, date, notes, location_id) VALUES (1345, 29, 3, 1977, '1977-03-29', '', 597);
INSERT INTO life_event (id, day, month, year, date, notes, location_id) VALUES (1346, null, null, null, null, '', null);
INSERT INTO life_event (id, day, month, year, date, notes, location_id) VALUES (1347, null, null, null, null, '', null);
INSERT INTO occupation (id, notes, day, month, year, date, location_id) VALUES (215, 'Studerande', null, null, null, null, null);
INSERT INTO person (id, first_name, last_name, middle_names, notes, sex, birth_id, death_id, burial_id, father_id, mother_id) VALUES (449, 'Carlos', 'Anguera', 'Garcia-Hegardt', 'Adress Calle del Rio 31-9 D, Miranda de Ebro, Burgos, Spanien.
1995.', 'UNKNOWN', 1345, 1346, 1347, null, null);

--======= Insert Person id: 450 =======
INSERT INTO location (id, city, country, region, notes, latitude, longitude, fetch_status) VALUES (598, 'Burgos', 'Spanien', '', '', 42.34126, -3.69992, 'FETCHED_WITH_SUCCESS');
INSERT INTO life_event (id, day, month, year, date, notes, location_id) VALUES (1348, 26, 12, 1981, '1981-12-26', '', 598);
INSERT INTO life_event (id, day, month, year, date, notes, location_id) VALUES (1349, null, null, null, null, '', null);
INSERT INTO life_event (id, day, month, year, date, notes, location_id) VALUES (1350, null, null, null, null, '', null);
INSERT INTO person (id, first_name, last_name, middle_names, notes, sex, birth_id, death_id, burial_id, father_id, mother_id) VALUES (450, 'Maria', 'Anguera', 'Garcia-Hegardt', '1999.', 'UNKNOWN', 1348, 1349, 1350, null, null);

--======= Insert Person id: 451 =======
INSERT INTO life_event (id, day, month, year, date, notes, location_id) VALUES (1351, null, null, null, null, '', null);
INSERT INTO life_event (id, day, month, year, date, notes, location_id) VALUES (1352, null, null, null, null, '', null);
INSERT INTO life_event (id, day, month, year, date, notes, location_id) VALUES (1353, null, null, null, null, '', null);
INSERT INTO person (id, first_name, last_name, middle_names, notes, sex, birth_id, death_id, burial_id, father_id, mother_id) VALUES (451, 'Elizabeth', 'Spenn', 'Peters', '', 'WOMAN', 1351, 1352, 1353, null, null);

--======= Insert Person id: 452 =======
INSERT INTO life_event (id, day, month, year, date, notes, location_id) VALUES (1354, null, null, null, null, '', null);
INSERT INTO life_event (id, day, month, year, date, notes, location_id) VALUES (1355, null, null, null, null, '', null);
INSERT INTO life_event (id, day, month, year, date, notes, location_id) VALUES (1356, null, null, null, null, '', null);
INSERT INTO person (id, first_name, last_name, middle_names, notes, sex, birth_id, death_id, burial_id, father_id, mother_id) VALUES (452, 'Charles', 'Norbury', 'Joseph', '', 'MAN', 1354, 1355, 1356, null, null);

--======= Insert Person id: 453 =======
INSERT INTO location (id, city, country, region, notes, latitude, longitude, fetch_status) VALUES (599, 'Bethany', 'USA', 'Oregon', '', 45.55364, -122.83681, 'FETCHED_WITH_SUCCESS');
INSERT INTO life_event (id, day, month, year, date, notes, location_id) VALUES (1357, 8, 7, 1894, '1894-07-08', '', 599);
INSERT INTO location (id, city, country, region, notes, latitude, longitude, fetch_status) VALUES (600, 'Portland', 'USA', 'Oregon', '', 45.51179, -122.67563, 'FETCHED_WITH_SUCCESS');
INSERT INTO life_event (id, day, month, year, date, notes, location_id) VALUES (1358, 10, 4, 1974, '1974-04-10', '', 600);
INSERT INTO life_event (id, day, month, year, date, notes, location_id) VALUES (1359, null, null, null, null, '', null);
INSERT INTO person (id, first_name, last_name, middle_names, notes, sex, birth_id, death_id, burial_id, father_id, mother_id) VALUES (453, 'Hulda', 'Trachsel', '', '', 'UNKNOWN', 1357, 1358, 1359, null, null);

--======= Insert Person id: 454 =======
INSERT INTO life_event (id, day, month, year, date, notes, location_id) VALUES (1360, null, null, null, null, '', null);
INSERT INTO life_event (id, day, month, year, date, notes, location_id) VALUES (1361, null, null, null, null, '', null);
INSERT INTO life_event (id, day, month, year, date, notes, location_id) VALUES (1362, null, null, null, null, '', null);
INSERT INTO person (id, first_name, last_name, middle_names, notes, sex, birth_id, death_id, burial_id, father_id, mother_id) VALUES (454, 'Elizabeth', 'Stoller', '', '', 'WOMAN', 1360, 1361, 1362, null, null);

--======= Insert Person id: 455 =======
INSERT INTO life_event (id, day, month, year, date, notes, location_id) VALUES (1363, null, null, null, null, '', null);
INSERT INTO life_event (id, day, month, year, date, notes, location_id) VALUES (1364, null, null, null, null, '', null);
INSERT INTO life_event (id, day, month, year, date, notes, location_id) VALUES (1365, null, null, null, null, '', null);
INSERT INTO occupation (id, notes, day, month, year, date, location_id) VALUES (216, 'Godsägare', null, null, null, null, null);
INSERT INTO person (id, first_name, last_name, middle_names, notes, sex, birth_id, death_id, burial_id, father_id, mother_id) VALUES (455, 'Peter', 'Trachsel', '', '', 'MAN', 1363, 1364, 1365, null, null);

--======= Insert Person id: 456 =======
INSERT INTO location (id, city, country, region, notes, latitude, longitude, fetch_status) VALUES (601, 'Ostheim', 'Tyskland', '', '', 51.0792, 9.48002, 'FETCHED_WITH_SUCCESS');
INSERT INTO life_event (id, day, month, year, date, notes, location_id) VALUES (1366, 20, 3, 1897, '1897-03-20', '', 601);
INSERT INTO location (id, city, country, region, notes, latitude, longitude, fetch_status) VALUES (602, 'Tigard', 'USA', 'Oregon', '', 45.4254, -122.76575, 'FETCHED_WITH_SUCCESS');
INSERT INTO life_event (id, day, month, year, date, notes, location_id) VALUES (1367, 22, 4, 1987, '1987-04-22', '', 602);
INSERT INTO life_event (id, day, month, year, date, notes, location_id) VALUES (1368, null, null, null, null, '', null);
INSERT INTO occupation (id, notes, day, month, year, date, location_id) VALUES (217, 'Fastighetsmäklare', null, null, null, null, null);
INSERT INTO person (id, first_name, last_name, middle_names, notes, sex, birth_id, death_id, burial_id, father_id, mother_id) VALUES (456, 'John', 'Paterson', '', '', 'UNKNOWN', 1366, 1367, 1368, null, null);

--======= Insert Person id: 457 =======
INSERT INTO life_event (id, day, month, year, date, notes, location_id) VALUES (1369, null, null, null, null, '', null);
INSERT INTO life_event (id, day, month, year, date, notes, location_id) VALUES (1370, null, null, null, null, '', null);
INSERT INTO life_event (id, day, month, year, date, notes, location_id) VALUES (1371, null, null, null, null, '', null);
INSERT INTO person (id, first_name, last_name, middle_names, notes, sex, birth_id, death_id, burial_id, father_id, mother_id) VALUES (457, 'Lovisa', 'Lundqvist', 'Kristina', '', 'WOMAN', 1369, 1370, 1371, null, null);

--======= Insert Person id: 458 =======
INSERT INTO life_event (id, day, month, year, date, notes, location_id) VALUES (1372, null, null, null, null, '', null);
INSERT INTO life_event (id, day, month, year, date, notes, location_id) VALUES (1373, null, null, null, null, '', null);
INSERT INTO life_event (id, day, month, year, date, notes, location_id) VALUES (1374, null, null, null, null, '', null);
INSERT INTO occupation (id, notes, day, month, year, date, location_id) VALUES (218, 'Ingenjör', null, null, null, null, null);
INSERT INTO person (id, first_name, last_name, middle_names, notes, sex, birth_id, death_id, burial_id, father_id, mother_id) VALUES (458, 'August', 'Blücher', '', '', 'MAN', 1372, 1373, 1374, null, null);

--======= Insert Person id: 459 =======
INSERT INTO life_event (id, day, month, year, date, notes, location_id) VALUES (1375, null, null, null, null, '', null);
INSERT INTO life_event (id, day, month, year, date, notes, location_id) VALUES (1376, null, null, null, null, '', null);
INSERT INTO life_event (id, day, month, year, date, notes, location_id) VALUES (1377, null, null, null, null, '', null);
INSERT INTO person (id, first_name, last_name, middle_names, notes, sex, birth_id, death_id, burial_id, father_id, mother_id) VALUES (459, 'Anna', 'Bergendal', 'Hildegard', '', 'WOMAN', 1375, 1376, 1377, null, null);

--======= Insert Person id: 460 =======
INSERT INTO life_event (id, day, month, year, date, notes, location_id) VALUES (1378, null, null, null, null, '', null);
INSERT INTO life_event (id, day, month, year, date, notes, location_id) VALUES (1379, null, null, null, null, '', null);
INSERT INTO life_event (id, day, month, year, date, notes, location_id) VALUES (1380, null, null, null, null, '', null);
INSERT INTO occupation (id, notes, day, month, year, date, location_id) VALUES (219, 'Domänintendent', null, null, null, null, null);
INSERT INTO person (id, first_name, last_name, middle_names, notes, sex, birth_id, death_id, burial_id, father_id, mother_id) VALUES (460, 'Claes', 'Tamm', 'Oskar, Sebastian', '', 'MAN', 1378, 1379, 1380, null, null);

--======= Insert Person id: 461 =======
INSERT INTO location (id, city, country, region, notes, latitude, longitude, fetch_status) VALUES (603, 'Nyköping', 'Sverige', '', '', 58.75322, 17.00927, 'FETCHED_WITH_SUCCESS');
INSERT INTO life_event (id, day, month, year, date, notes, location_id) VALUES (1381, 27, 7, 1900, '1900-07-27', '', 603);
INSERT INTO location (id, city, country, region, notes, latitude, longitude, fetch_status) VALUES (604, 'Stockholm', 'Sverige', '', '', 59.33257, 18.06683, 'FETCHED_WITH_SUCCESS');
INSERT INTO life_event (id, day, month, year, date, notes, location_id) VALUES (1382, 13, 10, 1940, '1940-10-13', '', 604);
INSERT INTO life_event (id, day, month, year, date, notes, location_id) VALUES (1383, null, null, null, null, '', null);
INSERT INTO occupation (id, notes, day, month, year, date, location_id) VALUES (220, 'Civilekonom', null, null, null, null, null);
INSERT INTO person (id, first_name, last_name, middle_names, notes, sex, birth_id, death_id, burial_id, father_id, mother_id) VALUES (461, 'Tore', 'Gräslund', 'Albert', '', 'UNKNOWN', 1381, 1382, 1383, null, null);

--======= Insert Person id: 462 =======
INSERT INTO location (id, city, country, region, notes, latitude, longitude, fetch_status) VALUES (605, 'Göteborg', 'Sverige', '', '', 57.70067, 11.96822, 'FETCHED_WITH_SUCCESS');
INSERT INTO life_event (id, day, month, year, date, notes, location_id) VALUES (1384, 20, 9, 1897, '1897-09-20', '', 605);
INSERT INTO location (id, city, country, region, notes, latitude, longitude, fetch_status) VALUES (606, 'Hölö', 'Sverige', '', '', 59.02483, 17.53527, 'FETCHED_WITH_SUCCESS');
INSERT INTO life_event (id, day, month, year, date, notes, location_id) VALUES (1385, 15, 4, 1972, '1972-04-15', '', 606);
INSERT INTO life_event (id, day, month, year, date, notes, location_id) VALUES (1386, null, null, null, null, '', null);
INSERT INTO occupation (id, notes, day, month, year, date, location_id) VALUES (221, 'Civilekonom', null, null, null, null, null);
INSERT INTO person (id, first_name, last_name, middle_names, notes, sex, birth_id, death_id, burial_id, father_id, mother_id) VALUES (462, 'Nils', 'Holmer', 'Johan', '', 'MAN', 1384, 1385, 1386, null, null);

--======= Insert Person id: 463 =======
INSERT INTO life_event (id, day, month, year, date, notes, location_id) VALUES (1387, 28, 6, 1933, '1933-06-28', '', null);
INSERT INTO life_event (id, day, month, year, date, notes, location_id) VALUES (1388, 7, 3, 1991, '1991-03-07', '', null);
INSERT INTO life_event (id, day, month, year, date, notes, location_id) VALUES (1389, null, null, null, null, '', null);
INSERT INTO occupation (id, notes, day, month, year, date, location_id) VALUES (222, 'Bokhandlare i lerum', null, null, null, null, null);
INSERT INTO person (id, first_name, last_name, middle_names, notes, sex, birth_id, death_id, burial_id, father_id, mother_id) VALUES (463, 'Mats', 'Gräslund', 'Peter', '', 'UNKNOWN', 1387, 1388, 1389, null, null);

--======= Insert Person id: 464 =======
INSERT INTO life_event (id, day, month, year, date, notes, location_id) VALUES (1390, 13, 12, 1934, '1934-12-13', '', null);
INSERT INTO life_event (id, day, month, year, date, notes, location_id) VALUES (1391, null, null, null, null, '', null);
INSERT INTO life_event (id, day, month, year, date, notes, location_id) VALUES (1392, null, null, null, null, '', null);
INSERT INTO occupation (id, notes, day, month, year, date, location_id) VALUES (223, 'Professor i uppsala', null, null, null, null, null);
INSERT INTO person (id, first_name, last_name, middle_names, notes, sex, birth_id, death_id, burial_id, father_id, mother_id) VALUES (464, 'Bo', 'Gräslund', 'Albert', '', 'UNKNOWN', 1390, 1391, 1392, null, null);

--======= Insert Person id: 465 =======
INSERT INTO life_event (id, day, month, year, date, notes, location_id) VALUES (1393, 2, 11, 1937, '1937-11-02', '', null);
INSERT INTO life_event (id, day, month, year, date, notes, location_id) VALUES (1394, null, null, null, null, '', null);
INSERT INTO life_event (id, day, month, year, date, notes, location_id) VALUES (1395, null, null, null, null, '', null);
INSERT INTO person (id, first_name, last_name, middle_names, notes, sex, birth_id, death_id, burial_id, father_id, mother_id) VALUES (465, 'Anna', 'Gräslund', 'Lena', 'Skild 1976.
Bor i Stockholm (AB).', 'UNKNOWN', 1393, 1394, 1395, null, null);

--======= Insert Person id: 466 =======
INSERT INTO life_event (id, day, month, year, date, notes, location_id) VALUES (1396, null, null, null, null, '', null);
INSERT INTO life_event (id, day, month, year, date, notes, location_id) VALUES (1397, null, null, null, null, '', null);
INSERT INTO life_event (id, day, month, year, date, notes, location_id) VALUES (1398, null, null, null, null, '', null);
INSERT INTO person (id, first_name, last_name, middle_names, notes, sex, birth_id, death_id, burial_id, father_id, mother_id) VALUES (466, 'Anna', 'Andersson', '', '', 'WOMAN', 1396, 1397, 1398, null, null);

--======= Insert Person id: 467 =======
INSERT INTO life_event (id, day, month, year, date, notes, location_id) VALUES (1399, null, null, null, null, '', null);
INSERT INTO life_event (id, day, month, year, date, notes, location_id) VALUES (1400, null, null, null, null, '', null);
INSERT INTO life_event (id, day, month, year, date, notes, location_id) VALUES (1401, null, null, null, null, '', null);
INSERT INTO person (id, first_name, last_name, middle_names, notes, sex, birth_id, death_id, burial_id, father_id, mother_id) VALUES (467, 'Albert', 'Gräslund', '', '', 'MAN', 1399, 1400, 1401, null, null);

--======= Insert Person id: 468 =======
INSERT INTO life_event (id, day, month, year, date, notes, location_id) VALUES (1402, null, null, null, null, '', null);
INSERT INTO life_event (id, day, month, year, date, notes, location_id) VALUES (1403, null, null, null, null, '', null);
INSERT INTO life_event (id, day, month, year, date, notes, location_id) VALUES (1404, null, null, null, null, '', null);
INSERT INTO person (id, first_name, last_name, middle_names, notes, sex, birth_id, death_id, burial_id, father_id, mother_id) VALUES (468, 'Agnes', 'Larsson', '', '', 'WOMAN', 1402, 1403, 1404, null, null);

--======= Insert Person id: 469 =======
INSERT INTO life_event (id, day, month, year, date, notes, location_id) VALUES (1405, null, null, null, null, '', null);
INSERT INTO life_event (id, day, month, year, date, notes, location_id) VALUES (1406, null, null, null, null, '', null);
INSERT INTO life_event (id, day, month, year, date, notes, location_id) VALUES (1407, null, null, null, null, '', null);
INSERT INTO person (id, first_name, last_name, middle_names, notes, sex, birth_id, death_id, burial_id, father_id, mother_id) VALUES (469, 'Ludvig', 'Holmer', '', '', 'MAN', 1405, 1406, 1407, null, null);

--======= Insert Person id: 470 =======
INSERT INTO location (id, city, country, region, notes, latitude, longitude, fetch_status) VALUES (607, 'Tibro', 'Sverige', '', '', 58.42346, 14.16273, 'FETCHED_WITH_SUCCESS');
INSERT INTO life_event (id, day, month, year, date, notes, location_id) VALUES (1408, 17, 9, 1897, '1897-09-17', '', 607);
INSERT INTO life_event (id, day, month, year, date, notes, location_id) VALUES (1409, 29, 1, 1971, '1971-01-29', '', null);
INSERT INTO life_event (id, day, month, year, date, notes, location_id) VALUES (1410, null, null, null, null, '', null);
INSERT INTO occupation (id, notes, day, month, year, date, location_id) VALUES (224, 'Auktoriserad revisor med praktik i england', null, null, null, null, null);
INSERT INTO occupation (id, notes, day, month, year, date, location_id) VALUES (225, 'Belgien och berlin', null, null, null, null, null);
INSERT INTO person (id, first_name, last_name, middle_names, notes, sex, birth_id, death_id, burial_id, father_id, mother_id) VALUES (470, 'John', 'Wendler', 'Allan', 'Startade på 40-talet egen byrå i Stockholm ''John Wendlers Revisionsbyrå'' och som han drev nästan till sin död 1971. Var skicklig sportfiskare.', 'MAN', 1408, 1409, 1410, null, null);

--======= Insert Person id: 471 =======
INSERT INTO life_event (id, day, month, year, date, notes, location_id) VALUES (1411, 5, 12, 1934, '1934-12-05', '', null);
INSERT INTO life_event (id, day, month, year, date, notes, location_id) VALUES (1412, null, null, null, null, '', null);
INSERT INTO life_event (id, day, month, year, date, notes, location_id) VALUES (1413, null, null, null, null, '', null);
INSERT INTO occupation (id, notes, day, month, year, date, location_id) VALUES (226, 'Civilekonom', null, null, null, null, null);
INSERT INTO person (id, first_name, last_name, middle_names, notes, sex, birth_id, death_id, burial_id, father_id, mother_id) VALUES (471, 'Peter', 'Wendler', '', 'Adress Skyttevägen 56, 181 46 LIDINGØ.
Oforskat Utbildning; Vigseldatum.
Bor på Lidingö (AB).', 'MAN', 1411, 1412, 1413, null, null);

--======= Insert Person id: 472 =======
INSERT INTO life_event (id, day, month, year, date, notes, location_id) VALUES (1414, null, null, null, null, '', null);
INSERT INTO life_event (id, day, month, year, date, notes, location_id) VALUES (1415, null, null, null, null, '', null);
INSERT INTO life_event (id, day, month, year, date, notes, location_id) VALUES (1416, null, null, null, null, '', null);
INSERT INTO person (id, first_name, last_name, middle_names, notes, sex, birth_id, death_id, burial_id, father_id, mother_id) VALUES (472, 'Anna', 'Lundberg', 'Cecilia', '', 'WOMAN', 1414, 1415, 1416, null, null);

--======= Insert Person id: 473 =======
INSERT INTO location (id, city, country, region, notes, latitude, longitude, fetch_status) VALUES (608, 'Gammalstorp', 'Tibro', '', '', 56.10386, 14.61859, 'FETCHED_WITH_SUCCESS');
INSERT INTO life_event (id, day, month, year, date, notes, location_id) VALUES (1417, null, null, null, null, '', 608);
INSERT INTO life_event (id, day, month, year, date, notes, location_id) VALUES (1418, null, null, null, null, '', null);
INSERT INTO life_event (id, day, month, year, date, notes, location_id) VALUES (1419, null, null, null, null, '', null);
INSERT INTO person (id, first_name, last_name, middle_names, notes, sex, birth_id, death_id, burial_id, father_id, mother_id) VALUES (473, 'Håkan', 'Jönsson', '', 'Tog namnet Wendler.
Brukade gården Söran, sedermera affärsman i Halmstad.', 'MAN', 1417, 1418, 1419, null, null);

--======= Insert Person id: 474 =======
INSERT INTO location (id, city, country, region, notes, latitude, longitude, fetch_status) VALUES (609, 'Stockholm', 'Sverige', '', '', 59.33257, 18.06683, 'FETCHED_WITH_SUCCESS');
INSERT INTO life_event (id, day, month, year, date, notes, location_id) VALUES (1420, 21, 3, 1908, '1908-03-21', '', 609);
INSERT INTO life_event (id, day, month, year, date, notes, location_id) VALUES (1421, 7, 11, 1983, '1983-11-07', '', null);
INSERT INTO life_event (id, day, month, year, date, notes, location_id) VALUES (1422, null, null, null, null, '', null);
INSERT INTO occupation (id, notes, day, month, year, date, location_id) VALUES (227, 'Øverstelöjtnant', null, null, null, null, null);
INSERT INTO person (id, first_name, last_name, middle_names, notes, sex, birth_id, death_id, burial_id, father_id, mother_id) VALUES (474, 'Gustaf', 'Hamilton', 'Hugo, Bastiat', 'Student 1927 i Østersund (Z).
Efter officersexamen var han verksam vid Göta artilleriregemente, vid Norrbottens artillerikår i Boden och från 1952 vid Wendes artilleriregemente i Kristianstad.
Efter sin pensionering som officer var han avd chef vid Ahsell och Ågren AB i Göteborg 1964 - 1973.
Gustaf och Margareta flyttade till Lund 1979.
Under 30- och 40-talen var Gustaf framgångsrik tävlingsryttare.
Därefter blev golf hans stora fritidsintresse som också delades av Margareta.', 'MAN', 1420, 1421, 1422, null, null);

--======= Insert Person id: 475 =======
INSERT INTO location (id, city, country, region, notes, latitude, longitude, fetch_status) VALUES (610, 'Göteborg', 'Sverige', '', '', 57.70067, 11.96822, 'FETCHED_WITH_SUCCESS');
INSERT INTO life_event (id, day, month, year, date, notes, location_id) VALUES (1423, 26, 2, 1938, '1938-02-26', '', 610);
INSERT INTO life_event (id, day, month, year, date, notes, location_id) VALUES (1424, null, null, null, null, '', null);
INSERT INTO life_event (id, day, month, year, date, notes, location_id) VALUES (1425, null, null, null, null, '', null);
INSERT INTO occupation (id, notes, day, month, year, date, location_id) VALUES (228, 'Sekreterare', null, null, null, null, null);
INSERT INTO person (id, first_name, last_name, middle_names, notes, sex, birth_id, death_id, burial_id, father_id, mother_id) VALUES (475, 'Blanche', 'Hamilton', 'Margareta', 'Student 1957 i Kristianstad (L).
Sekreterarutbildning i Göteborg (O).
Ett år på Irland =195-9=-.
Arbetade därefter på universitetet i Lund fram till giftermålet.', 'WOMAN', 1423, 1424, 1425, null, null);

--======= Insert Person id: 476 =======
INSERT INTO location (id, city, country, region, notes, latitude, longitude, fetch_status) VALUES (611, 'Göteborg', 'Sverige', '', '', 57.70067, 11.96822, 'FETCHED_WITH_SUCCESS');
INSERT INTO life_event (id, day, month, year, date, notes, location_id) VALUES (1426, 14, 1, 1942, '1942-01-14', '', 611);
INSERT INTO life_event (id, day, month, year, date, notes, location_id) VALUES (1427, null, null, null, null, '', null);
INSERT INTO life_event (id, day, month, year, date, notes, location_id) VALUES (1428, null, null, null, null, '', null);
INSERT INTO occupation (id, notes, day, month, year, date, location_id) VALUES (229, 'Vårdhögskolelärare', null, null, null, null, null);
INSERT INTO person (id, first_name, last_name, middle_names, notes, sex, birth_id, death_id, burial_id, father_id, mother_id) VALUES (476, 'Ingela', 'Hamilton', 'Ulrika', 'Skild 1985 .
Studentexamen 1961 .
Sjuksköterskeexamen 1965 .
Vårdlärarexamen 1970 .
Fil kand 1989 .
Anställd som högskolelärare vid vårdhögskolan i Malmö sedan =197-1=-.', 'WOMAN', 1426, 1427, 1428, null, null);

--======= Insert Person id: 477 =======
INSERT INTO location (id, city, country, region, notes, latitude, longitude, fetch_status) VALUES (612, 'Göteborg', 'Sverige', '', '', 57.70067, 11.96822, 'FETCHED_WITH_SUCCESS');
INSERT INTO life_event (id, day, month, year, date, notes, location_id) VALUES (1429, 11, 1, 1946, '1946-01-11', '', 612);
INSERT INTO life_event (id, day, month, year, date, notes, location_id) VALUES (1430, null, null, null, null, '', null);
INSERT INTO life_event (id, day, month, year, date, notes, location_id) VALUES (1431, null, null, null, null, '', null);
INSERT INTO occupation (id, notes, day, month, year, date, location_id) VALUES (230, 'Professor', null, null, null, null, null);
INSERT INTO person (id, first_name, last_name, middle_names, notes, sex, birth_id, death_id, burial_id, father_id, mother_id) VALUES (477, 'Carl', 'Hamilton', 'Peter, Bastiat', 'Studentexamen 1965 .
Universitetsstudier i internationell ekonomi vid London school of economics. Anställd vid institutet för ekonomi vid Stockholms universitet.
Riksdagsledamot för Folkpartiet från 1991.
Professor vid centrum för Stilla havs- och Asienstudier 1992.', 'MAN', 1429, 1430, 1431, null, null);

--======= Insert Person id: 478 =======
INSERT INTO life_event (id, day, month, year, date, notes, location_id) VALUES (1432, null, null, null, null, '', null);
INSERT INTO life_event (id, day, month, year, date, notes, location_id) VALUES (1433, null, null, 1963, '1963-01-01', '', null);
INSERT INTO life_event (id, day, month, year, date, notes, location_id) VALUES (1434, null, null, null, null, '', null);
INSERT INTO person (id, first_name, last_name, middle_names, notes, sex, birth_id, death_id, burial_id, father_id, mother_id) VALUES (478, 'Sofia', 'Lilliestråhle', 'Ulrika, Elisabeth', '', 'WOMAN', 1432, 1433, 1434, null, null);

--======= Insert Person id: 479 =======
INSERT INTO life_event (id, day, month, year, date, notes, location_id) VALUES (1435, null, null, null, null, '', null);
INSERT INTO life_event (id, day, month, year, date, notes, location_id) VALUES (1436, null, null, 1926, '1926-01-01', '', null);
INSERT INTO life_event (id, day, month, year, date, notes, location_id) VALUES (1437, null, null, null, null, '', null);
INSERT INTO person (id, first_name, last_name, middle_names, notes, sex, birth_id, death_id, burial_id, father_id, mother_id) VALUES (479, 'Carl', 'Hamilton', 'Bastiat', '', 'MAN', 1435, 1436, 1437, null, null);

--======= Insert Person id: 480 =======
INSERT INTO location (id, city, country, region, notes, latitude, longitude, fetch_status) VALUES (613, 'Askersund', 'Sverige', '', '', 58.88744, 14.91627, 'FETCHED_WITH_SUCCESS');
INSERT INTO life_event (id, day, month, year, date, notes, location_id) VALUES (1438, 28, 3, 1907, '1907-03-28', '', 613);
INSERT INTO location (id, city, country, region, notes, latitude, longitude, fetch_status) VALUES (614, 'Ronneby', 'Sverige', '', '', 56.2105, 15.28026, 'FETCHED_WITH_SUCCESS');
INSERT INTO life_event (id, day, month, year, date, notes, location_id) VALUES (1439, 20, 3, 1970, '1970-03-20', '', 614);
INSERT INTO life_event (id, day, month, year, date, notes, location_id) VALUES (1440, null, null, null, null, '', null);
INSERT INTO occupation (id, notes, day, month, year, date, location_id) VALUES (231, 'Provinsialläkare', null, null, null, null, null);
INSERT INTO person (id, first_name, last_name, middle_names, notes, sex, birth_id, death_id, burial_id, father_id, mother_id) VALUES (480, 'Nils', 'Holmberg', 'Gösta', '', 'MAN', 1438, 1439, 1440, null, null);

--======= Insert Person id: 481 =======
INSERT INTO location (id, city, country, region, notes, latitude, longitude, fetch_status) VALUES (615, 'Karlskrona', 'Sverige', '', '', 56.16067, 15.58464, 'FETCHED_WITH_SUCCESS');
INSERT INTO life_event (id, day, month, year, date, notes, location_id) VALUES (1441, 14, 4, 1942, '1942-04-14', '', 615);
INSERT INTO life_event (id, day, month, year, date, notes, location_id) VALUES (1442, null, null, null, null, '', null);
INSERT INTO life_event (id, day, month, year, date, notes, location_id) VALUES (1443, null, null, null, null, '', null);
INSERT INTO occupation (id, notes, day, month, year, date, location_id) VALUES (232, 'Privatpraktiserande barnläkare', null, null, null, null, null);
INSERT INTO person (id, first_name, last_name, middle_names, notes, sex, birth_id, death_id, burial_id, father_id, mother_id) VALUES (481, 'Nils', 'Hegardt', 'Peter', 'Adress Skepparegatan 36, 260 40 VIKEN.
Skild 1985.
Studentexamen 1962 i Ronneby (K).
Med kand 1964 i Uppsala och med lic 1970 i Göteborg. Studerat vid Oxford University, Brasenose College, England 1964-65. Underläkare vid Barnsjukhuset i Göteborg 1970-72. Underläkare vid barnkliniken i Helsingborg 1972-76. Avdelningsläkare vid samma klinik 1976-83.
Från 1984 privatpraktiserande barnläkare i Helsingborg. Ufört visst forskningsarbete rörande enzymer i bröstmjölken (publ).
Bor i Viken (M).', 'MAN', 1441, 1442, 1443, null, null);

--======= Insert Person id: 482 =======
INSERT INTO location (id, city, country, region, notes, latitude, longitude, fetch_status) VALUES (616, 'Ronneby', 'Sverige', '', '', 56.2105, 15.28026, 'FETCHED_WITH_SUCCESS');
INSERT INTO life_event (id, day, month, year, date, notes, location_id) VALUES (1444, 10, 2, 1949, '1949-02-10', '', 616);
INSERT INTO life_event (id, day, month, year, date, notes, location_id) VALUES (1445, null, null, null, null, '', null);
INSERT INTO life_event (id, day, month, year, date, notes, location_id) VALUES (1446, null, null, null, null, '', null);
INSERT INTO occupation (id, notes, day, month, year, date, location_id) VALUES (233, 'Egen företagare', null, null, null, null, null);
INSERT INTO person (id, first_name, last_name, middle_names, notes, sex, birth_id, death_id, burial_id, father_id, mother_id) VALUES (482, 'Bo', 'Hegardt', '', 'Adress Skårby Junibacken, 271 91 YSTAD.
Studentexamen 1969 i Ronneby (K).
Diplomerad från Grafiska Institutet (DGI) 1984.
Anställd 1978 - 1990 vid Strålfors Dataprodukter som säljare.
Sedan 1991 egen företagare, är delägare i Blankett-Gruppen.
Bor i Skårby (M).', 'MAN', 1444, 1445, 1446, null, null);

--======= Insert Person id: 483 =======
INSERT INTO location (id, city, country, region, notes, latitude, longitude, fetch_status) VALUES (617, 'Stockholm', 'Sverige', '', '', 59.33257, 18.06683, 'FETCHED_WITH_SUCCESS');
INSERT INTO life_event (id, day, month, year, date, notes, location_id) VALUES (1447, 10, 2, 1947, '1947-02-10', '', 617);
INSERT INTO life_event (id, day, month, year, date, notes, location_id) VALUES (1448, null, null, null, null, '', null);
INSERT INTO life_event (id, day, month, year, date, notes, location_id) VALUES (1449, null, null, null, null, '', null);
INSERT INTO person (id, first_name, last_name, middle_names, notes, sex, birth_id, death_id, burial_id, father_id, mother_id) VALUES (483, 'Bodil', 'Segæus', 'Ann-Katrin', '', 'WOMAN', 1447, 1448, 1449, null, null);

--======= Insert Person id: 484 =======
INSERT INTO location (id, city, country, region, notes, latitude, longitude, fetch_status) VALUES (618, 'Stockholm', 'Sverige', '', '', 59.33257, 18.06683, 'FETCHED_WITH_SUCCESS');
INSERT INTO life_event (id, day, month, year, date, notes, location_id) VALUES (1450, 9, 5, 1949, '1949-05-09', '', 618);
INSERT INTO life_event (id, day, month, year, date, notes, location_id) VALUES (1451, null, null, null, null, '', null);
INSERT INTO life_event (id, day, month, year, date, notes, location_id) VALUES (1452, null, null, null, null, '', null);
INSERT INTO occupation (id, notes, day, month, year, date, location_id) VALUES (234, 'Sjukgymnast', null, null, null, null, null);
INSERT INTO person (id, first_name, last_name, middle_names, notes, sex, birth_id, death_id, burial_id, father_id, mother_id) VALUES (484, 'Liselotte', 'Witt', '', '', 'WOMAN', 1450, 1451, 1452, null, null);

--======= Insert Person id: 485 =======
INSERT INTO location (id, city, country, region, notes, latitude, longitude, fetch_status) VALUES (619, 'Göteborg', 'Sverige', '', '', 57.70067, 11.96822, 'FETCHED_WITH_SUCCESS');
INSERT INTO life_event (id, day, month, year, date, notes, location_id) VALUES (1453, 12, 8, 1971, '1971-08-12', '', 619);
INSERT INTO life_event (id, day, month, year, date, notes, location_id) VALUES (1454, null, null, null, null, '', null);
INSERT INTO life_event (id, day, month, year, date, notes, location_id) VALUES (1455, null, null, null, null, '', null);
INSERT INTO occupation (id, notes, day, month, year, date, location_id) VALUES (235, 'Arkitektstuderande', null, null, null, null, null);
INSERT INTO person (id, first_name, last_name, middle_names, notes, sex, birth_id, death_id, burial_id, father_id, mother_id) VALUES (485, 'Christian', 'Hegardt', 'Peter', 'Adress Skördevägen 121, 263 54 HØGANÄS.
Bor i Höganäs (M).', 'UNKNOWN', 1453, 1454, 1455, null, null);

--======= Insert Person id: 486 =======
INSERT INTO location (id, city, country, region, notes, latitude, longitude, fetch_status) VALUES (620, 'Helsingborg', 'Sverige', '', '', 56.04399, 12.69611, 'FETCHED_WITH_SUCCESS');
INSERT INTO life_event (id, day, month, year, date, notes, location_id) VALUES (1456, 9, 6, 1973, '1973-06-09', '', 620);
INSERT INTO life_event (id, day, month, year, date, notes, location_id) VALUES (1457, null, null, null, null, '', null);
INSERT INTO life_event (id, day, month, year, date, notes, location_id) VALUES (1458, null, null, null, null, '', null);
INSERT INTO occupation (id, notes, day, month, year, date, location_id) VALUES (236, 'Studerande', null, null, null, null, null);
INSERT INTO person (id, first_name, last_name, middle_names, notes, sex, birth_id, death_id, burial_id, father_id, mother_id) VALUES (486, 'Anna', 'Hegardt', 'Elisabeth', 'Adress Skördevägen 121, 263 54 HØGANÄS.
Bor i Höganäs (M).', 'UNKNOWN', 1456, 1457, 1458, null, null);

--======= Insert Person id: 487 =======
INSERT INTO location (id, city, country, region, notes, latitude, longitude, fetch_status) VALUES (621, 'Helsingborg', 'Sverige', '', '', 56.04399, 12.69611, 'FETCHED_WITH_SUCCESS');
INSERT INTO life_event (id, day, month, year, date, notes, location_id) VALUES (1459, 1, 11, 1975, '1975-11-01', '', 621);
INSERT INTO life_event (id, day, month, year, date, notes, location_id) VALUES (1460, null, null, null, null, '', null);
INSERT INTO life_event (id, day, month, year, date, notes, location_id) VALUES (1461, null, null, null, null, '', null);
INSERT INTO occupation (id, notes, day, month, year, date, location_id) VALUES (237, 'Medicine studerande', null, null, null, null, null);
INSERT INTO person (id, first_name, last_name, middle_names, notes, sex, birth_id, death_id, burial_id, father_id, mother_id) VALUES (487, 'Fredrik', 'Hegardt', 'Peter', 'Adress Viktoriagatan 14, 3, 411 25 GØTEBORG.
Bor i Göteborg (O).', 'UNKNOWN', 1459, 1460, 1461, null, null);

--======= Insert Person id: 488 =======
INSERT INTO location (id, city, country, region, notes, latitude, longitude, fetch_status) VALUES (622, 'Viken', 'Sverige', '', '', 56.15312, 12.56932, 'FETCHED_WITH_SUCCESS');
INSERT INTO life_event (id, day, month, year, date, notes, location_id) VALUES (1462, 31, 3, 1990, '1990-03-31', '', 622);
INSERT INTO life_event (id, day, month, year, date, notes, location_id) VALUES (1463, null, null, null, null, '', null);
INSERT INTO life_event (id, day, month, year, date, notes, location_id) VALUES (1464, null, null, null, null, '', null);
INSERT INTO person (id, first_name, last_name, middle_names, notes, sex, birth_id, death_id, burial_id, father_id, mother_id) VALUES (488, 'Caspar', 'Hegardt', 'Henrik, Peter', '2008.', 'UNKNOWN', 1462, 1463, 1464, null, null);

--======= Insert Person id: 489 =======
INSERT INTO location (id, city, country, region, notes, latitude, longitude, fetch_status) VALUES (623, 'Trelleborg', 'Sverige', '', '', 55.37561, 13.14748, 'FETCHED_WITH_SUCCESS');
INSERT INTO life_event (id, day, month, year, date, notes, location_id) VALUES (1465, 6, 2, 1952, '1952-02-06', '', 623);
INSERT INTO life_event (id, day, month, year, date, notes, location_id) VALUES (1466, null, null, null, null, '', null);
INSERT INTO life_event (id, day, month, year, date, notes, location_id) VALUES (1467, null, null, null, null, '', null);
INSERT INTO person (id, first_name, last_name, middle_names, notes, sex, birth_id, death_id, burial_id, father_id, mother_id) VALUES (489, 'Karin', 'Sternhagen', 'Gertrud, Estelle', 'Apoteksteknikerexamen 1978 i Malmö (M).', 'WOMAN', 1465, 1466, 1467, null, null);

--======= Insert Person id: 490 =======
INSERT INTO location (id, city, country, region, notes, latitude, longitude, fetch_status) VALUES (624, 'Trelleborg', 'Sverige', '', '', 55.37561, 13.14748, 'FETCHED_WITH_SUCCESS');
INSERT INTO life_event (id, day, month, year, date, notes, location_id) VALUES (1468, 4, 12, 1974, '1974-12-04', '', 624);
INSERT INTO life_event (id, day, month, year, date, notes, location_id) VALUES (1469, null, null, null, null, '', null);
INSERT INTO life_event (id, day, month, year, date, notes, location_id) VALUES (1470, null, null, null, null, '', null);
INSERT INTO occupation (id, notes, day, month, year, date, location_id) VALUES (238, 'Studerande', null, null, null, null, null);
INSERT INTO person (id, first_name, last_name, middle_names, notes, sex, birth_id, death_id, burial_id, father_id, mother_id) VALUES (490, 'Carin', 'Hegardt', 'Jessica', 'Adress Mariedalsvägen 37, 217 45 MALMØ.
Bor i Malmö (M).', 'UNKNOWN', 1468, 1469, 1470, null, null);

--======= Insert Person id: 491 =======
INSERT INTO location (id, city, country, region, notes, latitude, longitude, fetch_status) VALUES (625, 'Lund', 'Sverige', '', '', 55.70664, 13.18759, 'FETCHED_WITH_SUCCESS');
INSERT INTO life_event (id, day, month, year, date, notes, location_id) VALUES (1471, 12, 7, 1981, '1981-07-12', '', 625);
INSERT INTO life_event (id, day, month, year, date, notes, location_id) VALUES (1472, null, null, null, null, '', null);
INSERT INTO life_event (id, day, month, year, date, notes, location_id) VALUES (1473, null, null, null, null, '', null);
INSERT INTO occupation (id, notes, day, month, year, date, location_id) VALUES (239, 'Studerande', null, null, null, null, null);
INSERT INTO person (id, first_name, last_name, middle_names, notes, sex, birth_id, death_id, burial_id, father_id, mother_id) VALUES (491, 'Nina', 'Hegardt', 'Josefine', '1999.', 'UNKNOWN', 1471, 1472, 1473, null, null);

--======= Insert Person id: 492 =======
INSERT INTO location (id, city, country, region, notes, latitude, longitude, fetch_status) VALUES (626, 'Trelleborg', 'Sverige', '', '', 55.37561, 13.14748, 'FETCHED_WITH_SUCCESS');
INSERT INTO life_event (id, day, month, year, date, notes, location_id) VALUES (1474, 30, 8, 1922, '1922-08-30', '', 626);
INSERT INTO life_event (id, day, month, year, date, notes, location_id) VALUES (1475, null, null, null, null, '', null);
INSERT INTO life_event (id, day, month, year, date, notes, location_id) VALUES (1476, null, null, null, null, '', null);
INSERT INTO person (id, first_name, last_name, middle_names, notes, sex, birth_id, death_id, burial_id, father_id, mother_id) VALUES (492, 'Inga-Lisa', 'Landgren', 'Marianne', '', 'WOMAN', 1474, 1475, 1476, null, null);

--======= Insert Person id: 493 =======
INSERT INTO location (id, city, country, region, notes, latitude, longitude, fetch_status) VALUES (627, 'Helsingborg', 'Sverige', '', '', 56.04399, 12.69611, 'FETCHED_WITH_SUCCESS');
INSERT INTO life_event (id, day, month, year, date, notes, location_id) VALUES (1477, 17, 5, 1909, '1909-05-17', '', 627);
INSERT INTO life_event (id, day, month, year, date, notes, location_id) VALUES (1478, null, null, null, null, '', null);
INSERT INTO life_event (id, day, month, year, date, notes, location_id) VALUES (1479, null, null, null, null, '', null);
INSERT INTO occupation (id, notes, day, month, year, date, location_id) VALUES (240, 'Inköpschef', null, null, null, null, null);
INSERT INTO person (id, first_name, last_name, middle_names, notes, sex, birth_id, death_id, burial_id, father_id, mother_id) VALUES (493, 'Torsten', 'Sternhagen', 'Gustaf', '', 'MAN', 1477, 1478, 1479, null, null);

--======= Insert Person id: 494 =======
INSERT INTO life_event (id, day, month, year, date, notes, location_id) VALUES (1480, null, null, null, null, '', null);
INSERT INTO life_event (id, day, month, year, date, notes, location_id) VALUES (1481, null, null, null, null, '', null);
INSERT INTO life_event (id, day, month, year, date, notes, location_id) VALUES (1482, null, null, null, null, '', null);
INSERT INTO person (id, first_name, last_name, middle_names, notes, sex, birth_id, death_id, burial_id, father_id, mother_id) VALUES (494, 'Augusta', 'Berndtson', 'Teresia', '', 'WOMAN', 1480, 1481, 1482, null, null);

--======= Insert Person id: 495 =======
INSERT INTO life_event (id, day, month, year, date, notes, location_id) VALUES (1483, null, null, null, null, '', null);
INSERT INTO life_event (id, day, month, year, date, notes, location_id) VALUES (1484, null, null, null, null, '', null);
INSERT INTO life_event (id, day, month, year, date, notes, location_id) VALUES (1485, null, null, null, null, '', null);
INSERT INTO occupation (id, notes, day, month, year, date, location_id) VALUES (241, 'Godsägare', null, null, null, null, null);
INSERT INTO person (id, first_name, last_name, middle_names, notes, sex, birth_id, death_id, burial_id, father_id, mother_id) VALUES (495, 'Ernst', 'Dugge', 'Henrik, Fredrik', '', 'MAN', 1483, 1484, 1485, null, null);

--======= Insert Person id: 496 =======
INSERT INTO location (id, city, country, region, notes, latitude, longitude, fetch_status) VALUES (628, 'på Huseby i Skatelöv', 'Sverige', '', '', 56.75651, 14.58562, 'FETCHED_WITH_SUCCESS');
INSERT INTO life_event (id, day, month, year, date, notes, location_id) VALUES (1486, 19, 12, 1830, '1830-12-19', '', 628);
INSERT INTO location (id, city, country, region, notes, latitude, longitude, fetch_status) VALUES (629, 'på Ekebyholm i Rimbo', 'Sverige', '', '', 59.7678, 18.35572, 'FETCHED_WITH_SUCCESS');
INSERT INTO life_event (id, day, month, year, date, notes, location_id) VALUES (1487, 1, 10, 1896, '1896-10-01', '', 629);
INSERT INTO life_event (id, day, month, year, date, notes, location_id) VALUES (1488, null, null, null, null, '', null);
INSERT INTO occupation (id, notes, day, month, year, date, location_id) VALUES (242, 'Øverste', null, null, null, null, null);
INSERT INTO person (id, first_name, last_name, middle_names, notes, sex, birth_id, death_id, burial_id, father_id, mother_id) VALUES (496, 'Hugo', 'Hamilton', 'Jakob', '', 'UNKNOWN', 1486, 1487, 1488, null, null);

--======= Insert Person id: 497 =======
INSERT INTO location (id, city, country, region, notes, latitude, longitude, fetch_status) VALUES (630, 'Stockholm', 'Sverige', '', '', 59.33257, 18.06683, 'FETCHED_WITH_SUCCESS');
INSERT INTO life_event (id, day, month, year, date, notes, location_id) VALUES (1489, 6, 7, 1873, '1873-07-06', '', 630);
INSERT INTO location (id, city, country, region, notes, latitude, longitude, fetch_status) VALUES (631, 'Stockholm', 'Sverige', '', '', 59.33257, 18.06683, 'FETCHED_WITH_SUCCESS');
INSERT INTO life_event (id, day, month, year, date, notes, location_id) VALUES (1490, 5, 3, 1944, '1944-03-05', '', 631);
INSERT INTO life_event (id, day, month, year, date, notes, location_id) VALUES (1491, null, null, null, null, '', null);
INSERT INTO person (id, first_name, last_name, middle_names, notes, sex, birth_id, death_id, burial_id, father_id, mother_id) VALUES (497, 'Hedvig', 'Björnström', 'Sofia, Magdalena', '', 'WOMAN', 1489, 1490, 1491, null, null);

--======= Insert Person id: 498 =======
INSERT INTO location (id, city, country, region, notes, latitude, longitude, fetch_status) VALUES (632, 'på Irvingsholm', 'Sverige', '', '', 59.28332, 15.03904, 'FETCHED_WITH_SUCCESS');
INSERT INTO life_event (id, day, month, year, date, notes, location_id) VALUES (1492, 7, 7, 1898, '1898-07-07', '', 632);
INSERT INTO life_event (id, day, month, year, date, notes, location_id) VALUES (1493, 17, 5, 1964, '1964-05-17', '', null);
INSERT INTO life_event (id, day, month, year, date, notes, location_id) VALUES (1494, null, null, null, null, '', null);
INSERT INTO person (id, first_name, last_name, middle_names, notes, sex, birth_id, death_id, burial_id, father_id, mother_id) VALUES (498, 'Marianne', 'Hegardt', 'Hedvig, Augusta', '(Tab 35:138 i GS).
Genomgick i hemmet 8 klasser och en fortsättningsklass till 1916.
Birgittaskolans klädsömnadskurs och Åkerströms hushållsskola i Stockholm 1916-17 samt Enerots handarbetsseminarium i Stockholm 1917-18.', 'UNKNOWN', 1492, 1493, 1494, null, null);

--======= Insert Person id: 499 =======
INSERT INTO location (id, city, country, region, notes, latitude, longitude, fetch_status) VALUES (633, 'på Iringsholm', 'Sverige', '', '', 59.28332, 15.03904, 'FETCHED_WITH_SUCCESS');
INSERT INTO life_event (id, day, month, year, date, notes, location_id) VALUES (1495, 24, 8, 1900, '1900-08-24', '', 633);
INSERT INTO location (id, city, country, region, notes, latitude, longitude, fetch_status) VALUES (634, 'Djursholm', 'Sverige', '', '', 59.39819, 18.08621, 'FETCHED_WITH_SUCCESS');
INSERT INTO life_event (id, day, month, year, date, notes, location_id) VALUES (1496, 5, 2, 1989, '1989-02-05', '', 634);
INSERT INTO life_event (id, day, month, year, date, notes, location_id) VALUES (1497, null, null, null, null, '', null);
INSERT INTO occupation (id, notes, day, month, year, date, location_id) VALUES (243, 'Major', null, null, null, null, null);
INSERT INTO person (id, first_name, last_name, middle_names, notes, sex, birth_id, death_id, burial_id, father_id, mother_id) VALUES (499, 'Sten', 'Hegardt', 'Henriksson', '(Tab 35:139 i GS).
Avgångsbetyg från Lundsbergs skola 1920. Reservofficersaspirant vid Kungl Livregementets dragoner (K2) samma år; reservofficersexamen; officersaspirant; fänrik i reserven, allt 1921. Officersexamen 1923 och fänrik samma år, samt underlöjtnant 1924. Avsked 1926 med tillstånd att kvarstå i reserven. Löjtnant i Kungl Livregementets till häst (K1) reserv 1928 och ryttmästare 1937. Kapten vid Kungl Livregementets grenadjärer (I3) 1940 och major 1945. Major i arméns reservstat 1948 och major i I3:s reserv 1955.
Genomgick ridskola 1924-25 och provtjänstgjorde 1926 vid Södra Skånska infanteriregementet (I21) i Lund för ev transport till infanteriet. Kaptenskurs vid Upplands infanteriregemente (I8) 1937. Tjänstgjorde som underrättelseofficer vid andra armékårsstaben (Boden) 1939 och 1940. Skvadronschef vid 1 kavalleribrigaden 1940-48, kompani- och bataljonschef vid I3, härunder bl a fältbataljonschef 1944 samt chef för vinterutbildningsbataljonen i fält 1946. Deltog som sambandsofficer och kontrollant vid norska polis-truppernas fälttjänstgöring i Hälsingland 1945.
Elev vid Infanteriskjutskolan 1941 och 1943 samt taktisk kurs vid infanteri-SS för regementsofficerare 1946 och 1950. Lägerchef vid utbildning av fria jägare för milo i Torsby 1944 och i Dalarna 1945. Stallofficer, chefshästdetaljen 1943 och 1946. Gymnastik? och idrottsofficer 1947. Taktisk kurs för regementsofficerare vid I12 1946. Gjorde växeltjänstgöring vid Bergslagens artilleriregemente (A9) 1948. Dagmajor mm vid I1 1948.
Hade 1943 arméchefens uppdrag att efter egna utförda praktiska försök för arméns räkning utforma instruktion för klövjning och provisorisk klövjning. 1943?48 erhållit flerfaldiga uppdrag av milobefälhavaren och sekundchefen att inom militärområdet och regementet ordna tävlingar i skytte, skidor, modern femkamp, ryttartävlingar samt fälttävlingar.
1941?48 ordförande i I3:s idrottsförening, 1954 dess hedersledamot. 1940?43 sekreterare i Ørebro fältrittklubb och ordförande där 1943-48. Från 1950 medlem i Djursholms Ridklubbs styrelse.
Efter jordbrukspraktik och avgång från aktiv militärtjänst 1926 genomgick S H Hammenhögs Lantmannaskola 1927. Blev 1929 inspektor på Thorsätra säteri till faderns död 1934, varefter han övertog säteriet som var känt för sin höga beteskultur och goda kreatursbesättningar. S H har i skrift, föredrag och radio framträtt i jordbruksfrågor. Gården såldes 1940 p g a kriget.
S H hade en hel del kommunala och andra uppdrag, bl a 1931-33 som sekreterare i Uppsala läns Skogsägarförening och sedermera därvid främst till övergång från ideell till ekonomisk förening samt för sammanslutningen av landets skogsägarföreningar till Sveriges Skogsägarförbund i vars interimsstyrelse han blev medlem.
Han var i flera omgångar ledamot i taxeringsnämnd. Mångårig ordförande i Västra Ryds bilfraktförening. Ledamot av Ryds och Näs eldistributionsförening.
Åren 1937-39 var han anställd på deltid vid Ekonomibyggnader AB som sakkunnig i jordbruksfrågor, med tjänsteresor i hela landet. Var 1948-49 medlem av premieringsnämndens arbetsutskott.
Efter avgång från aktiv tjänst 1948 var S H anställd 1949?52 vid AB Optimus med fastighetsförvaltningsuppdrag, 1952 vid och organisatör av Brandförsäkringsverkets nystartade reassuransavdelning och 1954 som chef för Bore? Brandförsäkringsverks gemensamma fastighetsförvaltning. (1952-60 medlem i styrelsen för dess konstförening och dess ordförande 1952-58). 1960 chef för Stockholms fastighetsförenings byrå för bytesärenden.
Som intresserad fotograf har han sedan ungdomen själv fotograferat och dessutom samlat foton från föräldrars och farföräldrars tid och har i sin ägo en stor samling foton från fyra generationer.
S H har utpräglat praktiska anlag, är naturälskare och även konst- musik- och sångintresserad. Han har tagit lektioner i både violinspelning och sång som tenorbaryton, men fick sluta spela p g a fingerskada. Är även intresserad tecknare. Alltsedan ungdomen är idrottsintresset framträdande och han har med icke ringa framgång deltagit i tävlingar i såväl allmän idrott som fotboll, skytte, skidor, ridning, orientering och fälttävlingar varom en stor prissamling bär vittne.
Innehar skytte M, gevär och kpist, Fältidrottsmärke G, Riksidrotts-märke G och skidlöparmärke Elit. RSO.
Sten Hegardt tog initiativet till den 1961 den 5-6 augusti bildade Hegardtska släktföreningen och blev dess förste ordförande. Han har också varit drivkraften bakom uppdateringen av släktkalendern samt vidare forskning av släktens rötter.', 'MAN', 1495, 1496, 1497, null, null);

--======= Insert Person id: 500 =======
INSERT INTO location (id, city, country, region, notes, latitude, longitude, fetch_status) VALUES (635, 'på Irvingsholm', 'Sverige', '', '', 59.28332, 15.03904, 'FETCHED_WITH_SUCCESS');
INSERT INTO life_event (id, day, month, year, date, notes, location_id) VALUES (1498, 31, 5, 1902, '1902-05-31', '', 635);
INSERT INTO location (id, city, country, region, notes, latitude, longitude, fetch_status) VALUES (636, 'Stockholm', 'Sverige', '', '', 59.33257, 18.06683, 'FETCHED_WITH_SUCCESS');
INSERT INTO life_event (id, day, month, year, date, notes, location_id) VALUES (1499, 26, 8, 1986, '1986-08-26', '', 636);
INSERT INTO life_event (id, day, month, year, date, notes, location_id) VALUES (1500, null, null, null, null, '', null);
INSERT INTO occupation (id, notes, day, month, year, date, location_id) VALUES (244, 'Jägmästare', null, null, null, null, null);
INSERT INTO occupation (id, notes, day, month, year, date, location_id) VALUES (245, 'Skogschef', null, null, null, null, null);
INSERT INTO person (id, first_name, last_name, middle_names, notes, sex, birth_id, death_id, burial_id, father_id, mother_id) VALUES (500, 'Stig', 'Hegardt', 'Bernhard, Henriksson', '(Tab 35:140 i GS).
Studentexamen 1920 vid Lundsberg. Jägmästare 1926.
Privatpraktiserande verksamhet 1926-30. Anställdes 1930 vid Katrinefors AB som chefsassistent och tjänstgjorde där som skogschef från 1938.
"År 1964 blev han slottsfogde vid Drottningholm, Tullgarn och Rosenberg, en befattning som han innehade till 1974. Han utsågs till hovjägmästare 1966.
1949 fungerade han som konsult i skogsfrågor i British Columbia.
Ordförande i Lundsbergs fastighets AB och stiftelsen Lundsbergs skola 1956-64. Ledamot i kommunalfullmäktige 1943, ordförande 1949-51. Ledamot i folkskolestyrelsen 1944, ordförande 1949-51. Ledamot av Skogs- och lantbruksakademien från 1961.
Som slottsfogde vid Drottningholms slott var Stig Hegardt speciellt intresserad av de olika renoverings- och tillbyggnadsprojekten under de gångna århundradena fram till Gustaf VI Adolfs insatser för slottets restaurering. Dessutom ägnade han stort intresse åt slottsträdgårdens skötsel.
Sina intryck och kunskaper förmedlade han i boken ''Drottningholm under 400 år'' som kom ut 1974. Han har även skrivit boken ''Alkvettern. Ett gammalt gods anor'', 1946, och bl a bidragit med artiklar i skogsfrågor. ---" (Sv D 2/9 1986.)', 'MAN', 1498, 1499, 1500, null, null);

--======= Insert Person id: 501 =======
INSERT INTO location (id, city, country, region, notes, latitude, longitude, fetch_status) VALUES (637, 'på Latorp', 'Sverige', '', '', 59.27846, 14.99014, 'FETCHED_WITH_SUCCESS');
INSERT INTO life_event (id, day, month, year, date, notes, location_id) VALUES (1501, 19, 11, 1904, '1904-11-19', '', 637);
INSERT INTO life_event (id, day, month, year, date, notes, location_id) VALUES (1502, null, null, null, null, '', null);
INSERT INTO life_event (id, day, month, year, date, notes, location_id) VALUES (1503, null, null, null, null, '', null);
INSERT INTO occupation (id, notes, day, month, year, date, location_id) VALUES (246, 'Adress rosengårdsvägen 3', null, null, null, null, null);
INSERT INTO occupation (id, notes, day, month, year, date, location_id) VALUES (247, '186 33  vallentuna', null, null, null, null, null);
INSERT INTO person (id, first_name, last_name, middle_names, notes, sex, birth_id, death_id, burial_id, father_id, mother_id) VALUES (501, 'Karin', 'Hegardt', 'Anna, Hedvig', '(Tab 35:141 i GS).
Avgångsexamne från Anna Sandströms flickskola 1920. Genomgick samma skolas fortsättningskurs 1921 samt linne- och klädsömnadskurs 1921-22. Vistades 1922-23 i pension i Schweiz.
Genomgick 1924 Gunillaskolan i Uppsala och 1925 biblioteks-, hattsömnads- och Rödakorskurs i Stockholm. Arbetade två år som småskollärare vid Lyceumskola för flickor. Efter studier i psykologi arbetade hon två år vid familjerådgivningsbyrå.
Bor i Vallentuna (AB).', 'UNKNOWN', 1501, 1502, 1503, null, null);

--======= Insert Person id: 502 =======
INSERT INTO life_event (id, day, month, year, date, notes, location_id) VALUES (1504, null, null, null, null, '', null);
INSERT INTO life_event (id, day, month, year, date, notes, location_id) VALUES (1505, null, null, null, null, '', null);
INSERT INTO life_event (id, day, month, year, date, notes, location_id) VALUES (1506, null, null, null, null, '', null);
INSERT INTO person (id, first_name, last_name, middle_names, notes, sex, birth_id, death_id, burial_id, father_id, mother_id) VALUES (502, 'Hedda', 'Mossberg', 'Sofia, Justina', '', 'WOMAN', 1504, 1505, 1506, null, null);

--======= Insert Person id: 503 =======
INSERT INTO life_event (id, day, month, year, date, notes, location_id) VALUES (1507, null, null, null, null, '', null);
INSERT INTO life_event (id, day, month, year, date, notes, location_id) VALUES (1508, null, null, null, null, '', null);
INSERT INTO life_event (id, day, month, year, date, notes, location_id) VALUES (1509, null, null, null, null, '', null);
INSERT INTO occupation (id, notes, day, month, year, date, location_id) VALUES (248, 'Domprost', null, null, null, null, null);
INSERT INTO person (id, first_name, last_name, middle_names, notes, sex, birth_id, death_id, burial_id, father_id, mother_id) VALUES (503, 'Johan', 'Björnström', 'Herman', '', 'MAN', 1507, 1508, 1509, null, null);

--======= Insert Person id: 504 =======
INSERT INTO location (id, city, country, region, notes, latitude, longitude, fetch_status) VALUES (638, 'på Myckelby i Øvergran', 'Sverige', '', '', 60.42942, 15.94431, 'FETCHED_WITH_SUCCESS');
INSERT INTO life_event (id, day, month, year, date, notes, location_id) VALUES (1510, 14, 4, 1892, '1892-04-14', '', 638);
INSERT INTO location (id, city, country, region, notes, latitude, longitude, fetch_status) VALUES (639, 'Ørebro', 'Sverige', '', '', 59.27084, 15.21759, 'FETCHED_WITH_SUCCESS');
INSERT INTO life_event (id, day, month, year, date, notes, location_id) VALUES (1511, 11, 1, 1932, '1932-01-11', '', 639);
INSERT INTO life_event (id, day, month, year, date, notes, location_id) VALUES (1512, null, null, null, null, '', null);
INSERT INTO person (id, first_name, last_name, middle_names, notes, sex, birth_id, death_id, burial_id, father_id, mother_id) VALUES (504, 'Lars', 'Arp', 'Erik, Ferdinand', '', 'UNKNOWN', 1510, 1511, 1512, null, null);

--======= Insert Person id: 505 =======
INSERT INTO life_event (id, day, month, year, date, notes, location_id) VALUES (1513, 15, 9, 1911, '1911-09-15', '', null);
INSERT INTO life_event (id, day, month, year, date, notes, location_id) VALUES (1514, 6, 8, 1998, '1998-08-06', '', null);
INSERT INTO life_event (id, day, month, year, date, notes, location_id) VALUES (1515, null, null, null, null, '', null);
INSERT INTO person (id, first_name, last_name, middle_names, notes, sex, birth_id, death_id, burial_id, father_id, mother_id) VALUES (505, 'Ermance', 'Cronstedt', 'Lotten, Tekla, Dagmar, Marianne', '', 'WOMAN', 1513, 1514, 1515, null, null);

--======= Insert Person id: 506 =======
INSERT INTO location (id, city, country, region, notes, latitude, longitude, fetch_status) VALUES (640, 'Uppsala', 'Sverige', '', '', 59.85862, 17.64373, 'FETCHED_WITH_SUCCESS');
INSERT INTO life_event (id, day, month, year, date, notes, location_id) VALUES (1516, 2, 9, 1932, '1932-09-02', '', 640);
INSERT INTO life_event (id, day, month, year, date, notes, location_id) VALUES (1517, null, null, null, null, '', null);
INSERT INTO life_event (id, day, month, year, date, notes, location_id) VALUES (1518, null, null, null, null, '', null);
INSERT INTO occupation (id, notes, day, month, year, date, location_id) VALUES (249, 'Avdelningsdirektör vid sida', null, null, null, null, null);
INSERT INTO person (id, first_name, last_name, middle_names, notes, sex, birth_id, death_id, burial_id, father_id, mother_id) VALUES (506, 'Henrik', 'Hegardt', 'Hakon, Peter, Josias', 'Adress Eketorpsvägen 9, 182 61 DJURSHOLM.
Studentexamen 1951 i Djursholm. 1954-55 University of Wisconsin i Madison, Usa. Jur kand 1959. Tingsnatarie i Mora 1959-62. 1955-59 medarbetare i Sveriges radios utlandsprogram. 1962-64 sekreterare i Exportkreditnämnden. 1964-65 sekreterare vid Skogs- och lantarbetsgivareföreningen. Sedan 1966 anställd vid SIDA (styrelsen för internationell utveckling). Först som byrådirektör, därefter som biståndsattaché i Pakistan och Indien. Åren 1973-80 var han avdelningsdirektör, för att åren 1980-82 tjänstgöra som biståndschef i Bangladesh. Från 1982 avdelningsdirektör.
Bor i Djursholm (AB).', 'MAN', 1516, 1517, 1518, null, null);

--======= Insert Person id: 507 =======
INSERT INTO location (id, city, country, region, notes, latitude, longitude, fetch_status) VALUES (641, 'Uppsala', 'Sverige', '', '', 59.85862, 17.64373, 'FETCHED_WITH_SUCCESS');
INSERT INTO life_event (id, day, month, year, date, notes, location_id) VALUES (1519, 31, 3, 1936, '1936-03-31', '', 641);
INSERT INTO location (id, city, country, region, notes, latitude, longitude, fetch_status) VALUES (642, 'Stockholm', 'Sverige', '', '', 59.33257, 18.06683, 'FETCHED_WITH_SUCCESS');
INSERT INTO life_event (id, day, month, year, date, notes, location_id) VALUES (1520, 19, 3, 1970, '1970-03-19', '', 642);
INSERT INTO life_event (id, day, month, year, date, notes, location_id) VALUES (1521, null, null, null, null, '', null);
INSERT INTO occupation (id, notes, day, month, year, date, location_id) VALUES (250, 'Chefssekreterare', null, null, null, null, null);
INSERT INTO person (id, first_name, last_name, middle_names, notes, sex, birth_id, death_id, burial_id, father_id, mother_id) VALUES (507, 'Ingrid', 'Hegardt', 'Hedvig, Catharina', 'Studentexamen 1956 i Djursholm. Språkstudier i Cambridge, England 1957. Bar-Lock handelsinstitut 1958/59.', 'UNKNOWN', 1519, 1520, 1521, null, null);

--======= Insert Person id: 508 =======
INSERT INTO location (id, city, country, region, notes, latitude, longitude, fetch_status) VALUES (643, 'Ørebro', 'Sverige', '', '', 59.27084, 15.21759, 'FETCHED_WITH_SUCCESS');
INSERT INTO life_event (id, day, month, year, date, notes, location_id) VALUES (1522, 10, 3, 1946, '1946-03-10', '', 643);
INSERT INTO life_event (id, day, month, year, date, notes, location_id) VALUES (1523, null, null, null, null, '', null);
INSERT INTO life_event (id, day, month, year, date, notes, location_id) VALUES (1524, null, null, null, null, '', null);
INSERT INTO occupation (id, notes, day, month, year, date, location_id) VALUES (251, 'Utbildad sekreterare och flygvärdinna', null, null, null, null, null);
INSERT INTO person (id, first_name, last_name, middle_names, notes, sex, birth_id, death_id, burial_id, father_id, mother_id) VALUES (508, 'Anne', 'Hegardt', 'Charlotte, Margareta', 'Adress Björnstorps station, 240 13 GENARP.
Bor i Björnstorp, Genarp (M).', 'WOMAN', 1522, 1523, 1524, null, null);

--======= Insert Person id: 509 =======
INSERT INTO location (id, city, country, region, notes, latitude, longitude, fetch_status) VALUES (644, 'Korsta', 'Sverige', '', '', 63.31766, 14.82674, 'FETCHED_WITH_SUCCESS');
INSERT INTO life_event (id, day, month, year, date, notes, location_id) VALUES (1525, 23, 6, 1907, '1907-06-23', '', 644);
INSERT INTO location (id, city, country, region, notes, latitude, longitude, fetch_status) VALUES (645, 'Djursholm', 'Sverige', '', '', 59.39819, 18.08621, 'FETCHED_WITH_SUCCESS');
INSERT INTO life_event (id, day, month, year, date, notes, location_id) VALUES (1526, 29, 7, 1990, '1990-07-29', '', 645);
INSERT INTO life_event (id, day, month, year, date, notes, location_id) VALUES (1527, null, null, null, null, '', null);
INSERT INTO person (id, first_name, last_name, middle_names, notes, sex, birth_id, death_id, burial_id, father_id, mother_id) VALUES (509, 'Deal', 'Wikström', 'Barbro', '', 'WOMAN', 1525, 1526, 1527, null, null);

--======= Insert Person id: 510 =======
INSERT INTO location (id, city, country, region, notes, latitude, longitude, fetch_status) VALUES (646, 'på Alkvettern i Bjurtjärn', 'Sverige', '', '', 59.44032, 14.40306, 'FETCHED_WITH_SUCCESS');
INSERT INTO life_event (id, day, month, year, date, notes, location_id) VALUES (1528, 3, 5, 1932, '1932-05-03', '', 646);
INSERT INTO life_event (id, day, month, year, date, notes, location_id) VALUES (1529, null, null, null, null, '', null);
INSERT INTO life_event (id, day, month, year, date, notes, location_id) VALUES (1530, null, null, null, null, '', null);
INSERT INTO occupation (id, notes, day, month, year, date, location_id) VALUES (252, 'Adress 5470 n via velazquez', null, null, null, null, null);
INSERT INTO occupation (id, notes, day, month, year, date, location_id) VALUES (253, 'Tucson', null, null, null, null, null);
INSERT INTO occupation (id, notes, day, month, year, date, location_id) VALUES (254, 'Arizona 85715', null, null, null, null, null);
INSERT INTO occupation (id, notes, day, month, year, date, location_id) VALUES (255, 'Usa', null, null, null, null, null);
INSERT INTO person (id, first_name, last_name, middle_names, notes, sex, birth_id, death_id, burial_id, father_id, mother_id) VALUES (510, 'Barbro', 'Hegardt', 'Stigsdotter', 'Realexamen i Karlskoga. Diplom i franska vid Sorbonne, Paris 1952.
Genomgått 1-årig hushållsskola i Uppsala 1950-51. 1-årig sekreterarkurs vid Barlockinstitutet i Stockholm 1952-53.
Bor i Tucson, Arizona, USA.', 'WOMAN', 1528, 1529, 1530, null, null);

--======= Insert Person id: 511 =======
INSERT INTO location (id, city, country, region, notes, latitude, longitude, fetch_status) VALUES (647, 'på Alkvettern i Bjurtjärn', 'Sverige', '', '', 59.44032, 14.40306, 'FETCHED_WITH_SUCCESS');
INSERT INTO life_event (id, day, month, year, date, notes, location_id) VALUES (1531, 13, 4, 1934, '1934-04-13', '', 647);
INSERT INTO life_event (id, day, month, year, date, notes, location_id) VALUES (1532, null, null, null, null, '', null);
INSERT INTO life_event (id, day, month, year, date, notes, location_id) VALUES (1533, null, null, null, null, '', null);
INSERT INTO occupation (id, notes, day, month, year, date, location_id) VALUES (256, 'Direktör', null, null, null, null, null);
INSERT INTO person (id, first_name, last_name, middle_names, notes, sex, birth_id, death_id, burial_id, father_id, mother_id) VALUES (511, 'Henrik', 'Hegardt', '', 'Adress Sigurdsvägen 14, 182 64 DJURSHOLM.
Studentexamen 1955 vid Lundsberg. Diplomkaufmann vid Wirtschafthauptschule i Mannheim 1962. Ekonomiassistent vid Nohab 1962-66, vid Bofors 1967-68. Från 1968 till 1971 var han ekonomichef vid Nohab. 1971-74 Controller vid Aremo-divisionen/Swedish Match, 1975-77 operation analysis där och 1978-81 divisionschef. 1982-83 VD vid Scandiaconsult AB, samt från 1984 VvD vid AB Carl Munters.
Bor i Djursholm (AB).', 'UNKNOWN', 1531, 1532, 1533, null, null);

--======= Insert Person id: 512 =======
INSERT INTO location (id, city, country, region, notes, latitude, longitude, fetch_status) VALUES (648, 'Göteborg', 'Sverige', '', '', 57.70067, 11.96822, 'FETCHED_WITH_SUCCESS');
INSERT INTO life_event (id, day, month, year, date, notes, location_id) VALUES (1534, 9, 2, 1938, '1938-02-09', '', 648);
INSERT INTO life_event (id, day, month, year, date, notes, location_id) VALUES (1535, null, null, null, null, '', null);
INSERT INTO life_event (id, day, month, year, date, notes, location_id) VALUES (1536, null, null, null, null, '', null);
INSERT INTO occupation (id, notes, day, month, year, date, location_id) VALUES (257, 'Förskollärare', null, null, null, null, null);
INSERT INTO person (id, first_name, last_name, middle_names, notes, sex, birth_id, death_id, burial_id, father_id, mother_id) VALUES (512, 'Gunilla', 'Hegardt', 'Stigsdotter', 'Adress Narzissenweg 3, CH-4102 Binningen, Schweiz.
Realexamen 1954 i Karlskoga (T).
Förskollärarexamen 1961 i Stockholm (AB).
Förskollärare i Stockholm från 1962. Speciallärarutbildning 1967-68 i Stockholm.
Bor i Binningen, Schweiz.', 'UNKNOWN', 1534, 1535, 1536, null, null);

--======= Insert Person id: 513 =======
INSERT INTO life_event (id, day, month, year, date, notes, location_id) VALUES (1537, 8, 12, 1903, '1903-12-08', '', null);
INSERT INTO life_event (id, day, month, year, date, notes, location_id) VALUES (1538, 8, 5, 1974, '1974-05-08', '', null);
INSERT INTO life_event (id, day, month, year, date, notes, location_id) VALUES (1539, null, null, null, null, '', null);
INSERT INTO occupation (id, notes, day, month, year, date, location_id) VALUES (258, 'Kapten', null, null, null, null, null);
INSERT INTO occupation (id, notes, day, month, year, date, location_id) VALUES (259, 'Direktör', null, null, null, null, null);
INSERT INTO person (id, first_name, last_name, middle_names, notes, sex, birth_id, death_id, burial_id, father_id, mother_id) VALUES (513, 'Bror', 'Amneus', 'Johan, Erik', '', 'UNKNOWN', 1537, 1538, 1539, null, null);

--======= Insert Person id: 514 =======
INSERT INTO location (id, city, country, region, notes, latitude, longitude, fetch_status) VALUES (649, 'Eslöv', 'Sverige', '', '', 55.83947, 13.30481, 'FETCHED_WITH_SUCCESS');
INSERT INTO life_event (id, day, month, year, date, notes, location_id) VALUES (1540, 1, 2, 1874, '1874-02-01', '', 649);
INSERT INTO life_event (id, day, month, year, date, notes, location_id) VALUES (1541, null, null, null, null, '', null);
INSERT INTO life_event (id, day, month, year, date, notes, location_id) VALUES (1542, null, null, null, null, '', null);
INSERT INTO person (id, first_name, last_name, middle_names, notes, sex, birth_id, death_id, burial_id, father_id, mother_id) VALUES (514, 'Anna', 'Ahlbom', 'Ulrika', '', 'WOMAN', 1540, 1541, 1542, null, null);

--======= Insert Person id: 515 =======
INSERT INTO location (id, city, country, region, notes, latitude, longitude, fetch_status) VALUES (650, 'Hede', 'Sverige', '', '', 62.42006, 13.51308, 'FETCHED_WITH_SUCCESS');
INSERT INTO life_event (id, day, month, year, date, notes, location_id) VALUES (1543, 14, 9, 1869, '1869-09-14', '', 650);
INSERT INTO life_event (id, day, month, year, date, notes, location_id) VALUES (1544, null, null, 1930, '1930-01-01', '', null);
INSERT INTO life_event (id, day, month, year, date, notes, location_id) VALUES (1545, null, null, null, null, '', null);
INSERT INTO person (id, first_name, last_name, middle_names, notes, sex, birth_id, death_id, burial_id, father_id, mother_id) VALUES (515, 'Wilhelm', 'Amneus', '', '', 'MAN', 1543, 1544, 1545, null, null);

--======= Insert Person id: 516 =======
INSERT INTO life_event (id, day, month, year, date, notes, location_id) VALUES (1546, null, null, null, null, '', null);
INSERT INTO life_event (id, day, month, year, date, notes, location_id) VALUES (1547, null, null, null, null, '', null);
INSERT INTO life_event (id, day, month, year, date, notes, location_id) VALUES (1548, null, null, null, null, '', null);
INSERT INTO person (id, first_name, last_name, middle_names, notes, sex, birth_id, death_id, burial_id, father_id, mother_id) VALUES (516, 'Ingrid', 'Söderbaum', '', '', 'WOMAN', 1546, 1547, 1548, null, null);

--======= Insert Person id: 517 =======
INSERT INTO life_event (id, day, month, year, date, notes, location_id) VALUES (1549, null, null, null, null, '', null);
INSERT INTO life_event (id, day, month, year, date, notes, location_id) VALUES (1550, null, null, null, null, '', null);
INSERT INTO life_event (id, day, month, year, date, notes, location_id) VALUES (1551, null, null, null, null, '', null);
INSERT INTO person (id, first_name, last_name, middle_names, notes, sex, birth_id, death_id, burial_id, father_id, mother_id) VALUES (517, 'Hakon', 'Cronstedt', '', '', 'MAN', 1549, 1550, 1551, null, null);

--======= Insert Person id: 518 =======
INSERT INTO location (id, city, country, region, notes, latitude, longitude, fetch_status) VALUES (651, 'Stockholm', 'Sverige', '', '', 59.33257, 18.06683, 'FETCHED_WITH_SUCCESS');
INSERT INTO life_event (id, day, month, year, date, notes, location_id) VALUES (1552, 5, 10, 1936, '1936-10-05', '', 651);
INSERT INTO life_event (id, day, month, year, date, notes, location_id) VALUES (1553, null, null, null, null, '', null);
INSERT INTO life_event (id, day, month, year, date, notes, location_id) VALUES (1554, null, null, null, null, '', null);
INSERT INTO occupation (id, notes, day, month, year, date, location_id) VALUES (260, 'Syokonsulent', null, null, null, null, null);
INSERT INTO person (id, first_name, last_name, middle_names, notes, sex, birth_id, death_id, burial_id, father_id, mother_id) VALUES (518, 'Torun', 'Moberg', 'Eileen, Maria', '', 'WOMAN', 1552, 1553, 1554, null, null);

--======= Insert Person id: 519 =======
INSERT INTO location (id, city, country, region, notes, latitude, longitude, fetch_status) VALUES (652, 'Mora', 'Sverige', '', '', 61.00273, 14.53005, 'FETCHED_WITH_SUCCESS');
INSERT INTO life_event (id, day, month, year, date, notes, location_id) VALUES (1555, 29, 7, 1960, '1960-07-29', '', 652);
INSERT INTO life_event (id, day, month, year, date, notes, location_id) VALUES (1556, null, null, null, null, '', null);
INSERT INTO life_event (id, day, month, year, date, notes, location_id) VALUES (1557, null, null, null, null, '', null);
INSERT INTO occupation (id, notes, day, month, year, date, location_id) VALUES (261, 'Fil kand', null, null, null, null, null);
INSERT INTO person (id, first_name, last_name, middle_names, notes, sex, birth_id, death_id, burial_id, father_id, mother_id) VALUES (519, 'Johan', 'Hegardt', 'Henrik', 'Adress Tre Liljor 3, 113 44 STOCKHOLM.
Bor i Stockholm (AB).', 'MAN', 1555, 1556, 1557, null, null);

--======= Insert Person id: 520 =======
INSERT INTO location (id, city, country, region, notes, latitude, longitude, fetch_status) VALUES (653, 'Mora', 'Sverige', '', '', 61.00273, 14.53005, 'FETCHED_WITH_SUCCESS');
INSERT INTO life_event (id, day, month, year, date, notes, location_id) VALUES (1558, 5, 10, 1961, '1961-10-05', '', 653);
INSERT INTO life_event (id, day, month, year, date, notes, location_id) VALUES (1559, null, null, null, null, '', null);
INSERT INTO life_event (id, day, month, year, date, notes, location_id) VALUES (1560, null, null, null, null, '', null);
INSERT INTO occupation (id, notes, day, month, year, date, location_id) VALUES (262, 'Adress sandhamnsgatan 19 iv', null, null, null, null, null);
INSERT INTO occupation (id, notes, day, month, year, date, location_id) VALUES (263, '115 40  stockholm', null, null, null, null, null);
INSERT INTO person (id, first_name, last_name, middle_names, notes, sex, birth_id, death_id, burial_id, father_id, mother_id) VALUES (520, 'Eileen', 'Hegardt', 'Louisa', 'Studentexamen 1980.
Jur kand 1988.
Bor i Stockholm (AB).', 'UNKNOWN', 1558, 1559, 1560, null, null);

--======= Insert Person id: 521 =======
INSERT INTO location (id, city, country, region, notes, latitude, longitude, fetch_status) VALUES (654, 'Danderyd', 'Sverige', '', '', 59.39892, 18.03677, 'FETCHED_WITH_SUCCESS');
INSERT INTO life_event (id, day, month, year, date, notes, location_id) VALUES (1561, 2, 12, 1966, '1966-12-02', '', 654);
INSERT INTO life_event (id, day, month, year, date, notes, location_id) VALUES (1562, null, null, null, null, '', null);
INSERT INTO life_event (id, day, month, year, date, notes, location_id) VALUES (1563, null, null, null, null, '', null);
INSERT INTO occupation (id, notes, day, month, year, date, location_id) VALUES (264, 'Civilekonom', null, null, null, null, null);
INSERT INTO person (id, first_name, last_name, middle_names, notes, sex, birth_id, death_id, burial_id, father_id, mother_id) VALUES (521, 'Sarah', 'Hegardt', 'Marianne', 'Adress Magnus Ladulåsgatan 33, 118 65 STOCKHOLM.
Studentexamen 1985.
Civilekonom 1990.
Sedan januari 1991 på Affärsdata inom Bonnier Information Semics.
Bor i Stockholm (AB).', 'WOMAN', 1561, 1562, 1563, null, null);

--======= Insert Person id: 522 =======
INSERT INTO location (id, city, country, region, notes, latitude, longitude, fetch_status) VALUES (655, 'Helsingborg', 'Sverige', '', '', 56.04399, 12.69611, 'FETCHED_WITH_SUCCESS');
INSERT INTO life_event (id, day, month, year, date, notes, location_id) VALUES (1564, 16, 3, 1944, '1944-03-16', '', 655);
INSERT INTO life_event (id, day, month, year, date, notes, location_id) VALUES (1565, null, null, null, null, '', null);
INSERT INTO life_event (id, day, month, year, date, notes, location_id) VALUES (1566, null, null, null, null, '', null);
INSERT INTO occupation (id, notes, day, month, year, date, location_id) VALUES (265, 'Direktör', null, null, null, null, null);
INSERT INTO person (id, first_name, last_name, middle_names, notes, sex, birth_id, death_id, burial_id, father_id, mother_id) VALUES (522, 'Jan', 'Eriksson', 'Erik', '', 'MAN', 1564, 1565, 1566, null, null);

--======= Insert Person id: 523 =======
INSERT INTO location (id, city, country, region, notes, latitude, longitude, fetch_status) VALUES (656, 'Toronto', 'Canada', 'Ontario', '', 43.64869, -79.38544, 'FETCHED_WITH_SUCCESS');
INSERT INTO life_event (id, day, month, year, date, notes, location_id) VALUES (1567, 30, 3, 1979, '1979-03-30', '', 656);
INSERT INTO life_event (id, day, month, year, date, notes, location_id) VALUES (1568, null, null, null, null, '', null);
INSERT INTO life_event (id, day, month, year, date, notes, location_id) VALUES (1569, null, null, null, null, '', null);
INSERT INTO occupation (id, notes, day, month, year, date, location_id) VALUES (266, 'Studerande', null, null, null, null, null);
INSERT INTO person (id, first_name, last_name, middle_names, notes, sex, birth_id, death_id, burial_id, father_id, mother_id) VALUES (523, 'Henrik', 'Hegardt', 'Jan, Eriksson', '1997.', 'UNKNOWN', 1567, 1568, 1569, null, null);

--======= Insert Person id: 524 =======
INSERT INTO location (id, city, country, region, notes, latitude, longitude, fetch_status) VALUES (657, 'Toronto', 'Canada', 'Ontario', '', 43.64869, -79.38544, 'FETCHED_WITH_SUCCESS');
INSERT INTO life_event (id, day, month, year, date, notes, location_id) VALUES (1570, 19, 8, 1980, '1980-08-19', '', 657);
INSERT INTO life_event (id, day, month, year, date, notes, location_id) VALUES (1571, null, null, null, null, '', null);
INSERT INTO life_event (id, day, month, year, date, notes, location_id) VALUES (1572, null, null, null, null, '', null);
INSERT INTO occupation (id, notes, day, month, year, date, location_id) VALUES (267, 'Studerande', null, null, null, null, null);
INSERT INTO person (id, first_name, last_name, middle_names, notes, sex, birth_id, death_id, burial_id, father_id, mother_id) VALUES (524, 'Amelie', 'Hegardt', 'Elizabeth, Marianne, Eriksson', '1998.', 'UNKNOWN', 1570, 1571, 1572, null, null);

--======= Insert Person id: 525 =======
INSERT INTO life_event (id, day, month, year, date, notes, location_id) VALUES (1573, null, null, null, null, '', null);
INSERT INTO life_event (id, day, month, year, date, notes, location_id) VALUES (1574, null, null, null, null, '', null);
INSERT INTO life_event (id, day, month, year, date, notes, location_id) VALUES (1575, null, null, null, null, '', null);
INSERT INTO person (id, first_name, last_name, middle_names, notes, sex, birth_id, death_id, burial_id, father_id, mother_id) VALUES (525, 'Eileen', 'Spencer', '', '', 'WOMAN', 1573, 1574, 1575, null, null);

--======= Insert Person id: 526 =======
INSERT INTO life_event (id, day, month, year, date, notes, location_id) VALUES (1576, null, null, null, null, '', null);
INSERT INTO life_event (id, day, month, year, date, notes, location_id) VALUES (1577, null, null, null, null, '', null);
INSERT INTO life_event (id, day, month, year, date, notes, location_id) VALUES (1578, null, null, null, null, '', null);
INSERT INTO person (id, first_name, last_name, middle_names, notes, sex, birth_id, death_id, burial_id, father_id, mother_id) VALUES (526, 'John', 'Moberg', '', '', 'MAN', 1576, 1577, 1578, null, null);

--======= Insert Person id: 527 =======
INSERT INTO location (id, city, country, region, notes, latitude, longitude, fetch_status) VALUES (658, 'Vaksala', 'Sverige', '', '', 59.87319, 17.6705, 'FETCHED_WITH_SUCCESS');
INSERT INTO life_event (id, day, month, year, date, notes, location_id) VALUES (1579, 11, 6, 1964, '1964-06-11', '', 658);
INSERT INTO life_event (id, day, month, year, date, notes, location_id) VALUES (1580, null, null, null, null, '', null);
INSERT INTO life_event (id, day, month, year, date, notes, location_id) VALUES (1581, null, null, null, null, '', null);
INSERT INTO occupation (id, notes, day, month, year, date, location_id) VALUES (268, 'Förlagsredaktör', null, null, null, null, null);
INSERT INTO person (id, first_name, last_name, middle_names, notes, sex, birth_id, death_id, burial_id, father_id, mother_id) VALUES (527, 'Karin', 'Björkman', 'Helena', '', 'WOMAN', 1579, 1580, 1581, null, null);

--======= Insert Person id: 528 =======
INSERT INTO location (id, city, country, region, notes, latitude, longitude, fetch_status) VALUES (659, 'Danderyd', 'Sverige', '', '', 59.39892, 18.03677, 'FETCHED_WITH_SUCCESS');
INSERT INTO life_event (id, day, month, year, date, notes, location_id) VALUES (1582, 16, 9, 1994, '1994-09-16', '', 659);
INSERT INTO life_event (id, day, month, year, date, notes, location_id) VALUES (1583, null, null, null, null, '', null);
INSERT INTO life_event (id, day, month, year, date, notes, location_id) VALUES (1584, null, null, null, null, '', null);
INSERT INTO person (id, first_name, last_name, middle_names, notes, sex, birth_id, death_id, burial_id, father_id, mother_id) VALUES (528, 'Hugo', 'Hegardt', 'Bernhard, Andreas', '', 'UNKNOWN', 1582, 1583, 1584, null, null);

--======= Insert Person id: 529 =======
INSERT INTO location (id, city, country, region, notes, latitude, longitude, fetch_status) VALUES (660, 'Stockholm', 'Sverige', '', '', 59.33257, 18.06683, 'FETCHED_WITH_SUCCESS');
INSERT INTO life_event (id, day, month, year, date, notes, location_id) VALUES (1585, 6, 11, 1993, '1993-11-06', '', 660);
INSERT INTO life_event (id, day, month, year, date, notes, location_id) VALUES (1586, null, null, null, null, '', null);
INSERT INTO life_event (id, day, month, year, date, notes, location_id) VALUES (1587, null, null, null, null, '', null);
INSERT INTO occupation (id, notes, day, month, year, date, location_id) VALUES (269, 'Oforskat fullständiga uppgifter', null, null, null, null, null);
INSERT INTO person (id, first_name, last_name, middle_names, notes, sex, birth_id, death_id, burial_id, father_id, mother_id) VALUES (529, 'Saskia', 'Grant', 'Ingvor, Marianne', '', 'UNKNOWN', 1585, 1586, 1587, null, null);

--======= Insert Person id: 530 =======
INSERT INTO life_event (id, day, month, year, date, notes, location_id) VALUES (1588, null, null, null, null, '', null);
INSERT INTO life_event (id, day, month, year, date, notes, location_id) VALUES (1589, null, null, null, null, '', null);
INSERT INTO life_event (id, day, month, year, date, notes, location_id) VALUES (1590, null, null, null, null, '', null);
INSERT INTO person (id, first_name, last_name, middle_names, notes, sex, birth_id, death_id, burial_id, father_id, mother_id) VALUES (530, 'Inga', 'Ingvarsson', 'Anny, Elisabeth, Ingalisa', '', 'WOMAN', 1588, 1589, 1590, null, null);

--======= Insert Person id: 531 =======
INSERT INTO life_event (id, day, month, year, date, notes, location_id) VALUES (1591, null, null, null, null, '', null);
INSERT INTO life_event (id, day, month, year, date, notes, location_id) VALUES (1592, null, null, null, null, '', null);
INSERT INTO life_event (id, day, month, year, date, notes, location_id) VALUES (1593, null, null, null, null, '', null);
INSERT INTO person (id, first_name, last_name, middle_names, notes, sex, birth_id, death_id, burial_id, father_id, mother_id) VALUES (531, 'Alf', 'Eriksson', 'Erik', '', 'MAN', 1591, 1592, 1593, null, null);

--======= Insert Person id: 532 =======
INSERT INTO location (id, city, country, region, notes, latitude, longitude, fetch_status) VALUES (661, 'Glendale', 'USA', 'Californien', '', 34.14633, -118.24864, 'FETCHED_WITH_SUCCESS');
INSERT INTO life_event (id, day, month, year, date, notes, location_id) VALUES (1594, 13, 8, 1931, '1931-08-13', '', 661);
INSERT INTO life_event (id, day, month, year, date, notes, location_id) VALUES (1595, null, null, null, null, '', null);
INSERT INTO life_event (id, day, month, year, date, notes, location_id) VALUES (1596, null, null, null, null, '', null);
INSERT INTO occupation (id, notes, day, month, year, date, location_id) VALUES (270, 'Vice vd vid media service', null, null, null, null, null);
INSERT INTO occupation (id, notes, day, month, year, date, location_id) VALUES (271, 'Stroh brewery co', null, null, null, null, null);
INSERT INTO person (id, first_name, last_name, middle_names, notes, sex, birth_id, death_id, burial_id, father_id, mother_id) VALUES (532, 'Dennis', 'Lynton', 'D', 'Examen vid University of California, Berkely 1956.
Sorbonne 1951 - 52.
Anställd vid Schlitz Brewing Co och senare efter dess sammanslagning med Stroh Brewery Co därstädes. Har haft sex månaders uppdrag i Spanien 1961.
Pensionerad 1989.', 'MAN', 1594, 1595, 1596, null, null);

--======= Insert Person id: 533 =======
INSERT INTO location (id, city, country, region, notes, latitude, longitude, fetch_status) VALUES (662, 'Berkeley', 'USA', 'Californien', '', 37.86988, -122.27054, 'FETCHED_WITH_SUCCESS');
INSERT INTO life_event (id, day, month, year, date, notes, location_id) VALUES (1597, 1, 3, 1956, '1956-03-01', '', 662);
INSERT INTO life_event (id, day, month, year, date, notes, location_id) VALUES (1598, null, null, null, null, '', null);
INSERT INTO life_event (id, day, month, year, date, notes, location_id) VALUES (1599, null, null, null, null, '', null);
INSERT INTO person (id, first_name, last_name, middle_names, notes, sex, birth_id, death_id, burial_id, father_id, mother_id) VALUES (533, 'Peter', 'Lynton', 'Dale', 'Studerat vid universitet i Kansas.
Fram till 1993 anställd vid Amaco Oil, Denver. Därefter vid samma företag i Houston.', 'MAN', 1597, 1598, 1599, null, null);

--======= Insert Person id: 534 =======
INSERT INTO location (id, city, country, region, notes, latitude, longitude, fetch_status) VALUES (663, 'Berkeley', 'USA', 'Californien', '', 37.86988, -122.27054, 'FETCHED_WITH_SUCCESS');
INSERT INTO life_event (id, day, month, year, date, notes, location_id) VALUES (1600, 18, 5, 1957, '1957-05-18', '', 663);
INSERT INTO life_event (id, day, month, year, date, notes, location_id) VALUES (1601, null, null, null, null, '', null);
INSERT INTO life_event (id, day, month, year, date, notes, location_id) VALUES (1602, null, null, null, null, '', null);
INSERT INTO occupation (id, notes, day, month, year, date, location_id) VALUES (272, 'Employee relations supervisor', null, null, null, null, null);
INSERT INTO person (id, first_name, last_name, middle_names, notes, sex, birth_id, death_id, burial_id, father_id, mother_id) VALUES (534, 'Suzanne', 'Lynton', 'Louise', 'Kansas State University, BS: Family life and Human Development 1979.
Stockholms universitet, FK: Socialkunskap 1980.
Utah State University, Master of Social Science: Human Resource Administration 1983.', 'WOMAN', 1600, 1601, 1602, null, null);

--======= Insert Person id: 535 =======
INSERT INTO location (id, city, country, region, notes, latitude, longitude, fetch_status) VALUES (664, 'Great Falls', 'USA', 'Montana', '', 47.50739, -111.30597, 'FETCHED_WITH_SUCCESS');
INSERT INTO life_event (id, day, month, year, date, notes, location_id) VALUES (1603, 21, 1, 1964, '1964-01-21', '', 664);
INSERT INTO life_event (id, day, month, year, date, notes, location_id) VALUES (1604, null, null, null, null, '', null);
INSERT INTO life_event (id, day, month, year, date, notes, location_id) VALUES (1605, null, null, null, null, '', null);
INSERT INTO occupation (id, notes, day, month, year, date, location_id) VALUES (273, 'Territory manager', null, null, null, null, null);
INSERT INTO person (id, first_name, last_name, middle_names, notes, sex, birth_id, death_id, burial_id, father_id, mother_id) VALUES (535, 'Mark', 'Lynton', 'Thomas', 'BS i Busines/Sales - Marketing vid University of Northern Colorado 1987.', 'UNKNOWN', 1603, 1604, 1605, null, null);

--======= Insert Person id: 536 =======
INSERT INTO life_event (id, day, month, year, date, notes, location_id) VALUES (1606, null, null, null, null, '', null);
INSERT INTO life_event (id, day, month, year, date, notes, location_id) VALUES (1607, null, null, null, null, '', null);
INSERT INTO life_event (id, day, month, year, date, notes, location_id) VALUES (1608, null, null, null, null, '', null);
INSERT INTO person (id, first_name, last_name, middle_names, notes, sex, birth_id, death_id, burial_id, father_id, mother_id) VALUES (536, 'Florence', 'Potter', 'Gertrude', '', 'WOMAN', 1606, 1607, 1608, null, null);

--======= Insert Person id: 537 =======
INSERT INTO life_event (id, day, month, year, date, notes, location_id) VALUES (1609, null, null, null, null, '', null);
INSERT INTO life_event (id, day, month, year, date, notes, location_id) VALUES (1610, null, null, null, null, '', null);
INSERT INTO life_event (id, day, month, year, date, notes, location_id) VALUES (1611, null, null, null, null, '', null);
INSERT INTO person (id, first_name, last_name, middle_names, notes, sex, birth_id, death_id, burial_id, father_id, mother_id) VALUES (537, 'Edward', 'Lynton', 'D', '', 'MAN', 1609, 1610, 1611, null, null);

--======= Insert Person id: 538 =======
INSERT INTO location (id, city, country, region, notes, latitude, longitude, fetch_status) VALUES (665, 'Goslar', 'Tyskland', '', '', 51.90684, 10.43196, 'FETCHED_WITH_SUCCESS');
INSERT INTO life_event (id, day, month, year, date, notes, location_id) VALUES (1612, 27, 9, 1937, '1937-09-27', '', 665);
INSERT INTO life_event (id, day, month, year, date, notes, location_id) VALUES (1613, null, null, null, null, '', null);
INSERT INTO life_event (id, day, month, year, date, notes, location_id) VALUES (1614, null, null, null, null, '', null);
INSERT INTO occupation (id, notes, day, month, year, date, location_id) VALUES (274, 'Verkställande direktör', null, null, null, null, null);
INSERT INTO person (id, first_name, last_name, middle_names, notes, sex, birth_id, death_id, burial_id, father_id, mother_id) VALUES (538, 'Carl-Fredrik', 'Löbbeke', 'Ferdinand, Ernst, Eskil, Peter, von', '', 'UNKNOWN', 1612, 1613, 1614, null, null);

--======= Insert Person id: 539 =======
INSERT INTO life_event (id, day, month, year, date, notes, location_id) VALUES (1615, null, null, null, null, '', null);
INSERT INTO life_event (id, day, month, year, date, notes, location_id) VALUES (1616, null, null, null, null, '', null);
INSERT INTO life_event (id, day, month, year, date, notes, location_id) VALUES (1617, null, null, null, null, '', null);
INSERT INTO person (id, first_name, last_name, middle_names, notes, sex, birth_id, death_id, burial_id, father_id, mother_id) VALUES (539, 'Marianne', 'Moltke', '', '', 'WOMAN', 1615, 1616, 1617, null, null);

--======= Insert Person id: 540 =======
INSERT INTO life_event (id, day, month, year, date, notes, location_id) VALUES (1618, null, null, null, null, '', null);
INSERT INTO life_event (id, day, month, year, date, notes, location_id) VALUES (1619, null, null, null, null, '', null);
INSERT INTO life_event (id, day, month, year, date, notes, location_id) VALUES (1620, null, null, null, null, '', null);
INSERT INTO person (id, first_name, last_name, middle_names, notes, sex, birth_id, death_id, burial_id, father_id, mother_id) VALUES (540, 'Kurt', 'Löbbeke', 'von', '', 'MAN', 1618, 1619, 1620, null, null);

--======= Insert Person id: 541 =======
INSERT INTO life_event (id, day, month, year, date, notes, location_id) VALUES (1621, null, null, null, null, '', null);
INSERT INTO life_event (id, day, month, year, date, notes, location_id) VALUES (1622, null, null, null, null, '', null);
INSERT INTO life_event (id, day, month, year, date, notes, location_id) VALUES (1623, null, null, null, null, '', null);
INSERT INTO person (id, first_name, last_name, middle_names, notes, sex, birth_id, death_id, burial_id, father_id, mother_id) VALUES (541, 'Augusta', 'Hermelin', 'Elisabet', '', 'WOMAN', 1621, 1622, 1623, null, null);

--======= Insert Person id: 542 =======
INSERT INTO life_event (id, day, month, year, date, notes, location_id) VALUES (1624, null, null, null, null, '', null);
INSERT INTO life_event (id, day, month, year, date, notes, location_id) VALUES (1625, null, null, null, null, '', null);
INSERT INTO life_event (id, day, month, year, date, notes, location_id) VALUES (1626, null, null, null, null, '', null);
INSERT INTO occupation (id, notes, day, month, year, date, location_id) VALUES (275, 'Godsägare', null, null, null, null, null);
INSERT INTO person (id, first_name, last_name, middle_names, notes, sex, birth_id, death_id, burial_id, father_id, mother_id) VALUES (542, 'Jean', 'Koch', 'von', '', 'MAN', 1624, 1625, 1626, null, null);

--======= Insert Person id: 543 =======
INSERT INTO location (id, city, country, region, notes, latitude, longitude, fetch_status) VALUES (666, 'på Staby', 'Sverige', '', '', 58.6072, 11.48253, 'FETCHED_WITH_SUCCESS');
INSERT INTO life_event (id, day, month, year, date, notes, location_id) VALUES (1627, 10, 11, 1892, '1892-11-10', '', 666);
INSERT INTO location (id, city, country, region, notes, latitude, longitude, fetch_status) VALUES (667, 'Norrköping', 'Sverige', '', '', 58.58462, 16.19376, 'FETCHED_WITH_SUCCESS');
INSERT INTO life_event (id, day, month, year, date, notes, location_id) VALUES (1628, 16, 5, 1977, '1977-05-16', '', 667);
INSERT INTO life_event (id, day, month, year, date, notes, location_id) VALUES (1629, null, null, null, null, '', null);
INSERT INTO person (id, first_name, last_name, middle_names, notes, sex, birth_id, death_id, burial_id, father_id, mother_id) VALUES (543, 'Emma', 'Berg', 'Margareta, Margit', '', 'WOMAN', 1627, 1628, 1629, null, null);

--======= Insert Person id: 544 =======
INSERT INTO location (id, city, country, region, notes, latitude, longitude, fetch_status) VALUES (668, 'Uppsala', 'Sverige', '', '', 59.85862, 17.64373, 'FETCHED_WITH_SUCCESS');
INSERT INTO life_event (id, day, month, year, date, notes, location_id) VALUES (1630, 7, 4, 1925, '1925-04-07', '', 668);
INSERT INTO location (id, city, country, region, notes, latitude, longitude, fetch_status) VALUES (669, 'Norrköping', 'Sverige', '', '', 58.58462, 16.19376, 'FETCHED_WITH_SUCCESS');
INSERT INTO life_event (id, day, month, year, date, notes, location_id) VALUES (1631, 19, 7, 2000, '2000-07-19', '', 669);
INSERT INTO life_event (id, day, month, year, date, notes, location_id) VALUES (1632, null, null, null, null, '', null);
INSERT INTO occupation (id, notes, day, month, year, date, location_id) VALUES (276, 'Barnläkare och barnpsykiater', null, null, null, null, null);
INSERT INTO person (id, first_name, last_name, middle_names, notes, sex, birth_id, death_id, burial_id, father_id, mother_id) VALUES (544, 'Ebba', 'Hegardt', 'Kristina', '(Tab 37:146 i GS).
Studentexamen 1945 i Stockholm (AB).
Med kand 1948 i Stockholm (AB).
Med lic och leg läkare 1953 i Stockholm (AB).
Specialist i barnaålderns invärtes sjukdomar 1960 och i barn- och ungdomspsykiatri 1974. 1953-55 diverse underläkarvikariat.
1955-58 underläkare vid Norrköpings lasaretts barnklinik.
Infektionskliniken 1958-60 och medicinkliniken 1960-61.
1961-75 privatpraktiserande barnläkare i Norrköping. Från 1975 och fram till sin pensionering 1990 överläkare vid barn- och ungdomspsykiatriska verksamheten i Norrköping.', 'UNKNOWN', 1630, 1631, 1632, null, null);

--======= Insert Person id: 545 =======
INSERT INTO location (id, city, country, region, notes, latitude, longitude, fetch_status) VALUES (670, 'Stockholm', 'Sverige', '', '', 59.33257, 18.06683, 'FETCHED_WITH_SUCCESS');
INSERT INTO life_event (id, day, month, year, date, notes, location_id) VALUES (1633, 29, 10, 1855, '1855-10-29', '', 670);
INSERT INTO location (id, city, country, region, notes, latitude, longitude, fetch_status) VALUES (671, 'Stockholm', 'Sverige', '', '', 59.33257, 18.06683, 'FETCHED_WITH_SUCCESS');
INSERT INTO life_event (id, day, month, year, date, notes, location_id) VALUES (1634, 21, 7, 1930, '1930-07-21', '', 671);
INSERT INTO life_event (id, day, month, year, date, notes, location_id) VALUES (1635, null, null, null, null, '', null);
INSERT INTO occupation (id, notes, day, month, year, date, location_id) VALUES (277, 'Civilingenjör', null, null, null, null, null);
INSERT INTO person (id, first_name, last_name, middle_names, notes, sex, birth_id, death_id, burial_id, father_id, mother_id) VALUES (545, 'Carl', 'Isakson', 'Johan, Albert', '', 'UNKNOWN', 1633, 1634, 1635, null, null);

--======= Insert Person id: 546 =======
INSERT INTO life_event (id, day, month, year, date, notes, location_id) VALUES (1636, null, null, null, null, '', null);
INSERT INTO life_event (id, day, month, year, date, notes, location_id) VALUES (1637, null, null, null, null, '', null);
INSERT INTO life_event (id, day, month, year, date, notes, location_id) VALUES (1638, null, null, null, null, '', null);
INSERT INTO person (id, first_name, last_name, middle_names, notes, sex, birth_id, death_id, burial_id, father_id, mother_id) VALUES (546, 'Elin', 'Hermelin', 'Lucie', '', 'WOMAN', 1636, 1637, 1638, null, null);

--======= Insert Person id: 547 =======
INSERT INTO life_event (id, day, month, year, date, notes, location_id) VALUES (1639, null, null, null, null, '', null);
INSERT INTO life_event (id, day, month, year, date, notes, location_id) VALUES (1640, null, null, null, null, '', null);
INSERT INTO life_event (id, day, month, year, date, notes, location_id) VALUES (1641, null, null, null, null, '', null);
INSERT INTO occupation (id, notes, day, month, year, date, location_id) VALUES (278, 'Godsägare', null, null, null, null, null);
INSERT INTO person (id, first_name, last_name, middle_names, notes, sex, birth_id, death_id, burial_id, father_id, mother_id) VALUES (547, 'Olof', 'Berg', 'Alfred', '', 'MAN', 1639, 1640, 1641, null, null);

--======= Insert Person id: 548 =======
INSERT INTO life_event (id, day, month, year, date, notes, location_id) VALUES (1642, null, null, null, null, '', null);
INSERT INTO life_event (id, day, month, year, date, notes, location_id) VALUES (1643, null, null, null, null, '', null);
INSERT INTO life_event (id, day, month, year, date, notes, location_id) VALUES (1644, null, null, null, null, '', null);
INSERT INTO person (id, first_name, last_name, middle_names, notes, sex, birth_id, death_id, burial_id, father_id, mother_id) VALUES (548, 'Magdalena', 'Ullman', '', '', 'WOMAN', 1642, 1643, 1644, null, null);

--======= Insert Person id: 549 =======
INSERT INTO life_event (id, day, month, year, date, notes, location_id) VALUES (1645, null, null, null, null, '', null);
INSERT INTO life_event (id, day, month, year, date, notes, location_id) VALUES (1646, null, null, null, null, '', null);
INSERT INTO life_event (id, day, month, year, date, notes, location_id) VALUES (1647, null, null, null, null, '', null);
INSERT INTO occupation (id, notes, day, month, year, date, location_id) VALUES (279, 'Tullförvaltare', null, null, null, null, null);
INSERT INTO person (id, first_name, last_name, middle_names, notes, sex, birth_id, death_id, burial_id, father_id, mother_id) VALUES (549, 'Lechard', 'Bodell', '', '', 'MAN', 1645, 1646, 1647, null, null);

--======= Insert Person id: 550 =======
INSERT INTO location (id, city, country, region, notes, latitude, longitude, fetch_status) VALUES (672, 'Munsö', 'Sverige', '', '', 59.39868, 17.56377, 'FETCHED_WITH_SUCCESS');
INSERT INTO life_event (id, day, month, year, date, notes, location_id) VALUES (1648, 31, 1, 1816, '1816-01-31', '', 672);
INSERT INTO location (id, city, country, region, notes, latitude, longitude, fetch_status) VALUES (673, 'Alingsås', 'Sverige', '', '', 57.92963, 12.5324, 'FETCHED_WITH_SUCCESS');
INSERT INTO life_event (id, day, month, year, date, notes, location_id) VALUES (1649, 28, 5, 1895, '1895-05-28', '', 673);
INSERT INTO life_event (id, day, month, year, date, notes, location_id) VALUES (1650, null, null, null, null, '', null);
INSERT INTO person (id, first_name, last_name, middle_names, notes, sex, birth_id, death_id, burial_id, father_id, mother_id) VALUES (550, 'Karolina', 'Wahllöf', 'Lovisa', '', 'WOMAN', 1648, 1649, 1650, null, null);

--======= Insert Person id: 551 =======
INSERT INTO location (id, city, country, region, notes, latitude, longitude, fetch_status) VALUES (674, 'på Drottningholm i Lovö', 'Sverige', '', '', 59.31025, 17.8608, 'FETCHED_WITH_SUCCESS');
INSERT INTO life_event (id, day, month, year, date, notes, location_id) VALUES (1651, 23, 12, 1844, '1844-12-23', '', 674);
INSERT INTO location (id, city, country, region, notes, latitude, longitude, fetch_status) VALUES (675, 'Alingsås', 'Sverige', '', '', 57.92963, 12.5324, 'FETCHED_WITH_SUCCESS');
INSERT INTO life_event (id, day, month, year, date, notes, location_id) VALUES (1652, 16, 10, 1913, '1913-10-16', '', 675);
INSERT INTO life_event (id, day, month, year, date, notes, location_id) VALUES (1653, null, null, null, null, '', null);
INSERT INTO person (id, first_name, last_name, middle_names, notes, sex, birth_id, death_id, burial_id, father_id, mother_id) VALUES (551, 'Ebba', 'Hegardt', 'Magdalena, Charlotta', '(Tab 39:165 i GS).', 'UNKNOWN', 1651, 1652, 1653, null, null);

--======= Insert Person id: 552 =======
INSERT INTO location (id, city, country, region, notes, latitude, longitude, fetch_status) VALUES (676, 'på Drottningholm i Lovö', 'Sverige', '', '', 59.31025, 17.8608, 'FETCHED_WITH_SUCCESS');
INSERT INTO life_event (id, day, month, year, date, notes, location_id) VALUES (1654, 2, 1, 1846, '1846-01-02', '', 676);
INSERT INTO location (id, city, country, region, notes, latitude, longitude, fetch_status) VALUES (677, 'Karlskrona', 'Sverige', '', '', 56.16067, 15.58464, 'FETCHED_WITH_SUCCESS');
INSERT INTO life_event (id, day, month, year, date, notes, location_id) VALUES (1655, 17, 8, 1869, '1869-08-17', '', 677);
INSERT INTO life_event (id, day, month, year, date, notes, location_id) VALUES (1656, null, null, null, null, '', null);
INSERT INTO person (id, first_name, last_name, middle_names, notes, sex, birth_id, death_id, burial_id, father_id, mother_id) VALUES (552, 'Cecilia', 'Hegardt', 'Sofia, Teresa', '(Tab 39:166 i GS).', 'UNKNOWN', 1654, 1655, 1656, null, null);

--======= Insert Person id: 553 =======
INSERT INTO location (id, city, country, region, notes, latitude, longitude, fetch_status) VALUES (678, 'på Drottningholm i Lovö', 'Sverige', '', '', 59.31025, 17.8608, 'FETCHED_WITH_SUCCESS');
INSERT INTO life_event (id, day, month, year, date, notes, location_id) VALUES (1657, 2, 4, 1847, '1847-04-02', '', 678);
INSERT INTO life_event (id, day, month, year, date, notes, location_id) VALUES (1658, null, null, null, null, '', null);
INSERT INTO life_event (id, day, month, year, date, notes, location_id) VALUES (1659, null, null, null, null, '', null);
INSERT INTO person (id, first_name, last_name, middle_names, notes, sex, birth_id, death_id, burial_id, father_id, mother_id) VALUES (553, 'Hulda', 'Hegardt', 'Karolina, Maria', '(Tab 39:167 i GS).', 'UNKNOWN', 1657, 1658, 1659, null, null);

--======= Insert Person id: 554 =======
INSERT INTO location (id, city, country, region, notes, latitude, longitude, fetch_status) VALUES (679, 'på Drottningholm i Lovö', 'Sverige', '', '', 59.31025, 17.8608, 'FETCHED_WITH_SUCCESS');
INSERT INTO life_event (id, day, month, year, date, notes, location_id) VALUES (1660, 31, 8, 1850, '1850-08-31', '', 679);
INSERT INTO location (id, city, country, region, notes, latitude, longitude, fetch_status) VALUES (680, 'Göteborg', 'Sverige', '', '', 57.70067, 11.96822, 'FETCHED_WITH_SUCCESS');
INSERT INTO life_event (id, day, month, year, date, notes, location_id) VALUES (1661, 2, 9, 1891, '1891-09-02', '', 680);
INSERT INTO life_event (id, day, month, year, date, notes, location_id) VALUES (1662, null, null, null, null, '', null);
INSERT INTO person (id, first_name, last_name, middle_names, notes, sex, birth_id, death_id, burial_id, father_id, mother_id) VALUES (554, 'Paulina', 'Hegardt', 'Fredrika, Lovisa', '(Tab 39:168 i GS).', 'UNKNOWN', 1660, 1661, 1662, null, null);

--======= Insert Person id: 555 =======
INSERT INTO location (id, city, country, region, notes, latitude, longitude, fetch_status) VALUES (681, 'på Gustafsberg i Uddevalla', 'Sverige', '', '', 58.32829, 11.90616, 'FETCHED_WITH_SUCCESS');
INSERT INTO life_event (id, day, month, year, date, notes, location_id) VALUES (1663, 13, 3, 1798, '1798-03-13', '', 681);
INSERT INTO location (id, city, country, region, notes, latitude, longitude, fetch_status) VALUES (682, 'Uddevalla', 'Sverige', '', '', 58.35096, 11.93264, 'FETCHED_WITH_SUCCESS');
INSERT INTO life_event (id, day, month, year, date, notes, location_id) VALUES (1664, 21, 3, 1842, '1842-03-21', '', 682);
INSERT INTO life_event (id, day, month, year, date, notes, location_id) VALUES (1665, null, null, null, null, '', null);
INSERT INTO occupation (id, notes, day, month, year, date, location_id) VALUES (280, 'Prost', null, null, null, null, null);
INSERT INTO person (id, first_name, last_name, middle_names, notes, sex, birth_id, death_id, burial_id, father_id, mother_id) VALUES (555, 'Magnus', 'Ullman', '', '', 'MAN', 1663, 1664, 1665, null, null);

--======= Insert Person id: 556 =======
INSERT INTO location (id, city, country, region, notes, latitude, longitude, fetch_status) VALUES (683, 'Göteborg', 'Sverige', '', '', 57.70067, 11.96822, 'FETCHED_WITH_SUCCESS');
INSERT INTO life_event (id, day, month, year, date, notes, location_id) VALUES (1666, 12, 8, 1830, '1830-08-12', '', 683);
INSERT INTO location (id, city, country, region, notes, latitude, longitude, fetch_status) VALUES (684, 'Varberg', 'Sverige', '', '', 57.10789, 12.24901, 'FETCHED_WITH_SUCCESS');
INSERT INTO life_event (id, day, month, year, date, notes, location_id) VALUES (1667, 20, 9, 1919, '1919-09-20', '', 684);
INSERT INTO life_event (id, day, month, year, date, notes, location_id) VALUES (1668, null, null, null, null, '', null);
INSERT INTO occupation (id, notes, day, month, year, date, location_id) VALUES (281, 'Prost', null, null, null, null, null);
INSERT INTO person (id, first_name, last_name, middle_names, notes, sex, birth_id, death_id, burial_id, father_id, mother_id) VALUES (556, 'Magnus', 'Ullman', '', '', 'UNKNOWN', 1666, 1667, 1668, null, null);

--======= Insert Person id: 557 =======
INSERT INTO location (id, city, country, region, notes, latitude, longitude, fetch_status) VALUES (685, 'Göteborg', 'Sverige', '', '', 57.70067, 11.96822, 'FETCHED_WITH_SUCCESS');
INSERT INTO life_event (id, day, month, year, date, notes, location_id) VALUES (1669, null, null, 1837, '1837-01-01', '', 685);
INSERT INTO life_event (id, day, month, year, date, notes, location_id) VALUES (1670, null, null, null, null, '', null);
INSERT INTO life_event (id, day, month, year, date, notes, location_id) VALUES (1671, null, null, null, null, '', null);
INSERT INTO person (id, first_name, last_name, middle_names, notes, sex, birth_id, death_id, burial_id, father_id, mother_id) VALUES (557, 'Uddo', 'Ullman', '', '', 'MAN', 1669, 1670, 1671, null, null);

--======= Insert Person id: 558 =======
INSERT INTO location (id, city, country, region, notes, latitude, longitude, fetch_status) VALUES (686, 'Strömstad', 'Sverige', '', '', 58.9387, 11.17124, 'FETCHED_WITH_SUCCESS');
INSERT INTO life_event (id, day, month, year, date, notes, location_id) VALUES (1672, null, null, 1771, '1771-01-01', '', 686);
INSERT INTO location (id, city, country, region, notes, latitude, longitude, fetch_status) VALUES (687, 'Onsala', 'Sverige', '', '', 57.41423, 12.02226, 'FETCHED_WITH_SUCCESS');
INSERT INTO life_event (id, day, month, year, date, notes, location_id) VALUES (1673, null, null, 1806, '1806-01-01', '', 687);
INSERT INTO life_event (id, day, month, year, date, notes, location_id) VALUES (1674, null, null, null, null, '', null);
INSERT INTO person (id, first_name, last_name, middle_names, notes, sex, birth_id, death_id, burial_id, father_id, mother_id) VALUES (558, 'Brita', 'Torén', '', '', 'WOMAN', 1672, 1673, 1674, null, null);

--======= Insert Person id: 559 =======
INSERT INTO location (id, city, country, region, notes, latitude, longitude, fetch_status) VALUES (688, 'Torp', 'Sverige', '', '', 57.06913, 16.4709, 'FETCHED_WITH_SUCCESS');
INSERT INTO life_event (id, day, month, year, date, notes, location_id) VALUES (1675, null, null, 1762, '1762-01-01', '', 688);
INSERT INTO location (id, city, country, region, notes, latitude, longitude, fetch_status) VALUES (689, 'Onsala', 'Sverige', '', '', 57.41423, 12.02226, 'FETCHED_WITH_SUCCESS');
INSERT INTO life_event (id, day, month, year, date, notes, location_id) VALUES (1676, null, null, 1826, '1826-01-01', '', 689);
INSERT INTO life_event (id, day, month, year, date, notes, location_id) VALUES (1677, null, null, null, null, '', null);
INSERT INTO person (id, first_name, last_name, middle_names, notes, sex, birth_id, death_id, burial_id, father_id, mother_id) VALUES (559, 'Magnus', 'Ullman', '', '', 'MAN', 1675, 1676, 1677, null, null);

--======= Insert Person id: 560 =======
INSERT INTO location (id, city, country, region, notes, latitude, longitude, fetch_status) VALUES (690, 'Västerås', 'Sverige', '', '', 59.60958, 16.54535, 'FETCHED_WITH_SUCCESS');
INSERT INTO life_event (id, day, month, year, date, notes, location_id) VALUES (1678, 10, 8, 1804, '1804-08-10', '', 690);
INSERT INTO location (id, city, country, region, notes, latitude, longitude, fetch_status) VALUES (691, 'Skinnskatteberg', 'Sverige', '', '', 59.83216, 15.69284, 'FETCHED_WITH_SUCCESS');
INSERT INTO life_event (id, day, month, year, date, notes, location_id) VALUES (1679, 18, 4, 1890, '1890-04-18', '', 691);
INSERT INTO life_event (id, day, month, year, date, notes, location_id) VALUES (1680, null, null, null, null, '', null);
INSERT INTO occupation (id, notes, day, month, year, date, location_id) VALUES (282, 'Prost', null, null, null, null, null);
INSERT INTO person (id, first_name, last_name, middle_names, notes, sex, birth_id, death_id, burial_id, father_id, mother_id) VALUES (560, 'Johan', 'Wulff', 'Karl', '', 'UNKNOWN', 1678, 1679, 1680, null, null);

--======= Insert Person id: 561 =======
INSERT INTO location (id, city, country, region, notes, latitude, longitude, fetch_status) VALUES (692, 'Göteborg', 'Sverige', '', '', 57.70067, 11.96822, 'FETCHED_WITH_SUCCESS');
INSERT INTO life_event (id, day, month, year, date, notes, location_id) VALUES (1681, 8, 10, 1824, '1824-10-08', '', 692);
INSERT INTO location (id, city, country, region, notes, latitude, longitude, fetch_status) VALUES (693, 'Starrkärr', 'Sverige', '', '', 58.11331, 11.84697, 'FETCHED_WITH_SUCCESS');
INSERT INTO life_event (id, day, month, year, date, notes, location_id) VALUES (1682, 25, 9, 1889, '1889-09-25', '', 693);
INSERT INTO life_event (id, day, month, year, date, notes, location_id) VALUES (1683, null, null, null, null, '', null);
INSERT INTO person (id, first_name, last_name, middle_names, notes, sex, birth_id, death_id, burial_id, father_id, mother_id) VALUES (561, 'Sofia', 'Bruhn', 'Maria', '', 'WOMAN', 1681, 1682, 1683, null, null);

--======= Insert Person id: 562 =======
INSERT INTO location (id, city, country, region, notes, latitude, longitude, fetch_status) VALUES (694, 'Göteborg', 'Sverige', '', '', 57.70067, 11.96822, 'FETCHED_WITH_SUCCESS');
INSERT INTO life_event (id, day, month, year, date, notes, location_id) VALUES (1684, 25, 2, 1856, '1856-02-25', '', 694);
INSERT INTO location (id, city, country, region, notes, latitude, longitude, fetch_status) VALUES (695, 'Starrkärr', 'Sverige', '', '', 58.11331, 11.84697, 'FETCHED_WITH_SUCCESS');
INSERT INTO life_event (id, day, month, year, date, notes, location_id) VALUES (1685, 16, 3, 1887, '1887-03-16', '', 695);
INSERT INTO life_event (id, day, month, year, date, notes, location_id) VALUES (1686, null, null, null, null, '', null);
INSERT INTO person (id, first_name, last_name, middle_names, notes, sex, birth_id, death_id, burial_id, father_id, mother_id) VALUES (562, 'Anders', 'Hegardt', 'Kristian', '(Tab 40:174 i GS).
Studentexamen 1876.
Volontär vid Bohusläns regemente 1877.
Elev vid Krigshögskolan samma år.
Officersexamen 1878.
Underlöjtnant vid nämnda regemente samma år.
Vistades 1885-86 på Madeira för att försöka bota den lungsjukdom, som han dog av 1887.', 'UNKNOWN', 1684, 1685, 1686, null, null);

--======= Insert Person id: 563 =======
INSERT INTO location (id, city, country, region, notes, latitude, longitude, fetch_status) VALUES (696, 'Göteborg', 'Sverige', '', '', 57.70067, 11.96822, 'FETCHED_WITH_SUCCESS');
INSERT INTO life_event (id, day, month, year, date, notes, location_id) VALUES (1687, 20, 1, 1857, '1857-01-20', '', 696);
INSERT INTO location (id, city, country, region, notes, latitude, longitude, fetch_status) VALUES (697, 'Helsingborg', 'Sverige', '', '', 56.04399, 12.69611, 'FETCHED_WITH_SUCCESS');
INSERT INTO life_event (id, day, month, year, date, notes, location_id) VALUES (1688, 21, 7, 1928, '1928-07-21', '', 697);
INSERT INTO life_event (id, day, month, year, date, notes, location_id) VALUES (1689, null, null, null, null, '', null);
INSERT INTO occupation (id, notes, day, month, year, date, location_id) VALUES (283, 'Stadsläkare', null, null, null, null, null);
INSERT INTO person (id, first_name, last_name, middle_names, notes, sex, birth_id, death_id, burial_id, father_id, mother_id) VALUES (563, 'Johan', 'Hegardt', 'Theodor, Lechard', '(Tab 41 i GS).
Studentexamen 1878 i Göteborg. Med fil kand 1884 i Uppsala och med kand 1889 i Stockholm. Med lic och leg läkare där 1894. Leg sjukgymnast 1888. Förestod sjukgymnastiken vid Ramlösa hälsobrunn 1888-92. Praktiserande läkare i Helsingborg sedan 1894. Hade under en lång följd av år från 1897 till 1915 årligen längre eller kortare tider förordnande som tf distriktsläkare i Helsingborg. Blev ordinarie sådan 1915. Besiktningsläkare för minderåriga anställda vid industrier 1901. Skolläkare 1905 och företagsläkare vid Helsingborgs Kopparverk 1906. Läkare vid stadens observationsplats för fartyg från smittad ort 1914.
Medlem av Helsingborgs nykterhetsnämnd sedan 1916 och sedan 1919 av medicinalstyrelsen förordnad revisor i Föreningen för bistånd åt vanföra i Skåne.
"Sin främsta läkargärning har han kanske presterat såsom skolläkare vid Helsingborgs folkskolor. På detta sitt verksamhetsområde har dr Hegardt nedlagt ett osjälviskt och högt uppskattat arbete. I samband därmed står det stora och fruktbringande intresse han visat sommarkoloniverksamheten. För ungdomens fysiska fostran har dr Hegardt varit en ivrig förkämpe och ej minst såsom mångårig ordförande i Helsingborgs simsällskap har han i detta avseende uträttat ett gott arbete." (Utdrag ur artikel i Helsingborgstidn vid H:s 70-årsdag 1927) Dr Hegardt var initiativtagare till grundandet av Föreningen Mjölkdroppen i Helsingborg, som var föregångare till nutidens barnavårdscentral. Föreningen bildades 1904.
Dr Hegardt var också, vad man nuförtiden kallar frisksportare. Om det skrev en Helsingborgstidning vid H:s 65-årsdag: " --- Dessutom är dr Hegardt nestor i den lilla heroiska trupp helsingborgare, som kallas vinterbadare och ytterrocksklädda och i all synnerhet pälsklädda herrar väcker hans medömkan.
Trots de 65 åren har hans härdade heroism inte fått den minsta lilla knäck, medan många mycket yngre av oss andra, som i ungdomligt övermod stodo som hjältar vid kavajidealet, på grund av begynnande skröplighet krupit in i allt tjockare ytterplagg. Vi gör honnör åt 65-åringen, som i vinter såväl som sommar promenerar omkring i vår blåsiga stad i fladdrande, oknäppt kavaj! ---" En särdeles kall vinter stod det också att läsa att "Idag är det kallt, ty dr Hegardt har knäppt översta knappen i kavajen!" Vid H:s bortgång skrev en Helsingborgstidning: " --- Genom sitt sympatiska och flärdfria väsen har dr Hegardt gjort sig allmänt omtyckt och värderad. Nu vid hans bortgång skall hans minne behållas i tacksam erinran av alla, unga som gamla, vilka kommit i förbindelse med den gamle, gode doktorn."', 'MAN', 1687, 1688, 1689, null, null);

--======= Insert Person id: 564 =======
INSERT INTO location (id, city, country, region, notes, latitude, longitude, fetch_status) VALUES (698, 'Göteborg', 'Sverige', '', '', 57.70067, 11.96822, 'FETCHED_WITH_SUCCESS');
INSERT INTO life_event (id, day, month, year, date, notes, location_id) VALUES (1690, 22, 4, 1858, '1858-04-22', '', 698);
INSERT INTO location (id, city, country, region, notes, latitude, longitude, fetch_status) VALUES (699, 'Varberg', 'Sverige', '', '', 57.10789, 12.24901, 'FETCHED_WITH_SUCCESS');
INSERT INTO life_event (id, day, month, year, date, notes, location_id) VALUES (1691, 26, 4, 1893, '1893-04-26', '', 699);
INSERT INTO life_event (id, day, month, year, date, notes, location_id) VALUES (1692, null, null, null, null, '', null);
INSERT INTO person (id, first_name, last_name, middle_names, notes, sex, birth_id, death_id, burial_id, father_id, mother_id) VALUES (564, 'Harriet', 'Hegardt', 'Magdalena', '(Tab 40:180 i GS).
Harriet var kusin med sin man.', 'UNKNOWN', 1690, 1691, 1692, null, null);

--======= Insert Person id: 565 =======
INSERT INTO location (id, city, country, region, notes, latitude, longitude, fetch_status) VALUES (700, 'Göteborg', 'Sverige', '', '', 57.70067, 11.96822, 'FETCHED_WITH_SUCCESS');
INSERT INTO life_event (id, day, month, year, date, notes, location_id) VALUES (1693, 22, 10, 1859, '1859-10-22', '', 700);
INSERT INTO location (id, city, country, region, notes, latitude, longitude, fetch_status) VALUES (701, 'Göteborg', 'Sverige', '', '', 57.70067, 11.96822, 'FETCHED_WITH_SUCCESS');
INSERT INTO life_event (id, day, month, year, date, notes, location_id) VALUES (1694, 25, 4, 1885, '1885-04-25', '', 701);
INSERT INTO life_event (id, day, month, year, date, notes, location_id) VALUES (1695, null, null, null, null, '', null);
INSERT INTO person (id, first_name, last_name, middle_names, notes, sex, birth_id, death_id, burial_id, father_id, mother_id) VALUES (565, 'Lechard', 'Hegardt', 'Jonatan', '(Tab 40:181 i GS).
Studentexamen 1880 i Stockholm (AB).
Teol fil examen 1884 i Lund (M).', 'UNKNOWN', 1693, 1694, 1695, null, null);

--======= Insert Person id: 566 =======
INSERT INTO location (id, city, country, region, notes, latitude, longitude, fetch_status) VALUES (702, 'Göteborg', 'Sverige', '', '', 57.70067, 11.96822, 'FETCHED_WITH_SUCCESS');
INSERT INTO life_event (id, day, month, year, date, notes, location_id) VALUES (1696, 18, 1, 1861, '1861-01-18', '', 702);
INSERT INTO location (id, city, country, region, notes, latitude, longitude, fetch_status) VALUES (703, 'Ljungby', 'Sverige', '', '', 56.83342, 13.93851, 'FETCHED_WITH_SUCCESS');
INSERT INTO life_event (id, day, month, year, date, notes, location_id) VALUES (1697, 12, 1, 1931, '1931-01-12', '', 703);
INSERT INTO life_event (id, day, month, year, date, notes, location_id) VALUES (1698, null, null, null, null, '', null);
INSERT INTO person (id, first_name, last_name, middle_names, notes, sex, birth_id, death_id, burial_id, father_id, mother_id) VALUES (566, 'Maria', 'Hegardt', 'Teresia', '(Tab 40:182 i GS).
Teresia var kusin och svägerska med sin man.', 'UNKNOWN', 1696, 1697, 1698, null, null);

--======= Insert Person id: 567 =======
INSERT INTO location (id, city, country, region, notes, latitude, longitude, fetch_status) VALUES (704, 'Starrkärr', 'Sverige', '', '', 58.11331, 11.84697, 'FETCHED_WITH_SUCCESS');
INSERT INTO life_event (id, day, month, year, date, notes, location_id) VALUES (1699, 15, 3, 1865, '1865-03-15', '', 704);
INSERT INTO location (id, city, country, region, notes, latitude, longitude, fetch_status) VALUES (705, 'Ljungby', 'Sverige', '', '', 56.83342, 13.93851, 'FETCHED_WITH_SUCCESS');
INSERT INTO life_event (id, day, month, year, date, notes, location_id) VALUES (1700, 9, 2, 1939, '1939-02-09', '', 705);
INSERT INTO life_event (id, day, month, year, date, notes, location_id) VALUES (1701, null, null, null, null, '', null);
INSERT INTO person (id, first_name, last_name, middle_names, notes, sex, birth_id, death_id, burial_id, father_id, mother_id) VALUES (567, 'Kristina', 'Hegardt', 'Cecilia, Magdalena', '(Tab 40:183 i GS).', 'UNKNOWN', 1699, 1700, 1701, null, null);

--======= Insert Person id: 568 =======
INSERT INTO location (id, city, country, region, notes, latitude, longitude, fetch_status) VALUES (706, 'Starrkärr', 'Sverige', '', '', 58.11331, 11.84697, 'FETCHED_WITH_SUCCESS');
INSERT INTO life_event (id, day, month, year, date, notes, location_id) VALUES (1702, 16, 6, 1867, '1867-06-16', '', 706);
INSERT INTO life_event (id, day, month, year, date, notes, location_id) VALUES (1703, 26, 2, 1952, '1952-02-26', '', null);
INSERT INTO life_event (id, day, month, year, date, notes, location_id) VALUES (1704, null, null, null, null, '', null);
INSERT INTO person (id, first_name, last_name, middle_names, notes, sex, birth_id, death_id, burial_id, father_id, mother_id) VALUES (568, 'Sara', 'Hegardt', 'Sofia', '(Tab 40:184 i GS).', 'WOMAN', 1702, 1703, 1704, null, null);

--======= Insert Person id: 569 =======
INSERT INTO location (id, city, country, region, notes, latitude, longitude, fetch_status) VALUES (707, 'Göteborg', 'Sverige', '', '', 57.70067, 11.96822, 'FETCHED_WITH_SUCCESS');
INSERT INTO life_event (id, day, month, year, date, notes, location_id) VALUES (1705, 22, 10, 1801, '1801-10-22', '', 707);
INSERT INTO location (id, city, country, region, notes, latitude, longitude, fetch_status) VALUES (708, 'Göteborg', 'Sverige', '', '', 57.70067, 11.96822, 'FETCHED_WITH_SUCCESS');
INSERT INTO life_event (id, day, month, year, date, notes, location_id) VALUES (1706, 16, 1, 1870, '1870-01-16', '', 708);
INSERT INTO life_event (id, day, month, year, date, notes, location_id) VALUES (1707, null, null, null, null, '', null);
INSERT INTO person (id, first_name, last_name, middle_names, notes, sex, birth_id, death_id, burial_id, father_id, mother_id) VALUES (569, 'Johan', 'Leffler', 'Janne', '', 'UNKNOWN', 1705, 1706, 1707, null, null);

--======= Insert Person id: 570 =======
INSERT INTO location (id, city, country, region, notes, latitude, longitude, fetch_status) VALUES (709, 'Värnamo', 'Sverige', '', '', 57.18641, 14.04242, 'FETCHED_WITH_SUCCESS');
INSERT INTO life_event (id, day, month, year, date, notes, location_id) VALUES (1708, 31, 3, 1809, '1809-03-31', '', 709);
INSERT INTO location (id, city, country, region, notes, latitude, longitude, fetch_status) VALUES (710, 'Lysekil', 'Sverige', '', '', 58.27417, 11.43157, 'FETCHED_WITH_SUCCESS');
INSERT INTO life_event (id, day, month, year, date, notes, location_id) VALUES (1709, 4, 6, 1880, '1880-06-04', '', 710);
INSERT INTO life_event (id, day, month, year, date, notes, location_id) VALUES (1710, null, null, null, null, '', null);
INSERT INTO occupation (id, notes, day, month, year, date, location_id) VALUES (284, 'Handlande', null, null, null, null, null);
INSERT INTO person (id, first_name, last_name, middle_names, notes, sex, birth_id, death_id, burial_id, father_id, mother_id) VALUES (570, 'Hans', 'Pettersson', '', '', 'UNKNOWN', 1708, 1709, 1710, null, null);

--======= Insert Person id: 571 =======
INSERT INTO life_event (id, day, month, year, date, notes, location_id) VALUES (1711, null, null, null, null, '', null);
INSERT INTO life_event (id, day, month, year, date, notes, location_id) VALUES (1712, null, null, null, null, '', null);
INSERT INTO life_event (id, day, month, year, date, notes, location_id) VALUES (1713, null, null, null, null, '', null);
INSERT INTO person (id, first_name, last_name, middle_names, notes, sex, birth_id, death_id, burial_id, father_id, mother_id) VALUES (571, 'Louise', 'Brandel', 'Charlotta', '', 'WOMAN', 1711, 1712, 1713, null, null);

--======= Insert Person id: 572 =======
INSERT INTO life_event (id, day, month, year, date, notes, location_id) VALUES (1714, null, null, null, null, '', null);
INSERT INTO life_event (id, day, month, year, date, notes, location_id) VALUES (1715, null, null, null, null, '', null);
INSERT INTO life_event (id, day, month, year, date, notes, location_id) VALUES (1716, null, null, null, null, '', null);
INSERT INTO occupation (id, notes, day, month, year, date, location_id) VALUES (285, 'Lantbrukare', null, null, null, null, null);
INSERT INTO person (id, first_name, last_name, middle_names, notes, sex, birth_id, death_id, burial_id, father_id, mother_id) VALUES (572, 'Paul', 'Wahllöf', 'Gustaf', '', 'MAN', 1714, 1715, 1716, null, null);

--======= Insert Person id: 573 =======
INSERT INTO location (id, city, country, region, notes, latitude, longitude, fetch_status) VALUES (711, 'Lund', 'Sverige', '', '', 55.70664, 13.18759, 'FETCHED_WITH_SUCCESS');
INSERT INTO life_event (id, day, month, year, date, notes, location_id) VALUES (1717, 27, 8, 1823, '1823-08-27', '', 711);
INSERT INTO location (id, city, country, region, notes, latitude, longitude, fetch_status) VALUES (712, 'Stockholm', 'Sverige', '', '', 59.33257, 18.06683, 'FETCHED_WITH_SUCCESS');
INSERT INTO life_event (id, day, month, year, date, notes, location_id) VALUES (1718, 25, 7, 1880, '1880-07-25', '', 712);
INSERT INTO life_event (id, day, month, year, date, notes, location_id) VALUES (1719, null, null, null, null, '', null);
INSERT INTO person (id, first_name, last_name, middle_names, notes, sex, birth_id, death_id, burial_id, father_id, mother_id) VALUES (573, 'Adolf', 'Cedrschiöld', 'Anders', '', 'UNKNOWN', 1717, 1718, 1719, null, null);

--======= Insert Person id: 574 =======
INSERT INTO location (id, city, country, region, notes, latitude, longitude, fetch_status) VALUES (713, 'Göteborg', 'Sverige', '', '', 57.70067, 11.96822, 'FETCHED_WITH_SUCCESS');
INSERT INTO life_event (id, day, month, year, date, notes, location_id) VALUES (1720, 3, 8, 1841, '1841-08-03', '', 713);
INSERT INTO location (id, city, country, region, notes, latitude, longitude, fetch_status) VALUES (714, 'Göteborg', 'Sverige', '', '', 57.70067, 11.96822, 'FETCHED_WITH_SUCCESS');
INSERT INTO life_event (id, day, month, year, date, notes, location_id) VALUES (1721, 2, 2, 1894, '1894-02-02', '', 714);
INSERT INTO life_event (id, day, month, year, date, notes, location_id) VALUES (1722, null, null, null, null, '', null);
INSERT INTO occupation (id, notes, day, month, year, date, location_id) VALUES (286, 'Godsägare', null, null, null, null, null);
INSERT INTO person (id, first_name, last_name, middle_names, notes, sex, birth_id, death_id, burial_id, father_id, mother_id) VALUES (574, 'Ernst', 'Lindman', 'Kasper', '', 'UNKNOWN', 1720, 1721, 1722, null, null);

--======= Insert Person id: 575 =======
INSERT INTO location (id, city, country, region, notes, latitude, longitude, fetch_status) VALUES (715, 'Göteborg', 'Sverige', '', '', 57.70067, 11.96822, 'FETCHED_WITH_SUCCESS');
INSERT INTO life_event (id, day, month, year, date, notes, location_id) VALUES (1723, 2, 9, 1833, '1833-09-02', '', 715);
INSERT INTO location (id, city, country, region, notes, latitude, longitude, fetch_status) VALUES (716, 'Göteborg', 'Sverige', '', '', 57.70067, 11.96822, 'FETCHED_WITH_SUCCESS');
INSERT INTO life_event (id, day, month, year, date, notes, location_id) VALUES (1724, 6, 12, 1911, '1911-12-06', '', 716);
INSERT INTO life_event (id, day, month, year, date, notes, location_id) VALUES (1725, null, null, null, null, '', null);
INSERT INTO occupation (id, notes, day, month, year, date, location_id) VALUES (287, 'Handlande', null, null, null, null, null);
INSERT INTO person (id, first_name, last_name, middle_names, notes, sex, birth_id, death_id, burial_id, father_id, mother_id) VALUES (575, 'Per', 'Wåhlstedt', '', '', 'UNKNOWN', 1723, 1724, 1725, null, null);

--======= Insert Person id: 576 =======
INSERT INTO life_event (id, day, month, year, date, notes, location_id) VALUES (1726, null, null, null, null, '', null);
INSERT INTO life_event (id, day, month, year, date, notes, location_id) VALUES (1727, null, null, null, null, '', null);
INSERT INTO life_event (id, day, month, year, date, notes, location_id) VALUES (1728, null, null, null, null, '', null);
INSERT INTO person (id, first_name, last_name, middle_names, notes, sex, birth_id, death_id, burial_id, father_id, mother_id) VALUES (576, 'Harriet', 'Claesson', 'Sofia', '', 'WOMAN', 1726, 1727, 1728, null, null);

--======= Insert Person id: 577 =======
INSERT INTO life_event (id, day, month, year, date, notes, location_id) VALUES (1729, null, null, null, null, '', null);
INSERT INTO life_event (id, day, month, year, date, notes, location_id) VALUES (1730, null, null, null, null, '', null);
INSERT INTO life_event (id, day, month, year, date, notes, location_id) VALUES (1731, null, null, null, null, '', null);
INSERT INTO occupation (id, notes, day, month, year, date, location_id) VALUES (288, 'Biskop i göteborg', null, null, null, null, null);
INSERT INTO person (id, first_name, last_name, middle_names, notes, sex, birth_id, death_id, burial_id, father_id, mother_id) VALUES (577, 'Anders', 'Bruhn', '', '', 'MAN', 1729, 1730, 1731, null, null);

--======= Insert Person id: 578 =======
INSERT INTO location (id, city, country, region, notes, latitude, longitude, fetch_status) VALUES (717, 'Malmö', 'Sverige', '', '', 55.59669, 13.0011, 'FETCHED_WITH_SUCCESS');
INSERT INTO life_event (id, day, month, year, date, notes, location_id) VALUES (1732, 9, 8, 1865, '1865-08-09', '', 717);
INSERT INTO location (id, city, country, region, notes, latitude, longitude, fetch_status) VALUES (718, 'Helsingborg', 'Sverige', '', '', 56.04399, 12.69611, 'FETCHED_WITH_SUCCESS');
INSERT INTO life_event (id, day, month, year, date, notes, location_id) VALUES (1733, 24, 8, 1922, '1922-08-24', '', 718);
INSERT INTO life_event (id, day, month, year, date, notes, location_id) VALUES (1734, null, null, null, null, '', null);
INSERT INTO person (id, first_name, last_name, middle_names, notes, sex, birth_id, death_id, burial_id, father_id, mother_id) VALUES (578, 'Elise', 'Malmstein-Holmgren', '', '', 'WOMAN', 1732, 1733, 1734, null, null);

--======= Insert Person id: 579 =======
INSERT INTO location (id, city, country, region, notes, latitude, longitude, fetch_status) VALUES (719, 'Helsingborg', 'Sverige', '', '', 56.04399, 12.69611, 'FETCHED_WITH_SUCCESS');
INSERT INTO life_event (id, day, month, year, date, notes, location_id) VALUES (1735, 20, 11, 1895, '1895-11-20', '', 719);
INSERT INTO location (id, city, country, region, notes, latitude, longitude, fetch_status) VALUES (720, 'Helsingborg', 'Sverige', '', '', 56.04399, 12.69611, 'FETCHED_WITH_SUCCESS');
INSERT INTO life_event (id, day, month, year, date, notes, location_id) VALUES (1736, 20, 11, 1895, '1895-11-20', '', 720);
INSERT INTO life_event (id, day, month, year, date, notes, location_id) VALUES (1737, null, null, null, null, '', null);
INSERT INTO person (id, first_name, last_name, middle_names, notes, sex, birth_id, death_id, burial_id, father_id, mother_id) VALUES (579, 'en', 'son', '', '(Tab 41:176 i GS).', 'UNKNOWN', 1735, 1736, 1737, null, null);

--======= Insert Person id: 580 =======
INSERT INTO location (id, city, country, region, notes, latitude, longitude, fetch_status) VALUES (721, 'Helsingborg', 'Sverige', '', '', 56.04399, 12.69611, 'FETCHED_WITH_SUCCESS');
INSERT INTO life_event (id, day, month, year, date, notes, location_id) VALUES (1738, 13, 4, 1897, '1897-04-13', '', 721);
INSERT INTO location (id, city, country, region, notes, latitude, longitude, fetch_status) VALUES (722, 'Lund', 'Sverige', '', '', 55.70664, 13.18759, 'FETCHED_WITH_SUCCESS');
INSERT INTO life_event (id, day, month, year, date, notes, location_id) VALUES (1739, 22, 8, 1964, '1964-08-22', '', 722);
INSERT INTO life_event (id, day, month, year, date, notes, location_id) VALUES (1740, null, null, null, null, '', null);
INSERT INTO occupation (id, notes, day, month, year, date, location_id) VALUES (289, 'Kontraktsprost', null, null, null, null, null);
INSERT INTO person (id, first_name, last_name, middle_names, notes, sex, birth_id, death_id, burial_id, father_id, mother_id) VALUES (580, 'Helge', 'Hegardt', 'Lechard', '(Tab 41:177 i GS).
Studentexamen 1916 i Helsingborg. Teol fil examen 1922 och teol kand 1928 i Lund. Prakt teol prov 1929 samt prästvigd samma år. Missiv i Sturkö?Tjurkö pastorat i Blekinge 192931. Kyrkoherde i Sjörups och Katslösa pastorat i Malmöhus län vid Skånes sydkust 1931 med tillträde 1933. Avgick med pension 1961. Kontraktsprost i Ljunits och Herrestads kontrakt 1949.61. LVO.
Ordförande i Sjörups och Katslösas barnavårdsnämnder och skolstyrelser 1932?52. Vid storkommunernas genomförande 1952 ordförande i Ljunits storkommuns skolstyrelse 1952-58. Hemvärnsman 1940?61 samt stf hemvärnsområdesbefälhavare från 1948. Hemvärnets tjänstemärken i silver, guld och guld med emalj samt tilldelad hemvärnets förtjänstmedalj i silver 1957.
"... Under prosten Hegardts studietid var den s k liberala teologien så gott som allenarådande. Som förkunnare har prosten förstått tillgodogöra sig det bestående i denna, men kastat loss från det tidsbestämda, utan att därför försvära sig åt någon viss teologisk eller kyrklig moderiktning. Ej heller är han benägen att utan vidare införa nyheter i församlingsarbetet. Kritiskt betraktar han allt nytt efterhand som det kommer fram och avgör själv, vad han anser sig böra acceptera.
Det går väl samman med hans frimodiga väsen som alltid gjort honom uppskattad liksom hans tjänstaktighet och oföränderligt vänliga sätt mot alla. Han har därför blivit värderad i alla kretsar och förvärvat sig tillgivna vänner inom sina församlingar och vida omkring ...." (Y A 13/4 1957 vid H:s 60?årsdag.) "... Vi, hans gamla kontraktister, glömmer aldrig hur glatt och vänligt han tog emot oss i Sjörups prästgård antingen vi kom till kvartalskonventet eller för att bara hälsa på. Som kontraktsprost var han aldrig den stränge chefen. Han föredrog att leda oss med mild hand och i synnerhet våra konvent begagnade han sig av för att i samtalets form få fason på våra gemensamma angelägenheter och företag. Det må nu ha gällt församlingslivet eller samlingen i kontraktssammanhang.
För min inre blick ser jag Helge Hegardt stå där mitt ibland oss och med ett gott, någon gång spjuveraktigt, leende göra sina tillägg och om så behövdes gjuta olja på de heta diskussionens heta vågor. Och när jag ser honom så,slår det mig att det ligger något symboliskt i att han fick en god bråd död. Ett långsamt avtynande hade på något sätt inte gått ihop med hans livfulla personlighet....
Under den tid prosten Hegardt verkade i Sjörup och Katslösa satt han intill kommunindelningsreformen som skolrådsordförande i båda församlingarna och genomförde en väsentlig förbättring av skolväsendet där. Ljunits storkommun visste också att begagna sig av den erfarne skolmannen. Prosten Hegardt var sålunda ordförande i Ljunits skolstyrelse sedan dess tillkomst.
Före storkommuns tid var prosten Hegardt i många år ordförande i Sjörups och Katslösa barnavårdsnämnder. Han var också kyrkostämmornas ordförande. I dessa befattningar och som ordförande i församlingarnas kyrkoråd visade han sig alltid mån om kyrkorna. Ett synligt resultat härav var bland andra den pietetsfulla restaureringen av Sjörups vackra kyrka....
Matlagskamraterna under hans vistelse vid universitetet i Lund spådde att teologie studeranden Helge Hegardt skulle bli kontraktsprost. Också anförtrodde honom stiftets biskop den 5 oktober 1959 det vördiga prostämbetet i Ljunits och Herrestads kontrakt. För den initierade kom denna utnämning inte som en överraskning. ...." (SDS 25/8 1964)', 'MAN', 1738, 1739, 1740, null, null);

--======= Insert Person id: 581 =======
INSERT INTO location (id, city, country, region, notes, latitude, longitude, fetch_status) VALUES (723, 'Helsingborg', 'Sverige', '', '', 56.04399, 12.69611, 'FETCHED_WITH_SUCCESS');
INSERT INTO life_event (id, day, month, year, date, notes, location_id) VALUES (1741, 13, 5, 1898, '1898-05-13', '', 723);
INSERT INTO location (id, city, country, region, notes, latitude, longitude, fetch_status) VALUES (724, 'Helsingborg', 'Sverige', '', '', 56.04399, 12.69611, 'FETCHED_WITH_SUCCESS');
INSERT INTO life_event (id, day, month, year, date, notes, location_id) VALUES (1742, 10, 11, 1964, '1964-11-10', '', 724);
INSERT INTO life_event (id, day, month, year, date, notes, location_id) VALUES (1743, null, null, null, null, '', null);
INSERT INTO occupation (id, notes, day, month, year, date, location_id) VALUES (290, 'Kamrer', null, null, null, null, null);
INSERT INTO person (id, first_name, last_name, middle_names, notes, sex, birth_id, death_id, burial_id, father_id, mother_id) VALUES (581, 'Bo', 'Hegardt', 'Lechard', '(Tab 41:178 i GS).
Handelsexamen 1916 i Helsingborg (M).
Anställd vid AB Fallenius och Leffler i Göteborg 1916-17 och vid Brand- och livförsäkrings AB Svea där 1919 samt 1919-20 i Comptoir du Nord i Dunkerque, Frankrike. Vistades sedan först i Paris, därefter i St Dye sur Loire invid Blois till 1921 och genomgick samma år Pitman''s School i London.
1923-27 anställd vid Texas Co AB i Stodkholm och Malmö.
1929-36 vid AB Naftasyndikatet i Helsingborg. Under åren 1937-39 drev han egen firma i Stockholm under firma Hegardt och Co. Från 1939 kamrer vid Canos i Påarp, där han arbetade till 1962, då han insjuknade i cancer och avled två år senare.
Styrelseledamot i Helsingborgs Simsällskap och sekreterare i tävlingsutskottet 1932-36. Mycket duktig tävlingssimmare i yngre dagar. Litterärt intresserad.', 'UNKNOWN', 1741, 1742, 1743, null, null);

--======= Insert Person id: 582 =======
INSERT INTO location (id, city, country, region, notes, latitude, longitude, fetch_status) VALUES (725, 'Helsingborg', 'Sverige', '', '', 56.04399, 12.69611, 'FETCHED_WITH_SUCCESS');
INSERT INTO life_event (id, day, month, year, date, notes, location_id) VALUES (1744, 19, 10, 1899, '1899-10-19', '', 725);
INSERT INTO location (id, city, country, region, notes, latitude, longitude, fetch_status) VALUES (726, 'Helsingborg', 'Sverige', '', '', 56.04399, 12.69611, 'FETCHED_WITH_SUCCESS');
INSERT INTO life_event (id, day, month, year, date, notes, location_id) VALUES (1745, 8, 3, 1900, '1900-03-08', '', 726);
INSERT INTO life_event (id, day, month, year, date, notes, location_id) VALUES (1746, null, null, null, null, '', null);
INSERT INTO person (id, first_name, last_name, middle_names, notes, sex, birth_id, death_id, burial_id, father_id, mother_id) VALUES (582, 'Stig', 'Hegardt', 'Lechard', '(Tab 41:179 i GS).', 'UNKNOWN', 1744, 1745, 1746, null, null);

--======= Insert Person id: 583 =======
INSERT INTO location (id, city, country, region, notes, latitude, longitude, fetch_status) VALUES (727, 'på Lindholmen i Lundby', 'Sverige', '', '', 59.58295, 18.10405, 'FETCHED_WITH_SUCCESS');
INSERT INTO life_event (id, day, month, year, date, notes, location_id) VALUES (1747, 13, 3, 1867, '1867-03-13', '', 727);
INSERT INTO location (id, city, country, region, notes, latitude, longitude, fetch_status) VALUES (728, 'Ljungby', 'Sverige', '', '', 56.83342, 13.93851, 'FETCHED_WITH_SUCCESS');
INSERT INTO life_event (id, day, month, year, date, notes, location_id) VALUES (1748, 14, 5, 1939, '1939-05-14', '', 728);
INSERT INTO life_event (id, day, month, year, date, notes, location_id) VALUES (1749, null, null, null, null, '', null);
INSERT INTO person (id, first_name, last_name, middle_names, notes, sex, birth_id, death_id, burial_id, father_id, mother_id) VALUES (583, 'Carl', 'Lindblad', 'Severin', 'Kapellpredikant på Käringön', 'MAN', 1747, 1748, 1749, null, null);

--======= Insert Person id: 584 =======
INSERT INTO location (id, city, country, region, notes, latitude, longitude, fetch_status) VALUES (729, 'Käringön', 'Sverige', '', '', 58.11164, 11.36192, 'FETCHED_WITH_SUCCESS');
INSERT INTO life_event (id, day, month, year, date, notes, location_id) VALUES (1750, null, null, 1905, '1905-01-01', '', 729);
INSERT INTO location (id, city, country, region, notes, latitude, longitude, fetch_status) VALUES (730, 'Norum', 'Sverige', '', '', 63.05474, 17.65707, 'FETCHED_WITH_SUCCESS');
INSERT INTO life_event (id, day, month, year, date, notes, location_id) VALUES (1751, 2, 1, 1994, '1994-01-02', '', 730);
INSERT INTO life_event (id, day, month, year, date, notes, location_id) VALUES (1752, null, null, null, null, '', null);
INSERT INTO person (id, first_name, last_name, middle_names, notes, sex, birth_id, death_id, burial_id, father_id, mother_id) VALUES (584, 'Sven', 'Lindblad', '', '', 'MAN', 1750, 1751, 1752, null, null);

--======= Insert Person id: 585 =======
INSERT INTO life_event (id, day, month, year, date, notes, location_id) VALUES (1753, null, null, null, null, '', null);
INSERT INTO life_event (id, day, month, year, date, notes, location_id) VALUES (1754, null, null, null, null, '', null);
INSERT INTO life_event (id, day, month, year, date, notes, location_id) VALUES (1755, null, null, null, null, '', null);
INSERT INTO person (id, first_name, last_name, middle_names, notes, sex, birth_id, death_id, burial_id, father_id, mother_id) VALUES (585, 'Matilda', 'Pettersson', '', '', 'WOMAN', 1753, 1754, 1755, null, null);

--======= Insert Person id: 586 =======
INSERT INTO life_event (id, day, month, year, date, notes, location_id) VALUES (1756, null, null, null, null, '', null);
INSERT INTO life_event (id, day, month, year, date, notes, location_id) VALUES (1757, null, null, null, null, '', null);
INSERT INTO life_event (id, day, month, year, date, notes, location_id) VALUES (1758, null, null, null, null, '', null);
INSERT INTO occupation (id, notes, day, month, year, date, location_id) VALUES (291, 'Handlande', null, null, null, null, null);
INSERT INTO person (id, first_name, last_name, middle_names, notes, sex, birth_id, death_id, burial_id, father_id, mother_id) VALUES (586, 'Otto', 'Malmstein', '', '', 'MAN', 1756, 1757, 1758, null, null);

--======= Insert Person id: 587 =======
INSERT INTO location (id, city, country, region, notes, latitude, longitude, fetch_status) VALUES (731, 'Lund', 'Sverige', '', '', 55.70664, 13.18759, 'FETCHED_WITH_SUCCESS');
INSERT INTO life_event (id, day, month, year, date, notes, location_id) VALUES (1759, 28, 1, 1903, '1903-01-28', '', 731);
INSERT INTO location (id, city, country, region, notes, latitude, longitude, fetch_status) VALUES (732, 'Lund', 'Sverige', '', '', 55.70664, 13.18759, 'FETCHED_WITH_SUCCESS');
INSERT INTO life_event (id, day, month, year, date, notes, location_id) VALUES (1760, 11, 11, 1972, '1972-11-11', '', 732);
INSERT INTO life_event (id, day, month, year, date, notes, location_id) VALUES (1761, null, null, null, null, '', null);
INSERT INTO occupation (id, notes, day, month, year, date, location_id) VALUES (292, 'Organist', null, null, null, null, null);
INSERT INTO person (id, first_name, last_name, middle_names, notes, sex, birth_id, death_id, burial_id, father_id, mother_id) VALUES (587, 'Märta', 'Heyden', 'Louise', '', 'WOMAN', 1759, 1760, 1761, null, null);

--======= Insert Person id: 588 =======
INSERT INTO location (id, city, country, region, notes, latitude, longitude, fetch_status) VALUES (733, 'Lund', 'Sverige', '', '', 55.70664, 13.18759, 'FETCHED_WITH_SUCCESS');
INSERT INTO life_event (id, day, month, year, date, notes, location_id) VALUES (1762, 12, 4, 1930, '1930-04-12', '', 733);
INSERT INTO location (id, city, country, region, notes, latitude, longitude, fetch_status) VALUES (734, 'Abbekås', 'Skivarp', '', '', 55.38608, 13.55147, 'FETCHED_WITH_SUCCESS');
INSERT INTO life_event (id, day, month, year, date, notes, location_id) VALUES (1763, 13, 7, 1996, '1996-07-13', '', 734);
INSERT INTO life_event (id, day, month, year, date, notes, location_id) VALUES (1764, null, null, null, null, '', null);
INSERT INTO occupation (id, notes, day, month, year, date, location_id) VALUES (293, 'Ingenjör', null, null, null, null, null);
INSERT INTO person (id, first_name, last_name, middle_names, notes, sex, birth_id, death_id, burial_id, father_id, mother_id) VALUES (588, 'Christian', 'Hegardt', 'Lechard', 'Ingenjörsexamen 1953 i Malmö (M).
Anställd 1955 vid Tetra Pak AB i Lund. Under åren 1958-64 servicechef för Tetra Pak i Toronto, Canada. Sedan 1964 tillbaka vid Tetra Pak i Lund.', 'MAN', 1762, 1763, 1764, null, null);

--======= Insert Person id: 589 =======
INSERT INTO location (id, city, country, region, notes, latitude, longitude, fetch_status) VALUES (735, 'Lund', 'Sverige', '', '', 55.70664, 13.18759, 'FETCHED_WITH_SUCCESS');
INSERT INTO life_event (id, day, month, year, date, notes, location_id) VALUES (1765, 21, 11, 1932, '1932-11-21', '', 735);
INSERT INTO life_event (id, day, month, year, date, notes, location_id) VALUES (1766, null, null, null, null, '', null);
INSERT INTO life_event (id, day, month, year, date, notes, location_id) VALUES (1767, null, null, null, null, '', null);
INSERT INTO occupation (id, notes, day, month, year, date, location_id) VALUES (294, 'Läkarsekreterare', null, null, null, null, null);
INSERT INTO person (id, first_name, last_name, middle_names, notes, sex, birth_id, death_id, burial_id, father_id, mother_id) VALUES (589, 'Margaret-Louise', 'Hegardt', '', 'Adress Nils Holgerssons väg 32, 274 56 ABBEKÅS.
Normalskolekompetens 1951 i Lund (M).
Försäkringstjänsteman vid Skåne-Malmö till 1955. Från 1978 läkarsekreterare vid njurkliniken vid Lunds lasarett.
Bor i Abbekås, Skivarp (M).', 'WOMAN', 1765, 1766, 1767, null, null);

--======= Insert Person id: 590 =======
INSERT INTO location (id, city, country, region, notes, latitude, longitude, fetch_status) VALUES (736, 'Lund', 'Sverige', '', '', 55.70664, 13.18759, 'FETCHED_WITH_SUCCESS');
INSERT INTO life_event (id, day, month, year, date, notes, location_id) VALUES (1768, 16, 4, 1934, '1934-04-16', '', 736);
INSERT INTO life_event (id, day, month, year, date, notes, location_id) VALUES (1769, null, null, null, null, '', null);
INSERT INTO life_event (id, day, month, year, date, notes, location_id) VALUES (1770, null, null, null, null, '', null);
INSERT INTO occupation (id, notes, day, month, year, date, location_id) VALUES (295, 'Ingenjör', null, null, null, null, null);
INSERT INTO person (id, first_name, last_name, middle_names, notes, sex, birth_id, death_id, burial_id, father_id, mother_id) VALUES (590, 'Ulf', 'Hegardt', 'Lechard', 'Adress Genvägen 5, 232 02 ÅKARP.
Sedan 1961 anställd vid AB Tetra Pak i Lund.
Bor i Åkarp (M).', 'MAN', 1768, 1769, 1770, null, null);

--======= Insert Person id: 591 =======
INSERT INTO location (id, city, country, region, notes, latitude, longitude, fetch_status) VALUES (737, 'Sjörup', 'Sverige', '', '', 55.44066, 13.63965, 'FETCHED_WITH_SUCCESS');
INSERT INTO life_event (id, day, month, year, date, notes, location_id) VALUES (1771, 4, 5, 1937, '1937-05-04', '', 737);
INSERT INTO life_event (id, day, month, year, date, notes, location_id) VALUES (1772, null, null, null, null, '', null);
INSERT INTO life_event (id, day, month, year, date, notes, location_id) VALUES (1773, null, null, null, null, '', null);
INSERT INTO occupation (id, notes, day, month, year, date, location_id) VALUES (296, 'Leg sjuksköterska', null, null, null, null, null);
INSERT INTO person (id, first_name, last_name, middle_names, notes, sex, birth_id, death_id, burial_id, father_id, mother_id) VALUES (591, 'Anne-Marie', 'Hegardt', '', 'Adress Tordönsvägen 4 H, 222 27 LUND.
Normalskolekompetens 1956 i Ystad (M).
Leg sjuksköterska 1960 i Lund (M).
Från 1966 mottagningssköterska på njurkliniken vid Lunds lasarett.
Bor i Lund (M).', 'UNKNOWN', 1771, 1772, 1773, null, null);

--======= Insert Person id: 592 =======
INSERT INTO location (id, city, country, region, notes, latitude, longitude, fetch_status) VALUES (738, 'Lund', 'Sverige', '', '', 55.70664, 13.18759, 'FETCHED_WITH_SUCCESS');
INSERT INTO life_event (id, day, month, year, date, notes, location_id) VALUES (1774, 30, 9, 1941, '1941-09-30', '', 738);
INSERT INTO life_event (id, day, month, year, date, notes, location_id) VALUES (1775, null, null, null, null, '', null);
INSERT INTO life_event (id, day, month, year, date, notes, location_id) VALUES (1776, null, null, null, null, '', null);
INSERT INTO occupation (id, notes, day, month, year, date, location_id) VALUES (297, 'Byrådirektör', null, null, null, null, null);
INSERT INTO person (id, first_name, last_name, middle_names, notes, sex, birth_id, death_id, burial_id, father_id, mother_id) VALUES (592, 'Nils', 'Hegardt', 'Peter, Lechard', 'Adress Spårsnögatan 19, 226 52 LUND.
Studentexamen 1965 i Lund (M).
Arbetade åren 1973-88 vid intagningsnämnden för gymnasieskolan i Lund, Malmö och Trelleborg. 1989-91 anställd vid länsskolnämnden i Malmöhus län, Malmö. Sedan 1992 IT-konsult vid kyrkoförvaltningen Lund. Redaktör för "nya släktkalendern".
Bor i Lund (M).', 'MAN', 1774, 1775, 1776, null, null);

--======= Insert Person id: 593 =======
INSERT INTO location (id, city, country, region, notes, latitude, longitude, fetch_status) VALUES (739, 'Lund', 'Sverige', '', '', 55.70664, 13.18759, 'FETCHED_WITH_SUCCESS');
INSERT INTO life_event (id, day, month, year, date, notes, location_id) VALUES (1777, 9, 8, 1871, '1871-08-09', '', 739);
INSERT INTO location (id, city, country, region, notes, latitude, longitude, fetch_status) VALUES (740, 'Lund', 'Sverige', '', '', 55.70664, 13.18759, 'FETCHED_WITH_SUCCESS');
INSERT INTO life_event (id, day, month, year, date, notes, location_id) VALUES (1778, 10, 8, 1959, '1959-08-10', '', 740);
INSERT INTO life_event (id, day, month, year, date, notes, location_id) VALUES (1779, null, null, null, null, '', null);
INSERT INTO person (id, first_name, last_name, middle_names, notes, sex, birth_id, death_id, burial_id, father_id, mother_id) VALUES (593, 'Thyra', 'Osterman', 'Margareta', '', 'WOMAN', 1777, 1778, 1779, null, null);

--======= Insert Person id: 594 =======
INSERT INTO life_event (id, day, month, year, date, notes, location_id) VALUES (1780, 5, 10, 1867, '1867-10-05', '', null);
INSERT INTO location (id, city, country, region, notes, latitude, longitude, fetch_status) VALUES (741, 'Lund', 'Sverige', '', '', 55.70664, 13.18759, 'FETCHED_WITH_SUCCESS');
INSERT INTO life_event (id, day, month, year, date, notes, location_id) VALUES (1781, 1, 12, 1936, '1936-12-01', '', 741);
INSERT INTO life_event (id, day, month, year, date, notes, location_id) VALUES (1782, null, null, null, null, '', null);
INSERT INTO occupation (id, notes, day, month, year, date, location_id) VALUES (298, 'Vice häradshövding', null, null, null, null, null);
INSERT INTO person (id, first_name, last_name, middle_names, notes, sex, birth_id, death_id, burial_id, father_id, mother_id) VALUES (594, 'Oscar', 'Heyden', 'Peter, Rudolf', '', 'MAN', 1780, 1781, 1782, null, null);

--======= Insert Person id: 595 =======
INSERT INTO location (id, city, country, region, notes, latitude, longitude, fetch_status) VALUES (742, 'Skellefteå', 'Sverige', '', '', 64.74945, 20.95586, 'FETCHED_WITH_SUCCESS');
INSERT INTO life_event (id, day, month, year, date, notes, location_id) VALUES (1783, 21, 2, 1933, '1933-02-21', '', 742);
INSERT INTO location (id, city, country, region, notes, latitude, longitude, fetch_status) VALUES (743, 'Lund', 'Sverige', '', '', 55.70664, 13.18759, 'FETCHED_WITH_SUCCESS');
INSERT INTO life_event (id, day, month, year, date, notes, location_id) VALUES (1784, 14, 6, 1988, '1988-06-14', '', 743);
INSERT INTO life_event (id, day, month, year, date, notes, location_id) VALUES (1785, null, null, null, null, '', null);
INSERT INTO occupation (id, notes, day, month, year, date, location_id) VALUES (299, 'Fil dr', null, null, null, null, null);
INSERT INTO person (id, first_name, last_name, middle_names, notes, sex, birth_id, death_id, burial_id, father_id, mother_id) VALUES (595, 'Elna', 'Waara-Grape', 'Birgitta', '', 'WOMAN', 1783, 1784, 1785, null, null);

--======= Insert Person id: 596 =======
INSERT INTO location (id, city, country, region, notes, latitude, longitude, fetch_status) VALUES (744, 'Fridafors', 'Sverige', '', '', 56.40945, 14.66033, 'FETCHED_WITH_SUCCESS');
INSERT INTO life_event (id, day, month, year, date, notes, location_id) VALUES (1786, 13, 9, 1942, '1942-09-13', '', 744);
INSERT INTO life_event (id, day, month, year, date, notes, location_id) VALUES (1787, null, null, null, null, '', null);
INSERT INTO life_event (id, day, month, year, date, notes, location_id) VALUES (1788, null, null, null, null, '', null);
INSERT INTO occupation (id, notes, day, month, year, date, location_id) VALUES (300, 'Skeppningschef', null, null, null, null, null);
INSERT INTO person (id, first_name, last_name, middle_names, notes, sex, birth_id, death_id, burial_id, father_id, mother_id) VALUES (596, 'Solveig', 'Wiktorsson', 'Vivianne', 'Adress Fredrika Wallis väg 11, 274 56 ABBEKÅS.
Oforskat Fullständiga uppgifter om föräldrar (sid 4).
Transportekonomisk examen vid Högskolan i Växjö 1984 i Växjö (G).', 'UNKNOWN', 1786, 1787, 1788, null, null);

--======= Insert Person id: 597 =======
INSERT INTO location (id, city, country, region, notes, latitude, longitude, fetch_status) VALUES (745, 'Toronto', 'Canada', 'Ontario', '', 43.64869, -79.38544, 'FETCHED_WITH_SUCCESS');
INSERT INTO life_event (id, day, month, year, date, notes, location_id) VALUES (1789, 27, 7, 1959, '1959-07-27', '', 745);
INSERT INTO life_event (id, day, month, year, date, notes, location_id) VALUES (1790, null, null, null, null, '', null);
INSERT INTO life_event (id, day, month, year, date, notes, location_id) VALUES (1791, null, null, null, null, '', null);
INSERT INTO occupation (id, notes, day, month, year, date, location_id) VALUES (301, 'Civilingenjör', null, null, null, null, null);
INSERT INTO person (id, first_name, last_name, middle_names, notes, sex, birth_id, death_id, burial_id, father_id, mother_id) VALUES (597, 'Johan', 'Hegardt', 'Lechard', 'Adress Kakelvägen ?, 227 34 LUND.
Civilingenjörsexamen 1984 i Lund (M).
Sedan 1985 anställd vid Statoil Petrokemi i Stenungsund.
Arbetar sedan 1992 vid Tetra Laval AB, Lund.
Bor i Lund (M).', 'MAN', 1789, 1790, 1791, null, null);

--======= Insert Person id: 598 =======
INSERT INTO location (id, city, country, region, notes, latitude, longitude, fetch_status) VALUES (746, 'Toronto', 'Canada', 'Ontario', '', 43.64869, -79.38544, 'FETCHED_WITH_SUCCESS');
INSERT INTO life_event (id, day, month, year, date, notes, location_id) VALUES (1792, 7, 5, 1964, '1964-05-07', '', 746);
INSERT INTO life_event (id, day, month, year, date, notes, location_id) VALUES (1793, null, null, null, null, '', null);
INSERT INTO life_event (id, day, month, year, date, notes, location_id) VALUES (1794, null, null, null, null, '', null);
INSERT INTO occupation (id, notes, day, month, year, date, location_id) VALUES (302, 'Tekn stud', null, null, null, null, null);
INSERT INTO person (id, first_name, last_name, middle_names, notes, sex, birth_id, death_id, burial_id, father_id, mother_id) VALUES (598, 'Anders', 'Hegardt', 'Lechard', 'Adress Helgeandsgatan 20 A, 223 54 LUND.
Studentexamen 1983 i Ystad (M).
Bor i Lund (M).', 'MAN', 1792, 1793, 1794, null, null);

--======= Insert Person id: 599 =======
INSERT INTO location (id, city, country, region, notes, latitude, longitude, fetch_status) VALUES (747, 'Lund', 'Sverige', '', '', 55.70664, 13.18759, 'FETCHED_WITH_SUCCESS');
INSERT INTO life_event (id, day, month, year, date, notes, location_id) VALUES (1795, 19, 4, 1966, '1966-04-19', '', 747);
INSERT INTO life_event (id, day, month, year, date, notes, location_id) VALUES (1796, 5, 6, 2004, '2004-06-05', '', null);
INSERT INTO location (id, city, country, region, notes, latitude, longitude, fetch_status) VALUES (748, 'Sjörup', 'Sverige', '', '', 55.44066, 13.63965, 'FETCHED_WITH_SUCCESS');
INSERT INTO life_event (id, day, month, year, date, notes, location_id) VALUES (1797, 20, 6, 2004, '2004-06-20', '', 748);
INSERT INTO occupation (id, notes, day, month, year, date, location_id) VALUES (303, 'Konstnär', null, null, null, null, null);
INSERT INTO person (id, first_name, last_name, middle_names, notes, sex, birth_id, death_id, burial_id, father_id, mother_id) VALUES (599, 'Anna', 'Hegardt', 'Christina', 'Studentexamen 1985 i Ystad (M).', 'UNKNOWN', 1795, 1796, 1797, null, null);

--======= Insert Person id: 600 =======
INSERT INTO location (id, city, country, region, notes, latitude, longitude, fetch_status) VALUES (749, 'Eneryda', 'Vislanda', '', '', 56.78706, 14.45092, 'FETCHED_WITH_SUCCESS');
INSERT INTO life_event (id, day, month, year, date, notes, location_id) VALUES (1798, 16, 10, 1928, '1928-10-16', '', 749);
INSERT INTO life_event (id, day, month, year, date, notes, location_id) VALUES (1799, null, null, null, null, '', null);
INSERT INTO life_event (id, day, month, year, date, notes, location_id) VALUES (1800, null, null, null, null, '', null);
INSERT INTO occupation (id, notes, day, month, year, date, location_id) VALUES (304, 'Ingenjör', null, null, null, null, null);
INSERT INTO person (id, first_name, last_name, middle_names, notes, sex, birth_id, death_id, burial_id, father_id, mother_id) VALUES (600, 'Sven', 'Stark', 'Olof', 'Oforskat Fullständiga uppgifter om föräldrar (sid 4).', 'MAN', 1798, 1799, 1800, null, null);

--======= Insert Person id: 601 =======
INSERT INTO life_event (id, day, month, year, date, notes, location_id) VALUES (1801, null, null, 1954, '1954-01-01', '', null);
INSERT INTO life_event (id, day, month, year, date, notes, location_id) VALUES (1802, null, null, null, null, '', null);
INSERT INTO life_event (id, day, month, year, date, notes, location_id) VALUES (1803, null, null, null, null, '', null);
INSERT INTO occupation (id, notes, day, month, year, date, location_id) VALUES (305, 'Rektor', null, null, null, null, null);
INSERT INTO person (id, first_name, last_name, middle_names, notes, sex, birth_id, death_id, burial_id, father_id, mother_id) VALUES (601, 'Marie', 'Stark', 'Louise', 'Oforskat Gift när och var (sid 1).
Bor i Södra Sandby (M).', 'WOMAN', 1801, 1802, 1803, null, null);

--======= Insert Person id: 602 =======
INSERT INTO life_event (id, day, month, year, date, notes, location_id) VALUES (1804, null, null, 1958, '1958-01-01', '', null);
INSERT INTO life_event (id, day, month, year, date, notes, location_id) VALUES (1805, null, null, null, null, '', null);
INSERT INTO life_event (id, day, month, year, date, notes, location_id) VALUES (1806, null, null, null, null, '', null);
INSERT INTO occupation (id, notes, day, month, year, date, location_id) VALUES (306, 'Ingenjör', null, null, null, null, null);
INSERT INTO person (id, first_name, last_name, middle_names, notes, sex, birth_id, death_id, burial_id, father_id, mother_id) VALUES (602, 'Joakim', 'Stark', '', 'Oforskat Gift när och var (sid 1).
Bor i Vomb (M).', 'MAN', 1804, 1805, 1806, null, null);

--======= Insert Person id: 603 =======
INSERT INTO life_event (id, day, month, year, date, notes, location_id) VALUES (1807, null, null, 1961, '1961-01-01', '', null);
INSERT INTO life_event (id, day, month, year, date, notes, location_id) VALUES (1808, null, null, null, null, '', null);
INSERT INTO life_event (id, day, month, year, date, notes, location_id) VALUES (1809, null, null, null, null, '', null);
INSERT INTO occupation (id, notes, day, month, year, date, location_id) VALUES (307, 'Idrottsledare', null, null, null, null, null);
INSERT INTO person (id, first_name, last_name, middle_names, notes, sex, birth_id, death_id, burial_id, father_id, mother_id) VALUES (603, 'Lars', 'Stark', 'Peter', 'Oforskat Gift när och var (sid 1).
Bor i Abbekås, Skivarp (M).', 'MAN', 1807, 1808, 1809, null, null);

--======= Insert Person id: 604 =======
INSERT INTO life_event (id, day, month, year, date, notes, location_id) VALUES (1810, null, null, 1964, '1964-01-01', '', null);
INSERT INTO life_event (id, day, month, year, date, notes, location_id) VALUES (1811, null, null, null, null, '', null);
INSERT INTO life_event (id, day, month, year, date, notes, location_id) VALUES (1812, null, null, null, null, '', null);
INSERT INTO occupation (id, notes, day, month, year, date, location_id) VALUES (308, 'Ingenjör', null, null, null, null, null);
INSERT INTO person (id, first_name, last_name, middle_names, notes, sex, birth_id, death_id, burial_id, father_id, mother_id) VALUES (604, 'Martin', 'Stark', '', 'Oforskat Gift när och var (sid 1).
Bor i Vomb (M).', 'MAN', 1810, 1811, 1812, null, null);

--======= Insert Person id: 605 =======
INSERT INTO location (id, city, country, region, notes, latitude, longitude, fetch_status) VALUES (750, 'Malmö', 'Sverige', '', '', 55.59669, 13.0011, 'FETCHED_WITH_SUCCESS');
INSERT INTO life_event (id, day, month, year, date, notes, location_id) VALUES (1813, 11, 4, 1937, '1937-04-11', '', 750);
INSERT INTO life_event (id, day, month, year, date, notes, location_id) VALUES (1814, null, null, null, null, '', null);
INSERT INTO life_event (id, day, month, year, date, notes, location_id) VALUES (1815, null, null, null, null, '', null);
INSERT INTO occupation (id, notes, day, month, year, date, location_id) VALUES (309, 'Leg sjuksköterska', null, null, null, null, null);
INSERT INTO person (id, first_name, last_name, middle_names, notes, sex, birth_id, death_id, burial_id, father_id, mother_id) VALUES (605, 'Gunvor', 'Nilsson', 'Elsa, Emilia', '', 'WOMAN', 1813, 1814, 1815, null, null);

--======= Insert Person id: 606 =======
INSERT INTO location (id, city, country, region, notes, latitude, longitude, fetch_status) VALUES (751, 'Lund', 'Sverige', '', '', 55.70664, 13.18759, 'FETCHED_WITH_SUCCESS');
INSERT INTO life_event (id, day, month, year, date, notes, location_id) VALUES (1816, 16, 6, 1966, '1966-06-16', '', 751);
INSERT INTO life_event (id, day, month, year, date, notes, location_id) VALUES (1817, null, null, null, null, '', null);
INSERT INTO life_event (id, day, month, year, date, notes, location_id) VALUES (1818, null, null, null, null, '', null);
INSERT INTO occupation (id, notes, day, month, year, date, location_id) VALUES (310, 'Studerande', null, null, null, null, null);
INSERT INTO person (id, first_name, last_name, middle_names, notes, sex, birth_id, death_id, burial_id, father_id, mother_id) VALUES (606, 'Ulf', 'Hegardt', 'Pontus, Lechard', 'Adress Ø Vallgatan 33, 223 61 LUND.
Studentexamen 1985 i Lund (M).
Reservofficer 1987.
Bor i Lund (M).', 'UNKNOWN', 1816, 1817, 1818, null, null);

--======= Insert Person id: 607 =======
INSERT INTO location (id, city, country, region, notes, latitude, longitude, fetch_status) VALUES (752, 'Lund', 'Sverige', '', '', 55.70664, 13.18759, 'FETCHED_WITH_SUCCESS');
INSERT INTO life_event (id, day, month, year, date, notes, location_id) VALUES (1819, 23, 10, 1969, '1969-10-23', '', 752);
INSERT INTO life_event (id, day, month, year, date, notes, location_id) VALUES (1820, null, null, null, null, '', null);
INSERT INTO life_event (id, day, month, year, date, notes, location_id) VALUES (1821, null, null, null, null, '', null);
INSERT INTO occupation (id, notes, day, month, year, date, location_id) VALUES (311, 'Kantor', null, null, null, null, null);
INSERT INTO person (id, first_name, last_name, middle_names, notes, sex, birth_id, death_id, burial_id, father_id, mother_id) VALUES (607, 'Ylva', 'Hegardt', 'Sofia', 'Adress Päronvägen 19, 232 02 ÅKARP.
Studentexamen i Lund (M).
Bor i Åkarp (M).', 'UNKNOWN', 1819, 1820, 1821, null, null);

--======= Insert Person id: 608 =======
INSERT INTO location (id, city, country, region, notes, latitude, longitude, fetch_status) VALUES (753, 'Lund', 'Sverige', '', '', 55.70664, 13.18759, 'FETCHED_WITH_SUCCESS');
INSERT INTO life_event (id, day, month, year, date, notes, location_id) VALUES (1822, 13, 6, 1972, '1972-06-13', '', 753);
INSERT INTO life_event (id, day, month, year, date, notes, location_id) VALUES (1823, null, null, null, null, '', null);
INSERT INTO life_event (id, day, month, year, date, notes, location_id) VALUES (1824, null, null, null, null, '', null);
INSERT INTO occupation (id, notes, day, month, year, date, location_id) VALUES (312, 'Studerande', null, null, null, null, null);
INSERT INTO person (id, first_name, last_name, middle_names, notes, sex, birth_id, death_id, burial_id, father_id, mother_id) VALUES (608, 'Charlotta', 'Hegardt', 'Sara, Emilia', 'Adress N Skolgatan 18, 211 52 MALMØ.
Bor i Åkarp (M).', 'UNKNOWN', 1822, 1823, 1824, null, null);

--======= Insert Person id: 609 =======
INSERT INTO location (id, city, country, region, notes, latitude, longitude, fetch_status) VALUES (754, 'Lund', 'Sverige', '', '', 55.70664, 13.18759, 'FETCHED_WITH_SUCCESS');
INSERT INTO life_event (id, day, month, year, date, notes, location_id) VALUES (1825, 4, 2, 1932, '1932-02-04', '', 754);
INSERT INTO life_event (id, day, month, year, date, notes, location_id) VALUES (1826, null, null, null, null, '', null);
INSERT INTO life_event (id, day, month, year, date, notes, location_id) VALUES (1827, null, null, null, null, '', null);
INSERT INTO occupation (id, notes, day, month, year, date, location_id) VALUES (313, 'Ingenjör', null, null, null, null, null);
INSERT INTO occupation (id, notes, day, month, year, date, location_id) VALUES (314, 'Fabrikant', null, null, null, null, null);
INSERT INTO person (id, first_name, last_name, middle_names, notes, sex, birth_id, death_id, burial_id, father_id, mother_id) VALUES (609, 'Stig', 'Lorentzon', 'Arne', 'Driver egen firma, ARLO-pack.', 'UNKNOWN', 1825, 1826, 1827, null, null);

--======= Insert Person id: 610 =======
INSERT INTO location (id, city, country, region, notes, latitude, longitude, fetch_status) VALUES (755, 'Jönköping', 'Sverige', '', '', 57.77976, 14.17648, 'FETCHED_WITH_SUCCESS');
INSERT INTO life_event (id, day, month, year, date, notes, location_id) VALUES (1828, 5, 1, 1945, '1945-01-05', '', 755);
INSERT INTO life_event (id, day, month, year, date, notes, location_id) VALUES (1829, null, null, null, null, '', null);
INSERT INTO life_event (id, day, month, year, date, notes, location_id) VALUES (1830, null, null, null, null, '', null);
INSERT INTO occupation (id, notes, day, month, year, date, location_id) VALUES (315, 'Barnmorska', null, null, null, null, null);
INSERT INTO person (id, first_name, last_name, middle_names, notes, sex, birth_id, death_id, burial_id, father_id, mother_id) VALUES (610, 'Karin', 'Borglin', '', '', 'WOMAN', 1828, 1829, 1830, null, null);

--======= Insert Person id: 611 =======
INSERT INTO location (id, city, country, region, notes, latitude, longitude, fetch_status) VALUES (756, 'Solna', 'Sverige', '', '', 59.35869, 18.00296, 'FETCHED_WITH_SUCCESS');
INSERT INTO life_event (id, day, month, year, date, notes, location_id) VALUES (1831, 14, 8, 1941, '1941-08-14', '', 756);
INSERT INTO life_event (id, day, month, year, date, notes, location_id) VALUES (1832, null, null, null, null, '', null);
INSERT INTO life_event (id, day, month, year, date, notes, location_id) VALUES (1833, null, null, null, null, '', null);
INSERT INTO occupation (id, notes, day, month, year, date, location_id) VALUES (316, 'Sekreterare', null, null, null, null, null);
INSERT INTO person (id, first_name, last_name, middle_names, notes, sex, birth_id, death_id, burial_id, father_id, mother_id) VALUES (611, 'Kerstin', 'Fredriksson', 'Anita, Viktoria', 'Genomgått 2-årig gymnasieutbildning vid Komvux, Lund 1987.
1988-91 anställd vid Skandia försäkringsbolag i Malmö. 1991 - 2000 anställd vid AB Draco, sedermera Astra Zeneca i Lund.', 'WOMAN', 1831, 1832, 1833, null, null);

--======= Insert Person id: 612 =======
INSERT INTO location (id, city, country, region, notes, latitude, longitude, fetch_status) VALUES (757, 'Lund', 'Sverige', '', '', 55.70664, 13.18759, 'FETCHED_WITH_SUCCESS');
INSERT INTO life_event (id, day, month, year, date, notes, location_id) VALUES (1834, 16, 2, 1966, '1966-02-16', '', 757);
INSERT INTO life_event (id, day, month, year, date, notes, location_id) VALUES (1835, null, null, null, null, '', null);
INSERT INTO life_event (id, day, month, year, date, notes, location_id) VALUES (1836, null, null, null, null, '', null);
INSERT INTO occupation (id, notes, day, month, year, date, location_id) VALUES (317, 'Studerande', null, null, null, null, null);
INSERT INTO person (id, first_name, last_name, middle_names, notes, sex, birth_id, death_id, burial_id, father_id, mother_id) VALUES (612, 'Patrik', 'Hegardt', 'Lechard', 'Adress Dahlströmsgatan 4 D, 414 65 GØTEBORG.
Bor i Göteborg (O).', 'UNKNOWN', 1834, 1835, 1836, null, null);

--======= Insert Person id: 613 =======
INSERT INTO location (id, city, country, region, notes, latitude, longitude, fetch_status) VALUES (758, 'Lund', 'Sverige', '', '', 55.70664, 13.18759, 'FETCHED_WITH_SUCCESS');
INSERT INTO life_event (id, day, month, year, date, notes, location_id) VALUES (1837, 1, 9, 1973, '1973-09-01', '', 758);
INSERT INTO life_event (id, day, month, year, date, notes, location_id) VALUES (1838, null, null, null, null, '', null);
INSERT INTO life_event (id, day, month, year, date, notes, location_id) VALUES (1839, null, null, null, null, '', null);
INSERT INTO occupation (id, notes, day, month, year, date, location_id) VALUES (318, 'Studerande', null, null, null, null, null);
INSERT INTO person (id, first_name, last_name, middle_names, notes, sex, birth_id, death_id, burial_id, father_id, mother_id) VALUES (613, 'David', 'Hegardt', 'Olof, Lechard', 'Adress Folkparksvägen 5, 227 56 LUND.
Bor i Lund (M).', 'UNKNOWN', 1837, 1838, 1839, null, null);

--======= Insert Person id: 614 =======
INSERT INTO location (id, city, country, region, notes, latitude, longitude, fetch_status) VALUES (759, 'Lund', 'Sverige', '', '', 55.70664, 13.18759, 'FETCHED_WITH_SUCCESS');
INSERT INTO life_event (id, day, month, year, date, notes, location_id) VALUES (1840, 8, 8, 1976, '1976-08-08', '', 759);
INSERT INTO life_event (id, day, month, year, date, notes, location_id) VALUES (1841, null, null, null, null, '', null);
INSERT INTO life_event (id, day, month, year, date, notes, location_id) VALUES (1842, null, null, null, null, '', null);
INSERT INTO occupation (id, notes, day, month, year, date, location_id) VALUES (319, 'Studerande', null, null, null, null, null);
INSERT INTO person (id, first_name, last_name, middle_names, notes, sex, birth_id, death_id, burial_id, father_id, mother_id) VALUES (614, 'Adam', 'Hegardt', 'Peter, Lechard', 'Adress Spårsnögatan 19, 226 52 LUND.
Bor.', 'UNKNOWN', 1840, 1841, 1842, null, null);

--======= Insert Person id: 615 =======
INSERT INTO location (id, city, country, region, notes, latitude, longitude, fetch_status) VALUES (760, 'Lund', 'Sverige', '', '', 55.70664, 13.18759, 'FETCHED_WITH_SUCCESS');
INSERT INTO life_event (id, day, month, year, date, notes, location_id) VALUES (1843, 5, 10, 1979, '1979-10-05', '', 760);
INSERT INTO life_event (id, day, month, year, date, notes, location_id) VALUES (1844, null, null, null, null, '', null);
INSERT INTO life_event (id, day, month, year, date, notes, location_id) VALUES (1845, null, null, null, null, '', null);
INSERT INTO occupation (id, notes, day, month, year, date, location_id) VALUES (320, 'Studerande', null, null, null, null, null);
INSERT INTO person (id, first_name, last_name, middle_names, notes, sex, birth_id, death_id, burial_id, father_id, mother_id) VALUES (615, 'Johan', 'Hegardt', 'Simon, Lechard', '1997.', 'UNKNOWN', 1843, 1844, 1845, null, null);

--======= Insert Person id: 616 =======
INSERT INTO life_event (id, day, month, year, date, notes, location_id) VALUES (1846, null, null, null, null, '', null);
INSERT INTO life_event (id, day, month, year, date, notes, location_id) VALUES (1847, null, null, null, null, '', null);
INSERT INTO life_event (id, day, month, year, date, notes, location_id) VALUES (1848, null, null, null, null, '', null);
INSERT INTO person (id, first_name, last_name, middle_names, notes, sex, birth_id, death_id, burial_id, father_id, mother_id) VALUES (616, 'Elna', 'Åslander', '', '', 'WOMAN', 1846, 1847, 1848, null, null);

--======= Insert Person id: 617 =======
INSERT INTO life_event (id, day, month, year, date, notes, location_id) VALUES (1849, null, null, null, null, '', null);
INSERT INTO life_event (id, day, month, year, date, notes, location_id) VALUES (1850, null, null, null, null, '', null);
INSERT INTO life_event (id, day, month, year, date, notes, location_id) VALUES (1851, null, null, null, null, '', null);
INSERT INTO occupation (id, notes, day, month, year, date, location_id) VALUES (321, 'Folkskolinspektör', null, null, null, null, null);
INSERT INTO person (id, first_name, last_name, middle_names, notes, sex, birth_id, death_id, burial_id, father_id, mother_id) VALUES (617, 'Gustaf', 'Waara-Grape', '', '', 'MAN', 1849, 1850, 1851, null, null);

--======= Insert Person id: 618 =======
INSERT INTO life_event (id, day, month, year, date, notes, location_id) VALUES (1852, 27, 2, 1964, '1964-02-27', '', null);
INSERT INTO life_event (id, day, month, year, date, notes, location_id) VALUES (1853, null, null, null, null, '', null);
INSERT INTO life_event (id, day, month, year, date, notes, location_id) VALUES (1854, null, null, null, null, '', null);
INSERT INTO person (id, first_name, last_name, middle_names, notes, sex, birth_id, death_id, burial_id, father_id, mother_id) VALUES (618, 'Maria', 'Marforio', 'Caroline', 'Studentexamen 1986 i Simrishamn (L).
Civilingenjörsexamen 1992 i Lund (M).', 'WOMAN', 1852, 1853, 1854, null, null);

--======= Insert Person id: 619 =======
INSERT INTO location (id, city, country, region, notes, latitude, longitude, fetch_status) VALUES (761, 'Dearfield', 'USA', 'Illinois', '', 41.32679, -88.3046, 'FETCHED_WITH_SUCCESS');
INSERT INTO life_event (id, day, month, year, date, notes, location_id) VALUES (1855, 16, 2, 1994, '1994-02-16', '', 761);
INSERT INTO life_event (id, day, month, year, date, notes, location_id) VALUES (1856, null, null, null, null, '', null);
INSERT INTO life_event (id, day, month, year, date, notes, location_id) VALUES (1857, null, null, null, null, '', null);
INSERT INTO person (id, first_name, last_name, middle_names, notes, sex, birth_id, death_id, burial_id, father_id, mother_id) VALUES (619, 'Sebastian', 'Hegardt', 'Lechard', '', 'MAN', 1855, 1856, 1857, null, null);

--======= Insert Person id: 620 =======
INSERT INTO life_event (id, day, month, year, date, notes, location_id) VALUES (1858, 6, 7, 1901, '1901-07-06', '', null);
INSERT INTO location (id, city, country, region, notes, latitude, longitude, fetch_status) VALUES (762, 'Malmö', 'Sverige', '', '', 55.59669, 13.0011, 'FETCHED_WITH_SUCCESS');
INSERT INTO life_event (id, day, month, year, date, notes, location_id) VALUES (1859, 28, 10, 1985, '1985-10-28', '', 762);
INSERT INTO life_event (id, day, month, year, date, notes, location_id) VALUES (1860, null, null, null, null, '', null);
INSERT INTO person (id, first_name, last_name, middle_names, notes, sex, birth_id, death_id, burial_id, father_id, mother_id) VALUES (620, 'Hilma', 'Alfredsson', 'Olivia', '', 'WOMAN', 1858, 1859, 1860, null, null);

--======= Insert Person id: 621 =======
INSERT INTO life_event (id, day, month, year, date, notes, location_id) VALUES (1861, 27, 10, 1899, '1899-10-27', '', null);
INSERT INTO location (id, city, country, region, notes, latitude, longitude, fetch_status) VALUES (763, 'Malmö', 'Sverige', '', '', 55.59669, 13.0011, 'FETCHED_WITH_SUCCESS');
INSERT INTO life_event (id, day, month, year, date, notes, location_id) VALUES (1862, 29, 9, 1965, '1965-09-29', '', 763);
INSERT INTO life_event (id, day, month, year, date, notes, location_id) VALUES (1863, null, null, null, null, '', null);
INSERT INTO person (id, first_name, last_name, middle_names, notes, sex, birth_id, death_id, burial_id, father_id, mother_id) VALUES (621, 'Harry', 'Nilsson', 'Lorentz', '', 'MAN', 1861, 1862, 1863, null, null);

--======= Insert Person id: 622 =======
INSERT INTO life_event (id, day, month, year, date, notes, location_id) VALUES (1864, null, null, null, null, '', null);
INSERT INTO life_event (id, day, month, year, date, notes, location_id) VALUES (1865, null, null, null, null, '', null);
INSERT INTO life_event (id, day, month, year, date, notes, location_id) VALUES (1866, null, null, null, null, '', null);
INSERT INTO person (id, first_name, last_name, middle_names, notes, sex, birth_id, death_id, burial_id, father_id, mother_id) VALUES (622, 'Peter', 'Hernqvist', '', '', 'UNKNOWN', 1864, 1865, 1866, null, null);

--======= Insert Person id: 623 =======
INSERT INTO location (id, city, country, region, notes, latitude, longitude, fetch_status) VALUES (764, 'Helsingborg', 'Sverige', '', '', 56.04399, 12.69611, 'FETCHED_WITH_SUCCESS');
INSERT INTO life_event (id, day, month, year, date, notes, location_id) VALUES (1867, null, null, null, null, '', 764);
INSERT INTO life_event (id, day, month, year, date, notes, location_id) VALUES (1868, null, null, null, null, '', null);
INSERT INTO life_event (id, day, month, year, date, notes, location_id) VALUES (1869, null, null, null, null, '', null);
INSERT INTO person (id, first_name, last_name, middle_names, notes, sex, birth_id, death_id, burial_id, father_id, mother_id) VALUES (623, 'Vanja', 'Andreasson', '', '', 'WOMAN', 1867, 1868, 1869, null, null);

--======= Insert Person id: 624 =======
INSERT INTO life_event (id, day, month, year, date, notes, location_id) VALUES (1870, null, null, null, null, '', null);
INSERT INTO life_event (id, day, month, year, date, notes, location_id) VALUES (1871, null, null, null, null, '', null);
INSERT INTO life_event (id, day, month, year, date, notes, location_id) VALUES (1872, null, null, null, null, '', null);
INSERT INTO occupation (id, notes, day, month, year, date, location_id) VALUES (322, 'Representant', null, null, null, null, null);
INSERT INTO person (id, first_name, last_name, middle_names, notes, sex, birth_id, death_id, burial_id, father_id, mother_id) VALUES (624, 'Ragnar', 'Borglin', '', '', 'MAN', 1870, 1871, 1872, null, null);

--======= Insert Person id: 625 =======
INSERT INTO location (id, city, country, region, notes, latitude, longitude, fetch_status) VALUES (765, 'Landön', 'Fjälkinge', '', '', 55.97951, 14.38762, 'FETCHED_WITH_SUCCESS');
INSERT INTO life_event (id, day, month, year, date, notes, location_id) VALUES (1873, 17, 10, 1910, '1910-10-17', '', 765);
INSERT INTO location (id, city, country, region, notes, latitude, longitude, fetch_status) VALUES (766, 'Åhus', 'Sverige', '', '', 55.92649, 14.30188, 'FETCHED_WITH_SUCCESS');
INSERT INTO life_event (id, day, month, year, date, notes, location_id) VALUES (1874, 14, 4, 2004, '2004-04-14', '', 766);
INSERT INTO life_event (id, day, month, year, date, notes, location_id) VALUES (1875, null, null, null, null, '', null);
INSERT INTO occupation (id, notes, day, month, year, date, location_id) VALUES (323, 'Sömmerska', null, null, null, null, null);
INSERT INTO person (id, first_name, last_name, middle_names, notes, sex, birth_id, death_id, burial_id, father_id, mother_id) VALUES (625, 'Signe', 'Borgström', '', '', 'WOMAN', 1873, 1874, 1875, null, null);

--======= Insert Person id: 626 =======
INSERT INTO location (id, city, country, region, notes, latitude, longitude, fetch_status) VALUES (767, 'Bettna', 'Sverige', '', '', 58.90337, 16.64313, 'FETCHED_WITH_SUCCESS');
INSERT INTO life_event (id, day, month, year, date, notes, location_id) VALUES (1876, 5, 11, 1908, '1908-11-05', '', 767);
INSERT INTO location (id, city, country, region, notes, latitude, longitude, fetch_status) VALUES (768, 'Kristianstads Heliga Trefaldighet', 'Sverige', '', '', 56.03244, 14.15274, 'FETCHED_WITH_SUCCESS');
INSERT INTO life_event (id, day, month, year, date, notes, location_id) VALUES (1877, 5, 4, 2002, '2002-04-05', '', 768);
INSERT INTO life_event (id, day, month, year, date, notes, location_id) VALUES (1878, null, null, null, null, '', null);
INSERT INTO occupation (id, notes, day, month, year, date, location_id) VALUES (324, 'Verkstadschef vid flyget', null, null, null, null, null);
INSERT INTO person (id, first_name, last_name, middle_names, notes, sex, birth_id, death_id, burial_id, father_id, mother_id) VALUES (626, 'Olof', 'Fredriksson', '', '', 'MAN', 1876, 1877, 1878, null, null);

--======= Insert Person id: 627 =======
INSERT INTO location (id, city, country, region, notes, latitude, longitude, fetch_status) VALUES (769, 'Göteborg', 'Sverige', '', '', 57.70067, 11.96822, 'FETCHED_WITH_SUCCESS');
INSERT INTO life_event (id, day, month, year, date, notes, location_id) VALUES (1879, null, null, 1748, '1748-01-01', '', 769);
INSERT INTO location (id, city, country, region, notes, latitude, longitude, fetch_status) VALUES (770, 'Marstrand', 'Sverige', '', '', 57.88669, 11.58953, 'FETCHED_WITH_SUCCESS');
INSERT INTO life_event (id, day, month, year, date, notes, location_id) VALUES (1880, 2, 6, 1802, '1802-06-02', '', 770);
INSERT INTO life_event (id, day, month, year, date, notes, location_id) VALUES (1881, null, null, null, null, '', null);
INSERT INTO person (id, first_name, last_name, middle_names, notes, sex, birth_id, death_id, burial_id, father_id, mother_id) VALUES (627, 'Anna', 'Wahrenberg', 'Elisabet', '', 'UNKNOWN', 1879, 1880, 1881, null, null);

--======= Insert Person id: 628 =======
INSERT INTO life_event (id, day, month, year, date, notes, location_id) VALUES (1882, null, null, 1731, '1731-01-01', '', null);
INSERT INTO location (id, city, country, region, notes, latitude, longitude, fetch_status) VALUES (771, 'Helsingborg', 'Sverige', '', '', 56.04399, 12.69611, 'FETCHED_WITH_SUCCESS');
INSERT INTO life_event (id, day, month, year, date, notes, location_id) VALUES (1883, 8, 6, 1806, '1806-06-08', '', 771);
INSERT INTO life_event (id, day, month, year, date, notes, location_id) VALUES (1884, null, null, null, null, '', null);
INSERT INTO occupation (id, notes, day, month, year, date, location_id) VALUES (325, 'Grosshandlare och rådman', null, null, null, null, null);
INSERT INTO person (id, first_name, last_name, middle_names, notes, sex, birth_id, death_id, burial_id, father_id, mother_id) VALUES (628, 'Johan', 'Sahlback', 'Fredrik', '', 'UNKNOWN', 1882, 1883, 1884, null, null);

--======= Insert Person id: 629 =======
INSERT INTO life_event (id, day, month, year, date, notes, location_id) VALUES (1885, null, null, null, null, '', null);
INSERT INTO life_event (id, day, month, year, date, notes, location_id) VALUES (1886, null, null, null, null, '', null);
INSERT INTO life_event (id, day, month, year, date, notes, location_id) VALUES (1887, null, null, null, null, '', null);
INSERT INTO person (id, first_name, last_name, middle_names, notes, sex, birth_id, death_id, burial_id, father_id, mother_id) VALUES (629, 'Gudrun', 'Renstadt', '', '', 'WOMAN', 1885, 1886, 1887, null, null);

--======= Insert Person id: 630 =======
INSERT INTO life_event (id, day, month, year, date, notes, location_id) VALUES (1888, null, null, null, null, '', null);
INSERT INTO life_event (id, day, month, year, date, notes, location_id) VALUES (1889, null, null, null, null, '', null);
INSERT INTO life_event (id, day, month, year, date, notes, location_id) VALUES (1890, null, null, null, null, '', null);
INSERT INTO person (id, first_name, last_name, middle_names, notes, sex, birth_id, death_id, burial_id, father_id, mother_id) VALUES (630, 'Christer', 'Siegbahn', '', '', 'MAN', 1888, 1889, 1890, null, null);

--======= Insert Person id: 631 =======
INSERT INTO life_event (id, day, month, year, date, notes, location_id) VALUES (1891, 12, 4, 1882, '1882-04-12', '', null);
INSERT INTO location (id, city, country, region, notes, latitude, longitude, fetch_status) VALUES (772, 'Bettna', 'Sverige', '', '', 58.90337, 16.64313, 'FETCHED_WITH_SUCCESS');
INSERT INTO life_event (id, day, month, year, date, notes, location_id) VALUES (1892, 25, 12, 1945, '1945-12-25', '', 772);
INSERT INTO life_event (id, day, month, year, date, notes, location_id) VALUES (1893, null, null, null, null, '', null);
INSERT INTO person (id, first_name, last_name, middle_names, notes, sex, birth_id, death_id, burial_id, father_id, mother_id) VALUES (631, 'Anna', 'Eriksson', 'Viktoria', '', 'WOMAN', 1891, 1892, 1893, null, null);

--======= Insert Person id: 632 =======
INSERT INTO life_event (id, day, month, year, date, notes, location_id) VALUES (1894, 27, 10, 1883, '1883-10-27', '', null);
INSERT INTO location (id, city, country, region, notes, latitude, longitude, fetch_status) VALUES (773, 'Bettna', 'Sverige', '', '', 58.90337, 16.64313, 'FETCHED_WITH_SUCCESS');
INSERT INTO life_event (id, day, month, year, date, notes, location_id) VALUES (1895, 17, 6, 1951, '1951-06-17', '', 773);
INSERT INTO life_event (id, day, month, year, date, notes, location_id) VALUES (1896, null, null, null, null, '', null);
INSERT INTO occupation (id, notes, day, month, year, date, location_id) VALUES (326, 'Lantbrukare', null, null, null, null, null);
INSERT INTO person (id, first_name, last_name, middle_names, notes, sex, birth_id, death_id, burial_id, father_id, mother_id) VALUES (632, 'Johan', 'Fredriksson', 'David', '', 'MAN', 1894, 1895, 1896, null, null);

--======= Insert Person id: 633 =======
INSERT INTO location (id, city, country, region, notes, latitude, longitude, fetch_status) VALUES (774, 'Solna', 'Sverige', '', '', 59.35869, 18.00296, 'FETCHED_WITH_SUCCESS');
INSERT INTO life_event (id, day, month, year, date, notes, location_id) VALUES (1897, 21, 6, 1946, '1946-06-21', '', 774);
INSERT INTO life_event (id, day, month, year, date, notes, location_id) VALUES (1898, null, null, null, null, '', null);
INSERT INTO life_event (id, day, month, year, date, notes, location_id) VALUES (1899, null, null, null, null, '', null);
INSERT INTO person (id, first_name, last_name, middle_names, notes, sex, birth_id, death_id, burial_id, father_id, mother_id) VALUES (633, 'Lillebil', 'Fredriksson', 'Katarina', '', 'UNKNOWN', 1897, 1898, 1899, null, null);

--======= Insert Person id: 634 =======
INSERT INTO location (id, city, country, region, notes, latitude, longitude, fetch_status) VALUES (775, 'Østra Ljungby', 'Trolle', '', '', 56.19027, 13.06465, 'FETCHED_WITH_SUCCESS');
INSERT INTO life_event (id, day, month, year, date, notes, location_id) VALUES (1900, 1, 1, 1887, '1887-01-01', '', 775);
INSERT INTO location (id, city, country, region, notes, latitude, longitude, fetch_status) VALUES (776, 'Landön', 'Fjälkinge', '', '', 55.97951, 14.38762, 'FETCHED_WITH_SUCCESS');
INSERT INTO life_event (id, day, month, year, date, notes, location_id) VALUES (1901, 6, 9, 1978, '1978-09-06', '', 776);
INSERT INTO life_event (id, day, month, year, date, notes, location_id) VALUES (1902, null, null, null, null, '', null);
INSERT INTO person (id, first_name, last_name, middle_names, notes, sex, birth_id, death_id, burial_id, father_id, mother_id) VALUES (634, 'Kersti', 'Svensson', '', '', 'WOMAN', 1900, 1901, 1902, null, null);

--======= Insert Person id: 635 =======
INSERT INTO location (id, city, country, region, notes, latitude, longitude, fetch_status) VALUES (777, 'Hammrarna', 'Rinkaby', '', '', 55.98465, 14.27167, 'FETCHED_WITH_SUCCESS');
INSERT INTO life_event (id, day, month, year, date, notes, location_id) VALUES (1903, 22, 4, 1886, '1886-04-22', '', 777);
INSERT INTO location (id, city, country, region, notes, latitude, longitude, fetch_status) VALUES (778, 'Landön', 'Fjälkinge', '', '', 55.97951, 14.38762, 'FETCHED_WITH_SUCCESS');
INSERT INTO life_event (id, day, month, year, date, notes, location_id) VALUES (1904, 22, 3, 1959, '1959-03-22', '', 778);
INSERT INTO life_event (id, day, month, year, date, notes, location_id) VALUES (1905, null, null, null, null, '', null);
INSERT INTO occupation (id, notes, day, month, year, date, location_id) VALUES (327, 'Fiskare', null, null, null, null, null);
INSERT INTO person (id, first_name, last_name, middle_names, notes, sex, birth_id, death_id, burial_id, father_id, mother_id) VALUES (635, 'Berndt', 'Borgström', '', '', 'MAN', 1903, 1904, 1905, null, null);

--======= Insert Person id: 636 =======
INSERT INTO life_event (id, day, month, year, date, notes, location_id) VALUES (1906, null, null, null, null, '', null);
INSERT INTO life_event (id, day, month, year, date, notes, location_id) VALUES (1907, null, null, null, null, '', null);
INSERT INTO life_event (id, day, month, year, date, notes, location_id) VALUES (1908, null, null, null, null, '', null);
INSERT INTO occupation (id, notes, day, month, year, date, location_id) VALUES (328, 'Vd', null, null, null, null, null);
INSERT INTO person (id, first_name, last_name, middle_names, notes, sex, birth_id, death_id, burial_id, father_id, mother_id) VALUES (636, 'Urban', 'Ullberg', '', '', 'MAN', 1906, 1907, 1908, null, null);

--======= Insert Person id: 637 =======
INSERT INTO life_event (id, day, month, year, date, notes, location_id) VALUES (1909, 9, 12, 1987, '1987-12-09', '', null);
INSERT INTO life_event (id, day, month, year, date, notes, location_id) VALUES (1910, null, null, null, null, '', null);
INSERT INTO life_event (id, day, month, year, date, notes, location_id) VALUES (1911, null, null, null, null, '', null);
INSERT INTO person (id, first_name, last_name, middle_names, notes, sex, birth_id, death_id, burial_id, father_id, mother_id) VALUES (637, 'Gabriella', 'Ullberg', '', '', 'UNKNOWN', 1909, 1910, 1911, null, null);

--======= Insert Person id: 638 =======
INSERT INTO life_event (id, day, month, year, date, notes, location_id) VALUES (1912, 12, 6, 1990, '1990-06-12', '', null);
INSERT INTO life_event (id, day, month, year, date, notes, location_id) VALUES (1913, null, null, null, null, '', null);
INSERT INTO life_event (id, day, month, year, date, notes, location_id) VALUES (1914, null, null, null, null, '', null);
INSERT INTO person (id, first_name, last_name, middle_names, notes, sex, birth_id, death_id, burial_id, father_id, mother_id) VALUES (638, 'Alexander', 'Ullberg', '', '', 'UNKNOWN', 1912, 1913, 1914, null, null);

--======= Insert Person id: 639 =======
INSERT INTO life_event (id, day, month, year, date, notes, location_id) VALUES (1915, 6, 6, 1994, '1994-06-06', '', null);
INSERT INTO life_event (id, day, month, year, date, notes, location_id) VALUES (1916, null, null, null, null, '', null);
INSERT INTO life_event (id, day, month, year, date, notes, location_id) VALUES (1917, null, null, null, null, '', null);
INSERT INTO person (id, first_name, last_name, middle_names, notes, sex, birth_id, death_id, burial_id, father_id, mother_id) VALUES (639, 'Rebecka', 'Ullberg', '', '', 'UNKNOWN', 1915, 1916, 1917, null, null);

--======= Insert Person id: 640 =======
INSERT INTO life_event (id, day, month, year, date, notes, location_id) VALUES (1918, 6, 5, 1997, '1997-05-06', '', null);
INSERT INTO life_event (id, day, month, year, date, notes, location_id) VALUES (1919, null, null, null, null, '', null);
INSERT INTO life_event (id, day, month, year, date, notes, location_id) VALUES (1920, null, null, null, null, '', null);
INSERT INTO person (id, first_name, last_name, middle_names, notes, sex, birth_id, death_id, burial_id, father_id, mother_id) VALUES (640, 'Josefine', 'Ullberg', '', '', 'UNKNOWN', 1918, 1919, 1920, null, null);

--======= Insert Person id: 641 =======
INSERT INTO life_event (id, day, month, year, date, notes, location_id) VALUES (1921, null, null, null, null, '', null);
INSERT INTO life_event (id, day, month, year, date, notes, location_id) VALUES (1922, null, null, null, null, '', null);
INSERT INTO life_event (id, day, month, year, date, notes, location_id) VALUES (1923, null, null, null, null, '', null);
INSERT INTO occupation (id, notes, day, month, year, date, location_id) VALUES (329, 'Ekonom', null, null, null, null, null);
INSERT INTO person (id, first_name, last_name, middle_names, notes, sex, birth_id, death_id, burial_id, father_id, mother_id) VALUES (641, 'Katarina', 'Nordberg', '', '', 'WOMAN', 1921, 1922, 1923, null, null);

--======= Insert Person id: 642 =======
INSERT INTO life_event (id, day, month, year, date, notes, location_id) VALUES (1924, 27, 4, 1994, '1994-04-27', '', null);
INSERT INTO life_event (id, day, month, year, date, notes, location_id) VALUES (1925, null, null, null, null, '', null);
INSERT INTO life_event (id, day, month, year, date, notes, location_id) VALUES (1926, null, null, null, null, '', null);
INSERT INTO person (id, first_name, last_name, middle_names, notes, sex, birth_id, death_id, burial_id, father_id, mother_id) VALUES (642, 'Karl', 'Hegardt', 'Joel, Fredrik', '', 'UNKNOWN', 1924, 1925, 1926, null, null);

--======= Insert Person id: 643 =======
INSERT INTO life_event (id, day, month, year, date, notes, location_id) VALUES (1927, 14, 7, 1997, '1997-07-14', '', null);
INSERT INTO life_event (id, day, month, year, date, notes, location_id) VALUES (1928, null, null, null, null, '', null);
INSERT INTO life_event (id, day, month, year, date, notes, location_id) VALUES (1929, null, null, null, null, '', null);
INSERT INTO person (id, first_name, last_name, middle_names, notes, sex, birth_id, death_id, burial_id, father_id, mother_id) VALUES (643, 'Karl', 'Hegardt', 'Johan, Richard', '', 'UNKNOWN', 1927, 1928, 1929, null, null);

--======= Insert Person id: 644 =======
INSERT INTO life_event (id, day, month, year, date, notes, location_id) VALUES (1930, null, null, null, null, '', null);
INSERT INTO life_event (id, day, month, year, date, notes, location_id) VALUES (1931, null, null, null, null, '', null);
INSERT INTO life_event (id, day, month, year, date, notes, location_id) VALUES (1932, null, null, null, null, '', null);
INSERT INTO person (id, first_name, last_name, middle_names, notes, sex, birth_id, death_id, burial_id, father_id, mother_id) VALUES (644, 'Hilda', 'Andersson', 'Sofia', '', 'WOMAN', 1930, 1931, 1932, null, null);

--======= Insert Person id: 645 =======
INSERT INTO life_event (id, day, month, year, date, notes, location_id) VALUES (1933, null, null, null, null, '', null);
INSERT INTO life_event (id, day, month, year, date, notes, location_id) VALUES (1934, null, null, null, null, '', null);
INSERT INTO life_event (id, day, month, year, date, notes, location_id) VALUES (1935, null, null, null, null, '', null);
INSERT INTO occupation (id, notes, day, month, year, date, location_id) VALUES (330, 'Snickare', null, null, null, null, null);
INSERT INTO person (id, first_name, last_name, middle_names, notes, sex, birth_id, death_id, burial_id, father_id, mother_id) VALUES (645, 'Emil', 'Grönlund', 'Gottfrid', '', 'MAN', 1933, 1934, 1935, null, null);

--======= Insert Person id: 646 =======
INSERT INTO location (id, city, country, region, notes, latitude, longitude, fetch_status) VALUES (779, 'Säby', 'Sverige', '', '', 55.89799, 12.86029, 'FETCHED_WITH_SUCCESS');
INSERT INTO life_event (id, day, month, year, date, notes, location_id) VALUES (1936, null, null, 1727, '1727-01-01', '', 779);
INSERT INTO life_event (id, day, month, year, date, notes, location_id) VALUES (1937, null, null, null, null, '', null);
INSERT INTO life_event (id, day, month, year, date, notes, location_id) VALUES (1938, null, null, null, null, '', null);
INSERT INTO person (id, first_name, last_name, middle_names, notes, sex, birth_id, death_id, burial_id, father_id, mother_id) VALUES (646, 'Sara', 'Nordberg', '', '', 'WOMAN', 1936, 1937, 1938, null, null);

--======= Insert Person id: 647 =======
INSERT INTO location (id, city, country, region, notes, latitude, longitude, fetch_status) VALUES (780, 'Kristinehamn', 'Sverige', '', '', 59.3095, 14.10597, 'FETCHED_WITH_SUCCESS');
INSERT INTO life_event (id, day, month, year, date, notes, location_id) VALUES (1939, null, null, 1712, '1712-01-01', '', 780);
INSERT INTO location (id, city, country, region, notes, latitude, longitude, fetch_status) VALUES (781, 'Torp', 'Sverige', '', '', 57.06913, 16.4709, 'FETCHED_WITH_SUCCESS');
INSERT INTO life_event (id, day, month, year, date, notes, location_id) VALUES (1940, null, null, 1781, '1781-01-01', '', 781);
INSERT INTO life_event (id, day, month, year, date, notes, location_id) VALUES (1941, null, null, null, null, '', null);
INSERT INTO person (id, first_name, last_name, middle_names, notes, sex, birth_id, death_id, burial_id, father_id, mother_id) VALUES (647, 'Uddo', 'Ullman', '', '', 'MAN', 1939, 1940, 1941, null, null);

--======= Insert Person id: 648 =======
INSERT INTO location (id, city, country, region, notes, latitude, longitude, fetch_status) VALUES (782, 'Uddevalla', 'Sverige', '', '', 58.35096, 11.93264, 'FETCHED_WITH_SUCCESS');
INSERT INTO life_event (id, day, month, year, date, notes, location_id) VALUES (1942, null, null, 1782, '1782-01-01', '', 782);
INSERT INTO location (id, city, country, region, notes, latitude, longitude, fetch_status) VALUES (783, 'Onsala', 'Sverige', '', '', 57.41423, 12.02226, 'FETCHED_WITH_SUCCESS');
INSERT INTO life_event (id, day, month, year, date, notes, location_id) VALUES (1943, null, null, 1863, '1863-01-01', '', 783);
INSERT INTO life_event (id, day, month, year, date, notes, location_id) VALUES (1944, null, null, null, null, '', null);
INSERT INTO person (id, first_name, last_name, middle_names, notes, sex, birth_id, death_id, burial_id, father_id, mother_id) VALUES (648, 'Katarina', 'Dimberg', '', '', 'UNKNOWN', 1942, 1943, 1944, null, null);

--======= Insert Person id: 649 =======
INSERT INTO life_event (id, day, month, year, date, notes, location_id) VALUES (1945, 10, 7, 1832, '1832-07-10', '', null);
INSERT INTO life_event (id, day, month, year, date, notes, location_id) VALUES (1946, 1, 12, 1913, '1913-12-01', '', null);
INSERT INTO life_event (id, day, month, year, date, notes, location_id) VALUES (1947, null, null, null, null, '', null);
INSERT INTO person (id, first_name, last_name, middle_names, notes, sex, birth_id, death_id, burial_id, father_id, mother_id) VALUES (649, 'Cecilia', 'Grönquist', '', '', 'WOMAN', 1945, 1946, 1947, null, null);

--======= Insert Person id: 650 =======
INSERT INTO life_event (id, day, month, year, date, notes, location_id) VALUES (1948, 19, 5, 1826, '1826-05-19', '', null);
INSERT INTO life_event (id, day, month, year, date, notes, location_id) VALUES (1949, 23, 4, 1912, '1912-04-23', '', null);
INSERT INTO life_event (id, day, month, year, date, notes, location_id) VALUES (1950, null, null, null, null, '', null);
INSERT INTO occupation (id, notes, day, month, year, date, location_id) VALUES (331, 'Skräddarmästare', null, null, null, null, null);
INSERT INTO person (id, first_name, last_name, middle_names, notes, sex, birth_id, death_id, burial_id, father_id, mother_id) VALUES (650, 'Christian', 'Heiden', 'Ludwig, Friedrich, Christoph', 'Inflyttad omkring 1866 till Sverige.', 'MAN', 1948, 1949, 1950, null, null);

--======= Insert Person id: 651 =======
INSERT INTO location (id, city, country, region, notes, latitude, longitude, fetch_status) VALUES (784, 'Lund', 'Sverige', '', '', 55.70664, 13.18759, 'FETCHED_WITH_SUCCESS');
INSERT INTO life_event (id, day, month, year, date, notes, location_id) VALUES (1951, 7, 6, 1897, '1897-06-07', '', 784);
INSERT INTO location (id, city, country, region, notes, latitude, longitude, fetch_status) VALUES (785, 'Lund', 'Sverige', '', '', 55.70664, 13.18759, 'FETCHED_WITH_SUCCESS');
INSERT INTO life_event (id, day, month, year, date, notes, location_id) VALUES (1952, 4, 7, 2002, '2002-07-04', '', 785);
INSERT INTO life_event (id, day, month, year, date, notes, location_id) VALUES (1953, null, null, null, null, '', null);
INSERT INTO occupation (id, notes, day, month, year, date, location_id) VALUES (332, 'Yrkeslärarinna', null, null, null, null, null);
INSERT INTO person (id, first_name, last_name, middle_names, notes, sex, birth_id, death_id, burial_id, father_id, mother_id) VALUES (651, 'Viveka', 'Heyden', 'Margareta', '', 'UNKNOWN', 1951, 1952, 1953, null, null);

--======= Insert Person id: 652 =======
INSERT INTO location (id, city, country, region, notes, latitude, longitude, fetch_status) VALUES (786, 'Lund', 'Sverige', '', '', 55.70664, 13.18759, 'FETCHED_WITH_SUCCESS');
INSERT INTO life_event (id, day, month, year, date, notes, location_id) VALUES (1954, 28, 4, 1901, '1901-04-28', '', 786);
INSERT INTO life_event (id, day, month, year, date, notes, location_id) VALUES (1955, null, null, null, null, '', null);
INSERT INTO life_event (id, day, month, year, date, notes, location_id) VALUES (1956, null, null, null, null, '', null);
INSERT INTO person (id, first_name, last_name, middle_names, notes, sex, birth_id, death_id, burial_id, father_id, mother_id) VALUES (652, 'Thyra', 'Heyden', 'Cecilia, Fernanda', '', 'WOMAN', 1954, 1955, 1956, null, null);

--======= Insert Person id: 653 =======
INSERT INTO location (id, city, country, region, notes, latitude, longitude, fetch_status) VALUES (787, 'Lund', 'Sverige', '', '', 55.70664, 13.18759, 'FETCHED_WITH_SUCCESS');
INSERT INTO life_event (id, day, month, year, date, notes, location_id) VALUES (1957, 10, 6, 1907, '1907-06-10', '', 787);
INSERT INTO location (id, city, country, region, notes, latitude, longitude, fetch_status) VALUES (788, 'i Saltsjöbaden', 'Sverige', '', '', 59.28833, 18.28823, 'FETCHED_WITH_SUCCESS');
INSERT INTO life_event (id, day, month, year, date, notes, location_id) VALUES (1958, null, null, null, null, '', 788);
INSERT INTO life_event (id, day, month, year, date, notes, location_id) VALUES (1959, null, null, null, null, '', null);
INSERT INTO person (id, first_name, last_name, middle_names, notes, sex, birth_id, death_id, burial_id, father_id, mother_id) VALUES (653, 'Amelie', 'Heyden', 'Elisabeth, Marianne, Elsie', '', 'WOMAN', 1957, 1958, 1959, null, null);

--======= Insert Person id: 654 =======
INSERT INTO life_event (id, day, month, year, date, notes, location_id) VALUES (1960, 2, 8, 1910, '1910-08-02', '', null);
INSERT INTO life_event (id, day, month, year, date, notes, location_id) VALUES (1961, 17, 8, 1910, '1910-08-17', '', null);
INSERT INTO life_event (id, day, month, year, date, notes, location_id) VALUES (1962, null, null, null, null, '', null);
INSERT INTO person (id, first_name, last_name, middle_names, notes, sex, birth_id, death_id, burial_id, father_id, mother_id) VALUES (654, 'Sigvard', 'Heyden', 'John, Christian', '', 'UNKNOWN', 1960, 1961, 1962, null, null);

--======= Insert Person id: 655 =======
INSERT INTO location (id, city, country, region, notes, latitude, longitude, fetch_status) VALUES (789, 'Lund', 'Sverige', '', '', 55.70664, 13.18759, 'FETCHED_WITH_SUCCESS');
INSERT INTO life_event (id, day, month, year, date, notes, location_id) VALUES (1963, 7, 4, 1912, '1912-04-07', '', 789);
INSERT INTO life_event (id, day, month, year, date, notes, location_id) VALUES (1964, null, null, null, null, '', null);
INSERT INTO life_event (id, day, month, year, date, notes, location_id) VALUES (1965, null, null, null, null, '', null);
INSERT INTO occupation (id, notes, day, month, year, date, location_id) VALUES (333, 'Øverläkare', null, null, null, null, null);
INSERT INTO person (id, first_name, last_name, middle_names, notes, sex, birth_id, death_id, burial_id, father_id, mother_id) VALUES (655, 'Rutger', 'Heyden', 'John, Ludwig, Oscar', '', 'MAN', 1963, 1964, 1965, null, null);

--======= Insert Person id: 656 =======
INSERT INTO life_event (id, day, month, year, date, notes, location_id) VALUES (1966, 13, 4, 1833, '1833-04-13', '', null);
INSERT INTO life_event (id, day, month, year, date, notes, location_id) VALUES (1967, 1, 9, 1913, '1913-09-01', '', null);
INSERT INTO life_event (id, day, month, year, date, notes, location_id) VALUES (1968, null, null, null, null, '', null);
INSERT INTO person (id, first_name, last_name, middle_names, notes, sex, birth_id, death_id, burial_id, father_id, mother_id) VALUES (656, 'Anna', 'Engeström', 'Emilia, Hilma', '', 'WOMAN', 1966, 1967, 1968, null, null);

--======= Insert Person id: 657 =======
INSERT INTO life_event (id, day, month, year, date, notes, location_id) VALUES (1969, 3, 2, 1827, '1827-02-03', '', null);
INSERT INTO life_event (id, day, month, year, date, notes, location_id) VALUES (1970, 19, 5, 1897, '1897-05-19', '', null);
INSERT INTO life_event (id, day, month, year, date, notes, location_id) VALUES (1971, null, null, null, null, '', null);
INSERT INTO person (id, first_name, last_name, middle_names, notes, sex, birth_id, death_id, burial_id, father_id, mother_id) VALUES (657, 'John', 'Osterman', 'Reinhold', '', 'MAN', 1969, 1970, 1971, null, null);

--======= Insert Person id: 658 =======
INSERT INTO location (id, city, country, region, notes, latitude, longitude, fetch_status) VALUES (790, 'Ausås', 'Sverige', '', '', 56.16478, 12.89114, 'FETCHED_WITH_SUCCESS');
INSERT INTO life_event (id, day, month, year, date, notes, location_id) VALUES (1972, 27, 12, 1722, '1722-12-27', '', 790);
INSERT INTO location (id, city, country, region, notes, latitude, longitude, fetch_status) VALUES (791, 'Malmö', 'Sverige', '', '', 55.59669, 13.0011, 'FETCHED_WITH_SUCCESS');
INSERT INTO life_event (id, day, month, year, date, notes, location_id) VALUES (1973, 11, 2, 1776, '1776-02-11', '', 791);
INSERT INTO life_event (id, day, month, year, date, notes, location_id) VALUES (1974, null, null, null, null, '', null);
INSERT INTO person (id, first_name, last_name, middle_names, notes, sex, birth_id, death_id, burial_id, father_id, mother_id) VALUES (658, 'Katarina', 'Faxe', 'Elisabet', '', 'WOMAN', 1972, 1973, 1974, null, null);

--======= Insert Person id: 659 =======
INSERT INTO location (id, city, country, region, notes, latitude, longitude, fetch_status) VALUES (792, 'Ausås', 'Sverige', '', '', 56.16478, 12.89114, 'FETCHED_WITH_SUCCESS');
INSERT INTO life_event (id, day, month, year, date, notes, location_id) VALUES (1975, 31, 8, 1728, '1728-08-31', '', 792);
INSERT INTO location (id, city, country, region, notes, latitude, longitude, fetch_status) VALUES (793, 'Malmö', 'Sverige', '', '', 55.59669, 13.0011, 'FETCHED_WITH_SUCCESS');
INSERT INTO life_event (id, day, month, year, date, notes, location_id) VALUES (1976, 6, 4, 1758, '1758-04-06', '', 793);
INSERT INTO life_event (id, day, month, year, date, notes, location_id) VALUES (1977, null, null, null, null, '', null);
INSERT INTO person (id, first_name, last_name, middle_names, notes, sex, birth_id, death_id, burial_id, father_id, mother_id) VALUES (659, 'Helena', 'Faxe', 'Margareta', '', 'WOMAN', 1975, 1976, 1977, null, null);

--======= Insert Person id: 660 =======
INSERT INTO life_event (id, day, month, year, date, notes, location_id) VALUES (1978, 14, 5, 1845, '1845-05-14', '', null);
INSERT INTO life_event (id, day, month, year, date, notes, location_id) VALUES (1979, null, null, null, null, '', null);
INSERT INTO life_event (id, day, month, year, date, notes, location_id) VALUES (1980, null, null, null, null, '', null);
INSERT INTO person (id, first_name, last_name, middle_names, notes, sex, birth_id, death_id, burial_id, father_id, mother_id) VALUES (660, 'Augusta', 'Espersson', 'Mathilda', '', 'WOMAN', 1978, 1979, 1980, null, null);

--======= Insert Person id: 661 =======
INSERT INTO life_event (id, day, month, year, date, notes, location_id) VALUES (1981, 14, 4, 1832, '1832-04-14', '', null);
INSERT INTO life_event (id, day, month, year, date, notes, location_id) VALUES (1982, null, null, null, null, '', null);
INSERT INTO life_event (id, day, month, year, date, notes, location_id) VALUES (1983, null, null, null, null, '', null);
INSERT INTO occupation (id, notes, day, month, year, date, location_id) VALUES (334, 'Handlande', null, null, null, null, null);
INSERT INTO person (id, first_name, last_name, middle_names, notes, sex, birth_id, death_id, burial_id, father_id, mother_id) VALUES (661, 'Adolf', 'Thulin', 'Johan', '', 'MAN', 1981, 1982, 1983, null, null);

--======= Insert Person id: 662 =======
INSERT INTO life_event (id, day, month, year, date, notes, location_id) VALUES (1984, null, null, null, null, '', null);
INSERT INTO life_event (id, day, month, year, date, notes, location_id) VALUES (1985, null, null, null, null, '', null);
INSERT INTO life_event (id, day, month, year, date, notes, location_id) VALUES (1986, null, null, null, null, '', null);
INSERT INTO person (id, first_name, last_name, middle_names, notes, sex, birth_id, death_id, burial_id, father_id, mother_id) VALUES (662, '', 'Lundberg', '', '', 'MAN', 1984, 1985, 1986, null, null);

--======= Insert Person id: 663 =======
INSERT INTO location (id, city, country, region, notes, latitude, longitude, fetch_status) VALUES (794, 'Uddevalla', 'Sverige', '', '', 58.35096, 11.93264, 'FETCHED_WITH_SUCCESS');
INSERT INTO life_event (id, day, month, year, date, notes, location_id) VALUES (1987, 11, 12, 1772, '1772-12-11', '', 794);
INSERT INTO location (id, city, country, region, notes, latitude, longitude, fetch_status) VALUES (795, 'Uddevalla', 'Sverige', '', '', 58.35096, 11.93264, 'FETCHED_WITH_SUCCESS');
INSERT INTO life_event (id, day, month, year, date, notes, location_id) VALUES (1988, 5, 5, 1821, '1821-05-05', '', 795);
INSERT INTO life_event (id, day, month, year, date, notes, location_id) VALUES (1989, null, null, null, null, '', null);
INSERT INTO occupation (id, notes, day, month, year, date, location_id) VALUES (335, 'Grosshandlare och rådman', null, null, null, null, null);
INSERT INTO person (id, first_name, last_name, middle_names, notes, sex, birth_id, death_id, burial_id, father_id, mother_id) VALUES (663, 'Peter', 'Hegardt', 'Johansson', '', 'UNKNOWN', 1987, 1988, 1989, null, null);

--======= Insert Person id: 664 =======
INSERT INTO life_event (id, day, month, year, date, notes, location_id) VALUES (1990, null, null, null, null, '', null);
INSERT INTO life_event (id, day, month, year, date, notes, location_id) VALUES (1991, null, null, null, null, '', null);
INSERT INTO life_event (id, day, month, year, date, notes, location_id) VALUES (1992, null, null, null, null, '', null);
INSERT INTO person (id, first_name, last_name, middle_names, notes, sex, birth_id, death_id, burial_id, father_id, mother_id) VALUES (664, 'Förnamn', 'Efternamn', '', '', 'WOMAN', 1990, 1991, 1992, null, null);

--======= Insert Person id: 665 =======
INSERT INTO life_event (id, day, month, year, date, notes, location_id) VALUES (1993, null, null, null, null, '', null);
INSERT INTO life_event (id, day, month, year, date, notes, location_id) VALUES (1994, null, null, null, null, '', null);
INSERT INTO life_event (id, day, month, year, date, notes, location_id) VALUES (1995, null, null, null, null, '', null);
INSERT INTO person (id, first_name, last_name, middle_names, notes, sex, birth_id, death_id, burial_id, father_id, mother_id) VALUES (665, 'Förnamn', 'Björkman', '', '', 'MAN', 1993, 1994, 1995, null, null);

--======= Insert Person id: 666 =======
INSERT INTO life_event (id, day, month, year, date, notes, location_id) VALUES (1996, null, null, 1690, '1690-01-01', 'Född omkring 1690.', null);
INSERT INTO location (id, city, country, region, notes, latitude, longitude, fetch_status) VALUES (796, 'Landskrona', 'Sverige', '', '', 55.87204, 12.83009, 'FETCHED_WITH_SUCCESS');
INSERT INTO life_event (id, day, month, year, date, notes, location_id) VALUES (1997, 26, 10, 1759, '1759-10-26', '', 796);
INSERT INTO life_event (id, day, month, year, date, notes, location_id) VALUES (1998, null, null, null, null, '', null);
INSERT INTO occupation (id, notes, day, month, year, date, location_id) VALUES (336, 'Bagarmästare', null, null, null, null, null);
INSERT INTO person (id, first_name, last_name, middle_names, notes, sex, birth_id, death_id, burial_id, father_id, mother_id) VALUES (666, 'Friedrich', 'Jask', '', '', 'UNKNOWN', 1996, 1997, 1998, null, null);

--======= Insert Person id: 667 =======
INSERT INTO location (id, city, country, region, notes, latitude, longitude, fetch_status) VALUES (797, 'i Landskrona', 'Sverige', '', '', 55.87204, 12.83009, 'FETCHED_WITH_SUCCESS');
INSERT INTO life_event (id, day, month, year, date, notes, location_id) VALUES (1999, null, 3, 1705, '1705-03-01', '', 797);
INSERT INTO location (id, city, country, region, notes, latitude, longitude, fetch_status) VALUES (798, 'Landskrona', 'Sverige', '', '', 55.87204, 12.83009, 'FETCHED_WITH_SUCCESS');
INSERT INTO life_event (id, day, month, year, date, notes, location_id) VALUES (2000, 22, 1, 1774, '1774-01-22', '', 798);
INSERT INTO life_event (id, day, month, year, date, notes, location_id) VALUES (2001, null, null, null, null, '', null);
INSERT INTO person (id, first_name, last_name, middle_names, notes, sex, birth_id, death_id, burial_id, father_id, mother_id) VALUES (667, 'Reinhold', 'Zeinholtz', 'Teophilus', '', 'UNKNOWN', 1999, 2000, 2001, null, null);

--======= Insert Person id: 668 =======
INSERT INTO location (id, city, country, region, notes, latitude, longitude, fetch_status) VALUES (799, 'Fridafors', 'Sverige', '', '', 56.40945, 14.66033, 'FETCHED_WITH_SUCCESS');
INSERT INTO life_event (id, day, month, year, date, notes, location_id) VALUES (2002, 13, 9, 1949, '1949-09-13', '', 799);
INSERT INTO life_event (id, day, month, year, date, notes, location_id) VALUES (2003, null, null, null, null, '', null);
INSERT INTO life_event (id, day, month, year, date, notes, location_id) VALUES (2004, null, null, null, null, '', null);
INSERT INTO person (id, first_name, last_name, middle_names, notes, sex, birth_id, death_id, burial_id, father_id, mother_id) VALUES (668, 'Solveig', 'Wiktorsson', 'Vivianne', '', 'UNKNOWN', 2002, 2003, 2004, null, null);

--======= Insert Person id: 669 =======
INSERT INTO location (id, city, country, region, notes, latitude, longitude, fetch_status) VALUES (800, 'Fridafors', 'Sverige', '', '', 56.40945, 14.66033, 'FETCHED_WITH_SUCCESS');
INSERT INTO life_event (id, day, month, year, date, notes, location_id) VALUES (2005, 13, 9, 1942, '1942-09-13', '', 800);
INSERT INTO life_event (id, day, month, year, date, notes, location_id) VALUES (2006, null, null, null, null, '', null);
INSERT INTO life_event (id, day, month, year, date, notes, location_id) VALUES (2007, null, null, null, null, '', null);
INSERT INTO person (id, first_name, last_name, middle_names, notes, sex, birth_id, death_id, burial_id, father_id, mother_id) VALUES (669, 'Solveig', 'Wiktorsson', 'Vivianne', '', 'UNKNOWN', 2005, 2006, 2007, null, null);

--======= Insert Person id: 670 =======
INSERT INTO life_event (id, day, month, year, date, notes, location_id) VALUES (2008, null, null, null, null, '', null);
INSERT INTO life_event (id, day, month, year, date, notes, location_id) VALUES (2009, null, null, null, null, '', null);
INSERT INTO life_event (id, day, month, year, date, notes, location_id) VALUES (2010, null, null, null, null, '', null);
INSERT INTO occupation (id, notes, day, month, year, date, location_id) VALUES (337, 'Vd i alfa laval', null, null, null, null, null);
INSERT INTO person (id, first_name, last_name, middle_names, notes, sex, birth_id, death_id, burial_id, father_id, mother_id) VALUES (670, 'Lars', 'Halldén', '', '', 'UNKNOWN', 2008, 2009, 2010, null, null);

--======= Insert Person id: 671 =======
INSERT INTO location (id, city, country, region, notes, latitude, longitude, fetch_status) VALUES (801, 'Kristianstad', 'Sverige', '', '', 56.03099, 14.15416, 'FETCHED_WITH_SUCCESS');
INSERT INTO life_event (id, day, month, year, date, notes, location_id) VALUES (2011, 25, 3, 1936, '1936-03-25', '', 801);
INSERT INTO life_event (id, day, month, year, date, notes, location_id) VALUES (2012, null, null, null, null, '', null);
INSERT INTO life_event (id, day, month, year, date, notes, location_id) VALUES (2013, null, null, null, null, '', null);
INSERT INTO occupation (id, notes, day, month, year, date, location_id) VALUES (338, 'Øverste', null, null, null, null, null);
INSERT INTO person (id, first_name, last_name, middle_names, notes, sex, birth_id, death_id, burial_id, father_id, mother_id) VALUES (671, 'Bengt', 'Thörn', 'Åke', 'Student 1957 i Kristianstad (L).
Officersutbildning. Verksam vid pansartrupperna i Hässleholm.', 'MAN', 2011, 2012, 2013, null, null);

--======= Insert Person id: 672 =======
INSERT INTO life_event (id, day, month, year, date, notes, location_id) VALUES (2014, null, null, 1964, '1964-01-01', '', null);
INSERT INTO life_event (id, day, month, year, date, notes, location_id) VALUES (2015, null, null, null, null, '', null);
INSERT INTO life_event (id, day, month, year, date, notes, location_id) VALUES (2016, null, null, null, null, '', null);
INSERT INTO person (id, first_name, last_name, middle_names, notes, sex, birth_id, death_id, burial_id, father_id, mother_id) VALUES (672, 'Staffan', 'Thörn', '', '', 'UNKNOWN', 2014, 2015, 2016, null, null);

--======= Insert Person id: 673 =======
INSERT INTO life_event (id, day, month, year, date, notes, location_id) VALUES (2017, null, null, 1966, '1966-01-01', '', null);
INSERT INTO life_event (id, day, month, year, date, notes, location_id) VALUES (2018, null, null, null, null, '', null);
INSERT INTO life_event (id, day, month, year, date, notes, location_id) VALUES (2019, null, null, null, null, '', null);
INSERT INTO person (id, first_name, last_name, middle_names, notes, sex, birth_id, death_id, burial_id, father_id, mother_id) VALUES (673, 'Christer', 'Thörn', '', '', 'UNKNOWN', 2017, 2018, 2019, null, null);

--======= Insert Person id: 674 =======
INSERT INTO life_event (id, day, month, year, date, notes, location_id) VALUES (2020, null, null, 1969, '1969-01-01', '', null);
INSERT INTO life_event (id, day, month, year, date, notes, location_id) VALUES (2021, null, null, null, null, '', null);
INSERT INTO life_event (id, day, month, year, date, notes, location_id) VALUES (2022, null, null, null, null, '', null);
INSERT INTO person (id, first_name, last_name, middle_names, notes, sex, birth_id, death_id, burial_id, father_id, mother_id) VALUES (674, 'Pontus', 'Thörn', '', '', 'UNKNOWN', 2020, 2021, 2022, null, null);

--======= Insert Person id: 675 =======
INSERT INTO life_event (id, day, month, year, date, notes, location_id) VALUES (2023, null, null, 1975, '1975-01-01', '', null);
INSERT INTO life_event (id, day, month, year, date, notes, location_id) VALUES (2024, null, null, null, null, '', null);
INSERT INTO life_event (id, day, month, year, date, notes, location_id) VALUES (2025, null, null, null, null, '', null);
INSERT INTO person (id, first_name, last_name, middle_names, notes, sex, birth_id, death_id, burial_id, father_id, mother_id) VALUES (675, 'Olof', 'Thörn', '', '', 'UNKNOWN', 2023, 2024, 2025, null, null);

--======= Insert Person id: 676 =======
INSERT INTO location (id, city, country, region, notes, latitude, longitude, fetch_status) VALUES (802, 'Hörby', 'Sverige', '', '', 55.85147, 13.66159, 'FETCHED_WITH_SUCCESS');
INSERT INTO life_event (id, day, month, year, date, notes, location_id) VALUES (2026, 3, 5, 1942, '1942-05-03', '', 802);
INSERT INTO life_event (id, day, month, year, date, notes, location_id) VALUES (2027, null, null, null, null, '', null);
INSERT INTO life_event (id, day, month, year, date, notes, location_id) VALUES (2028, null, null, null, null, '', null);
INSERT INTO occupation (id, notes, day, month, year, date, location_id) VALUES (339, 'Maskintekniker', null, null, null, null, null);
INSERT INTO person (id, first_name, last_name, middle_names, notes, sex, birth_id, death_id, burial_id, father_id, mother_id) VALUES (676, 'Sven', 'Malmros', 'Uno', '', 'MAN', 2026, 2027, 2028, null, null);

--======= Insert Person id: 677 =======
INSERT INTO life_event (id, day, month, year, date, notes, location_id) VALUES (2029, null, null, 1976, '1976-01-01', '', null);
INSERT INTO life_event (id, day, month, year, date, notes, location_id) VALUES (2030, null, null, null, null, '', null);
INSERT INTO life_event (id, day, month, year, date, notes, location_id) VALUES (2031, null, null, null, null, '', null);
INSERT INTO person (id, first_name, last_name, middle_names, notes, sex, birth_id, death_id, burial_id, father_id, mother_id) VALUES (677, 'Annika', 'Malmros', '', '', 'UNKNOWN', 2029, 2030, 2031, null, null);

--======= Insert Person id: 678 =======
INSERT INTO location (id, city, country, region, notes, latitude, longitude, fetch_status) VALUES (803, 'Lund', 'Sverige', '', '', 55.70664, 13.18759, 'FETCHED_WITH_SUCCESS');
INSERT INTO life_event (id, day, month, year, date, notes, location_id) VALUES (2032, 5, 2, 1945, '1945-02-05', '', 803);
INSERT INTO life_event (id, day, month, year, date, notes, location_id) VALUES (2033, null, null, null, null, '', null);
INSERT INTO life_event (id, day, month, year, date, notes, location_id) VALUES (2034, null, null, null, null, '', null);
INSERT INTO occupation (id, notes, day, month, year, date, location_id) VALUES (340, 'Leg sjuksköterska', null, null, null, null, null);
INSERT INTO person (id, first_name, last_name, middle_names, notes, sex, birth_id, death_id, burial_id, father_id, mother_id) VALUES (678, 'Lena', 'Sjöström', 'Margareta', 'Studentexamen 1964 .
Verksam som skolsköterska vid internationella skolan i Stockholm.', 'WOMAN', 2032, 2033, 2034, null, null);

--======= Insert Person id: 679 =======
INSERT INTO life_event (id, day, month, year, date, notes, location_id) VALUES (2035, null, null, 1972, '1972-01-01', '', null);
INSERT INTO life_event (id, day, month, year, date, notes, location_id) VALUES (2036, null, null, null, null, '', null);
INSERT INTO life_event (id, day, month, year, date, notes, location_id) VALUES (2037, null, null, null, null, '', null);
INSERT INTO person (id, first_name, last_name, middle_names, notes, sex, birth_id, death_id, burial_id, father_id, mother_id) VALUES (679, 'Mette', 'Hamilton', '', '', 'UNKNOWN', 2035, 2036, 2037, null, null);

--======= Insert Person id: 680 =======
INSERT INTO life_event (id, day, month, year, date, notes, location_id) VALUES (2038, null, null, 1976, '1976-01-01', '', null);
INSERT INTO life_event (id, day, month, year, date, notes, location_id) VALUES (2039, null, null, null, null, '', null);
INSERT INTO life_event (id, day, month, year, date, notes, location_id) VALUES (2040, null, null, null, null, '', null);
INSERT INTO person (id, first_name, last_name, middle_names, notes, sex, birth_id, death_id, burial_id, father_id, mother_id) VALUES (680, 'Christoffer', 'Hamilton', '', '', 'UNKNOWN', 2038, 2039, 2040, null, null);

--======= Insert Person id: 681 =======
INSERT INTO life_event (id, day, month, year, date, notes, location_id) VALUES (2041, null, null, 1981, '1981-01-01', '', null);
INSERT INTO life_event (id, day, month, year, date, notes, location_id) VALUES (2042, null, null, null, null, '', null);
INSERT INTO life_event (id, day, month, year, date, notes, location_id) VALUES (2043, null, null, null, null, '', null);
INSERT INTO person (id, first_name, last_name, middle_names, notes, sex, birth_id, death_id, burial_id, father_id, mother_id) VALUES (681, 'Tobias', 'Hamilton', '', '', 'UNKNOWN', 2041, 2042, 2043, null, null);

--======= Insert Person id: 682 =======
INSERT INTO location (id, city, country, region, notes, latitude, longitude, fetch_status) VALUES (804, 'Karlskoga', 'Sverige', '', '', 59.32662, 14.52648, 'FETCHED_WITH_SUCCESS');
INSERT INTO life_event (id, day, month, year, date, notes, location_id) VALUES (2044, 30, 8, 1935, '1935-08-30', '', 804);
INSERT INTO life_event (id, day, month, year, date, notes, location_id) VALUES (2045, null, null, null, null, '', null);
INSERT INTO life_event (id, day, month, year, date, notes, location_id) VALUES (2046, null, null, null, null, '', null);
INSERT INTO person (id, first_name, last_name, middle_names, notes, sex, birth_id, death_id, burial_id, father_id, mother_id) VALUES (682, 'Birgitta', 'Tägström', 'Maria', '', 'WOMAN', 2044, 2045, 2046, null, null);

--======= Insert Person id: 683 =======
INSERT INTO location (id, city, country, region, notes, latitude, longitude, fetch_status) VALUES (805, 'Lesa', 'Italien', '', '', 45.83189, 8.5661, 'FETCHED_WITH_SUCCESS');
INSERT INTO life_event (id, day, month, year, date, notes, location_id) VALUES (2047, 7, 5, 1938, '1938-05-07', '', 805);
INSERT INTO life_event (id, day, month, year, date, notes, location_id) VALUES (2048, null, null, null, null, '', null);
INSERT INTO life_event (id, day, month, year, date, notes, location_id) VALUES (2049, null, null, null, null, '', null);
INSERT INTO person (id, first_name, last_name, middle_names, notes, sex, birth_id, death_id, burial_id, father_id, mother_id) VALUES (683, 'Roberto', 'Marforio', '', '', 'MAN', 2047, 2048, 2049, null, null);

--======= Insert Person id: 684 =======
INSERT INTO location (id, city, country, region, notes, latitude, longitude, fetch_status) VALUES (806, 'Lesa', 'Italien', '', '', 45.83189, 8.5661, 'FETCHED_WITH_SUCCESS');
INSERT INTO life_event (id, day, month, year, date, notes, location_id) VALUES (2050, 7, 5, 1938, '1938-05-07', '', 806);
INSERT INTO life_event (id, day, month, year, date, notes, location_id) VALUES (2051, null, null, null, null, '', null);
INSERT INTO life_event (id, day, month, year, date, notes, location_id) VALUES (2052, null, null, null, null, '', null);
INSERT INTO person (id, first_name, last_name, middle_names, notes, sex, birth_id, death_id, burial_id, father_id, mother_id) VALUES (684, 'Roberto', 'Marforio', '', '', 'UNKNOWN', 2050, 2051, 2052, null, null);

--======= Insert Person id: 685 =======
INSERT INTO location (id, city, country, region, notes, latitude, longitude, fetch_status) VALUES (807, 'Karlskoga', 'Sverige', '', '', 59.32662, 14.52648, 'FETCHED_WITH_SUCCESS');
INSERT INTO life_event (id, day, month, year, date, notes, location_id) VALUES (2053, 30, 8, 1935, '1935-08-30', '', 807);
INSERT INTO life_event (id, day, month, year, date, notes, location_id) VALUES (2054, null, null, null, null, '', null);
INSERT INTO life_event (id, day, month, year, date, notes, location_id) VALUES (2055, null, null, null, null, '', null);
INSERT INTO person (id, first_name, last_name, middle_names, notes, sex, birth_id, death_id, burial_id, father_id, mother_id) VALUES (685, 'Birgitta', 'Tägström', 'Maria', '', 'UNKNOWN', 2053, 2054, 2055, null, null);

--======= Insert Person id: 686 =======
INSERT INTO life_event (id, day, month, year, date, notes, location_id) VALUES (2056, 20, 4, 1957, '1957-04-20', '', null);
INSERT INTO life_event (id, day, month, year, date, notes, location_id) VALUES (2057, null, null, null, null, '', null);
INSERT INTO life_event (id, day, month, year, date, notes, location_id) VALUES (2058, null, null, null, null, '', null);
INSERT INTO person (id, first_name, last_name, middle_names, notes, sex, birth_id, death_id, burial_id, father_id, mother_id) VALUES (686, 'Martha', 'Serrano', '', 'Studerat vid Kansas state universitet.', 'WOMAN', 2056, 2057, 2058, null, null);

--======= Insert Person id: 687 =======
INSERT INTO life_event (id, day, month, year, date, notes, location_id) VALUES (2059, 5, 4, 1982, '1982-04-05', '', null);
INSERT INTO life_event (id, day, month, year, date, notes, location_id) VALUES (2060, null, null, null, null, '', null);
INSERT INTO life_event (id, day, month, year, date, notes, location_id) VALUES (2061, null, null, null, null, '', null);
INSERT INTO person (id, first_name, last_name, middle_names, notes, sex, birth_id, death_id, burial_id, father_id, mother_id) VALUES (687, 'Michael', 'Lynton', '', '', 'UNKNOWN', 2059, 2060, 2061, null, null);

--======= Insert Person id: 688 =======
INSERT INTO life_event (id, day, month, year, date, notes, location_id) VALUES (2062, 23, 8, 1984, '1984-08-23', '', null);
INSERT INTO life_event (id, day, month, year, date, notes, location_id) VALUES (2063, null, null, null, null, '', null);
INSERT INTO life_event (id, day, month, year, date, notes, location_id) VALUES (2064, null, null, null, null, '', null);
INSERT INTO person (id, first_name, last_name, middle_names, notes, sex, birth_id, death_id, burial_id, father_id, mother_id) VALUES (688, 'Daniel', 'Lynton', '', '', 'UNKNOWN', 2062, 2063, 2064, null, null);

--======= Insert Person id: 689 =======
INSERT INTO life_event (id, day, month, year, date, notes, location_id) VALUES (2065, 13, 10, 1987, '1987-10-13', '', null);
INSERT INTO life_event (id, day, month, year, date, notes, location_id) VALUES (2066, null, null, null, null, '', null);
INSERT INTO life_event (id, day, month, year, date, notes, location_id) VALUES (2067, null, null, null, null, '', null);
INSERT INTO person (id, first_name, last_name, middle_names, notes, sex, birth_id, death_id, burial_id, father_id, mother_id) VALUES (689, 'Stefan', 'Lynton', '', '', 'UNKNOWN', 2065, 2066, 2067, null, null);

--======= Insert Person id: 690 =======
INSERT INTO life_event (id, day, month, year, date, notes, location_id) VALUES (2068, 5, 11, 1990, '1990-11-05', '', null);
INSERT INTO life_event (id, day, month, year, date, notes, location_id) VALUES (2069, null, null, null, null, '', null);
INSERT INTO life_event (id, day, month, year, date, notes, location_id) VALUES (2070, null, null, null, null, '', null);
INSERT INTO person (id, first_name, last_name, middle_names, notes, sex, birth_id, death_id, burial_id, father_id, mother_id) VALUES (690, 'Christina', 'Lynton', '', '', 'UNKNOWN', 2068, 2069, 2070, null, null);

--======= Insert Person id: 691 =======
INSERT INTO location (id, city, country, region, notes, latitude, longitude, fetch_status) VALUES (808, 'Middletown', 'USA', 'Ohio', '', 39.51163, -84.40286, 'FETCHED_WITH_SUCCESS');
INSERT INTO life_event (id, day, month, year, date, notes, location_id) VALUES (2071, 18, 4, 1958, '1958-04-18', '', 808);
INSERT INTO life_event (id, day, month, year, date, notes, location_id) VALUES (2072, null, null, null, null, '', null);
INSERT INTO life_event (id, day, month, year, date, notes, location_id) VALUES (2073, null, null, null, null, '', null);
INSERT INTO occupation (id, notes, day, month, year, date, location_id) VALUES (341, 'Tax consultant', null, null, null, null, null);
INSERT INTO occupation (id, notes, day, month, year, date, location_id) VALUES (342, 'Cpa', null, null, null, null, null);
INSERT INTO person (id, first_name, last_name, middle_names, notes, sex, birth_id, death_id, burial_id, father_id, mother_id) VALUES (691, 'Matthew', 'Dumford', '', 'Miami University, BS i Business 1980.
Xavier University, Master of Business: Administration 1982.
University of Denver, Master of Taxation 1986.
Hobbies: jakt, fiske och bergsvandring.', 'MAN', 2071, 2072, 2073, null, null);

--======= Insert Person id: 692 =======
INSERT INTO life_event (id, day, month, year, date, notes, location_id) VALUES (2074, 4, 3, 1993, '1993-03-04', '', null);
INSERT INTO life_event (id, day, month, year, date, notes, location_id) VALUES (2075, null, null, null, null, '', null);
INSERT INTO life_event (id, day, month, year, date, notes, location_id) VALUES (2076, null, null, null, null, '', null);
INSERT INTO person (id, first_name, last_name, middle_names, notes, sex, birth_id, death_id, burial_id, father_id, mother_id) VALUES (692, 'Nicholas', 'Dumford', 'James', '', 'UNKNOWN', 2074, 2075, 2076, null, null);

--======= Insert Person id: 693 =======
INSERT INTO location (id, city, country, region, notes, latitude, longitude, fetch_status) VALUES (809, 'Salt lake City', 'USA', 'Utah', '', 40.76031, -111.88822, 'FETCHED_WITH_SUCCESS');
INSERT INTO life_event (id, day, month, year, date, notes, location_id) VALUES (2077, 20, 1, 1964, '1964-01-20', '', 809);
INSERT INTO life_event (id, day, month, year, date, notes, location_id) VALUES (2078, null, null, null, null, '', null);
INSERT INTO life_event (id, day, month, year, date, notes, location_id) VALUES (2079, null, null, null, null, '', null);
INSERT INTO person (id, first_name, last_name, middle_names, notes, sex, birth_id, death_id, burial_id, father_id, mother_id) VALUES (693, 'Jan', 'DeLeeun', '', 'BS i Communication/Business, University of Utah 1989.', 'UNKNOWN', 2077, 2078, 2079, null, null);

--======= Insert Person id: 694 =======
INSERT INTO life_event (id, day, month, year, date, notes, location_id) VALUES (2080, 3, 4, 1936, '1936-04-03', '', null);
INSERT INTO life_event (id, day, month, year, date, notes, location_id) VALUES (2081, null, null, null, null, '', null);
INSERT INTO life_event (id, day, month, year, date, notes, location_id) VALUES (2082, null, null, null, null, '', null);
INSERT INTO person (id, first_name, last_name, middle_names, notes, sex, birth_id, death_id, burial_id, father_id, mother_id) VALUES (694, 'Carl', 'Lindblad', 'Sven, Gerhard', '', 'UNKNOWN', 2080, 2081, 2082, null, null);

--======= Insert Person id: 695 =======
INSERT INTO life_event (id, day, month, year, date, notes, location_id) VALUES (2083, 8, 1, 1939, '1939-01-08', '', null);
INSERT INTO life_event (id, day, month, year, date, notes, location_id) VALUES (2084, null, null, null, null, '', null);
INSERT INTO life_event (id, day, month, year, date, notes, location_id) VALUES (2085, null, null, null, null, '', null);
INSERT INTO person (id, first_name, last_name, middle_names, notes, sex, birth_id, death_id, burial_id, father_id, mother_id) VALUES (695, 'Bo', 'Lindblad', 'Göran, Lechard', '', 'UNKNOWN', 2083, 2084, 2085, null, null);

--======= Insert Person id: 696 =======
INSERT INTO life_event (id, day, month, year, date, notes, location_id) VALUES (2086, 14, 11, 1941, '1941-11-14', '', null);
INSERT INTO life_event (id, day, month, year, date, notes, location_id) VALUES (2087, null, null, null, null, '', null);
INSERT INTO life_event (id, day, month, year, date, notes, location_id) VALUES (2088, null, null, null, null, '', null);
INSERT INTO person (id, first_name, last_name, middle_names, notes, sex, birth_id, death_id, burial_id, father_id, mother_id) VALUES (696, 'Lars', 'Lindblad', 'Henrik, Staffan', '', 'UNKNOWN', 2086, 2087, 2088, null, null);

--======= Insert Person id: 697 =======
INSERT INTO life_event (id, day, month, year, date, notes, location_id) VALUES (2089, null, null, null, null, '', null);
INSERT INTO life_event (id, day, month, year, date, notes, location_id) VALUES (2090, null, null, null, null, '', null);
INSERT INTO life_event (id, day, month, year, date, notes, location_id) VALUES (2091, null, null, null, null, '', null);
INSERT INTO person (id, first_name, last_name, middle_names, notes, sex, birth_id, death_id, burial_id, father_id, mother_id) VALUES (697, '', '', '', '', 'UNKNOWN', 2089, 2090, 2091, null, null);

--======= Insert Person id: 698 =======
INSERT INTO life_event (id, day, month, year, date, notes, location_id) VALUES (2092, 21, 1, 1687, '1687-01-21', '', null);
INSERT INTO location (id, city, country, region, notes, latitude, longitude, fetch_status) VALUES (810, 'Malmö', 'Sverige', '', '', 55.59669, 13.0011, 'FETCHED_WITH_SUCCESS');
INSERT INTO life_event (id, day, month, year, date, notes, location_id) VALUES (2093, 12, 1, 1758, '1758-01-12', '', 810);
INSERT INTO life_event (id, day, month, year, date, notes, location_id) VALUES (2094, null, null, null, null, '', null);
INSERT INTO person (id, first_name, last_name, middle_names, notes, sex, birth_id, death_id, burial_id, father_id, mother_id) VALUES (698, 'Helena', 'Faxe', 'Elna', '', 'WOMAN', 2092, 2093, 2094, null, null);

--======= Insert Person id: 699 =======
INSERT INTO location (id, city, country, region, notes, latitude, longitude, fetch_status) VALUES (811, 'Malmö', 'Sverige', '', '', 55.59669, 13.0011, 'FETCHED_WITH_SUCCESS');
INSERT INTO life_event (id, day, month, year, date, notes, location_id) VALUES (2095, null, null, 1656, '1656-01-01', '', 811);
INSERT INTO location (id, city, country, region, notes, latitude, longitude, fetch_status) VALUES (812, 'Skabersjö', 'Sverige', '', '', 55.54358, 13.16413, 'FETCHED_WITH_SUCCESS');
INSERT INTO life_event (id, day, month, year, date, notes, location_id) VALUES (2096, null, null, 1725, '1725-01-01', '', 812);
INSERT INTO life_event (id, day, month, year, date, notes, location_id) VALUES (2097, null, null, null, null, '', null);
INSERT INTO person (id, first_name, last_name, middle_names, notes, sex, birth_id, death_id, burial_id, father_id, mother_id) VALUES (699, 'Anna', 'Ledebur', '', '', 'WOMAN', 2095, 2096, 2097, null, null);

--======= Insert Person id: 700 =======
INSERT INTO location (id, city, country, region, notes, latitude, longitude, fetch_status) VALUES (813, 'Skabersjö', 'Sverige', '', '', 55.54358, 13.16413, 'FETCHED_WITH_SUCCESS');
INSERT INTO life_event (id, day, month, year, date, notes, location_id) VALUES (2098, null, null, 1659, '1659-01-01', '', 813);
INSERT INTO location (id, city, country, region, notes, latitude, longitude, fetch_status) VALUES (814, 'Skabersjö', 'Sverige', '', '', 55.54358, 13.16413, 'FETCHED_WITH_SUCCESS');
INSERT INTO life_event (id, day, month, year, date, notes, location_id) VALUES (2099, null, null, 1725, '1725-01-01', '', 814);
INSERT INTO life_event (id, day, month, year, date, notes, location_id) VALUES (2100, null, null, null, null, '', null);
INSERT INTO person (id, first_name, last_name, middle_names, notes, sex, birth_id, death_id, burial_id, father_id, mother_id) VALUES (700, 'Jakob', 'Faxe', '', '', 'MAN', 2098, 2099, 2100, null, null);

--======= Insert Person id: 701 =======
INSERT INTO location (id, city, country, region, notes, latitude, longitude, fetch_status) VALUES (815, 'Malmö', 'Sverige', '', '', 55.59669, 13.0011, 'FETCHED_WITH_SUCCESS');
INSERT INTO life_event (id, day, month, year, date, notes, location_id) VALUES (2101, null, null, 1712, '1712-01-01', '', 815);
INSERT INTO location (id, city, country, region, notes, latitude, longitude, fetch_status) VALUES (816, 'Stockholm', 'Sverige', '', '', 59.33257, 18.06683, 'FETCHED_WITH_SUCCESS');
INSERT INTO life_event (id, day, month, year, date, notes, location_id) VALUES (2102, 16, 12, 1747, '1747-12-16', '', 816);
INSERT INTO life_event (id, day, month, year, date, notes, location_id) VALUES (2103, null, null, null, null, '', null);
INSERT INTO occupation (id, notes, day, month, year, date, location_id) VALUES (343, 'Registrator', null, null, null, null, null);
INSERT INTO person (id, first_name, last_name, middle_names, notes, sex, birth_id, death_id, burial_id, father_id, mother_id) VALUES (701, 'Peter', 'Hegardt', '', '(Tab 43:196 i GS).
Döpt 1712-07-29 i Malmö (M).
Student 1728 i Lund (M).', 'UNKNOWN', 2101, 2102, 2103, null, null);

--======= Insert Person id: 702 =======
INSERT INTO location (id, city, country, region, notes, latitude, longitude, fetch_status) VALUES (817, 'Malmö', 'Sverige', '', '', 55.59669, 13.0011, 'FETCHED_WITH_SUCCESS');
INSERT INTO life_event (id, day, month, year, date, notes, location_id) VALUES (2104, 13, 7, 1713, '1713-07-13', '', 817);
INSERT INTO location (id, city, country, region, notes, latitude, longitude, fetch_status) VALUES (818, 'Stockholm', 'Sverige', '', '', 59.33257, 18.06683, 'FETCHED_WITH_SUCCESS');
INSERT INTO life_event (id, day, month, year, date, notes, location_id) VALUES (2105, 13, 9, 1775, '1775-09-13', '', 818);
INSERT INTO life_event (id, day, month, year, date, notes, location_id) VALUES (2106, null, null, null, null, '', null);
INSERT INTO occupation (id, notes, day, month, year, date, location_id) VALUES (344, 'Handlande och fabrikör i malmö', null, null, null, null, null);
INSERT INTO person (id, first_name, last_name, middle_names, notes, sex, birth_id, death_id, burial_id, father_id, mother_id) VALUES (702, 'Jakob', 'Hegardt', '', '(Tab 44 i GS).
Kyrkoföreståndare i Caroli församling från 1763 till 1767, då han flyttade till Stockholm. Riksdagsman i borgarståndet för Malmö 1761-62.', 'MAN', 2104, 2105, 2106, null, null);

--======= Insert Person id: 703 =======
INSERT INTO location (id, city, country, region, notes, latitude, longitude, fetch_status) VALUES (819, 'Malmö', 'Sverige', '', '', 55.59669, 13.0011, 'FETCHED_WITH_SUCCESS');
INSERT INTO life_event (id, day, month, year, date, notes, location_id) VALUES (2107, 21, 5, 1715, '1715-05-21', '', 819);
INSERT INTO location (id, city, country, region, notes, latitude, longitude, fetch_status) VALUES (820, 'Gävle', 'Sverige', '', '', 60.67366, 17.14557, 'FETCHED_WITH_SUCCESS');
INSERT INTO life_event (id, day, month, year, date, notes, location_id) VALUES (2108, 22, 6, 1772, '1772-06-22', '', 820);
INSERT INTO life_event (id, day, month, year, date, notes, location_id) VALUES (2109, null, null, null, null, '', null);
INSERT INTO occupation (id, notes, day, month, year, date, location_id) VALUES (345, 'Stadsläkare i gävle', null, null, null, null, null);
INSERT INTO person (id, first_name, last_name, middle_names, notes, sex, birth_id, death_id, burial_id, father_id, mother_id) VALUES (703, 'Cornelius', 'Hegardt', '', '(Tab 58 i GS).
Student i Lund 1731-42 och i Uppsala 1741-44.
Med dr 1744 i Uppsala (C).
Praktiserande läkare först i Stockholm, sedan i Uddevalla och slutligen i Gävle från 1754 till sin död 1772.', 'MAN', 2107, 2108, 2109, null, null);

--======= Insert Person id: 704 =======
INSERT INTO location (id, city, country, region, notes, latitude, longitude, fetch_status) VALUES (821, 'Malmö', 'Sverige', '', '', 55.59669, 13.0011, 'FETCHED_WITH_SUCCESS');
INSERT INTO life_event (id, day, month, year, date, notes, location_id) VALUES (2110, 6, 8, 1717, '1717-08-06', '', 821);
INSERT INTO location (id, city, country, region, notes, latitude, longitude, fetch_status) VALUES (822, 'Stockholm', 'Sverige', '', '', 59.33257, 18.06683, 'FETCHED_WITH_SUCCESS');
INSERT INTO life_event (id, day, month, year, date, notes, location_id) VALUES (2111, 14, 10, 1749, '1749-10-14', '', 822);
INSERT INTO life_event (id, day, month, year, date, notes, location_id) VALUES (2112, null, null, null, null, '', null);
INSERT INTO occupation (id, notes, day, month, year, date, location_id) VALUES (346, 'Handlande', null, null, null, null, null);
INSERT INTO person (id, first_name, last_name, middle_names, notes, sex, birth_id, death_id, burial_id, father_id, mother_id) VALUES (704, 'Lorenz', 'Hegardt', '', '(Tab 43:262 i GS).', 'UNKNOWN', 2110, 2111, 2112, null, null);

--======= Insert Person id: 705 =======
INSERT INTO location (id, city, country, region, notes, latitude, longitude, fetch_status) VALUES (823, 'Malmö', 'Sverige', '', '', 55.59669, 13.0011, 'FETCHED_WITH_SUCCESS');
INSERT INTO life_event (id, day, month, year, date, notes, location_id) VALUES (2113, 8, 9, 1718, '1718-09-08', '', 823);
INSERT INTO location (id, city, country, region, notes, latitude, longitude, fetch_status) VALUES (824, 'Stockholm', 'Sverige', '', '', 59.33257, 18.06683, 'FETCHED_WITH_SUCCESS');
INSERT INTO life_event (id, day, month, year, date, notes, location_id) VALUES (2114, 18, 7, 1773, '1773-07-18', '', 824);
INSERT INTO life_event (id, day, month, year, date, notes, location_id) VALUES (2115, null, null, null, null, '', null);
INSERT INTO person (id, first_name, last_name, middle_names, notes, sex, birth_id, death_id, burial_id, father_id, mother_id) VALUES (705, 'Georg', 'Hegardt', '', '(Tab 43:263 i GS).
Student i Lund 1731. Fältnotarie 1743. Advokatfiskal i kommerskollegium 1747 och assessor där 1759 (eller 1757). Kommerseråd 1767.
"Han var en arbetsam ämbetsman; men lätt och vänlig i umgänget. Var fattig rättssökande fann i honom alltid en ömhjärtad förespråkare. En snäll arbetare var säker om hans uppmuntran. En medellös slöjd-idkare fann i honom en förläggare, som mera såg på nöjet att nära slöjden än egen vinning. Utom dess både skrev han och talte för frihet i slöjder och näringar. Till klädedräkten var han allvarsam och enkel, ehuru välmående man. Till seder ostrafflig; av medelmåttig växt och något mager. De senare åren sjuklig. Medbröder, underhavande och vänner, men isynnerhet fattige slöjdidkare, sörja och sakna honom." (Nya Alm Tidningen 11/8 1773.)', 'UNKNOWN', 2113, 2114, 2115, null, null);

--======= Insert Person id: 706 =======
INSERT INTO location (id, city, country, region, notes, latitude, longitude, fetch_status) VALUES (825, 'Malmö', 'Sverige', '', '', 55.59669, 13.0011, 'FETCHED_WITH_SUCCESS');
INSERT INTO life_event (id, day, month, year, date, notes, location_id) VALUES (2116, 17, 12, 1720, '1720-12-17', '', 825);
INSERT INTO location (id, city, country, region, notes, latitude, longitude, fetch_status) VALUES (826, 'Malmö', 'Sverige', '', '', 55.59669, 13.0011, 'FETCHED_WITH_SUCCESS');
INSERT INTO life_event (id, day, month, year, date, notes, location_id) VALUES (2117, 28, 7, 1754, '1754-07-28', '', 826);
INSERT INTO life_event (id, day, month, year, date, notes, location_id) VALUES (2118, null, null, null, null, '', null);
INSERT INTO person (id, first_name, last_name, middle_names, notes, sex, birth_id, death_id, burial_id, father_id, mother_id) VALUES (706, 'Johan', 'Hegardt', '', '(Tab 43:264 i GS).
Student i Lund 1737. Fil mag 1743 och prästvigd 1746. Bataljons-predikant vid Garnisonsregementet (Prins Gustafs) i Malmö samma år. Kommenderad med regementet till Landskrona 1746?47, på Carlstens fästning 1747?49, i Karlskrona 1750?52 och till Sveaborg 1752?54. Enl Sjöström, Skånska nationen i Lund, hade han vid sin död förslagsrum till V Sallerups pastorat och var gift ("enkan hette Helena").', 'UNKNOWN', 2116, 2117, 2118, null, null);

--======= Insert Person id: 707 =======
INSERT INTO location (id, city, country, region, notes, latitude, longitude, fetch_status) VALUES (827, 'Malmö', 'Sverige', '', '', 55.59669, 13.0011, 'FETCHED_WITH_SUCCESS');
INSERT INTO life_event (id, day, month, year, date, notes, location_id) VALUES (2119, 25, 7, 1723, '1723-07-25', '', 827);
INSERT INTO location (id, city, country, region, notes, latitude, longitude, fetch_status) VALUES (828, 'Malmö', 'Sverige', '', '', 55.59669, 13.0011, 'FETCHED_WITH_SUCCESS');
INSERT INTO life_event (id, day, month, year, date, notes, location_id) VALUES (2120, 16, 4, 1783, '1783-04-16', '', 828);
INSERT INTO life_event (id, day, month, year, date, notes, location_id) VALUES (2121, null, null, null, null, '', null);
INSERT INTO occupation (id, notes, day, month, year, date, location_id) VALUES (347, 'Handlande i malmö', null, null, null, null, null);
INSERT INTO person (id, first_name, last_name, middle_names, notes, sex, birth_id, death_id, burial_id, father_id, mother_id) VALUES (707, 'Gustaf', 'Hegardt', '', '(Tab 59 i GS).
Efterlämnade en rätt ansenlig förmögenhet.', 'MAN', 2119, 2120, 2121, null, null);

--======= Insert Person id: 708 =======
INSERT INTO location (id, city, country, region, notes, latitude, longitude, fetch_status) VALUES (829, 'Malmö', 'Sverige', '', '', 55.59669, 13.0011, 'FETCHED_WITH_SUCCESS');
INSERT INTO life_event (id, day, month, year, date, notes, location_id) VALUES (2122, 26, 10, 1730, '1730-10-26', '', 829);
INSERT INTO location (id, city, country, region, notes, latitude, longitude, fetch_status) VALUES (830, 'Malmö', 'Sverige', '', '', 55.59669, 13.0011, 'FETCHED_WITH_SUCCESS');
INSERT INTO life_event (id, day, month, year, date, notes, location_id) VALUES (2123, 9, 1, 1784, '1784-01-09', '', 830);
INSERT INTO life_event (id, day, month, year, date, notes, location_id) VALUES (2124, null, null, null, null, '', null);
INSERT INTO person (id, first_name, last_name, middle_names, notes, sex, birth_id, death_id, burial_id, father_id, mother_id) VALUES (708, 'Anna', 'Hegardt', 'Katarina', '(Tab 43:272 i GS).', 'WOMAN', 2122, 2123, 2124, null, null);

--======= Insert Person id: 709 =======
INSERT INTO location (id, city, country, region, notes, latitude, longitude, fetch_status) VALUES (831, 'Gävle', 'Sverige', '', '', 60.67366, 17.14557, 'FETCHED_WITH_SUCCESS');
INSERT INTO life_event (id, day, month, year, date, notes, location_id) VALUES (2125, 15, 3, 1728, '1728-03-15', '', 831);
INSERT INTO location (id, city, country, region, notes, latitude, longitude, fetch_status) VALUES (832, 'Stockholm', 'Sverige', '', '', 59.33257, 18.06683, 'FETCHED_WITH_SUCCESS');
INSERT INTO life_event (id, day, month, year, date, notes, location_id) VALUES (2126, null, null, 1770, '1770-01-01', '', 832);
INSERT INTO life_event (id, day, month, year, date, notes, location_id) VALUES (2127, null, null, null, null, '', null);
INSERT INTO person (id, first_name, last_name, middle_names, notes, sex, birth_id, death_id, burial_id, father_id, mother_id) VALUES (709, 'Brita', 'Amberg', 'Katarina', '', 'WOMAN', 2125, 2126, 2127, null, null);

--======= Insert Person id: 710 =======
INSERT INTO location (id, city, country, region, notes, latitude, longitude, fetch_status) VALUES (833, 'Malmö', 'Sverige', '', '', 55.59669, 13.0011, 'FETCHED_WITH_SUCCESS');
INSERT INTO life_event (id, day, month, year, date, notes, location_id) VALUES (2128, 4, 12, 1751, '1751-12-04', '', 833);
INSERT INTO location (id, city, country, region, notes, latitude, longitude, fetch_status) VALUES (834, 'ung', 'Sverige', '', '', 59.33257, 18.06682, 'FETCHED_WITH_SUCCESS');
INSERT INTO life_event (id, day, month, year, date, notes, location_id) VALUES (2129, null, null, null, null, '', 834);
INSERT INTO life_event (id, day, month, year, date, notes, location_id) VALUES (2130, null, null, null, null, '', null);
INSERT INTO person (id, first_name, last_name, middle_names, notes, sex, birth_id, death_id, burial_id, father_id, mother_id) VALUES (710, 'Peter', 'Hegardt', '', '(Tab 44:198 i GS).', 'UNKNOWN', 2128, 2129, 2130, null, null);

--======= Insert Person id: 711 =======
INSERT INTO location (id, city, country, region, notes, latitude, longitude, fetch_status) VALUES (835, 'Malmö', 'Sverige', '', '', 55.59669, 13.0011, 'FETCHED_WITH_SUCCESS');
INSERT INTO life_event (id, day, month, year, date, notes, location_id) VALUES (2131, 15, 6, 1753, '1753-06-15', '', 835);
INSERT INTO location (id, city, country, region, notes, latitude, longitude, fetch_status) VALUES (836, 'Stockholm', 'Sverige', '', '', 59.33257, 18.06683, 'FETCHED_WITH_SUCCESS');
INSERT INTO life_event (id, day, month, year, date, notes, location_id) VALUES (2132, 6, 7, 1788, '1788-07-06', '', 836);
INSERT INTO life_event (id, day, month, year, date, notes, location_id) VALUES (2133, null, null, null, null, '', null);
INSERT INTO occupation (id, notes, day, month, year, date, location_id) VALUES (348, 'Grosshandlare i stockholm', null, null, null, null, null);
INSERT INTO person (id, first_name, last_name, middle_names, notes, sex, birth_id, death_id, burial_id, father_id, mother_id) VALUES (711, 'Lars', 'Hegardt', '', '(Tab 45 i GS).
Student 1772 i Lund (M).
Rec 1784 i frimurarlogen S:t Erik. Rec 1787 i Arla Coldiuorden.', 'MAN', 2131, 2132, 2133, null, null);

--======= Insert Person id: 712 =======
INSERT INTO location (id, city, country, region, notes, latitude, longitude, fetch_status) VALUES (837, 'Malmö', 'Sverige', '', '', 55.59669, 13.0011, 'FETCHED_WITH_SUCCESS');
INSERT INTO life_event (id, day, month, year, date, notes, location_id) VALUES (2134, 17, 8, 1754, '1754-08-17', '', 837);
INSERT INTO location (id, city, country, region, notes, latitude, longitude, fetch_status) VALUES (838, 'Stockholm', 'Sverige', '', '', 59.33257, 18.06683, 'FETCHED_WITH_SUCCESS');
INSERT INTO life_event (id, day, month, year, date, notes, location_id) VALUES (2135, 10, 1, 1818, '1818-01-10', '', 838);
INSERT INTO life_event (id, day, month, year, date, notes, location_id) VALUES (2136, null, null, null, null, '', null);
INSERT INTO occupation (id, notes, day, month, year, date, location_id) VALUES (349, 'Grosshandlare i stockholm', null, null, null, null, null);
INSERT INTO person (id, first_name, last_name, middle_names, notes, sex, birth_id, death_id, burial_id, father_id, mother_id) VALUES (712, 'Peter', 'Hegardt', '', '(Tab 54 i GS).
Hans hustru var svägerska till hans bror.
Ägde sockerbruket vid Wollmar Yxhullsgatan och egendomen Ørnsberg i Brännkyrka.', 'MAN', 2134, 2135, 2136, null, null);

--======= Insert Person id: 713 =======
INSERT INTO location (id, city, country, region, notes, latitude, longitude, fetch_status) VALUES (839, 'Malmö', 'Sverige', '', '', 55.59669, 13.0011, 'FETCHED_WITH_SUCCESS');
INSERT INTO life_event (id, day, month, year, date, notes, location_id) VALUES (2137, 26, 4, 1756, '1756-04-26', '', 839);
INSERT INTO location (id, city, country, region, notes, latitude, longitude, fetch_status) VALUES (840, 'Malmö', 'Sverige', '', '', 55.59669, 13.0011, 'FETCHED_WITH_SUCCESS');
INSERT INTO life_event (id, day, month, year, date, notes, location_id) VALUES (2138, 28, 6, 1759, '1759-06-28', '', 840);
INSERT INTO life_event (id, day, month, year, date, notes, location_id) VALUES (2139, null, null, null, null, '', null);
INSERT INTO person (id, first_name, last_name, middle_names, notes, sex, birth_id, death_id, burial_id, father_id, mother_id) VALUES (713, 'Helena', 'Hegardt', 'Katarina', '(Tab 44:240 i GS).', 'UNKNOWN', 2137, 2138, 2139, null, null);

--======= Insert Person id: 714 =======
INSERT INTO location (id, city, country, region, notes, latitude, longitude, fetch_status) VALUES (841, 'Malmö', 'Sverige', '', '', 55.59669, 13.0011, 'FETCHED_WITH_SUCCESS');
INSERT INTO life_event (id, day, month, year, date, notes, location_id) VALUES (2140, 22, 7, 1757, '1757-07-22', '', 841);
INSERT INTO location (id, city, country, region, notes, latitude, longitude, fetch_status) VALUES (842, 'på Ulriksdal', 'Solna', '', '', 59.38725, 18.01739, 'FETCHED_WITH_SUCCESS');
INSERT INTO life_event (id, day, month, year, date, notes, location_id) VALUES (2141, 1, 8, 1823, '1823-08-01', '', 842);
INSERT INTO life_event (id, day, month, year, date, notes, location_id) VALUES (2142, null, null, null, null, '', null);
INSERT INTO occupation (id, notes, day, month, year, date, location_id) VALUES (350, 'Sjökapten', null, null, null, null, null);
INSERT INTO person (id, first_name, last_name, middle_names, notes, sex, birth_id, death_id, burial_id, father_id, mother_id) VALUES (714, 'Georg', 'Hegardt', '', '(Tab 56 i GS).
"Den 23/6 1772 begav han sig ut på sin första sjöresa och under en sådan begick han den 13/6 1779 första gången H Nattvard i svensk-finska församlingen i Reval. Han emottog skepparefartyg 1784 och återvände hem först 1790, vilket år den 6/3 han blev konstituerad till fänrik vid Arméns flotta och erhöll befäl å mörsarebåten nr 4.
Under detta års krig bevistade han striderna vid Reval, Fredrikshamn och Björkö ävensom slaget vid Svensksund den 9/7, varefter han erhöll den mindre guldmedaljen.
Sin konfirmationsfullmakt fick han daterad den 22/7 med tur från den 6/5, men med lön på extra stat.
Såsom chef å kanonslupen nr 47 beordrades han den 25/2 1808 till Malmö och i egenskap av chef för däckade kanonslupen nr 11 bevistade han striden vid Ratan och Piteå älv i augusti 1809. År 1812 tjänstgjorde han såsom (sekond)chef å galären ''Stockholm'' och 1813-1814 å galären ''Småland'' på expeditionen från Stockholm till Pommern samt vidare till Landskrona och Karlskrona. Avsked 1820 30/11.
Giktbruten, nästan lam i båda händerna och utan pension blev han på ansökan antagen till invalid den 28 augusti 1822. --- Begraven på Solna kyrkogård." (Bergström, Invalidinrättningen på Ulriksdal.) H, som även i officiella handlingar nämns som ''underlöjtnant'', antogs 1789 15/10 till över- och uppbördsskeppare vid arméns flotta. Vid denna tjänstgjorde han, utom ovanstående tider, även året 1792. Under åren 1793-1807 förde han handelsfartyg på Østersjöhamnar.', 'MAN', 2140, 2141, 2142, null, null);

--======= Insert Person id: 715 =======
INSERT INTO location (id, city, country, region, notes, latitude, longitude, fetch_status) VALUES (843, 'Malmö', 'Sverige', '', '', 55.59669, 13.0011, 'FETCHED_WITH_SUCCESS');
INSERT INTO life_event (id, day, month, year, date, notes, location_id) VALUES (2143, 26, 6, 1759, '1759-06-26', '', 843);
INSERT INTO location (id, city, country, region, notes, latitude, longitude, fetch_status) VALUES (844, 'i Malmö', 'Sverige', '', '', 55.59669, 13.0011, 'FETCHED_WITH_SUCCESS');
INSERT INTO life_event (id, day, month, year, date, notes, location_id) VALUES (2144, null, null, null, null, '', 844);
INSERT INTO life_event (id, day, month, year, date, notes, location_id) VALUES (2145, null, null, null, null, '', null);
INSERT INTO person (id, first_name, last_name, middle_names, notes, sex, birth_id, death_id, burial_id, father_id, mother_id) VALUES (715, 'Niklas', 'Hegardt', '', '(Tab 44:253 i GS).', 'UNKNOWN', 2143, 2144, 2145, null, null);

--======= Insert Person id: 716 =======
INSERT INTO location (id, city, country, region, notes, latitude, longitude, fetch_status) VALUES (845, 'Malmö', 'Sverige', '', '', 55.59669, 13.0011, 'FETCHED_WITH_SUCCESS');
INSERT INTO life_event (id, day, month, year, date, notes, location_id) VALUES (2146, null, null, 1763, '1763-01-01', '', 845);
INSERT INTO location (id, city, country, region, notes, latitude, longitude, fetch_status) VALUES (846, 'tre dagar gammal', 'Sverige', '', '', 63.39333, 12.92415, 'FETCHED_WITH_SUCCESS');
INSERT INTO life_event (id, day, month, year, date, notes, location_id) VALUES (2147, null, null, 1763, '1763-01-01', '', 846);
INSERT INTO life_event (id, day, month, year, date, notes, location_id) VALUES (2148, null, null, null, null, '', null);
INSERT INTO person (id, first_name, last_name, middle_names, notes, sex, birth_id, death_id, burial_id, father_id, mother_id) VALUES (716, 'en', 'son', '', '', 'UNKNOWN', 2146, 2147, 2148, null, null);

--======= Insert Person id: 717 =======
INSERT INTO location (id, city, country, region, notes, latitude, longitude, fetch_status) VALUES (847, 'Malmö', 'Sverige', '', '', 55.59669, 13.0011, 'FETCHED_WITH_SUCCESS');
INSERT INTO life_event (id, day, month, year, date, notes, location_id) VALUES (2149, 9, 12, 1766, '1766-12-09', '', 847);
INSERT INTO location (id, city, country, region, notes, latitude, longitude, fetch_status) VALUES (848, 'Stockholm', 'Sverige', '', '', 59.33257, 18.06683, 'FETCHED_WITH_SUCCESS');
INSERT INTO life_event (id, day, month, year, date, notes, location_id) VALUES (2150, 25, 12, 1842, '1842-12-25', '', 848);
INSERT INTO life_event (id, day, month, year, date, notes, location_id) VALUES (2151, null, null, null, null, '', null);
INSERT INTO person (id, first_name, last_name, middle_names, notes, sex, birth_id, death_id, burial_id, father_id, mother_id) VALUES (717, 'Ulrika', 'Hegardt', 'Sofia', '(Tab 44:255 i GS).', 'UNKNOWN', 2149, 2150, 2151, null, null);

--======= Insert Person id: 718 =======
INSERT INTO life_event (id, day, month, year, date, notes, location_id) VALUES (2152, null, null, 1713, '1713-01-01', '', null);
INSERT INTO location (id, city, country, region, notes, latitude, longitude, fetch_status) VALUES (849, 'Gävle', 'Sverige', '', '', 60.67366, 17.14557, 'FETCHED_WITH_SUCCESS');
INSERT INTO life_event (id, day, month, year, date, notes, location_id) VALUES (2153, 22, 6, 1759, '1759-06-22', '', 849);
INSERT INTO life_event (id, day, month, year, date, notes, location_id) VALUES (2154, null, null, null, null, '', null);
INSERT INTO person (id, first_name, last_name, middle_names, notes, sex, birth_id, death_id, burial_id, father_id, mother_id) VALUES (718, 'Sara', 'Schoultz', '', '', 'WOMAN', 2152, 2153, 2154, null, null);

--======= Insert Person id: 719 =======
INSERT INTO location (id, city, country, region, notes, latitude, longitude, fetch_status) VALUES (850, 'Gävle', 'Sverige', '', '', 60.67366, 17.14557, 'FETCHED_WITH_SUCCESS');
INSERT INTO life_event (id, day, month, year, date, notes, location_id) VALUES (2155, 18, 7, 1736, '1736-07-18', '', 850);
INSERT INTO location (id, city, country, region, notes, latitude, longitude, fetch_status) VALUES (851, 'Gävle', 'Sverige', '', '', 60.67366, 17.14557, 'FETCHED_WITH_SUCCESS');
INSERT INTO life_event (id, day, month, year, date, notes, location_id) VALUES (2156, 25, 12, 1821, '1821-12-25', '', 851);
INSERT INTO life_event (id, day, month, year, date, notes, location_id) VALUES (2157, null, null, null, null, '', null);
INSERT INTO person (id, first_name, last_name, middle_names, notes, sex, birth_id, death_id, burial_id, father_id, mother_id) VALUES (719, 'Sara', 'Hassenbalck', 'Maria', '', 'WOMAN', 2155, 2156, 2157, null, null);

--======= Insert Person id: 720 =======
INSERT INTO location (id, city, country, region, notes, latitude, longitude, fetch_status) VALUES (852, 'Uddevalla', 'Sverige', '', '', 58.35096, 11.93264, 'FETCHED_WITH_SUCCESS');
INSERT INTO life_event (id, day, month, year, date, notes, location_id) VALUES (2158, 8, 7, 1748, '1748-07-08', '', 852);
INSERT INTO location (id, city, country, region, notes, latitude, longitude, fetch_status) VALUES (853, 'Uddevalla', 'Sverige', '', '', 58.35096, 11.93264, 'FETCHED_WITH_SUCCESS');
INSERT INTO life_event (id, day, month, year, date, notes, location_id) VALUES (2159, 12, 5, 1749, '1749-05-12', '', 853);
INSERT INTO life_event (id, day, month, year, date, notes, location_id) VALUES (2160, null, null, null, null, '', null);
INSERT INTO person (id, first_name, last_name, middle_names, notes, sex, birth_id, death_id, burial_id, father_id, mother_id) VALUES (720, 'Peter', 'Hegardt', 'Israël', '(Tab 58:257i GS).', 'UNKNOWN', 2158, 2159, 2160, null, null);

--======= Insert Person id: 721 =======
INSERT INTO location (id, city, country, region, notes, latitude, longitude, fetch_status) VALUES (854, 'Uddevalla', 'Sverige', '', '', 58.35096, 11.93264, 'FETCHED_WITH_SUCCESS');
INSERT INTO life_event (id, day, month, year, date, notes, location_id) VALUES (2161, 28, 3, 1750, '1750-03-28', '', 854);
INSERT INTO location (id, city, country, region, notes, latitude, longitude, fetch_status) VALUES (855, 'Gävle', 'Sverige', '', '', 60.67366, 17.14557, 'FETCHED_WITH_SUCCESS');
INSERT INTO life_event (id, day, month, year, date, notes, location_id) VALUES (2162, 22, 5, 1822, '1822-05-22', '', 855);
INSERT INTO life_event (id, day, month, year, date, notes, location_id) VALUES (2163, null, null, null, null, '', null);
INSERT INTO person (id, first_name, last_name, middle_names, notes, sex, birth_id, death_id, burial_id, father_id, mother_id) VALUES (721, 'Helena', 'Hegardt', 'Beata', '(Tab 58:258 i GS).', 'UNKNOWN', 2161, 2162, 2163, null, null);

--======= Insert Person id: 722 =======
INSERT INTO location (id, city, country, region, notes, latitude, longitude, fetch_status) VALUES (856, 'Uddevalla', 'Sverige', '', '', 58.35096, 11.93264, 'FETCHED_WITH_SUCCESS');
INSERT INTO life_event (id, day, month, year, date, notes, location_id) VALUES (2164, 22, 2, 1752, '1752-02-22', '', 856);
INSERT INTO location (id, city, country, region, notes, latitude, longitude, fetch_status) VALUES (857, 'Gävle', 'Sverige', '', '', 60.67366, 17.14557, 'FETCHED_WITH_SUCCESS');
INSERT INTO life_event (id, day, month, year, date, notes, location_id) VALUES (2165, 4, 7, 1757, '1757-07-04', '', 857);
INSERT INTO life_event (id, day, month, year, date, notes, location_id) VALUES (2166, null, null, null, null, '', null);
INSERT INTO person (id, first_name, last_name, middle_names, notes, sex, birth_id, death_id, burial_id, father_id, mother_id) VALUES (722, 'Anna', 'Hegardt', 'Lovisa', '(Tab 58:259 i GS).', 'UNKNOWN', 2164, 2165, 2166, null, null);

--======= Insert Person id: 723 =======
INSERT INTO location (id, city, country, region, notes, latitude, longitude, fetch_status) VALUES (858, 'Uddevalla', 'Sverige', '', '', 58.35096, 11.93264, 'FETCHED_WITH_SUCCESS');
INSERT INTO life_event (id, day, month, year, date, notes, location_id) VALUES (2167, 25, 7, 1754, '1754-07-25', '', 858);
INSERT INTO location (id, city, country, region, notes, latitude, longitude, fetch_status) VALUES (859, 'Uddevalla', 'Sverige', '', '', 58.35096, 11.93264, 'FETCHED_WITH_SUCCESS');
INSERT INTO life_event (id, day, month, year, date, notes, location_id) VALUES (2168, 28, 6, 1755, '1755-06-28', '', 859);
INSERT INTO life_event (id, day, month, year, date, notes, location_id) VALUES (2169, null, null, null, null, '', null);
INSERT INTO person (id, first_name, last_name, middle_names, notes, sex, birth_id, death_id, burial_id, father_id, mother_id) VALUES (723, 'Karl', 'Hegardt', 'Gustaf', '(Tab 58:260 i GS).', 'UNKNOWN', 2167, 2168, 2169, null, null);

--======= Insert Person id: 724 =======
INSERT INTO location (id, city, country, region, notes, latitude, longitude, fetch_status) VALUES (860, 'Gävle', 'Sverige', '', '', 60.67366, 17.14557, 'FETCHED_WITH_SUCCESS');
INSERT INTO life_event (id, day, month, year, date, notes, location_id) VALUES (2170, 15, 8, 1761, '1761-08-15', '', 860);
INSERT INTO location (id, city, country, region, notes, latitude, longitude, fetch_status) VALUES (861, 'Gävle', 'Sverige', '', '', 60.67366, 17.14557, 'FETCHED_WITH_SUCCESS');
INSERT INTO life_event (id, day, month, year, date, notes, location_id) VALUES (2171, 1, 10, 1831, '1831-10-01', '', 861);
INSERT INTO life_event (id, day, month, year, date, notes, location_id) VALUES (2172, null, null, null, null, '', null);
INSERT INTO person (id, first_name, last_name, middle_names, notes, sex, birth_id, death_id, burial_id, father_id, mother_id) VALUES (724, 'Margareta', 'Hegardt', 'Elisabet', '(Tab 58:261 i GS).', 'UNKNOWN', 2170, 2171, 2172, null, null);

--======= Insert Person id: 725 =======
INSERT INTO location (id, city, country, region, notes, latitude, longitude, fetch_status) VALUES (862, 'Malmö', 'Sverige', '', '', 55.59669, 13.0011, 'FETCHED_WITH_SUCCESS');
INSERT INTO life_event (id, day, month, year, date, notes, location_id) VALUES (2173, 11, 10, 1740, '1740-10-11', '', 862);
INSERT INTO location (id, city, country, region, notes, latitude, longitude, fetch_status) VALUES (863, 'Malmö', 'Sverige', '', '', 55.59669, 13.0011, 'FETCHED_WITH_SUCCESS');
INSERT INTO life_event (id, day, month, year, date, notes, location_id) VALUES (2174, 13, 10, 1773, '1773-10-13', '', 863);
INSERT INTO life_event (id, day, month, year, date, notes, location_id) VALUES (2175, null, null, null, null, '', null);
INSERT INTO person (id, first_name, last_name, middle_names, notes, sex, birth_id, death_id, burial_id, father_id, mother_id) VALUES (725, 'Margareta', 'Morsing', '', '', 'WOMAN', 2173, 2174, 2175, null, null);

--======= Insert Person id: 726 =======
INSERT INTO location (id, city, country, region, notes, latitude, longitude, fetch_status) VALUES (864, 'Malmö', 'Sverige', '', '', 55.59669, 13.0011, 'FETCHED_WITH_SUCCESS');
INSERT INTO life_event (id, day, month, year, date, notes, location_id) VALUES (2176, 7, 9, 1756, '1756-09-07', '', 864);
INSERT INTO location (id, city, country, region, notes, latitude, longitude, fetch_status) VALUES (865, 'Malmö', 'Sverige', '', '', 55.59669, 13.0011, 'FETCHED_WITH_SUCCESS');
INSERT INTO life_event (id, day, month, year, date, notes, location_id) VALUES (2177, 24, 11, 1826, '1826-11-24', '', 865);
INSERT INTO life_event (id, day, month, year, date, notes, location_id) VALUES (2178, null, null, null, null, '', null);
INSERT INTO person (id, first_name, last_name, middle_names, notes, sex, birth_id, death_id, burial_id, father_id, mother_id) VALUES (726, 'Helena', 'Hegardt', 'Elisabet', '(Tab 59:266 i GS).', 'UNKNOWN', 2176, 2177, 2178, null, null);

--======= Insert Person id: 727 =======
INSERT INTO location (id, city, country, region, notes, latitude, longitude, fetch_status) VALUES (866, 'Malmö', 'Sverige', '', '', 55.59669, 13.0011, 'FETCHED_WITH_SUCCESS');
INSERT INTO life_event (id, day, month, year, date, notes, location_id) VALUES (2179, 24, 6, 1762, '1762-06-24', '', 866);
INSERT INTO location (id, city, country, region, notes, latitude, longitude, fetch_status) VALUES (867, 'Malmö', 'Sverige', '', '', 55.59669, 13.0011, 'FETCHED_WITH_SUCCESS');
INSERT INTO life_event (id, day, month, year, date, notes, location_id) VALUES (2180, 30, 6, 1841, '1841-06-30', '', 867);
INSERT INTO life_event (id, day, month, year, date, notes, location_id) VALUES (2181, null, null, null, null, '', null);
INSERT INTO person (id, first_name, last_name, middle_names, notes, sex, birth_id, death_id, burial_id, father_id, mother_id) VALUES (727, 'Helena', 'Hegardt', 'Margareta', '(Tab 59:267 i GS).', 'UNKNOWN', 2179, 2180, 2181, null, null);

--======= Insert Person id: 728 =======
INSERT INTO location (id, city, country, region, notes, latitude, longitude, fetch_status) VALUES (868, 'Malmö', 'Sverige', '', '', 55.59669, 13.0011, 'FETCHED_WITH_SUCCESS');
INSERT INTO life_event (id, day, month, year, date, notes, location_id) VALUES (2182, 1, 9, 1763, '1763-09-01', '', 868);
INSERT INTO location (id, city, country, region, notes, latitude, longitude, fetch_status) VALUES (869, 'Malmö', 'Sverige', '', '', 55.59669, 13.0011, 'FETCHED_WITH_SUCCESS');
INSERT INTO life_event (id, day, month, year, date, notes, location_id) VALUES (2183, 20, 2, 1787, '1787-02-20', '', 869);
INSERT INTO life_event (id, day, month, year, date, notes, location_id) VALUES (2184, null, null, null, null, '', null);
INSERT INTO person (id, first_name, last_name, middle_names, notes, sex, birth_id, death_id, burial_id, father_id, mother_id) VALUES (728, 'Agneta', 'Hegardt', 'Rebecka', '(Tab 59:268 i GS).', 'UNKNOWN', 2182, 2183, 2184, null, null);

--======= Insert Person id: 729 =======
INSERT INTO location (id, city, country, region, notes, latitude, longitude, fetch_status) VALUES (870, 'Malmö', 'Sverige', '', '', 55.59669, 13.0011, 'FETCHED_WITH_SUCCESS');
INSERT INTO life_event (id, day, month, year, date, notes, location_id) VALUES (2185, 30, 12, 1764, '1764-12-30', '', 870);
INSERT INTO location (id, city, country, region, notes, latitude, longitude, fetch_status) VALUES (871, 'Malmö', 'Sverige', '', '', 55.59669, 13.0011, 'FETCHED_WITH_SUCCESS');
INSERT INTO life_event (id, day, month, year, date, notes, location_id) VALUES (2186, 21, 3, 1824, '1824-03-21', '', 871);
INSERT INTO life_event (id, day, month, year, date, notes, location_id) VALUES (2187, null, null, null, null, '', null);
INSERT INTO person (id, first_name, last_name, middle_names, notes, sex, birth_id, death_id, burial_id, father_id, mother_id) VALUES (729, 'Gustafva', 'Hegardt', '', '(Tab 59:269 i GS).
Gustafva Borg H-dt skänkte 1824 en invändigt förgylld oblatask av silver, som vägde 245 gr, till Caroli kyrka i Malmö.', 'WOMAN', 2185, 2186, 2187, null, null);

--======= Insert Person id: 730 =======
INSERT INTO location (id, city, country, region, notes, latitude, longitude, fetch_status) VALUES (872, 'Malmö', 'Sverige', '', '', 55.59669, 13.0011, 'FETCHED_WITH_SUCCESS');
INSERT INTO life_event (id, day, month, year, date, notes, location_id) VALUES (2188, 9, 5, 1766, '1766-05-09', '', 872);
INSERT INTO location (id, city, country, region, notes, latitude, longitude, fetch_status) VALUES (873, 'Malmö', 'Sverige', '', '', 55.59669, 13.0011, 'FETCHED_WITH_SUCCESS');
INSERT INTO life_event (id, day, month, year, date, notes, location_id) VALUES (2189, 7, 2, 1831, '1831-02-07', '', 873);
INSERT INTO life_event (id, day, month, year, date, notes, location_id) VALUES (2190, null, null, null, null, '', null);
INSERT INTO person (id, first_name, last_name, middle_names, notes, sex, birth_id, death_id, burial_id, father_id, mother_id) VALUES (730, 'Katarina', 'Hegardt', '', '(Tab 59:270 i GS).
Hon var kusin med sin make (se tabell 77).', 'UNKNOWN', 2188, 2189, 2190, null, null);

--======= Insert Person id: 731 =======
INSERT INTO location (id, city, country, region, notes, latitude, longitude, fetch_status) VALUES (874, 'Malmö', 'Sverige', '', '', 55.59669, 13.0011, 'FETCHED_WITH_SUCCESS');
INSERT INTO life_event (id, day, month, year, date, notes, location_id) VALUES (2191, 5, 3, 1771, '1771-03-05', '', 874);
INSERT INTO location (id, city, country, region, notes, latitude, longitude, fetch_status) VALUES (875, 'Malmö', 'Sverige', '', '', 55.59669, 13.0011, 'FETCHED_WITH_SUCCESS');
INSERT INTO life_event (id, day, month, year, date, notes, location_id) VALUES (2192, 21, 9, 1790, '1790-09-21', '', 875);
INSERT INTO life_event (id, day, month, year, date, notes, location_id) VALUES (2193, null, null, null, null, '', null);
INSERT INTO person (id, first_name, last_name, middle_names, notes, sex, birth_id, death_id, burial_id, father_id, mother_id) VALUES (731, 'Mathiana', 'Hegardt', '', '(Tab 59:271 i GS).', 'UNKNOWN', 2191, 2192, 2193, null, null);

--======= Insert Person id: 732 =======
INSERT INTO location (id, city, country, region, notes, latitude, longitude, fetch_status) VALUES (876, 'Greifswald', 'Tyskland', '', '', 54.09731, 13.38423, 'FETCHED_WITH_SUCCESS');
INSERT INTO life_event (id, day, month, year, date, notes, location_id) VALUES (2194, 26, 3, 1723, '1723-03-26', '', 876);
INSERT INTO location (id, city, country, region, notes, latitude, longitude, fetch_status) VALUES (877, 'Malmö', 'Sverige', '', '', 55.59669, 13.0011, 'FETCHED_WITH_SUCCESS');
INSERT INTO life_event (id, day, month, year, date, notes, location_id) VALUES (2195, 22, 4, 1776, '1776-04-22', '', 877);
INSERT INTO life_event (id, day, month, year, date, notes, location_id) VALUES (2196, null, null, null, null, '', null);
INSERT INTO occupation (id, notes, day, month, year, date, location_id) VALUES (351, 'Pastor primarius i tyska församlingen i malmö', null, null, null, null, null);
INSERT INTO person (id, first_name, last_name, middle_names, notes, sex, birth_id, death_id, burial_id, father_id, mother_id) VALUES (732, 'Anders', 'Trendelenburg', 'Filip', '', 'MAN', 2194, 2195, 2196, null, null);

--======= Insert Person id: 733 =======
INSERT INTO location (id, city, country, region, notes, latitude, longitude, fetch_status) VALUES (878, 'Malmö', 'Sverige', '', '', 55.59669, 13.0011, 'FETCHED_WITH_SUCCESS');
INSERT INTO life_event (id, day, month, year, date, notes, location_id) VALUES (2197, 25, 5, 1755, '1755-05-25', '', 878);
INSERT INTO location (id, city, country, region, notes, latitude, longitude, fetch_status) VALUES (879, 'Malmö', 'Sverige', '', '', 55.59669, 13.0011, 'FETCHED_WITH_SUCCESS');
INSERT INTO life_event (id, day, month, year, date, notes, location_id) VALUES (2198, 1, 9, 1820, '1820-09-01', '', 879);
INSERT INTO life_event (id, day, month, year, date, notes, location_id) VALUES (2199, null, null, null, null, '', null);
INSERT INTO occupation (id, notes, day, month, year, date, location_id) VALUES (352, 'Med dr och professor', null, null, null, null, null);
INSERT INTO person (id, first_name, last_name, middle_names, notes, sex, birth_id, death_id, burial_id, father_id, mother_id) VALUES (733, 'Caspar', 'Trendelenburg', '', '', 'UNKNOWN', 2197, 2198, 2199, null, null);

--======= Insert Person id: 734 =======
INSERT INTO life_event (id, day, month, year, date, notes, location_id) VALUES (2200, null, null, null, null, '', null);
INSERT INTO life_event (id, day, month, year, date, notes, location_id) VALUES (2201, null, null, null, null, '', null);
INSERT INTO life_event (id, day, month, year, date, notes, location_id) VALUES (2202, null, null, null, null, '', null);
INSERT INTO person (id, first_name, last_name, middle_names, notes, sex, birth_id, death_id, burial_id, father_id, mother_id) VALUES (734, 'Anna', 'Mört', 'Katarina', '', 'WOMAN', 2200, 2201, 2202, null, null);

--======= Insert Person id: 735 =======
INSERT INTO life_event (id, day, month, year, date, notes, location_id) VALUES (2203, null, null, null, null, '', null);
INSERT INTO life_event (id, day, month, year, date, notes, location_id) VALUES (2204, null, null, null, null, '', null);
INSERT INTO life_event (id, day, month, year, date, notes, location_id) VALUES (2205, null, null, null, null, '', null);
INSERT INTO person (id, first_name, last_name, middle_names, notes, sex, birth_id, death_id, burial_id, father_id, mother_id) VALUES (735, 'Lars', 'Amberg', '', '', 'MAN', 2203, 2204, 2205, null, null);

--======= Insert Person id: 736 =======
INSERT INTO location (id, city, country, region, notes, latitude, longitude, fetch_status) VALUES (880, 'Stockholm', 'Sverige', '', '', 59.33257, 18.06683, 'FETCHED_WITH_SUCCESS');
INSERT INTO life_event (id, day, month, year, date, notes, location_id) VALUES (2206, 16, 7, 1758, '1758-07-16', '', 880);
INSERT INTO location (id, city, country, region, notes, latitude, longitude, fetch_status) VALUES (881, 'Stockholm', 'Sverige', '', '', 59.33257, 18.06683, 'FETCHED_WITH_SUCCESS');
INSERT INTO life_event (id, day, month, year, date, notes, location_id) VALUES (2207, 9, 9, 1834, '1834-09-09', '', 881);
INSERT INTO life_event (id, day, month, year, date, notes, location_id) VALUES (2208, null, null, null, null, '', null);
INSERT INTO person (id, first_name, last_name, middle_names, notes, sex, birth_id, death_id, burial_id, father_id, mother_id) VALUES (736, 'Eva', 'Ailly', 'Maria, d', '', 'WOMAN', 2206, 2207, 2208, null, null);

--======= Insert Person id: 737 =======
INSERT INTO location (id, city, country, region, notes, latitude, longitude, fetch_status) VALUES (882, 'Stockholm', 'Sverige', '', '', 59.33257, 18.06683, 'FETCHED_WITH_SUCCESS');
INSERT INTO life_event (id, day, month, year, date, notes, location_id) VALUES (2209, 20, 7, 1780, '1780-07-20', '', 882);
INSERT INTO location (id, city, country, region, notes, latitude, longitude, fetch_status) VALUES (883, 'Stockholm', 'Sverige', '', '', 59.33257, 18.06683, 'FETCHED_WITH_SUCCESS');
INSERT INTO life_event (id, day, month, year, date, notes, location_id) VALUES (2210, 12, 12, 1793, '1793-12-12', '', 883);
INSERT INTO life_event (id, day, month, year, date, notes, location_id) VALUES (2211, null, null, null, null, '', null);
INSERT INTO person (id, first_name, last_name, middle_names, notes, sex, birth_id, death_id, burial_id, father_id, mother_id) VALUES (737, 'Jakob', 'Hegardt', '', '(Tab 45:200 i GS).', 'UNKNOWN', 2209, 2210, 2211, null, null);

--======= Insert Person id: 738 =======
INSERT INTO location (id, city, country, region, notes, latitude, longitude, fetch_status) VALUES (884, 'Stockholm', 'Sverige', '', '', 59.33257, 18.06683, 'FETCHED_WITH_SUCCESS');
INSERT INTO life_event (id, day, month, year, date, notes, location_id) VALUES (2212, 26, 9, 1781, '1781-09-26', '', 884);
INSERT INTO location (id, city, country, region, notes, latitude, longitude, fetch_status) VALUES (885, 'Stockholm', 'Sverige', '', '', 59.33257, 18.06683, 'FETCHED_WITH_SUCCESS');
INSERT INTO life_event (id, day, month, year, date, notes, location_id) VALUES (2213, 23, 3, 1860, '1860-03-23', '', 885);
INSERT INTO life_event (id, day, month, year, date, notes, location_id) VALUES (2214, null, null, null, null, '', null);
INSERT INTO person (id, first_name, last_name, middle_names, notes, sex, birth_id, death_id, burial_id, father_id, mother_id) VALUES (738, 'Eva', 'Hegardt', 'Charlotta', '(Tab 45:201 i GS).', 'UNKNOWN', 2212, 2213, 2214, null, null);

--======= Insert Person id: 739 =======
INSERT INTO location (id, city, country, region, notes, latitude, longitude, fetch_status) VALUES (886, 'Stockholm', 'Sverige', '', '', 59.33257, 18.06683, 'FETCHED_WITH_SUCCESS');
INSERT INTO life_event (id, day, month, year, date, notes, location_id) VALUES (2215, 14, 6, 1783, '1783-06-14', '', 886);
INSERT INTO location (id, city, country, region, notes, latitude, longitude, fetch_status) VALUES (887, 'Stockholm', 'Sverige', '', '', 59.33257, 18.06683, 'FETCHED_WITH_SUCCESS');
INSERT INTO life_event (id, day, month, year, date, notes, location_id) VALUES (2216, 4, 4, 1857, '1857-04-04', '', 887);
INSERT INTO life_event (id, day, month, year, date, notes, location_id) VALUES (2217, null, null, null, null, '', null);
INSERT INTO occupation (id, notes, day, month, year, date, location_id) VALUES (353, 'Grosshandlare i stockholm under firma j f erdman o co', null, null, null, null, null);
INSERT INTO person (id, first_name, last_name, middle_names, notes, sex, birth_id, death_id, burial_id, father_id, mother_id) VALUES (739, 'Gustaf', 'Hegardt', '', '(Tab 46 i GS).
RNO. "Var en av huvudstadens äldste och mest ansedde samt länge en av dess störste järnexportörer." (St D 7/4 1857). Rec 1814 i frimurarlogen S:t Erik.', 'MAN', 2215, 2216, 2217, null, null);

--======= Insert Person id: 740 =======
INSERT INTO location (id, city, country, region, notes, latitude, longitude, fetch_status) VALUES (888, 'Stockholm', 'Sverige', '', '', 59.33257, 18.06683, 'FETCHED_WITH_SUCCESS');
INSERT INTO life_event (id, day, month, year, date, notes, location_id) VALUES (2218, 31, 1, 1785, '1785-01-31', '', 888);
INSERT INTO location (id, city, country, region, notes, latitude, longitude, fetch_status) VALUES (889, 'Solna', 'Sverige', '', '', 59.35869, 18.00296, 'FETCHED_WITH_SUCCESS');
INSERT INTO life_event (id, day, month, year, date, notes, location_id) VALUES (2219, 27, 8, 1846, '1846-08-27', '', 889);
INSERT INTO life_event (id, day, month, year, date, notes, location_id) VALUES (2220, null, null, null, null, '', null);
INSERT INTO person (id, first_name, last_name, middle_names, notes, sex, birth_id, death_id, burial_id, father_id, mother_id) VALUES (740, 'Helena', 'Hegardt', 'Katarina', '(Tab 45:228 i GS).', 'UNKNOWN', 2218, 2219, 2220, null, null);

--======= Insert Person id: 741 =======
INSERT INTO location (id, city, country, region, notes, latitude, longitude, fetch_status) VALUES (890, 'Stockholm', 'Sverige', '', '', 59.33257, 18.06683, 'FETCHED_WITH_SUCCESS');
INSERT INTO life_event (id, day, month, year, date, notes, location_id) VALUES (2221, 7, 8, 1757, '1757-08-07', '', 890);
INSERT INTO location (id, city, country, region, notes, latitude, longitude, fetch_status) VALUES (891, 'Stockholm', 'Sverige', '', '', 59.33257, 18.06683, 'FETCHED_WITH_SUCCESS');
INSERT INTO life_event (id, day, month, year, date, notes, location_id) VALUES (2222, 21, 5, 1822, '1822-05-21', '', 891);
INSERT INTO life_event (id, day, month, year, date, notes, location_id) VALUES (2223, null, null, null, null, '', null);
INSERT INTO person (id, first_name, last_name, middle_names, notes, sex, birth_id, death_id, burial_id, father_id, mother_id) VALUES (741, 'Sara', 'Ailly', 'd', '', 'WOMAN', 2221, 2222, 2223, null, null);

--======= Insert Person id: 742 =======
INSERT INTO location (id, city, country, region, notes, latitude, longitude, fetch_status) VALUES (892, 'Stockholm', 'Sverige', '', '', 59.33257, 18.06683, 'FETCHED_WITH_SUCCESS');
INSERT INTO life_event (id, day, month, year, date, notes, location_id) VALUES (2224, 20, 6, 1781, '1781-06-20', '', 892);
INSERT INTO location (id, city, country, region, notes, latitude, longitude, fetch_status) VALUES (893, 'Stockholm', 'Sverige', '', '', 59.33257, 18.06683, 'FETCHED_WITH_SUCCESS');
INSERT INTO life_event (id, day, month, year, date, notes, location_id) VALUES (2225, 12, 2, 1855, '1855-02-12', '', 893);
INSERT INTO life_event (id, day, month, year, date, notes, location_id) VALUES (2226, null, null, null, null, '', null);
INSERT INTO person (id, first_name, last_name, middle_names, notes, sex, birth_id, death_id, burial_id, father_id, mother_id) VALUES (742, 'Maria', 'Hegardt', 'Gustafva', '(Tab 54:230 i GS).', 'UNKNOWN', 2224, 2225, 2226, null, null);

--======= Insert Person id: 743 =======
INSERT INTO location (id, city, country, region, notes, latitude, longitude, fetch_status) VALUES (894, 'Stockholm', 'Sverige', '', '', 59.33257, 18.06683, 'FETCHED_WITH_SUCCESS');
INSERT INTO life_event (id, day, month, year, date, notes, location_id) VALUES (2227, 3, 9, 1782, '1782-09-03', '', 894);
INSERT INTO location (id, city, country, region, notes, latitude, longitude, fetch_status) VALUES (895, 'Stockholm', 'Sverige', '', '', 59.33257, 18.06683, 'FETCHED_WITH_SUCCESS');
INSERT INTO life_event (id, day, month, year, date, notes, location_id) VALUES (2228, 21, 11, 1784, '1784-11-21', '', 895);
INSERT INTO life_event (id, day, month, year, date, notes, location_id) VALUES (2229, null, null, null, null, '', null);
INSERT INTO person (id, first_name, last_name, middle_names, notes, sex, birth_id, death_id, burial_id, father_id, mother_id) VALUES (743, 'Johannes', 'Hegardt', '', '(Tab 54:231 i GS).', 'UNKNOWN', 2227, 2228, 2229, null, null);

--======= Insert Person id: 744 =======
INSERT INTO location (id, city, country, region, notes, latitude, longitude, fetch_status) VALUES (896, 'Stockholm', 'Sverige', '', '', 59.33257, 18.06683, 'FETCHED_WITH_SUCCESS');
INSERT INTO life_event (id, day, month, year, date, notes, location_id) VALUES (2230, 21, 9, 1783, '1783-09-21', '', 896);
INSERT INTO location (id, city, country, region, notes, latitude, longitude, fetch_status) VALUES (897, 'Stockholm', 'Sverige', '', '', 59.33257, 18.06683, 'FETCHED_WITH_SUCCESS');
INSERT INTO life_event (id, day, month, year, date, notes, location_id) VALUES (2231, 2, 10, 1783, '1783-10-02', '', 897);
INSERT INTO life_event (id, day, month, year, date, notes, location_id) VALUES (2232, null, null, null, null, '', null);
INSERT INTO person (id, first_name, last_name, middle_names, notes, sex, birth_id, death_id, burial_id, father_id, mother_id) VALUES (744, 'Karl', 'Hegardt', 'Peter', '(Tab 54:232 i GS).', 'UNKNOWN', 2230, 2231, 2232, null, null);

--======= Insert Person id: 745 =======
INSERT INTO location (id, city, country, region, notes, latitude, longitude, fetch_status) VALUES (898, 'Stockholm', 'Sverige', '', '', 59.33257, 18.06683, 'FETCHED_WITH_SUCCESS');
INSERT INTO life_event (id, day, month, year, date, notes, location_id) VALUES (2233, 11, 3, 1788, '1788-03-11', '', 898);
INSERT INTO location (id, city, country, region, notes, latitude, longitude, fetch_status) VALUES (899, 'Stockholm', 'Sverige', '', '', 59.33257, 18.06683, 'FETCHED_WITH_SUCCESS');
INSERT INTO life_event (id, day, month, year, date, notes, location_id) VALUES (2234, 4, 8, 1823, '1823-08-04', '', 899);
INSERT INTO life_event (id, day, month, year, date, notes, location_id) VALUES (2235, null, null, null, null, '', null);
INSERT INTO person (id, first_name, last_name, middle_names, notes, sex, birth_id, death_id, burial_id, father_id, mother_id) VALUES (745, 'Jakobina', 'Hegardt', 'Katarina', '(Tab 54:233 i GS).', 'UNKNOWN', 2233, 2234, 2235, null, null);

--======= Insert Person id: 746 =======
INSERT INTO location (id, city, country, region, notes, latitude, longitude, fetch_status) VALUES (900, 'Stockholm', 'Sverige', '', '', 59.33257, 18.06683, 'FETCHED_WITH_SUCCESS');
INSERT INTO life_event (id, day, month, year, date, notes, location_id) VALUES (2236, 1, 6, 1789, '1789-06-01', '', 900);
INSERT INTO location (id, city, country, region, notes, latitude, longitude, fetch_status) VALUES (901, 'Stockholm', 'Sverige', '', '', 59.33257, 18.06683, 'FETCHED_WITH_SUCCESS');
INSERT INTO life_event (id, day, month, year, date, notes, location_id) VALUES (2237, 7, 9, 1793, '1793-09-07', '', 901);
INSERT INTO life_event (id, day, month, year, date, notes, location_id) VALUES (2238, null, null, null, null, '', null);
INSERT INTO person (id, first_name, last_name, middle_names, notes, sex, birth_id, death_id, burial_id, father_id, mother_id) VALUES (746, 'Georg', 'Hegardt', 'Peter', '(Tab 54:234 i GS).', 'UNKNOWN', 2236, 2237, 2238, null, null);

--======= Insert Person id: 747 =======
INSERT INTO location (id, city, country, region, notes, latitude, longitude, fetch_status) VALUES (902, 'Stockholm', 'Sverige', '', '', 59.33257, 18.06683, 'FETCHED_WITH_SUCCESS');
INSERT INTO life_event (id, day, month, year, date, notes, location_id) VALUES (2239, 22, 1, 1791, '1791-01-22', '', 902);
INSERT INTO location (id, city, country, region, notes, latitude, longitude, fetch_status) VALUES (903, 'Stockholm', 'Sverige', '', '', 59.33257, 18.06683, 'FETCHED_WITH_SUCCESS');
INSERT INTO life_event (id, day, month, year, date, notes, location_id) VALUES (2240, 18, 2, 1819, '1819-02-18', '', 903);
INSERT INTO life_event (id, day, month, year, date, notes, location_id) VALUES (2241, null, null, null, null, '', null);
INSERT INTO occupation (id, notes, day, month, year, date, location_id) VALUES (354, 'Grosshandlare och sockerbruksägare i stockholm', null, null, null, null, null);
INSERT INTO person (id, first_name, last_name, middle_names, notes, sex, birth_id, death_id, burial_id, father_id, mother_id) VALUES (747, 'Johan', 'Hegardt', 'Jakob', '(Tab 54:235 i GS).', 'UNKNOWN', 2239, 2240, 2241, null, null);

--======= Insert Person id: 748 =======
INSERT INTO location (id, city, country, region, notes, latitude, longitude, fetch_status) VALUES (904, 'Stockholm', 'Sverige', '', '', 59.33257, 18.06683, 'FETCHED_WITH_SUCCESS');
INSERT INTO life_event (id, day, month, year, date, notes, location_id) VALUES (2242, 25, 7, 1793, '1793-07-25', '', 904);
INSERT INTO location (id, city, country, region, notes, latitude, longitude, fetch_status) VALUES (905, 'Piteå', 'Sverige', '', '', 65.3201, 21.47392, 'FETCHED_WITH_SUCCESS');
INSERT INTO life_event (id, day, month, year, date, notes, location_id) VALUES (2243, 15, 4, 1829, '1829-04-15', '', 905);
INSERT INTO life_event (id, day, month, year, date, notes, location_id) VALUES (2244, null, null, null, null, '', null);
INSERT INTO occupation (id, notes, day, month, year, date, location_id) VALUES (355, 'Grosshandlare i stockholm', null, null, null, null, null);
INSERT INTO person (id, first_name, last_name, middle_names, notes, sex, birth_id, death_id, burial_id, father_id, mother_id) VALUES (748, 'Karl', 'Hegardt', 'Axel', '(Tab 55 i GS).
Burskap som borgare 1818-06-30 i Stockholm (AB).', 'MAN', 2242, 2243, 2244, null, null);

--======= Insert Person id: 749 =======
INSERT INTO life_event (id, day, month, year, date, notes, location_id) VALUES (2245, null, null, 1761, '1761-01-01', '', null);
INSERT INTO location (id, city, country, region, notes, latitude, longitude, fetch_status) VALUES (906, 'Stockholm', 'Sverige', '', '', 59.33257, 18.06683, 'FETCHED_WITH_SUCCESS');
INSERT INTO life_event (id, day, month, year, date, notes, location_id) VALUES (2246, 20, 5, 1821, '1821-05-20', '', 906);
INSERT INTO life_event (id, day, month, year, date, notes, location_id) VALUES (2247, null, null, null, null, '', null);
INSERT INTO person (id, first_name, last_name, middle_names, notes, sex, birth_id, death_id, burial_id, father_id, mother_id) VALUES (749, 'Johanna', 'Lindkvist', 'Magdalena', '', 'WOMAN', 2245, 2246, 2247, null, null);

--======= Insert Person id: 750 =======
INSERT INTO location (id, city, country, region, notes, latitude, longitude, fetch_status) VALUES (907, 'Stockholm', 'Sverige', '', '', 59.33257, 18.06683, 'FETCHED_WITH_SUCCESS');
INSERT INTO life_event (id, day, month, year, date, notes, location_id) VALUES (2248, 4, 9, 1785, '1785-09-04', '', 907);
INSERT INTO life_event (id, day, month, year, date, notes, location_id) VALUES (2249, null, null, 1868, '1868-01-01', '', null);
INSERT INTO life_event (id, day, month, year, date, notes, location_id) VALUES (2250, null, null, null, null, '', null);
INSERT INTO person (id, first_name, last_name, middle_names, notes, sex, birth_id, death_id, burial_id, father_id, mother_id) VALUES (750, 'Sofia', 'Hegardt', 'Magdalena', '(Tab 56:242 i GS).', 'UNKNOWN', 2248, 2249, 2250, null, null);

--======= Insert Person id: 751 =======
INSERT INTO location (id, city, country, region, notes, latitude, longitude, fetch_status) VALUES (908, 'Stockholm', 'Sverige', '', '', 59.33257, 18.06683, 'FETCHED_WITH_SUCCESS');
INSERT INTO life_event (id, day, month, year, date, notes, location_id) VALUES (2251, null, null, 1786, '1786-01-01', '', 908);
INSERT INTO location (id, city, country, region, notes, latitude, longitude, fetch_status) VALUES (909, 'Stockholm', 'Sverige', '', '', 59.33257, 18.06683, 'FETCHED_WITH_SUCCESS');
INSERT INTO life_event (id, day, month, year, date, notes, location_id) VALUES (2252, 14, 8, 1787, '1787-08-14', '', 909);
INSERT INTO life_event (id, day, month, year, date, notes, location_id) VALUES (2253, null, null, null, null, '', null);
INSERT INTO person (id, first_name, last_name, middle_names, notes, sex, birth_id, death_id, burial_id, father_id, mother_id) VALUES (751, 'Brita', 'Hegardt', 'Maria', '(Tab 56:243 i GS).
Döpt 1786-10-18.', 'UNKNOWN', 2251, 2252, 2253, null, null);

--======= Insert Person id: 752 =======
INSERT INTO location (id, city, country, region, notes, latitude, longitude, fetch_status) VALUES (910, 'Stockholm', 'Sverige', '', '', 59.33257, 18.06683, 'FETCHED_WITH_SUCCESS');
INSERT INTO life_event (id, day, month, year, date, notes, location_id) VALUES (2254, 26, 10, 1791, '1791-10-26', '', 910);
INSERT INTO location (id, city, country, region, notes, latitude, longitude, fetch_status) VALUES (911, 'Stockholm', 'Sverige', '', '', 59.33257, 18.06683, 'FETCHED_WITH_SUCCESS');
INSERT INTO life_event (id, day, month, year, date, notes, location_id) VALUES (2255, 23, 2, 1792, '1792-02-23', '', 911);
INSERT INTO life_event (id, day, month, year, date, notes, location_id) VALUES (2256, null, null, null, null, '', null);
INSERT INTO person (id, first_name, last_name, middle_names, notes, sex, birth_id, death_id, burial_id, father_id, mother_id) VALUES (752, 'Gustaf', 'Hegardt', 'Georg', '(Tab 56:244 i GS).', 'UNKNOWN', 2254, 2255, 2256, null, null);

--======= Insert Person id: 753 =======
INSERT INTO location (id, city, country, region, notes, latitude, longitude, fetch_status) VALUES (912, 'Stockholm', 'Sverige', '', '', 59.33257, 18.06683, 'FETCHED_WITH_SUCCESS');
INSERT INTO life_event (id, day, month, year, date, notes, location_id) VALUES (2257, 23, 12, 1792, '1792-12-23', '', 912);
INSERT INTO life_event (id, day, month, year, date, notes, location_id) VALUES (2258, null, null, null, null, '', null);
INSERT INTO life_event (id, day, month, year, date, notes, location_id) VALUES (2259, null, null, null, null, '', null);
INSERT INTO occupation (id, notes, day, month, year, date, location_id) VALUES (356, 'Tobaksfabrikör i stockholm', null, null, null, null, null);
INSERT INTO person (id, first_name, last_name, middle_names, notes, sex, birth_id, death_id, burial_id, father_id, mother_id) VALUES (753, 'Peter', 'Hegardt', 'Vilhelm', '(Tab 56:245 i GS).
Utflyttad till Nordamerika från Stockholm (AB).', 'UNKNOWN', 2257, 2258, 2259, null, null);

--======= Insert Person id: 754 =======
INSERT INTO location (id, city, country, region, notes, latitude, longitude, fetch_status) VALUES (913, 'Stockholm', 'Sverige', '', '', 59.33257, 18.06683, 'FETCHED_WITH_SUCCESS');
INSERT INTO life_event (id, day, month, year, date, notes, location_id) VALUES (2260, 12, 12, 1793, '1793-12-12', '', 913);
INSERT INTO location (id, city, country, region, notes, latitude, longitude, fetch_status) VALUES (914, 'Stockholm', 'Sverige', '', '', 59.33257, 18.06683, 'FETCHED_WITH_SUCCESS');
INSERT INTO life_event (id, day, month, year, date, notes, location_id) VALUES (2261, 1, 3, 1794, '1794-03-01', '', 914);
INSERT INTO life_event (id, day, month, year, date, notes, location_id) VALUES (2262, null, null, null, null, '', null);
INSERT INTO person (id, first_name, last_name, middle_names, notes, sex, birth_id, death_id, burial_id, father_id, mother_id) VALUES (754, 'Jakob', 'Hegardt', 'Lorenz', '(Tab 56:246 i GS).', 'UNKNOWN', 2260, 2261, 2262, null, null);

--======= Insert Person id: 755 =======
INSERT INTO location (id, city, country, region, notes, latitude, longitude, fetch_status) VALUES (915, 'Stockholm', 'Sverige', '', '', 59.33257, 18.06683, 'FETCHED_WITH_SUCCESS');
INSERT INTO life_event (id, day, month, year, date, notes, location_id) VALUES (2263, 4, 2, 1795, '1795-02-04', '', 915);
INSERT INTO location (id, city, country, region, notes, latitude, longitude, fetch_status) VALUES (916, 'Stockholm', 'Sverige', '', '', 59.33257, 18.06683, 'FETCHED_WITH_SUCCESS');
INSERT INTO life_event (id, day, month, year, date, notes, location_id) VALUES (2264, 20, 3, 1795, '1795-03-20', '', 916);
INSERT INTO life_event (id, day, month, year, date, notes, location_id) VALUES (2265, null, null, null, null, '', null);
INSERT INTO person (id, first_name, last_name, middle_names, notes, sex, birth_id, death_id, burial_id, father_id, mother_id) VALUES (755, 'Gustaf', 'Hegardt', 'Adolf', '(Tab 56:247 i GS).', 'UNKNOWN', 2263, 2264, 2265, null, null);

--======= Insert Person id: 756 =======
INSERT INTO location (id, city, country, region, notes, latitude, longitude, fetch_status) VALUES (917, 'Stockholm', 'Sverige', '', '', 59.33257, 18.06683, 'FETCHED_WITH_SUCCESS');
INSERT INTO life_event (id, day, month, year, date, notes, location_id) VALUES (2266, 8, 3, 1797, '1797-03-08', '', 917);
INSERT INTO location (id, city, country, region, notes, latitude, longitude, fetch_status) VALUES (918, 'Stockholm', 'Sverige', '', '', 59.33257, 18.06683, 'FETCHED_WITH_SUCCESS');
INSERT INTO life_event (id, day, month, year, date, notes, location_id) VALUES (2267, 15, 7, 1872, '1872-07-15', '', 918);
INSERT INTO life_event (id, day, month, year, date, notes, location_id) VALUES (2268, null, null, null, null, '', null);
INSERT INTO occupation (id, notes, day, month, year, date, location_id) VALUES (357, 'Sjökapten', null, null, null, null, null);
INSERT INTO person (id, first_name, last_name, middle_names, notes, sex, birth_id, death_id, burial_id, father_id, mother_id) VALUES (756, 'Fredrik', 'Hegardt', 'Lorenz', '(Tab 56:248 i GS).
Gick vid unga år till sjöss och förde länge fartyg ? bl a briggen ''Beate Marie'' ? med spannmålslaster mellan Odessa och Marseille. Var 1740-46 bosatt på sin gård Grinda i Värmdö sn och 1746-50 på Øverby i Bettna sn, vilken han också ägde och där han särskilt ägnade sig åt sin passion, fiske, samt från sistnämnda år i Stockholm. Han skall ha ägt det vackraste ''gubbansikte'' man kunde få se, inramat i silvervita lockar.', 'MAN', 2266, 2267, 2268, null, null);

--======= Insert Person id: 757 =======
INSERT INTO location (id, city, country, region, notes, latitude, longitude, fetch_status) VALUES (919, 'Stockholm', 'Sverige', '', '', 59.33257, 18.06683, 'FETCHED_WITH_SUCCESS');
INSERT INTO life_event (id, day, month, year, date, notes, location_id) VALUES (2269, 15, 2, 1800, '1800-02-15', '', 919);
INSERT INTO location (id, city, country, region, notes, latitude, longitude, fetch_status) VALUES (920, 'på Dalarö i Stockholm', 'Sverige', '', '', 59.1341, 18.40904, 'FETCHED_WITH_SUCCESS');
INSERT INTO life_event (id, day, month, year, date, notes, location_id) VALUES (2270, 9, 8, 1867, '1867-08-09', '', 920);
INSERT INTO life_event (id, day, month, year, date, notes, location_id) VALUES (2271, null, null, null, null, '', null);
INSERT INTO person (id, first_name, last_name, middle_names, notes, sex, birth_id, death_id, burial_id, father_id, mother_id) VALUES (757, 'Marie', 'Hegardt', 'Rosalie', '(Tab 56:251 i GS).
Marie beskrivs som en lugn och stillsam kvinna. Hennes man, allmänt kallad ''Danvikskungen'', var en barsk och respektingivande man, som - efter dåtida förhållanden - samlade en respektingivande förmögenhet.', 'UNKNOWN', 2269, 2270, 2271, null, null);

--======= Insert Person id: 758 =======
INSERT INTO location (id, city, country, region, notes, latitude, longitude, fetch_status) VALUES (921, 'Stockholm', 'Sverige', '', '', 59.33257, 18.06683, 'FETCHED_WITH_SUCCESS');
INSERT INTO life_event (id, day, month, year, date, notes, location_id) VALUES (2272, 2, 2, 1802, '1802-02-02', '', 921);
INSERT INTO location (id, city, country, region, notes, latitude, longitude, fetch_status) VALUES (922, 'Stockholm', 'Sverige', '', '', 59.33257, 18.06683, 'FETCHED_WITH_SUCCESS');
INSERT INTO life_event (id, day, month, year, date, notes, location_id) VALUES (2273, 4, 3, 1802, '1802-03-04', '', 922);
INSERT INTO life_event (id, day, month, year, date, notes, location_id) VALUES (2274, null, null, null, null, '', null);
INSERT INTO person (id, first_name, last_name, middle_names, notes, sex, birth_id, death_id, burial_id, father_id, mother_id) VALUES (758, 'Johanna', 'Hegardt', 'Vilhelmina', '(Tab 56:252 i GS).', 'UNKNOWN', 2272, 2273, 2274, null, null);

--======= Insert Person id: 759 =======
INSERT INTO location (id, city, country, region, notes, latitude, longitude, fetch_status) VALUES (923, 'Wismar', 'Tyskland', '', '', 53.89026, 11.46608, 'FETCHED_WITH_SUCCESS');
INSERT INTO life_event (id, day, month, year, date, notes, location_id) VALUES (2275, 16, 1, 1741, '1741-01-16', '', 923);
INSERT INTO location (id, city, country, region, notes, latitude, longitude, fetch_status) VALUES (924, 'Stockholm', 'Sverige', '', '', 59.33257, 18.06683, 'FETCHED_WITH_SUCCESS');
INSERT INTO life_event (id, day, month, year, date, notes, location_id) VALUES (2276, 4, 2, 1818, '1818-02-04', '', 924);
INSERT INTO life_event (id, day, month, year, date, notes, location_id) VALUES (2277, null, null, null, null, '', null);
INSERT INTO occupation (id, notes, day, month, year, date, location_id) VALUES (358, 'Apotekare', null, null, null, null, null);
INSERT INTO person (id, first_name, last_name, middle_names, notes, sex, birth_id, death_id, burial_id, father_id, mother_id) VALUES (759, 'Fredrik', 'Görges', 'David', '', 'UNKNOWN', 2275, 2276, 2277, null, null);

--======= Insert Person id: 760 =======
INSERT INTO life_event (id, day, month, year, date, notes, location_id) VALUES (2278, null, null, null, null, '', null);
INSERT INTO life_event (id, day, month, year, date, notes, location_id) VALUES (2279, null, null, null, null, '', null);
INSERT INTO life_event (id, day, month, year, date, notes, location_id) VALUES (2280, null, null, null, null, '', null);
INSERT INTO person (id, first_name, last_name, middle_names, notes, sex, birth_id, death_id, burial_id, father_id, mother_id) VALUES (760, 'Eva', 'Högberg', 'Maria', '', 'WOMAN', 2278, 2279, 2280, null, null);

--======= Insert Person id: 761 =======
INSERT INTO life_event (id, day, month, year, date, notes, location_id) VALUES (2281, null, null, null, null, '', null);
INSERT INTO life_event (id, day, month, year, date, notes, location_id) VALUES (2282, null, null, null, null, '', null);
INSERT INTO life_event (id, day, month, year, date, notes, location_id) VALUES (2283, null, null, null, null, '', null);
INSERT INTO occupation (id, notes, day, month, year, date, location_id) VALUES (359, 'Packhusstämpelmästare', null, null, null, null, null);
INSERT INTO person (id, first_name, last_name, middle_names, notes, sex, birth_id, death_id, burial_id, father_id, mother_id) VALUES (761, 'Johan', 'Ailly', 'Jakob, d', '', 'MAN', 2281, 2282, 2283, null, null);

--======= Insert Person id: 762 =======
INSERT INTO location (id, city, country, region, notes, latitude, longitude, fetch_status) VALUES (925, 'Rostock', 'Tyskland', '', '', 54.07904, 12.13219, 'FETCHED_WITH_SUCCESS');
INSERT INTO life_event (id, day, month, year, date, notes, location_id) VALUES (2284, 26, 9, 1781, '1781-09-26', '', 925);
INSERT INTO location (id, city, country, region, notes, latitude, longitude, fetch_status) VALUES (926, 'Stockholm', 'Sverige', '', '', 59.33257, 18.06683, 'FETCHED_WITH_SUCCESS');
INSERT INTO life_event (id, day, month, year, date, notes, location_id) VALUES (2285, 28, 12, 1854, '1854-12-28', '', 926);
INSERT INTO life_event (id, day, month, year, date, notes, location_id) VALUES (2286, null, null, null, null, '', null);
INSERT INTO occupation (id, notes, day, month, year, date, location_id) VALUES (360, 'Guldsmed i stockholm', null, null, null, null, null);
INSERT INTO person (id, first_name, last_name, middle_names, notes, sex, birth_id, death_id, burial_id, father_id, mother_id) VALUES (762, 'Kasper', 'Sturm', 'Ludvig, David', '', 'UNKNOWN', 2284, 2285, 2286, null, null);

--======= Insert Person id: 763 =======
INSERT INTO life_event (id, day, month, year, date, notes, location_id) VALUES (2287, 8, 8, 1801, '1801-08-08', '', null);
INSERT INTO location (id, city, country, region, notes, latitude, longitude, fetch_status) VALUES (927, 'Stockholm', 'Sverige', '', '', 59.33257, 18.06683, 'FETCHED_WITH_SUCCESS');
INSERT INTO life_event (id, day, month, year, date, notes, location_id) VALUES (2288, 10, 9, 1834, '1834-09-10', '', 927);
INSERT INTO life_event (id, day, month, year, date, notes, location_id) VALUES (2289, null, null, null, null, '', null);
INSERT INTO person (id, first_name, last_name, middle_names, notes, sex, birth_id, death_id, burial_id, father_id, mother_id) VALUES (763, 'Beata', 'Schlytern', 'Sofia', '', 'WOMAN', 2287, 2288, 2289, null, null);

--======= Insert Person id: 764 =======
INSERT INTO location (id, city, country, region, notes, latitude, longitude, fetch_status) VALUES (928, 'Stockholm', 'Sverige', '', '', 59.33257, 18.06683, 'FETCHED_WITH_SUCCESS');
INSERT INTO life_event (id, day, month, year, date, notes, location_id) VALUES (2290, 29, 4, 1823, '1823-04-29', '', 928);
INSERT INTO location (id, city, country, region, notes, latitude, longitude, fetch_status) VALUES (929, 'Stockholm', 'Sverige', '', '', 59.33257, 18.06683, 'FETCHED_WITH_SUCCESS');
INSERT INTO life_event (id, day, month, year, date, notes, location_id) VALUES (2291, 13, 3, 1885, '1885-03-13', '', 929);
INSERT INTO life_event (id, day, month, year, date, notes, location_id) VALUES (2292, null, null, null, null, '', null);
INSERT INTO occupation (id, notes, day, month, year, date, location_id) VALUES (361, 'Kontorist i sjöförsäkrings ab ägir', null, null, null, null, null);
INSERT INTO person (id, first_name, last_name, middle_names, notes, sex, birth_id, death_id, burial_id, father_id, mother_id) VALUES (764, 'Bernhard', 'Hegardt', '', '(Tab 46:227 i GS).', 'UNKNOWN', 2290, 2291, 2292, null, null);

--======= Insert Person id: 765 =======
INSERT INTO location (id, city, country, region, notes, latitude, longitude, fetch_status) VALUES (930, 'Stockholm', 'Sverige', '', '', 59.33257, 18.06683, 'FETCHED_WITH_SUCCESS');
INSERT INTO life_event (id, day, month, year, date, notes, location_id) VALUES (2293, 6, 3, 1824, '1824-03-06', '', 930);
INSERT INTO location (id, city, country, region, notes, latitude, longitude, fetch_status) VALUES (931, 'Stockholm', 'Sverige', '', '', 59.33257, 18.06683, 'FETCHED_WITH_SUCCESS');
INSERT INTO life_event (id, day, month, year, date, notes, location_id) VALUES (2294, 23, 6, 1840, '1840-06-23', '', 931);
INSERT INTO life_event (id, day, month, year, date, notes, location_id) VALUES (2295, null, null, null, null, '', null);
INSERT INTO person (id, first_name, last_name, middle_names, notes, sex, birth_id, death_id, burial_id, father_id, mother_id) VALUES (765, 'Joakim', 'Hegardt', 'Herman', '(Tab 46:203 i GS).', 'UNKNOWN', 2293, 2294, 2295, null, null);

--======= Insert Person id: 766 =======
INSERT INTO location (id, city, country, region, notes, latitude, longitude, fetch_status) VALUES (932, 'Stockholm', 'Sverige', '', '', 59.33257, 18.06683, 'FETCHED_WITH_SUCCESS');
INSERT INTO life_event (id, day, month, year, date, notes, location_id) VALUES (2296, 21, 8, 1825, '1825-08-21', '', 932);
INSERT INTO location (id, city, country, region, notes, latitude, longitude, fetch_status) VALUES (933, 'Stockholm', 'Sverige', '', '', 59.33257, 18.06683, 'FETCHED_WITH_SUCCESS');
INSERT INTO life_event (id, day, month, year, date, notes, location_id) VALUES (2297, 1, 12, 1884, '1884-12-01', '', 933);
INSERT INTO life_event (id, day, month, year, date, notes, location_id) VALUES (2298, null, null, null, null, '', null);
INSERT INTO occupation (id, notes, day, month, year, date, location_id) VALUES (362, 'Generalkonsul i köpenhamn', null, null, null, null, null);
INSERT INTO occupation (id, notes, day, month, year, date, location_id) VALUES (363, 'Danmark', null, null, null, null, null);
INSERT INTO person (id, first_name, last_name, middle_names, notes, sex, birth_id, death_id, burial_id, father_id, mother_id) VALUES (766, 'Gustaf', 'Hegardt', '', '(Tab 47 i GS).
Eo tjänsteman i K Maj:ts kansli 1846. Eo notarie i kommerskollegium samma år, kanslist 1853, notarie 1856, tf sekreterare 1859 och ordinarie sekreterare 1861. Hade flera förordnanden som kommerseråd. Generalkonsul i Köpenhamn 1882. RNO. Rec 1846 i frimurarlogen S:t Erik, F A B där 1853-55 och rec 1849 i Arla Coldinuorden.
H var "en duglig, plikttrogen och i hög grad arbetsam man, vilken därjämte ägde ett humant och älskligt väsen. H:s utnämning till den post, han vid sin död beklädde, hälsades därför på sin tid av alla med bifall. Det faller av sig självt att några mognade frukter av denna hans verksamhet i grannlandet icke kan i anseende till dess kortvarighet förväntas, men hans hjälpsamhet mot behövande landsmän skall länge leva i tacksamt minne hos mången.
Lika trogen i pliktens uppfyllande, lika vinnande var H i sitt enskilda liv; han var en fulländad gentleman, och antalet av hans vänner är mycket stort." (St D 3/12 1884.)', 'MAN', 2296, 2297, 2298, null, null);

--======= Insert Person id: 767 =======
INSERT INTO location (id, city, country, region, notes, latitude, longitude, fetch_status) VALUES (934, 'Stockholm', 'Sverige', '', '', 59.33257, 18.06683, 'FETCHED_WITH_SUCCESS');
INSERT INTO life_event (id, day, month, year, date, notes, location_id) VALUES (2299, 20, 3, 1827, '1827-03-20', '', 934);
INSERT INTO location (id, city, country, region, notes, latitude, longitude, fetch_status) VALUES (935, 'Stockholm', 'Sverige', '', '', 59.33257, 18.06683, 'FETCHED_WITH_SUCCESS');
INSERT INTO life_event (id, day, month, year, date, notes, location_id) VALUES (2300, 16, 2, 1904, '1904-02-16', '', 935);
INSERT INTO life_event (id, day, month, year, date, notes, location_id) VALUES (2301, null, null, null, null, '', null);
INSERT INTO person (id, first_name, last_name, middle_names, notes, sex, birth_id, death_id, burial_id, father_id, mother_id) VALUES (767, 'Marie', 'Hegardt', 'Louise', '(Tab 46:212 i GS).', 'UNKNOWN', 2299, 2300, 2301, null, null);

--======= Insert Person id: 768 =======
INSERT INTO location (id, city, country, region, notes, latitude, longitude, fetch_status) VALUES (936, 'Stockholm', 'Sverige', '', '', 59.33257, 18.06683, 'FETCHED_WITH_SUCCESS');
INSERT INTO life_event (id, day, month, year, date, notes, location_id) VALUES (2302, 24, 12, 1828, '1828-12-24', '', 936);
INSERT INTO location (id, city, country, region, notes, latitude, longitude, fetch_status) VALUES (937, 'Stockholm', 'Sverige', '', '', 59.33257, 18.06683, 'FETCHED_WITH_SUCCESS');
INSERT INTO life_event (id, day, month, year, date, notes, location_id) VALUES (2303, null, null, 1897, '1897-01-01', '', 937);
INSERT INTO life_event (id, day, month, year, date, notes, location_id) VALUES (2304, null, null, null, null, '', null);
INSERT INTO occupation (id, notes, day, month, year, date, location_id) VALUES (364, 'Köpman', null, null, null, null, null);
INSERT INTO person (id, first_name, last_name, middle_names, notes, sex, birth_id, death_id, burial_id, father_id, mother_id) VALUES (768, 'Ludvig', 'Hegardt', '', '(Tab 50 i GS).
Utflyttad till USA 1857 från Stockholm (AB).
Amerikanskt medborgarskap i juli 1858.
Flyttade som gammal tillbaka till Sverige och ligger begravd i Stockholm.', 'MAN', 2302, 2303, 2304, null, null);

--======= Insert Person id: 769 =======
INSERT INTO location (id, city, country, region, notes, latitude, longitude, fetch_status) VALUES (938, 'Stockholm', 'Sverige', '', '', 59.33257, 18.06683, 'FETCHED_WITH_SUCCESS');
INSERT INTO life_event (id, day, month, year, date, notes, location_id) VALUES (2305, 20, 8, 1830, '1830-08-20', '', 938);
INSERT INTO location (id, city, country, region, notes, latitude, longitude, fetch_status) VALUES (939, 'Stockholm', 'Sverige', '', '', 59.33257, 18.06683, 'FETCHED_WITH_SUCCESS');
INSERT INTO life_event (id, day, month, year, date, notes, location_id) VALUES (2306, 27, 7, 1831, '1831-07-27', '', 939);
INSERT INTO life_event (id, day, month, year, date, notes, location_id) VALUES (2307, null, null, null, null, '', null);
INSERT INTO person (id, first_name, last_name, middle_names, notes, sex, birth_id, death_id, burial_id, father_id, mother_id) VALUES (769, 'Hedvig', 'Hegardt', 'Charlotta', '(Tab 46:226 i GS).', 'UNKNOWN', 2305, 2306, 2307, null, null);

--======= Insert Person id: 770 =======
INSERT INTO location (id, city, country, region, notes, latitude, longitude, fetch_status) VALUES (940, 'Stockholm', 'Sverige', '', '', 59.33257, 18.06683, 'FETCHED_WITH_SUCCESS');
INSERT INTO life_event (id, day, month, year, date, notes, location_id) VALUES (2308, 25, 7, 1769, '1769-07-25', '', 940);
INSERT INTO location (id, city, country, region, notes, latitude, longitude, fetch_status) VALUES (941, 'Stockholm', 'Sverige', '', '', 59.33257, 18.06683, 'FETCHED_WITH_SUCCESS');
INSERT INTO life_event (id, day, month, year, date, notes, location_id) VALUES (2309, 30, 6, 1822, '1822-06-30', '', 941);
INSERT INTO life_event (id, day, month, year, date, notes, location_id) VALUES (2310, null, null, null, null, '', null);
INSERT INTO occupation (id, notes, day, month, year, date, location_id) VALUES (365, 'Stadsmäklare i stockholm', null, null, null, null, null);
INSERT INTO person (id, first_name, last_name, middle_names, notes, sex, birth_id, death_id, burial_id, father_id, mother_id) VALUES (770, 'Jakob', 'Patersen', 'Georg', '', 'UNKNOWN', 2308, 2309, 2310, null, null);

--======= Insert Person id: 771 =======
INSERT INTO life_event (id, day, month, year, date, notes, location_id) VALUES (2311, null, null, null, null, '', null);
INSERT INTO life_event (id, day, month, year, date, notes, location_id) VALUES (2312, null, null, null, null, '', null);
INSERT INTO life_event (id, day, month, year, date, notes, location_id) VALUES (2313, null, null, null, null, '', null);
INSERT INTO person (id, first_name, last_name, middle_names, notes, sex, birth_id, death_id, burial_id, father_id, mother_id) VALUES (771, 'Sofia', 'Strömberg', 'Lovisa', '', 'WOMAN', 2311, 2312, 2313, null, null);

--======= Insert Person id: 772 =======
INSERT INTO life_event (id, day, month, year, date, notes, location_id) VALUES (2314, null, null, null, null, '', null);
INSERT INTO life_event (id, day, month, year, date, notes, location_id) VALUES (2315, null, null, null, null, '', null);
INSERT INTO life_event (id, day, month, year, date, notes, location_id) VALUES (2316, null, null, null, null, '', null);
INSERT INTO occupation (id, notes, day, month, year, date, location_id) VALUES (366, 'Tullförvaltare', null, null, null, null, null);
INSERT INTO person (id, first_name, last_name, middle_names, notes, sex, birth_id, death_id, burial_id, father_id, mother_id) VALUES (772, 'Herman', 'Schlytern', '', '', 'MAN', 2314, 2315, 2316, null, null);

--======= Insert Person id: 773 =======
INSERT INTO location (id, city, country, region, notes, latitude, longitude, fetch_status) VALUES (942, 'Stockholm', 'Sverige', '', '', 59.33257, 18.06683, 'FETCHED_WITH_SUCCESS');
INSERT INTO life_event (id, day, month, year, date, notes, location_id) VALUES (2317, 29, 12, 1833, '1833-12-29', '', 942);
INSERT INTO location (id, city, country, region, notes, latitude, longitude, fetch_status) VALUES (943, 'Stockholm', 'Sverige', '', '', 59.33257, 18.06683, 'FETCHED_WITH_SUCCESS');
INSERT INTO life_event (id, day, month, year, date, notes, location_id) VALUES (2318, 13, 4, 1911, '1911-04-13', '', 943);
INSERT INTO life_event (id, day, month, year, date, notes, location_id) VALUES (2319, null, null, null, null, '', null);
INSERT INTO person (id, first_name, last_name, middle_names, notes, sex, birth_id, death_id, burial_id, father_id, mother_id) VALUES (773, 'Sigrid', 'Arwidsson', 'Aura', '', 'WOMAN', 2317, 2318, 2319, null, null);

--======= Insert Person id: 774 =======
INSERT INTO location (id, city, country, region, notes, latitude, longitude, fetch_status) VALUES (944, 'Stockholm', 'Sverige', '', '', 59.33257, 18.06683, 'FETCHED_WITH_SUCCESS');
INSERT INTO life_event (id, day, month, year, date, notes, location_id) VALUES (2320, 4, 10, 1856, '1856-10-04', '', 944);
INSERT INTO location (id, city, country, region, notes, latitude, longitude, fetch_status) VALUES (945, 'Malmö', 'Sverige', '', '', 55.59669, 13.0011, 'FETCHED_WITH_SUCCESS');
INSERT INTO life_event (id, day, month, year, date, notes, location_id) VALUES (2321, 14, 1, 1932, '1932-01-14', '', 945);
INSERT INTO life_event (id, day, month, year, date, notes, location_id) VALUES (2322, null, null, null, null, '', null);
INSERT INTO occupation (id, notes, day, month, year, date, location_id) VALUES (367, 'Häradshövding', null, null, null, null, null);
INSERT INTO person (id, first_name, last_name, middle_names, notes, sex, birth_id, death_id, burial_id, father_id, mother_id) VALUES (774, 'Gustaf', 'Hegardt', '', '(Tab 48 i GS).
Efter att ha avlagt studentexamen i Uppsala 1875 ägnade han sig åt juridiska studier och avlade hovrättsexamen 1880, varpå han samma år blev eo notarie i Svea hovrätt. Fyra år senare utnämndes H till vice häradshövding och år 1884 slog han sig ned som praktiserande advokat i Malmö. Där innehade han Hegardts advokatbyrå, som under hans skickliga ledning snart nog tillvann sig ett synnerligen gott anseende och erhöll en omfattande kundkrets.
Sedan 1887 var häradshövding Hegardt ledamot av Sveriges Advokatsamfund. H var verksam in i det sista, var en synnerligen driftig och dugande man, vilken gjorde en betydande insats i stadens näringsliv. Han var bl a juridiskt ombud för Margarinfabriken Zenith, som han även var med om att stifta.
Även i Malmö Kaffekompani samt i Sjöförsäkringsbolaget Øresund var han en av stiftarna samt styrelseledamot. I aktiebolaget Herman Gotthardt och Malmö Takpappsfabrik var han styrelseordförande samt stiftare. RVO 1919 och av RSt St O.', 'MAN', 2320, 2321, 2322, null, null);

--======= Insert Person id: 775 =======
INSERT INTO location (id, city, country, region, notes, latitude, longitude, fetch_status) VALUES (946, 'Stockholm', 'Sverige', '', '', 59.33257, 18.06683, 'FETCHED_WITH_SUCCESS');
INSERT INTO life_event (id, day, month, year, date, notes, location_id) VALUES (2323, 24, 12, 1859, '1859-12-24', '', 946);
INSERT INTO location (id, city, country, region, notes, latitude, longitude, fetch_status) VALUES (947, 'Stockholm', 'Sverige', '', '', 59.33257, 18.06683, 'FETCHED_WITH_SUCCESS');
INSERT INTO life_event (id, day, month, year, date, notes, location_id) VALUES (2324, 6, 5, 1908, '1908-05-06', '', 947);
INSERT INTO life_event (id, day, month, year, date, notes, location_id) VALUES (2325, null, null, null, null, '', null);
INSERT INTO occupation (id, notes, day, month, year, date, location_id) VALUES (368, 'Grosshandlare', null, null, null, null, null);
INSERT INTO person (id, first_name, last_name, middle_names, notes, sex, birth_id, death_id, burial_id, father_id, mother_id) VALUES (775, 'Ivar', 'Hegardt', '', '(Tab 49 i GS).
Blev efter att ha praktiserat hos olika affärsmän, prokurist hos firman Anders Berg & Co, som han övertog 1894 och innehade till sin död. Var dessutom verkställande direktör i Kontors? och Magasins AB Mälaren, i fastighets AB Sophia och i Stockholm?Järna torv AB.
Firman Berg & Co var en av huvudstadens största grossister i hampa och lin, och H hade anseende som en synnerligen verksam, driftig och skicklig affärsman. Han bidrog verksamt till tillkomsten av Sofi Almquists samskolas präktiga skollokaler samt lät på uppdrag av Privata lärarinneseminariet uppföra dess tidsenliga skollokaler. Vid invigningen av detta senare 1905 framfördes av styrelsens ordförande ett tack "främst till byggherren, grosshandlare Hegardt, för hans i många avseenden storartade frikostighet".', 'MAN', 2323, 2324, 2325, null, null);

--======= Insert Person id: 776 =======
INSERT INTO location (id, city, country, region, notes, latitude, longitude, fetch_status) VALUES (948, 'Stockholm', 'Sverige', '', '', 59.33257, 18.06683, 'FETCHED_WITH_SUCCESS');
INSERT INTO life_event (id, day, month, year, date, notes, location_id) VALUES (2326, 31, 1, 1861, '1861-01-31', '', 948);
INSERT INTO location (id, city, country, region, notes, latitude, longitude, fetch_status) VALUES (949, 'Stockholm', 'Sverige', '', '', 59.33257, 18.06683, 'FETCHED_WITH_SUCCESS');
INSERT INTO life_event (id, day, month, year, date, notes, location_id) VALUES (2327, 8, 3, 1936, '1936-03-08', '', 949);
INSERT INTO life_event (id, day, month, year, date, notes, location_id) VALUES (2328, null, null, null, null, '', null);
INSERT INTO person (id, first_name, last_name, middle_names, notes, sex, birth_id, death_id, burial_id, father_id, mother_id) VALUES (776, 'Gurli', 'Hegardt', '', '(Tab 47:211 i GS).
Under senare delen av 1890-talet och till sin bror Ivars död 1905 anställd på dennes grosshandelskontor. Därefter från 1908 i Kommerskollegium till pensioneringen 1928.', 'UNKNOWN', 2326, 2327, 2328, null, null);

--======= Insert Person id: 777 =======
INSERT INTO location (id, city, country, region, notes, latitude, longitude, fetch_status) VALUES (950, 'Visby', 'Sverige', '', '', 57.63844, 18.30004, 'FETCHED_WITH_SUCCESS');
INSERT INTO life_event (id, day, month, year, date, notes, location_id) VALUES (2329, 20, 8, 1816, '1816-08-20', '', 950);
INSERT INTO location (id, city, country, region, notes, latitude, longitude, fetch_status) VALUES (951, 'Stockholm', 'Sverige', '', '', 59.33257, 18.06683, 'FETCHED_WITH_SUCCESS');
INSERT INTO life_event (id, day, month, year, date, notes, location_id) VALUES (2330, 13, 5, 1881, '1881-05-13', '', 951);
INSERT INTO life_event (id, day, month, year, date, notes, location_id) VALUES (2331, null, null, null, null, '', null);
INSERT INTO occupation (id, notes, day, month, year, date, location_id) VALUES (369, 'Kassadirektör i sjöförsäkrings ab ägir', null, null, null, null, null);
INSERT INTO person (id, first_name, last_name, middle_names, notes, sex, birth_id, death_id, burial_id, father_id, mother_id) VALUES (777, 'Karl', 'Cramér', 'Fredrik', '', 'UNKNOWN', 2329, 2330, 2331, null, null);

--======= Insert Person id: 778 =======
INSERT INTO location (id, city, country, region, notes, latitude, longitude, fetch_status) VALUES (952, 'Worben', 'Schweiz', '', '', 47.09879, 7.29087, 'FETCHED_WITH_SUCCESS');
INSERT INTO life_event (id, day, month, year, date, notes, location_id) VALUES (2332, 13, 2, 1837, '1837-02-13', '', 952);
INSERT INTO location (id, city, country, region, notes, latitude, longitude, fetch_status) VALUES (953, 'Redlands', 'USA', 'Californien', '', 34.05538, -117.18259, 'FETCHED_WITH_SUCCESS');
INSERT INTO life_event (id, day, month, year, date, notes, location_id) VALUES (2333, 6, 1, 1910, '1910-01-06', '', 953);
INSERT INTO life_event (id, day, month, year, date, notes, location_id) VALUES (2334, null, null, null, null, '', null);
INSERT INTO person (id, first_name, last_name, middle_names, notes, sex, birth_id, death_id, burial_id, father_id, mother_id) VALUES (778, 'Anna', 'Raviler', 'Barbara', '', 'WOMAN', 2332, 2333, 2334, null, null);

--======= Insert Person id: 779 =======
INSERT INTO location (id, city, country, region, notes, latitude, longitude, fetch_status) VALUES (954, 'Ontonogan', 'USA', 'Michigan', '', 46.8735, -89.31753, 'FETCHED_WITH_SUCCESS');
INSERT INTO life_event (id, day, month, year, date, notes, location_id) VALUES (2335, 27, 3, 1860, '1860-03-27', '', 954);
INSERT INTO location (id, city, country, region, notes, latitude, longitude, fetch_status) VALUES (955, 'Duluth', 'USA', 'Minnesota', '', 46.78796, -92.09985, 'FETCHED_WITH_SUCCESS');
INSERT INTO life_event (id, day, month, year, date, notes, location_id) VALUES (2336, 22, 9, 1926, '1926-09-22', '', 955);
INSERT INTO life_event (id, day, month, year, date, notes, location_id) VALUES (2337, null, null, null, null, '', null);
INSERT INTO occupation (id, notes, day, month, year, date, location_id) VALUES (370, 'Bankdirektör', null, null, null, null, null);
INSERT INTO person (id, first_name, last_name, middle_names, notes, sex, birth_id, death_id, burial_id, father_id, mother_id) VALUES (779, 'William', 'Hegardt', '', '(Tab 51 i GS).
Kom vid nio års ålder med sina föräldrar till Duluth, USA, där han sedan tillbringade hela sitt liv med undantag för åren 1879-87, då familjen bodde i Calumet, Michigan.
Före avflyttningen dit var han anställd i Duluths gamla sparbank. Vid återkomsten till Duluth blev han bokhållare i American Exchange National Bank. I denna bank blev han till slut bankdirektör.
1909 blev han vice ordförande i Duluth Clearing House Association och under en lång tid hade han hand om den ekonomiska förvaltningen vid Pilgrim Congregational church.
"Under H:s långa vistelse i Duluth var hans verksamhet förbunden med en mångfald företag, som bidrog till stadens växt och dess utveckling till en av nordvästra Amerikas ledande bank- och handelscentrum." "H var ett vackert exempel på flit hederlighet, plikttrohet och ihärdighet, som med stadiga steg förde honom upp till den ledande plats, han vid sin död innehade. --- I sin affärsverksamhet gynnad av en oavbruten och markerad framgång var H personligen ädel och vänsäll samt rik på good will, som tog sig uttryck i välgörenhet av många slag. Han var en kyrklig man, vars religiösa uppfattning fick lysa över hans dagliga liv, hans yrkesutövning och hans förhållande till nästan. Hela sitt vackra och nyttiga liv understödde H livligt varje företagsamhet, som syftade till hans stads, hans fosterlands och till världens utveckling och förbättring. Ädelt tjänade han Duluth, och Duluth är full av sorg över hans bortgång." (Pressklipp ur Duluthpressen.)', 'MAN', 2335, 2336, 2337, null, null);

--======= Insert Person id: 780 =======
INSERT INTO location (id, city, country, region, notes, latitude, longitude, fetch_status) VALUES (956, 'Ontonogan', 'USA', 'Michigan', '', 46.8735, -89.31753, 'FETCHED_WITH_SUCCESS');
INSERT INTO life_event (id, day, month, year, date, notes, location_id) VALUES (2338, 14, 3, 1864, '1864-03-14', '', 956);
INSERT INTO location (id, city, country, region, notes, latitude, longitude, fetch_status) VALUES (957, 'Redlands', 'USA', 'Californien', '', 34.05538, -117.18259, 'FETCHED_WITH_SUCCESS');
INSERT INTO life_event (id, day, month, year, date, notes, location_id) VALUES (2339, 26, 10, 1950, '1950-10-26', '', 957);
INSERT INTO life_event (id, day, month, year, date, notes, location_id) VALUES (2340, null, null, null, null, '', null);
INSERT INTO person (id, first_name, last_name, middle_names, notes, sex, birth_id, death_id, burial_id, father_id, mother_id) VALUES (780, 'Marie', 'Hegardt', 'Louise', '(Tab 50:217 i GS).
Utbildade sig till lärare och undervisade i skolor i Calumet, Michigan; Seattle, Washington; Redlands och Long Beach, Californien. Efter det hon slutat undervisa ledde hon resor runt världen.', 'UNKNOWN', 2338, 2339, 2340, null, null);

--======= Insert Person id: 781 =======
INSERT INTO location (id, city, country, region, notes, latitude, longitude, fetch_status) VALUES (958, 'Ontonogan', 'USA', 'Michigan', '', 46.8735, -89.31753, 'FETCHED_WITH_SUCCESS');
INSERT INTO life_event (id, day, month, year, date, notes, location_id) VALUES (2341, 24, 12, 1865, '1865-12-24', '', 958);
INSERT INTO location (id, city, country, region, notes, latitude, longitude, fetch_status) VALUES (959, 'Los Angeles', 'USA', 'Californien', '', 34.05357, -118.24545, 'FETCHED_WITH_SUCCESS');
INSERT INTO life_event (id, day, month, year, date, notes, location_id) VALUES (2342, 12, 12, 1904, '1904-12-12', '', 959);
INSERT INTO life_event (id, day, month, year, date, notes, location_id) VALUES (2343, null, null, null, null, '', null);
INSERT INTO occupation (id, notes, day, month, year, date, location_id) VALUES (371, 'Øveringenjör', null, null, null, null, null);
INSERT INTO person (id, first_name, last_name, middle_names, notes, sex, birth_id, death_id, burial_id, father_id, mother_id) VALUES (781, 'Ivar', 'Hegardt', '', '(Tab 52 i GS).
Läste vid University of Michigan. Anställd vid koppargruvorna i Ducktown, Tennessee, USA, där han blev överingenjör. Familjen flyttade p g a Ivars hälsa till Redlands, Californien, USA.', 'MAN', 2341, 2342, 2343, null, null);

--======= Insert Person id: 782 =======
INSERT INTO location (id, city, country, region, notes, latitude, longitude, fetch_status) VALUES (960, 'Cleveland', 'USA', 'Ohio', '', 41.50473, -81.69074, 'FETCHED_WITH_SUCCESS');
INSERT INTO life_event (id, day, month, year, date, notes, location_id) VALUES (2344, 27, 6, 1869, '1869-06-27', '', 960);
INSERT INTO location (id, city, country, region, notes, latitude, longitude, fetch_status) VALUES (961, 'San Marino', 'USA', 'Californien', '', 34.12215, -118.10501, 'FETCHED_WITH_SUCCESS');
INSERT INTO life_event (id, day, month, year, date, notes, location_id) VALUES (2345, 17, 4, 1945, '1945-04-17', '', 961);
INSERT INTO life_event (id, day, month, year, date, notes, location_id) VALUES (2346, null, null, null, null, '', null);
INSERT INTO person (id, first_name, last_name, middle_names, notes, sex, birth_id, death_id, burial_id, father_id, mother_id) VALUES (782, 'Emma', 'Hegardt', 'Rosina', '(Tab 50:219 i GS).', 'UNKNOWN', 2344, 2345, 2346, null, null);

--======= Insert Person id: 783 =======
INSERT INTO location (id, city, country, region, notes, latitude, longitude, fetch_status) VALUES (962, 'Duluth', 'USA', 'Minnesota', '', 46.78796, -92.09985, 'FETCHED_WITH_SUCCESS');
INSERT INTO life_event (id, day, month, year, date, notes, location_id) VALUES (2347, 30, 8, 1872, '1872-08-30', '', 962);
INSERT INTO location (id, city, country, region, notes, latitude, longitude, fetch_status) VALUES (963, 'USA', 'Sverige', '', '', 59.33257, 18.06682, 'FETCHED_WITH_SUCCESS');
INSERT INTO life_event (id, day, month, year, date, notes, location_id) VALUES (2348, 28, 12, 1960, '1960-12-28', '', 963);
INSERT INTO life_event (id, day, month, year, date, notes, location_id) VALUES (2349, null, null, null, null, '', null);
INSERT INTO occupation (id, notes, day, month, year, date, location_id) VALUES (372, 'Lärare', null, null, null, null, null);
INSERT INTO person (id, first_name, last_name, middle_names, notes, sex, birth_id, death_id, burial_id, father_id, mother_id) VALUES (783, 'Rose', 'Hegardt', '', '(Tab 50:220 i GS).
Undervisade i Seattle, Washington och Redlands, Californien.', 'UNKNOWN', 2347, 2348, 2349, null, null);

--======= Insert Person id: 784 =======
INSERT INTO location (id, city, country, region, notes, latitude, longitude, fetch_status) VALUES (964, 'Duluth', 'USA', 'Minnesota', '', 46.78796, -92.09985, 'FETCHED_WITH_SUCCESS');
INSERT INTO life_event (id, day, month, year, date, notes, location_id) VALUES (2350, 7, 10, 1876, '1876-10-07', '', 964);
INSERT INTO location (id, city, country, region, notes, latitude, longitude, fetch_status) VALUES (965, 'Downey', 'USA', 'Californien', '', 33.94077, -118.12768, 'FETCHED_WITH_SUCCESS');
INSERT INTO life_event (id, day, month, year, date, notes, location_id) VALUES (2351, 15, 10, 1956, '1956-10-15', '', 965);
INSERT INTO life_event (id, day, month, year, date, notes, location_id) VALUES (2352, null, null, null, null, '', null);
INSERT INTO person (id, first_name, last_name, middle_names, notes, sex, birth_id, death_id, burial_id, father_id, mother_id) VALUES (784, 'Robert', 'Hegardt', 'Bernhard', '(Tab 53 i GS).
Han studerade redovisning på ekonomisk högskola. I början av 1900-talet flyttade han till Arizona, där han arbetade som bokhållare vid Old Dominion Mine i Globe och där han senare blev chef för gruvan.
Efter en tid lämnade han gruvan och investerade i Globe Hardware Co. Han var också intresserad av fruktodling och köpte 1918 en apelsinodling i Downey, Californien, där han bodde i många år med sin familj på Tweedy Lane.
Senare köpte han land i San Marcos och utvecklade en avocadoodling. Omkring 1950 köpte han en egendom i Pauma Valley och började en ny citrusfrukts- och avocadoodling där.
När han bodde i Downey var han förtroendevald i det lokala skoldistriktet och direktor för Arroya Ditch and Water Co.', 'MAN', 2350, 2351, 2352, null, null);

--======= Insert Person id: 785 =======
INSERT INTO life_event (id, day, month, year, date, notes, location_id) VALUES (2353, null, null, null, null, '', null);
INSERT INTO life_event (id, day, month, year, date, notes, location_id) VALUES (2354, null, null, null, null, '', null);
INSERT INTO life_event (id, day, month, year, date, notes, location_id) VALUES (2355, null, null, null, null, '', null);
INSERT INTO person (id, first_name, last_name, middle_names, notes, sex, birth_id, death_id, burial_id, father_id, mother_id) VALUES (785, 'Johanna', 'Armfelt', 'Karolina', '', 'WOMAN', 2353, 2354, 2355, null, null);

--======= Insert Person id: 786 =======
INSERT INTO life_event (id, day, month, year, date, notes, location_id) VALUES (2356, null, null, null, null, '', null);
INSERT INTO life_event (id, day, month, year, date, notes, location_id) VALUES (2357, null, null, null, null, '', null);
INSERT INTO life_event (id, day, month, year, date, notes, location_id) VALUES (2358, null, null, null, null, '', null);
INSERT INTO occupation (id, notes, day, month, year, date, location_id) VALUES (373, 'Bibiotikarie', null, null, null, null, null);
INSERT INTO person (id, first_name, last_name, middle_names, notes, sex, birth_id, death_id, burial_id, father_id, mother_id) VALUES (786, 'Adolf', 'Arwidsson', 'Ivar', '', 'MAN', 2356, 2357, 2358, null, null);

--======= Insert Person id: 787 =======
INSERT INTO location (id, city, country, region, notes, latitude, longitude, fetch_status) VALUES (966, 'Köpenhamn', 'Danmark', '', '', 55.67567, 12.56756, 'FETCHED_WITH_SUCCESS');
INSERT INTO life_event (id, day, month, year, date, notes, location_id) VALUES (2359, 30, 1, 1872, '1872-01-30', '', 966);
INSERT INTO location (id, city, country, region, notes, latitude, longitude, fetch_status) VALUES (967, 'Malmö', 'Sverige', '', '', 55.59669, 13.0011, 'FETCHED_WITH_SUCCESS');
INSERT INTO life_event (id, day, month, year, date, notes, location_id) VALUES (2360, 8, 6, 1958, '1958-06-08', '', 967);
INSERT INTO life_event (id, day, month, year, date, notes, location_id) VALUES (2361, null, null, null, null, '', null);
INSERT INTO occupation (id, notes, day, month, year, date, location_id) VALUES (374, 'Framstående sångerska', null, null, null, null, null);
INSERT INTO person (id, first_name, last_name, middle_names, notes, sex, birth_id, death_id, burial_id, father_id, mother_id) VALUES (787, 'Anna', 'Rahllf', 'Nikoline, Camilla', 'Vasamedaljen i guld av 8:e storleken 1921-06-06..', 'WOMAN', 2359, 2360, 2361, null, null);

--======= Insert Person id: 788 =======
INSERT INTO location (id, city, country, region, notes, latitude, longitude, fetch_status) VALUES (968, 'Malmö', 'Sverige', '', '', 55.59669, 13.0011, 'FETCHED_WITH_SUCCESS');
INSERT INTO life_event (id, day, month, year, date, notes, location_id) VALUES (2362, 25, 9, 1900, '1900-09-25', '', 968);
INSERT INTO location (id, city, country, region, notes, latitude, longitude, fetch_status) VALUES (969, 'Malmö', 'Sverige', '', '', 55.59669, 13.0011, 'FETCHED_WITH_SUCCESS');
INSERT INTO life_event (id, day, month, year, date, notes, location_id) VALUES (2363, 27, 6, 2000, '2000-06-27', '', 969);
INSERT INTO life_event (id, day, month, year, date, notes, location_id) VALUES (2364, null, null, null, null, '', null);
INSERT INTO person (id, first_name, last_name, middle_names, notes, sex, birth_id, death_id, burial_id, father_id, mother_id) VALUES (788, 'Maud', 'Hegardt', 'Sigrid, Emmy', '(Tab 48:206 i GS).
Flickskola i Malmö och Hindås. 1928-29 restaurangskola i Stockholm.
Examen därifrån 1929.
1930 hovmästarinna på Stockholmsutställningarna. 1931-33 värdinna på Siljansborgs Turisthotell i Rättvik. Sommaren 1935 hovmästarinna på Solidan, Skansen i Stockholm. 1957-59 kamrer på Falserbo golfklubb. 1960-61 i Vancouver, Canada, men återkom till golfklubben 1961-62.', 'WOMAN', 2362, 2363, 2364, null, null);

--======= Insert Person id: 789 =======
INSERT INTO location (id, city, country, region, notes, latitude, longitude, fetch_status) VALUES (970, 'Malmö', 'Sverige', '', '', 55.59669, 13.0011, 'FETCHED_WITH_SUCCESS');
INSERT INTO life_event (id, day, month, year, date, notes, location_id) VALUES (2365, 26, 2, 1902, '1902-02-26', '', 970);
INSERT INTO location (id, city, country, region, notes, latitude, longitude, fetch_status) VALUES (971, 'Göteborg', 'Sverige', '', '', 57.70067, 11.96822, 'FETCHED_WITH_SUCCESS');
INSERT INTO life_event (id, day, month, year, date, notes, location_id) VALUES (2366, 24, 7, 1985, '1985-07-24', '', 971);
INSERT INTO life_event (id, day, month, year, date, notes, location_id) VALUES (2367, null, null, null, null, '', null);
INSERT INTO person (id, first_name, last_name, middle_names, notes, sex, birth_id, death_id, burial_id, father_id, mother_id) VALUES (789, 'Mary', 'Hegardt', '', '(Tab 48:207 i GS).', 'UNKNOWN', 2365, 2366, 2367, null, null);

--======= Insert Person id: 790 =======
INSERT INTO location (id, city, country, region, notes, latitude, longitude, fetch_status) VALUES (972, 'Malmö', 'Sverige', '', '', 55.59669, 13.0011, 'FETCHED_WITH_SUCCESS');
INSERT INTO life_event (id, day, month, year, date, notes, location_id) VALUES (2368, 26, 2, 1902, '1902-02-26', '', 972);
INSERT INTO location (id, city, country, region, notes, latitude, longitude, fetch_status) VALUES (973, 'Malmö', 'Sverige', '', '', 55.59669, 13.0011, 'FETCHED_WITH_SUCCESS');
INSERT INTO life_event (id, day, month, year, date, notes, location_id) VALUES (2369, 4, 9, 1954, '1954-09-04', '', 973);
INSERT INTO life_event (id, day, month, year, date, notes, location_id) VALUES (2370, null, null, null, null, '', null);
INSERT INTO person (id, first_name, last_name, middle_names, notes, sex, birth_id, death_id, burial_id, father_id, mother_id) VALUES (790, 'Gurli', 'Hegardt', 'Maria, Birgitta', '(Tab 48:208 i GS).
Efter avslutad skolgång i Malmö bedrev hon språkstudier i Köpenhamn vid Couvent de l''Assomption och i Paris, Frankrike.', 'WOMAN', 2368, 2369, 2370, null, null);

--======= Insert Person id: 791 =======
INSERT INTO location (id, city, country, region, notes, latitude, longitude, fetch_status) VALUES (974, 'Stockholm', 'Sverige', '', '', 59.33257, 18.06683, 'FETCHED_WITH_SUCCESS');
INSERT INTO life_event (id, day, month, year, date, notes, location_id) VALUES (2371, 6, 10, 1857, '1857-10-06', '', 974);
INSERT INTO location (id, city, country, region, notes, latitude, longitude, fetch_status) VALUES (975, 'Stockholm', 'Sverige', '', '', 59.33257, 18.06683, 'FETCHED_WITH_SUCCESS');
INSERT INTO life_event (id, day, month, year, date, notes, location_id) VALUES (2372, 22, 5, 1918, '1918-05-22', '', 975);
INSERT INTO life_event (id, day, month, year, date, notes, location_id) VALUES (2373, null, null, null, null, '', null);
INSERT INTO person (id, first_name, last_name, middle_names, notes, sex, birth_id, death_id, burial_id, father_id, mother_id) VALUES (791, 'Engela', 'Ekroth', 'Teodora', '', 'WOMAN', 2371, 2372, 2373, null, null);

--======= Insert Person id: 792 =======
INSERT INTO location (id, city, country, region, notes, latitude, longitude, fetch_status) VALUES (976, 'Stockholm', 'Sverige', '', '', 59.33257, 18.06683, 'FETCHED_WITH_SUCCESS');
INSERT INTO life_event (id, day, month, year, date, notes, location_id) VALUES (2374, 15, 11, 1890, '1890-11-15', '', 976);
INSERT INTO location (id, city, country, region, notes, latitude, longitude, fetch_status) VALUES (977, 'Nacka', 'Sverige', '', '', 59.3111, 18.16451, 'FETCHED_WITH_SUCCESS');
INSERT INTO life_event (id, day, month, year, date, notes, location_id) VALUES (2375, 24, 7, 1985, '1985-07-24', '', 977);
INSERT INTO life_event (id, day, month, year, date, notes, location_id) VALUES (2376, null, null, null, null, '', null);
INSERT INTO person (id, first_name, last_name, middle_names, notes, sex, birth_id, death_id, burial_id, father_id, mother_id) VALUES (792, 'Märta', 'Hegardt', '', '(Tab 49:210 i GS).
Studentexamen 1909 i Stockholm (AB).
Civilekonomexamen 1912 i Stockholm (AB).
(Hon var Sveriges första kvinnliga civilekonom!).
Var före giftermålet anställd i Stockholms Enskilda Bank och Inteckningsbanken.', 'UNKNOWN', 2374, 2375, 2376, null, null);

--======= Insert Person id: 793 =======
INSERT INTO life_event (id, day, month, year, date, notes, location_id) VALUES (2377, null, null, null, null, '', null);
INSERT INTO life_event (id, day, month, year, date, notes, location_id) VALUES (2378, null, null, null, null, '', null);
INSERT INTO life_event (id, day, month, year, date, notes, location_id) VALUES (2379, null, null, null, null, '', null);
INSERT INTO person (id, first_name, last_name, middle_names, notes, sex, birth_id, death_id, burial_id, father_id, mother_id) VALUES (793, 'Oline', 'Aagaard', 'Mathilde', '', 'WOMAN', 2377, 2378, 2379, null, null);

--======= Insert Person id: 794 =======
INSERT INTO life_event (id, day, month, year, date, notes, location_id) VALUES (2380, null, null, null, null, '', null);
INSERT INTO life_event (id, day, month, year, date, notes, location_id) VALUES (2381, null, null, null, null, '', null);
INSERT INTO life_event (id, day, month, year, date, notes, location_id) VALUES (2382, null, null, null, null, '', null);
INSERT INTO occupation (id, notes, day, month, year, date, location_id) VALUES (375, 'Etatsråd', null, null, null, null, null);
INSERT INTO person (id, first_name, last_name, middle_names, notes, sex, birth_id, death_id, burial_id, father_id, mother_id) VALUES (794, 'Frederik', 'Rahllf', 'Jörgen', '', 'MAN', 2380, 2381, 2382, null, null);

--======= Insert Person id: 795 =======
INSERT INTO life_event (id, day, month, year, date, notes, location_id) VALUES (2383, null, null, null, null, '', null);
INSERT INTO life_event (id, day, month, year, date, notes, location_id) VALUES (2384, null, null, null, null, '', null);
INSERT INTO life_event (id, day, month, year, date, notes, location_id) VALUES (2385, null, null, null, null, '', null);
INSERT INTO person (id, first_name, last_name, middle_names, notes, sex, birth_id, death_id, burial_id, father_id, mother_id) VALUES (795, 'Gunnar', 'Glimstedt', '', '', 'MAN', 2383, 2384, 2385, null, null);

--======= Insert Person id: 796 =======
INSERT INTO location (id, city, country, region, notes, latitude, longitude, fetch_status) VALUES (978, 'Uddevalla', 'Sverige', '', '', 58.35096, 11.93264, 'FETCHED_WITH_SUCCESS');
INSERT INTO life_event (id, day, month, year, date, notes, location_id) VALUES (2386, 25, 6, 1899, '1899-06-25', '', 978);
INSERT INTO location (id, city, country, region, notes, latitude, longitude, fetch_status) VALUES (979, 'Østra Hoby', 'Sverige', '', '', 55.47287, 14.2339, 'FETCHED_WITH_SUCCESS');
INSERT INTO life_event (id, day, month, year, date, notes, location_id) VALUES (2387, null, null, 1950, '1950-01-01', '', 979);
INSERT INTO life_event (id, day, month, year, date, notes, location_id) VALUES (2388, null, null, null, null, '', null);
INSERT INTO person (id, first_name, last_name, middle_names, notes, sex, birth_id, death_id, burial_id, father_id, mother_id) VALUES (796, 'Carl', 'Möller', 'Axel, Wilhelm', '', 'MAN', 2386, 2387, 2388, null, null);

--======= Insert Person id: 797 =======
INSERT INTO location (id, city, country, region, notes, latitude, longitude, fetch_status) VALUES (980, 'Malmö', 'Sverige', '', '', 55.59669, 13.0011, 'FETCHED_WITH_SUCCESS');
INSERT INTO life_event (id, day, month, year, date, notes, location_id) VALUES (2389, 28, 1, 1923, '1923-01-28', '', 980);
INSERT INTO life_event (id, day, month, year, date, notes, location_id) VALUES (2390, null, null, null, null, '', null);
INSERT INTO life_event (id, day, month, year, date, notes, location_id) VALUES (2391, null, null, null, null, '', null);
INSERT INTO occupation (id, notes, day, month, year, date, location_id) VALUES (376, 'Folkskollärare', null, null, null, null, null);
INSERT INTO occupation (id, notes, day, month, year, date, location_id) VALUES (377, 'Författare', null, null, null, null, null);
INSERT INTO person (id, first_name, last_name, middle_names, notes, sex, birth_id, death_id, burial_id, father_id, mother_id) VALUES (797, 'Sonja', 'Glimstedt', 'Carola', 'Adress Gäddvägen 27, 582 58 LINKØPING.
Folkskollärarexamen, fil kand.
Lärare vid Linköpings grundskolor. Lärarutbildare.
Bor i Linköping (E).', 'WOMAN', 2389, 2390, 2391, null, null);

--======= Insert Person id: 798 =======
INSERT INTO location (id, city, country, region, notes, latitude, longitude, fetch_status) VALUES (981, 'Malmö', 'Sverige', '', '', 55.59669, 13.0011, 'FETCHED_WITH_SUCCESS');
INSERT INTO life_event (id, day, month, year, date, notes, location_id) VALUES (2392, null, null, 1925, '1925-01-01', '', 981);
INSERT INTO location (id, city, country, region, notes, latitude, longitude, fetch_status) VALUES (982, 'Kanada', 'Sverige', '', '', 59.02337, 18.20583, 'FETCHED_WITH_SUCCESS');
INSERT INTO life_event (id, day, month, year, date, notes, location_id) VALUES (2393, null, null, 1971, '1971-01-01', '', 982);
INSERT INTO life_event (id, day, month, year, date, notes, location_id) VALUES (2394, null, null, null, null, '', null);
INSERT INTO person (id, first_name, last_name, middle_names, notes, sex, birth_id, death_id, burial_id, father_id, mother_id) VALUES (798, 'Karl', 'Möller', 'Bertil', '', 'UNKNOWN', 2392, 2393, 2394, null, null);

--======= Insert Person id: 799 =======
INSERT INTO location (id, city, country, region, notes, latitude, longitude, fetch_status) VALUES (983, 'Linköping', 'Sverige', '', '', 58.41109, 15.62565, 'FETCHED_WITH_SUCCESS');
INSERT INTO life_event (id, day, month, year, date, notes, location_id) VALUES (2395, 26, 8, 1948, '1948-08-26', '', 983);
INSERT INTO life_event (id, day, month, year, date, notes, location_id) VALUES (2396, null, null, null, null, '', null);
INSERT INTO life_event (id, day, month, year, date, notes, location_id) VALUES (2397, null, null, null, null, '', null);
INSERT INTO occupation (id, notes, day, month, year, date, location_id) VALUES (378, 'Lärare', null, null, null, null, null);
INSERT INTO person (id, first_name, last_name, middle_names, notes, sex, birth_id, death_id, burial_id, father_id, mother_id) VALUES (799, 'Viveca', 'Glimstedt', '', 'Lågstadielärarexamen 1971 i Malmö (M).
Tjänstgöringar i Malmö, Norrköping, Lidköping, Stockholm och Simrishamn, företrädesvis med invandrarundervisning Bor i Vallby (L).', 'WOMAN', 2395, 2396, 2397, null, null);

--======= Insert Person id: 800 =======
INSERT INTO location (id, city, country, region, notes, latitude, longitude, fetch_status) VALUES (984, 'Alvesta', 'Sverige', '', '', 56.90211, 14.55861, 'FETCHED_WITH_SUCCESS');
INSERT INTO life_event (id, day, month, year, date, notes, location_id) VALUES (2398, 23, 3, 1923, '1923-03-23', '', 984);
INSERT INTO life_event (id, day, month, year, date, notes, location_id) VALUES (2399, null, null, null, null, '', null);
INSERT INTO life_event (id, day, month, year, date, notes, location_id) VALUES (2400, null, null, null, null, '', null);
INSERT INTO occupation (id, notes, day, month, year, date, location_id) VALUES (379, 'Officer vid lv2', null, null, null, null, null);
INSERT INTO person (id, first_name, last_name, middle_names, notes, sex, birth_id, death_id, burial_id, father_id, mother_id) VALUES (800, 'Rudolf', 'Hall', 'Lennart', 'Oforskat Fullständiga uppgifter (sid 3).', 'MAN', 2398, 2399, 2400, null, null);

--======= Insert Person id: 801 =======
INSERT INTO location (id, city, country, region, notes, latitude, longitude, fetch_status) VALUES (985, 'i Finspång', 'Sverige', '', '', 58.70834, 15.77659, 'FETCHED_WITH_SUCCESS');
INSERT INTO life_event (id, day, month, year, date, notes, location_id) VALUES (2401, 21, 3, 1947, '1947-03-21', '', 985);
INSERT INTO life_event (id, day, month, year, date, notes, location_id) VALUES (2402, null, null, null, null, '', null);
INSERT INTO life_event (id, day, month, year, date, notes, location_id) VALUES (2403, null, null, null, null, '', null);
INSERT INTO occupation (id, notes, day, month, year, date, location_id) VALUES (380, 'Kronofogde', null, null, null, null, null);
INSERT INTO person (id, first_name, last_name, middle_names, notes, sex, birth_id, death_id, burial_id, father_id, mother_id) VALUES (801, 'Bengt', 'Holmström', '', 'Jur kand 1972 i Lund (M).
Tingstjänstgöring vid Lidköpings tingsrätt. Kronofogde i Norrköping.
Avdelningsdir vid Riksskatteverket, Stockholm.
Kronofogde i Malmö sedan 1990.', 'MAN', 2401, 2402, 2403, null, null);

--======= Insert Person id: 802 =======
INSERT INTO location (id, city, country, region, notes, latitude, longitude, fetch_status) VALUES (986, 'Bogotá', 'Colombia', '', '', 4.61496, -74.06941, 'FETCHED_WITH_SUCCESS');
INSERT INTO life_event (id, day, month, year, date, notes, location_id) VALUES (2404, 11, 3, 1981, '1981-03-11', '', 986);
INSERT INTO life_event (id, day, month, year, date, notes, location_id) VALUES (2405, null, null, null, null, '', null);
INSERT INTO life_event (id, day, month, year, date, notes, location_id) VALUES (2406, null, null, null, null, '', null);
INSERT INTO occupation (id, notes, day, month, year, date, location_id) VALUES (381, 'Studerande', null, null, null, null, null);
INSERT INTO person (id, first_name, last_name, middle_names, notes, sex, birth_id, death_id, burial_id, father_id, mother_id) VALUES (802, 'David', 'Holmström', '', '', 'UNKNOWN', 2404, 2405, 2406, null, null);

--======= Insert Person id: 803 =======
INSERT INTO location (id, city, country, region, notes, latitude, longitude, fetch_status) VALUES (987, 'Bogotá', 'Colombia', '', '', 4.61496, -74.06941, 'FETCHED_WITH_SUCCESS');
INSERT INTO life_event (id, day, month, year, date, notes, location_id) VALUES (2407, 20, 4, 1983, '1983-04-20', '', 987);
INSERT INTO life_event (id, day, month, year, date, notes, location_id) VALUES (2408, null, null, null, null, '', null);
INSERT INTO life_event (id, day, month, year, date, notes, location_id) VALUES (2409, null, null, null, null, '', null);
INSERT INTO occupation (id, notes, day, month, year, date, location_id) VALUES (382, 'Studerande', null, null, null, null, null);
INSERT INTO person (id, first_name, last_name, middle_names, notes, sex, birth_id, death_id, burial_id, father_id, mother_id) VALUES (803, 'Olivia', 'Holmström', '', '', 'UNKNOWN', 2407, 2408, 2409, null, null);

--======= Insert Person id: 804 =======
INSERT INTO location (id, city, country, region, notes, latitude, longitude, fetch_status) VALUES (988, 'Stockholm', 'Sverige', '', '', 59.33257, 18.06683, 'FETCHED_WITH_SUCCESS');
INSERT INTO life_event (id, day, month, year, date, notes, location_id) VALUES (2410, 25, 11, 1889, '1889-11-25', '', 988);
INSERT INTO life_event (id, day, month, year, date, notes, location_id) VALUES (2411, null, null, null, null, '', null);
INSERT INTO life_event (id, day, month, year, date, notes, location_id) VALUES (2412, null, null, null, null, '', null);
INSERT INTO occupation (id, notes, day, month, year, date, location_id) VALUES (383, 'Sjökapten', null, null, null, null, null);
INSERT INTO person (id, first_name, last_name, middle_names, notes, sex, birth_id, death_id, burial_id, father_id, mother_id) VALUES (804, 'Agne', 'Fris', '', '', 'UNKNOWN', 2410, 2411, 2412, null, null);

--======= Insert Person id: 805 =======
INSERT INTO life_event (id, day, month, year, date, notes, location_id) VALUES (2413, null, null, null, null, '', null);
INSERT INTO life_event (id, day, month, year, date, notes, location_id) VALUES (2414, null, null, null, null, '', null);
INSERT INTO life_event (id, day, month, year, date, notes, location_id) VALUES (2415, null, null, null, null, '', null);
INSERT INTO occupation (id, notes, day, month, year, date, location_id) VALUES (384, 'Banktjänsteman', null, null, null, null, null);
INSERT INTO person (id, first_name, last_name, middle_names, notes, sex, birth_id, death_id, burial_id, father_id, mother_id) VALUES (805, 'Filip', 'Ljung', '', '', 'UNKNOWN', 2413, 2414, 2415, null, null);

--======= Insert Person id: 806 =======
INSERT INTO location (id, city, country, region, notes, latitude, longitude, fetch_status) VALUES (989, 'Karlskrona', 'Sverige', '', '', 56.16067, 15.58464, 'FETCHED_WITH_SUCCESS');
INSERT INTO life_event (id, day, month, year, date, notes, location_id) VALUES (2416, 26, 2, 1901, '1901-02-26', '', 989);
INSERT INTO location (id, city, country, region, notes, latitude, longitude, fetch_status) VALUES (990, 'Malmö', 'Sverige', '', '', 55.59669, 13.0011, 'FETCHED_WITH_SUCCESS');
INSERT INTO life_event (id, day, month, year, date, notes, location_id) VALUES (2417, 13, 2, 1949, '1949-02-13', '', 990);
INSERT INTO life_event (id, day, month, year, date, notes, location_id) VALUES (2418, null, null, null, null, '', null);
INSERT INTO occupation (id, notes, day, month, year, date, location_id) VALUES (385, 'Jurist', null, null, null, null, null);
INSERT INTO person (id, first_name, last_name, middle_names, notes, sex, birth_id, death_id, burial_id, father_id, mother_id) VALUES (806, 'Malte', 'Stevelius', 'Rutger, Frans, Ax, son', '', 'MAN', 2416, 2417, 2418, null, null);

--======= Insert Person id: 807 =======
INSERT INTO location (id, city, country, region, notes, latitude, longitude, fetch_status) VALUES (991, 'Malmö', 'Sverige', '', '', 55.59669, 13.0011, 'FETCHED_WITH_SUCCESS');
INSERT INTO life_event (id, day, month, year, date, notes, location_id) VALUES (2419, 10, 4, 1930, '1930-04-10', '', 991);
INSERT INTO life_event (id, day, month, year, date, notes, location_id) VALUES (2420, null, null, null, null, '', null);
INSERT INTO life_event (id, day, month, year, date, notes, location_id) VALUES (2421, null, null, null, null, '', null);
INSERT INTO occupation (id, notes, day, month, year, date, location_id) VALUES (386, 'Föreståndare', null, null, null, null, null);
INSERT INTO person (id, first_name, last_name, middle_names, notes, sex, birth_id, death_id, burial_id, father_id, mother_id) VALUES (807, 'Marguerite', 'Stevelius', 'Irène, Karin, Doris, Veronica', 'Ingenjörsexamen vid Malmö högre tekniska läroverk 1952.
Ålderdomshemsföreståndareutbildning vid Kommunala högskolan i Malmö 1980. Föreståndare Celciusgården, Malmö 1980-1983. Föreståndare vid Sorgenfri Servicecentrum, Malmö från 1983.', 'UNKNOWN', 2419, 2420, 2421, null, null);

--======= Insert Person id: 808 =======
INSERT INTO life_event (id, day, month, year, date, notes, location_id) VALUES (2422, null, null, null, null, '', null);
INSERT INTO life_event (id, day, month, year, date, notes, location_id) VALUES (2423, null, null, null, null, '', null);
INSERT INTO life_event (id, day, month, year, date, notes, location_id) VALUES (2424, null, null, null, null, '', null);
INSERT INTO person (id, first_name, last_name, middle_names, notes, sex, birth_id, death_id, burial_id, father_id, mother_id) VALUES (808, 'Olivia', 'Holmén', 'Lovisa', '', 'WOMAN', 2422, 2423, 2424, null, null);

--======= Insert Person id: 809 =======
INSERT INTO life_event (id, day, month, year, date, notes, location_id) VALUES (2425, null, null, null, null, '', null);
INSERT INTO life_event (id, day, month, year, date, notes, location_id) VALUES (2426, null, null, null, null, '', null);
INSERT INTO life_event (id, day, month, year, date, notes, location_id) VALUES (2427, null, null, null, null, '', null);
INSERT INTO occupation (id, notes, day, month, year, date, location_id) VALUES (387, 'Direktör', null, null, null, null, null);
INSERT INTO person (id, first_name, last_name, middle_names, notes, sex, birth_id, death_id, burial_id, father_id, mother_id) VALUES (809, 'Teodor', 'Ekroth', '', '', 'MAN', 2425, 2426, 2427, null, null);

--======= Insert Person id: 810 =======
INSERT INTO location (id, city, country, region, notes, latitude, longitude, fetch_status) VALUES (992, 'Stockholm', 'Sverige', '', '', 59.33257, 18.06683, 'FETCHED_WITH_SUCCESS');
INSERT INTO life_event (id, day, month, year, date, notes, location_id) VALUES (2428, 5, 6, 1888, '1888-06-05', '', 992);
INSERT INTO life_event (id, day, month, year, date, notes, location_id) VALUES (2429, null, null, null, null, '', null);
INSERT INTO life_event (id, day, month, year, date, notes, location_id) VALUES (2430, null, null, null, null, '', null);
INSERT INTO occupation (id, notes, day, month, year, date, location_id) VALUES (388, 'Bankkamrer', null, null, null, null, null);
INSERT INTO person (id, first_name, last_name, middle_names, notes, sex, birth_id, death_id, burial_id, father_id, mother_id) VALUES (810, 'Sven', 'Löfdahl', 'Johan', '', 'UNKNOWN', 2428, 2429, 2430, null, null);

--======= Insert Person id: 811 =======
INSERT INTO life_event (id, day, month, year, date, notes, location_id) VALUES (2431, null, null, null, null, '', null);
INSERT INTO life_event (id, day, month, year, date, notes, location_id) VALUES (2432, null, null, null, null, '', null);
INSERT INTO life_event (id, day, month, year, date, notes, location_id) VALUES (2433, null, null, null, null, '', null);
INSERT INTO person (id, first_name, last_name, middle_names, notes, sex, birth_id, death_id, burial_id, father_id, mother_id) VALUES (811, 'Anna', 'Loefel', '', '', 'WOMAN', 2431, 2432, 2433, null, null);

--======= Insert Person id: 812 =======
INSERT INTO life_event (id, day, month, year, date, notes, location_id) VALUES (2434, null, null, null, null, '', null);
INSERT INTO life_event (id, day, month, year, date, notes, location_id) VALUES (2435, null, null, null, null, '', null);
INSERT INTO life_event (id, day, month, year, date, notes, location_id) VALUES (2436, null, null, null, null, '', null);
INSERT INTO person (id, first_name, last_name, middle_names, notes, sex, birth_id, death_id, burial_id, father_id, mother_id) VALUES (812, 'Ulrich', 'Raviler', '', '', 'MAN', 2434, 2435, 2436, null, null);

--======= Insert Person id: 813 =======
INSERT INTO location (id, city, country, region, notes, latitude, longitude, fetch_status) VALUES (993, 'Mantorville', 'USA', '', '', 44.06834, -92.75529, 'FETCHED_WITH_SUCCESS');
INSERT INTO life_event (id, day, month, year, date, notes, location_id) VALUES (2437, 14, 4, 1864, '1864-04-14', '', 993);
INSERT INTO location (id, city, country, region, notes, latitude, longitude, fetch_status) VALUES (994, 'Pasadena', 'USA', 'Californien', '', 34.14745, -118.14427, 'FETCHED_WITH_SUCCESS');
INSERT INTO life_event (id, day, month, year, date, notes, location_id) VALUES (2438, null, null, 1924, '1924-01-01', '', 994);
INSERT INTO life_event (id, day, month, year, date, notes, location_id) VALUES (2439, null, null, null, null, '', null);
INSERT INTO person (id, first_name, last_name, middle_names, notes, sex, birth_id, death_id, burial_id, father_id, mother_id) VALUES (813, 'Jessie', 'Everhard', 'Josephine', '', 'WOMAN', 2437, 2438, 2439, null, null);

--======= Insert Person id: 814 =======
INSERT INTO location (id, city, country, region, notes, latitude, longitude, fetch_status) VALUES (995, 'Duluth', 'USA', 'Minnesota', '', 46.78796, -92.09985, 'FETCHED_WITH_SUCCESS');
INSERT INTO life_event (id, day, month, year, date, notes, location_id) VALUES (2440, 6, 10, 1895, '1895-10-06', '', 995);
INSERT INTO life_event (id, day, month, year, date, notes, location_id) VALUES (2441, null, null, null, null, '', null);
INSERT INTO life_event (id, day, month, year, date, notes, location_id) VALUES (2442, null, null, null, null, '', null);
INSERT INTO person (id, first_name, last_name, middle_names, notes, sex, birth_id, death_id, burial_id, father_id, mother_id) VALUES (814, 'Gertrude', 'Hegardt', 'Marie', '(Tab 51:215 i GS).
Examen från Mt Vernon Seminary (som nu är ett College) 1916 i Washington DC, USA. Medlem av Optima Society.', 'UNKNOWN', 2440, 2441, 2442, null, null);

--======= Insert Person id: 815 =======
INSERT INTO location (id, city, country, region, notes, latitude, longitude, fetch_status) VALUES (996, 'Duluth', 'USA', 'Minnesota', '', 46.78796, -92.09985, 'FETCHED_WITH_SUCCESS');
INSERT INTO life_event (id, day, month, year, date, notes, location_id) VALUES (2443, 14, 11, 1897, '1897-11-14', '', 996);
INSERT INTO location (id, city, country, region, notes, latitude, longitude, fetch_status) VALUES (997, 'Pasadena', 'USA', 'Californien', '', 34.14745, -118.14427, 'FETCHED_WITH_SUCCESS');
INSERT INTO life_event (id, day, month, year, date, notes, location_id) VALUES (2444, 29, 12, 1944, '1944-12-29', '', 997);
INSERT INTO life_event (id, day, month, year, date, notes, location_id) VALUES (2445, null, null, null, null, '', null);
INSERT INTO person (id, first_name, last_name, middle_names, notes, sex, birth_id, death_id, burial_id, father_id, mother_id) VALUES (815, 'William', 'Hegardt', 'Gordon', '(Tab 51:216 i GS).
Examen 1919 från Williams College. Var först Anställd i First American Bank i Duluth och blev senare vice ordförande där. Medlem i Duluth Rotary och aktiv inom kyrkan.', 'UNKNOWN', 2443, 2444, 2445, null, null);

--======= Insert Person id: 816 =======
INSERT INTO location (id, city, country, region, notes, latitude, longitude, fetch_status) VALUES (998, 'Hartford', 'USA', 'Conneticut', '', 41.76381, -72.67397, 'FETCHED_WITH_SUCCESS');
INSERT INTO life_event (id, day, month, year, date, notes, location_id) VALUES (2446, 21, 8, 1869, '1869-08-21', '', 998);
INSERT INTO life_event (id, day, month, year, date, notes, location_id) VALUES (2447, null, null, 1933, '1933-01-01', '', null);
INSERT INTO life_event (id, day, month, year, date, notes, location_id) VALUES (2448, null, null, null, null, '', null);
INSERT INTO occupation (id, notes, day, month, year, date, location_id) VALUES (389, 'Barnläkare', null, null, null, null, null);
INSERT INTO person (id, first_name, last_name, middle_names, notes, sex, birth_id, death_id, burial_id, father_id, mother_id) VALUES (816, 'Nellie', 'Moore', 'Florence', '', 'WOMAN', 2446, 2447, 2448, null, null);

--======= Insert Person id: 817 =======
INSERT INTO location (id, city, country, region, notes, latitude, longitude, fetch_status) VALUES (999, 'Calumet', 'USA', 'Michigan', '', 47.24608, -88.45377, 'FETCHED_WITH_SUCCESS');
INSERT INTO life_event (id, day, month, year, date, notes, location_id) VALUES (2449, 5, 11, 1897, '1897-11-05', '', 999);
INSERT INTO location (id, city, country, region, notes, latitude, longitude, fetch_status) VALUES (1000, 'Gettysburg', 'USA', 'Pennsylvania', '', 39.83054, -77.23113, 'FETCHED_WITH_SUCCESS');
INSERT INTO life_event (id, day, month, year, date, notes, location_id) VALUES (2450, null, null, 1926, '1926-01-01', '', 1000);
INSERT INTO life_event (id, day, month, year, date, notes, location_id) VALUES (2451, null, null, null, null, '', null);
INSERT INTO person (id, first_name, last_name, middle_names, notes, sex, birth_id, death_id, burial_id, father_id, mother_id) VALUES (817, 'Kenyon', 'Hegardt', 'Moore', '(Tab 52:219 i GS).
Antogs vid krigsskolan i West Point 1919 och utexaminerades 1923.
Gick in vid amerikanska flygvapnet och omkom tragiskt när hans flygplan, under ett åskväder, flög in i ett berg.', 'UNKNOWN', 2449, 2450, 2451, null, null);

--======= Insert Person id: 818 =======
INSERT INTO location (id, city, country, region, notes, latitude, longitude, fetch_status) VALUES (1001, 'Ducktown', 'USA', 'Tennessee', '', 35.03488, -84.38255, 'FETCHED_WITH_SUCCESS');
INSERT INTO life_event (id, day, month, year, date, notes, location_id) VALUES (2452, 30, 1, 1902, '1902-01-30', '', 1001);
INSERT INTO location (id, city, country, region, notes, latitude, longitude, fetch_status) VALUES (1002, 'Los Angeles', 'USA', 'Californien', '', 34.05357, -118.24545, 'FETCHED_WITH_SUCCESS');
INSERT INTO life_event (id, day, month, year, date, notes, location_id) VALUES (2453, 27, 6, 1990, '1990-06-27', '', 1002);
INSERT INTO life_event (id, day, month, year, date, notes, location_id) VALUES (2454, null, null, null, null, '', null);
INSERT INTO occupation (id, notes, day, month, year, date, location_id) VALUES (390, 'Koreograf', null, null, null, null, null);
INSERT INTO person (id, first_name, last_name, middle_names, notes, sex, birth_id, death_id, burial_id, father_id, mother_id) VALUES (818, 'Marie', 'Hegardt', 'Louise', '(Tab 52:220 i GS).
Efter avslutad skolgång i Los Angeles, studerade hon balett i sju år och framträdde på Hollywood Bowl. Hon dansade vid Ebell teatern.
Hennes grupp, Staes-Valova, dansade vid premiären på Shrine Auditorium och Collisseum.
I många år undervisade Marie, känd som Valova, i balett och producerade många program för opera och konserter tills hon drog sig tillbaka.', 'UNKNOWN', 2452, 2453, 2454, null, null);

--======= Insert Person id: 819 =======
INSERT INTO location (id, city, country, region, notes, latitude, longitude, fetch_status) VALUES (1003, 'Dodgeville', 'USA', 'Wisconsin', '', 42.9605, -90.13038, 'FETCHED_WITH_SUCCESS');
INSERT INTO life_event (id, day, month, year, date, notes, location_id) VALUES (2455, 6, 8, 1862, '1862-08-06', '', 1003);
INSERT INTO location (id, city, country, region, notes, latitude, longitude, fetch_status) VALUES (1004, 'San Marino', 'USA', 'Californien', '', 34.12215, -118.10501, 'FETCHED_WITH_SUCCESS');
INSERT INTO life_event (id, day, month, year, date, notes, location_id) VALUES (2456, 26, 7, 1936, '1936-07-26', '', 1004);
INSERT INTO life_event (id, day, month, year, date, notes, location_id) VALUES (2457, null, null, null, null, '', null);
INSERT INTO occupation (id, notes, day, month, year, date, location_id) VALUES (391, 'Revisor', null, null, null, null, null);
INSERT INTO person (id, first_name, last_name, middle_names, notes, sex, birth_id, death_id, burial_id, father_id, mother_id) VALUES (819, 'Henry', 'Paull', 'B', '', 'UNKNOWN', 2455, 2456, 2457, null, null);

--======= Insert Person id: 820 =======
INSERT INTO location (id, city, country, region, notes, latitude, longitude, fetch_status) VALUES (1005, 'Oswego', 'USA', 'Illinois', '', 41.68327, -88.35285, 'FETCHED_WITH_SUCCESS');
INSERT INTO life_event (id, day, month, year, date, notes, location_id) VALUES (2458, 28, 6, 1871, '1871-06-28', '', 1005);
INSERT INTO location (id, city, country, region, notes, latitude, longitude, fetch_status) VALUES (1006, 'USA', 'Sverige', '', '', 59.33257, 18.06682, 'FETCHED_WITH_SUCCESS');
INSERT INTO life_event (id, day, month, year, date, notes, location_id) VALUES (2459, 28, 3, 1935, '1935-03-28', '', 1006);
INSERT INTO life_event (id, day, month, year, date, notes, location_id) VALUES (2460, null, null, null, null, '', null);
INSERT INTO occupation (id, notes, day, month, year, date, location_id) VALUES (392, 'Direktör', null, null, null, null, null);
INSERT INTO person (id, first_name, last_name, middle_names, notes, sex, birth_id, death_id, burial_id, father_id, mother_id) VALUES (820, 'Gilbert', 'Gaylord', 'Hawkins', '', 'UNKNOWN', 2458, 2459, 2460, null, null);

--======= Insert Person id: 821 =======
INSERT INTO location (id, city, country, region, notes, latitude, longitude, fetch_status) VALUES (1007, 'Chatham', 'Canada', 'New Brunswick', '', 47.05556, -65.34757, 'FETCHED_WITH_SUCCESS');
INSERT INTO life_event (id, day, month, year, date, notes, location_id) VALUES (2461, 13, 2, 1872, '1872-02-13', '', 1007);
INSERT INTO location (id, city, country, region, notes, latitude, longitude, fetch_status) VALUES (1008, 'Downey', 'USA', 'Californien', '', 33.94077, -118.12768, 'FETCHED_WITH_SUCCESS');
INSERT INTO life_event (id, day, month, year, date, notes, location_id) VALUES (2462, 17, 10, 1952, '1952-10-17', '', 1008);
INSERT INTO life_event (id, day, month, year, date, notes, location_id) VALUES (2463, null, null, null, null, '', null);
INSERT INTO person (id, first_name, last_name, middle_names, notes, sex, birth_id, death_id, burial_id, father_id, mother_id) VALUES (821, 'Anna', 'Carroll', 'Elisabeth', '', 'WOMAN', 2461, 2462, 2463, null, null);

--======= Insert Person id: 822 =======
INSERT INTO location (id, city, country, region, notes, latitude, longitude, fetch_status) VALUES (1009, 'Globe', 'USA', 'Arizona', '', 33.39592, -110.7892, 'FETCHED_WITH_SUCCESS');
INSERT INTO life_event (id, day, month, year, date, notes, location_id) VALUES (2464, 5, 11, 1903, '1903-11-05', '', 1009);
INSERT INTO location (id, city, country, region, notes, latitude, longitude, fetch_status) VALUES (1010, 'Globe', 'USA', 'Arizona', '', 33.39592, -110.7892, 'FETCHED_WITH_SUCCESS');
INSERT INTO life_event (id, day, month, year, date, notes, location_id) VALUES (2465, 5, 8, 1904, '1904-08-05', '', 1010);
INSERT INTO life_event (id, day, month, year, date, notes, location_id) VALUES (2466, null, null, null, null, '', null);
INSERT INTO person (id, first_name, last_name, middle_names, notes, sex, birth_id, death_id, burial_id, father_id, mother_id) VALUES (822, 'Bernhard', 'Hegardt', '', '', 'UNKNOWN', 2464, 2465, 2466, null, null);

--======= Insert Person id: 823 =======
INSERT INTO location (id, city, country, region, notes, latitude, longitude, fetch_status) VALUES (1011, 'Globe', 'USA', 'Arizona', '', 33.39592, -110.7892, 'FETCHED_WITH_SUCCESS');
INSERT INTO life_event (id, day, month, year, date, notes, location_id) VALUES (2467, 11, 12, 1905, '1905-12-11', '', 1011);
INSERT INTO life_event (id, day, month, year, date, notes, location_id) VALUES (2468, null, null, null, null, '', null);
INSERT INTO life_event (id, day, month, year, date, notes, location_id) VALUES (2469, null, null, null, null, '', null);
INSERT INTO occupation (id, notes, day, month, year, date, location_id) VALUES (393, 'Plantageägare', null, null, null, null, null);
INSERT INTO person (id, first_name, last_name, middle_names, notes, sex, birth_id, death_id, burial_id, father_id, mother_id) VALUES (823, 'Robert', 'Hegardt', 'Raviller', 'Adress P.O Box 966, Pauma Valley, Californien 92061, USA.
(Tab 53:222 i GS).
Bor i Pauma Valley, Californien, USA.', 'MAN', 2467, 2468, 2469, null, null);

--======= Insert Person id: 824 =======
INSERT INTO location (id, city, country, region, notes, latitude, longitude, fetch_status) VALUES (1012, 'Globe', 'USA', 'Arizona', '', 33.39592, -110.7892, 'FETCHED_WITH_SUCCESS');
INSERT INTO life_event (id, day, month, year, date, notes, location_id) VALUES (2470, 19, 1, 1908, '1908-01-19', '', 1012);
INSERT INTO location (id, city, country, region, notes, latitude, longitude, fetch_status) VALUES (1013, 'Globe', 'USA', 'Arizona', '', 33.39592, -110.7892, 'FETCHED_WITH_SUCCESS');
INSERT INTO life_event (id, day, month, year, date, notes, location_id) VALUES (2471, 27, 9, 1909, '1909-09-27', '', 1013);
INSERT INTO life_event (id, day, month, year, date, notes, location_id) VALUES (2472, null, null, null, null, '', null);
INSERT INTO person (id, first_name, last_name, middle_names, notes, sex, birth_id, death_id, burial_id, father_id, mother_id) VALUES (824, 'Helen', 'Hegardt', 'Louise', '', 'UNKNOWN', 2470, 2471, 2472, null, null);

--======= Insert Person id: 825 =======
INSERT INTO location (id, city, country, region, notes, latitude, longitude, fetch_status) VALUES (1014, 'Globe', 'USA', 'Arizona', '', 33.39592, -110.7892, 'FETCHED_WITH_SUCCESS');
INSERT INTO life_event (id, day, month, year, date, notes, location_id) VALUES (2473, 8, 4, 1910, '1910-04-08', '', 1014);
INSERT INTO life_event (id, day, month, year, date, notes, location_id) VALUES (2474, null, null, null, null, '', null);
INSERT INTO life_event (id, day, month, year, date, notes, location_id) VALUES (2475, null, null, null, null, '', null);
INSERT INTO occupation (id, notes, day, month, year, date, location_id) VALUES (394, 'Ingenjör', null, null, null, null, null);
INSERT INTO person (id, first_name, last_name, middle_names, notes, sex, birth_id, death_id, burial_id, father_id, mother_id) VALUES (825, 'Karl', 'Hegardt', 'Edward', 'Adress 321 Calle Fiesta, San Clemente, Californien 92672, USA.
(Tab 53:223 i GS).
BA i elenergi 1932 vid California Institute of Technology (Cal Tech) i Pasadena, Californien, USA. Var i nära 40 år anställd som ingenjör vid Pasadena Telephone Co. Pensionerades 1974.
Bor i San Clemente, Californien, USA.', 'MAN', 2473, 2474, 2475, null, null);

--======= Insert Person id: 826 =======
INSERT INTO life_event (id, day, month, year, date, notes, location_id) VALUES (2476, null, null, null, null, '', null);
INSERT INTO life_event (id, day, month, year, date, notes, location_id) VALUES (2477, null, null, null, null, '', null);
INSERT INTO life_event (id, day, month, year, date, notes, location_id) VALUES (2478, null, null, null, null, '', null);
INSERT INTO person (id, first_name, last_name, middle_names, notes, sex, birth_id, death_id, burial_id, father_id, mother_id) VALUES (826, 'Gertrude', 'Scoville', '', '', 'WOMAN', 2476, 2477, 2478, null, null);

--======= Insert Person id: 827 =======
INSERT INTO life_event (id, day, month, year, date, notes, location_id) VALUES (2479, null, null, null, null, '', null);
INSERT INTO life_event (id, day, month, year, date, notes, location_id) VALUES (2480, null, null, null, null, '', null);
INSERT INTO life_event (id, day, month, year, date, notes, location_id) VALUES (2481, null, null, null, null, '', null);
INSERT INTO occupation (id, notes, day, month, year, date, location_id) VALUES (395, 'Läkare', null, null, null, null, null);
INSERT INTO person (id, first_name, last_name, middle_names, notes, sex, birth_id, death_id, burial_id, father_id, mother_id) VALUES (827, 'J', 'Everhard', 'J', '', 'MAN', 2479, 2480, 2481, null, null);

--======= Insert Person id: 828 =======
INSERT INTO life_event (id, day, month, year, date, notes, location_id) VALUES (2482, null, null, null, null, '', null);
INSERT INTO life_event (id, day, month, year, date, notes, location_id) VALUES (2483, null, null, null, null, '', null);
INSERT INTO life_event (id, day, month, year, date, notes, location_id) VALUES (2484, null, null, null, null, '', null);
INSERT INTO person (id, first_name, last_name, middle_names, notes, sex, birth_id, death_id, burial_id, father_id, mother_id) VALUES (828, 'Henry', 'Halsey', 'Rowland', '', 'UNKNOWN', 2482, 2483, 2484, null, null);

--======= Insert Person id: 829 =======
INSERT INTO location (id, city, country, region, notes, latitude, longitude, fetch_status) VALUES (1015, 'Canada', 'Sverige', '', '', 59.37073, 18.16382, 'FETCHED_WITH_SUCCESS');
INSERT INTO life_event (id, day, month, year, date, notes, location_id) VALUES (2485, 10, 9, 1893, '1893-09-10', '', 1015);
INSERT INTO location (id, city, country, region, notes, latitude, longitude, fetch_status) VALUES (1016, 'Duluth', 'USA', 'Minnesota', '', 46.78796, -92.09985, 'FETCHED_WITH_SUCCESS');
INSERT INTO life_event (id, day, month, year, date, notes, location_id) VALUES (2486, null, null, 1970, '1970-01-01', '', 1016);
INSERT INTO life_event (id, day, month, year, date, notes, location_id) VALUES (2487, null, null, null, null, '', null);
INSERT INTO person (id, first_name, last_name, middle_names, notes, sex, birth_id, death_id, burial_id, father_id, mother_id) VALUES (829, 'Norman', 'Jonston', 'Cecil', '', 'UNKNOWN', 2485, 2486, 2487, null, null);

--======= Insert Person id: 830 =======
INSERT INTO location (id, city, country, region, notes, latitude, longitude, fetch_status) VALUES (1017, 'Sterling', 'USA', 'Kansas', '', 38.21121, -98.20688, 'FETCHED_WITH_SUCCESS');
INSERT INTO life_event (id, day, month, year, date, notes, location_id) VALUES (2488, 13, 9, 1893, '1893-09-13', '', 1017);
INSERT INTO life_event (id, day, month, year, date, notes, location_id) VALUES (2489, null, null, null, null, '', null);
INSERT INTO life_event (id, day, month, year, date, notes, location_id) VALUES (2490, null, null, null, null, '', null);
INSERT INTO person (id, first_name, last_name, middle_names, notes, sex, birth_id, death_id, burial_id, father_id, mother_id) VALUES (830, 'William', 'Guild', 'Harrison', '', 'UNKNOWN', 2488, 2489, 2490, null, null);

--======= Insert Person id: 831 =======
INSERT INTO life_event (id, day, month, year, date, notes, location_id) VALUES (2491, null, null, null, null, '', null);
INSERT INTO life_event (id, day, month, year, date, notes, location_id) VALUES (2492, null, null, null, null, '', null);
INSERT INTO life_event (id, day, month, year, date, notes, location_id) VALUES (2493, null, null, null, null, '', null);
INSERT INTO person (id, first_name, last_name, middle_names, notes, sex, birth_id, death_id, burial_id, father_id, mother_id) VALUES (831, 'Hortense', 'Webster', '', '', 'WOMAN', 2491, 2492, 2493, null, null);

--======= Insert Person id: 832 =======
INSERT INTO life_event (id, day, month, year, date, notes, location_id) VALUES (2494, null, null, null, null, '', null);
INSERT INTO life_event (id, day, month, year, date, notes, location_id) VALUES (2495, null, null, null, null, '', null);
INSERT INTO life_event (id, day, month, year, date, notes, location_id) VALUES (2496, null, null, null, null, '', null);
INSERT INTO person (id, first_name, last_name, middle_names, notes, sex, birth_id, death_id, burial_id, father_id, mother_id) VALUES (832, 'James', 'Moore', '', '', 'MAN', 2494, 2495, 2496, null, null);

--======= Insert Person id: 833 =======
INSERT INTO life_event (id, day, month, year, date, notes, location_id) VALUES (2497, null, null, null, null, '', null);
INSERT INTO life_event (id, day, month, year, date, notes, location_id) VALUES (2498, null, null, null, null, '', null);
INSERT INTO life_event (id, day, month, year, date, notes, location_id) VALUES (2499, null, null, null, null, '', null);
INSERT INTO person (id, first_name, last_name, middle_names, notes, sex, birth_id, death_id, burial_id, father_id, mother_id) VALUES (833, 'Catherine', 'Whitten', '', '', 'WOMAN', 2497, 2498, 2499, null, null);

--======= Insert Person id: 834 =======
INSERT INTO life_event (id, day, month, year, date, notes, location_id) VALUES (2500, null, null, null, null, '', null);
INSERT INTO life_event (id, day, month, year, date, notes, location_id) VALUES (2501, null, null, null, null, '', null);
INSERT INTO life_event (id, day, month, year, date, notes, location_id) VALUES (2502, null, null, null, null, '', null);
INSERT INTO person (id, first_name, last_name, middle_names, notes, sex, birth_id, death_id, burial_id, father_id, mother_id) VALUES (834, 'Patrick', 'Carroll', '', '', 'MAN', 2500, 2501, 2502, null, null);

--======= Insert Person id: 835 =======
INSERT INTO location (id, city, country, region, notes, latitude, longitude, fetch_status) VALUES (1018, 'Riverside', 'USA', 'Californien', '', 33.98171, -117.37404, 'FETCHED_WITH_SUCCESS');
INSERT INTO life_event (id, day, month, year, date, notes, location_id) VALUES (2503, 27, 2, 1908, '1908-02-27', '', 1018);
INSERT INTO location (id, city, country, region, notes, latitude, longitude, fetch_status) VALUES (1019, 'Los Angeles', 'USA', 'Californien', '', 34.05357, -118.24545, 'FETCHED_WITH_SUCCESS');
INSERT INTO life_event (id, day, month, year, date, notes, location_id) VALUES (2504, 21, 10, 1957, '1957-10-21', '', 1019);
INSERT INTO life_event (id, day, month, year, date, notes, location_id) VALUES (2505, null, null, null, null, '', null);
INSERT INTO occupation (id, notes, day, month, year, date, location_id) VALUES (396, 'Lärare', null, null, null, null, null);
INSERT INTO person (id, first_name, last_name, middle_names, notes, sex, birth_id, death_id, burial_id, father_id, mother_id) VALUES (835, 'Faye', 'Crawford', '', '', 'WOMAN', 2503, 2504, 2505, null, null);

--======= Insert Person id: 836 =======
INSERT INTO location (id, city, country, region, notes, latitude, longitude, fetch_status) VALUES (1020, 'Long Beach', 'USA', 'Californien', '', 33.76672, -118.1924, 'FETCHED_WITH_SUCCESS');
INSERT INTO life_event (id, day, month, year, date, notes, location_id) VALUES (2506, 23, 9, 1920, '1920-09-23', '', 1020);
INSERT INTO life_event (id, day, month, year, date, notes, location_id) VALUES (2507, null, null, null, null, '', null);
INSERT INTO life_event (id, day, month, year, date, notes, location_id) VALUES (2508, null, null, null, null, '', null);
INSERT INTO person (id, first_name, last_name, middle_names, notes, sex, birth_id, death_id, burial_id, father_id, mother_id) VALUES (836, 'Georgia', 'Borden', 'Belle', '', 'UNKNOWN', 2506, 2507, 2508, null, null);

--======= Insert Person id: 837 =======
INSERT INTO location (id, city, country, region, notes, latitude, longitude, fetch_status) VALUES (1021, 'Whittier', 'USA', 'Californien', '', 33.97542, -118.03386, 'FETCHED_WITH_SUCCESS');
INSERT INTO life_event (id, day, month, year, date, notes, location_id) VALUES (2509, 30, 9, 1938, '1938-09-30', '', 1021);
INSERT INTO life_event (id, day, month, year, date, notes, location_id) VALUES (2510, null, null, null, null, '', null);
INSERT INTO life_event (id, day, month, year, date, notes, location_id) VALUES (2511, null, null, null, null, '', null);
INSERT INTO occupation (id, notes, day, month, year, date, location_id) VALUES (397, 'Börsmäklare', null, null, null, null, null);
INSERT INTO person (id, first_name, last_name, middle_names, notes, sex, birth_id, death_id, burial_id, father_id, mother_id) VALUES (837, 'Robert', 'Hegardt', 'Crawford', 'Adress 2239 Via Oeste, Fallbrook, Californien 92028, USA.
BA i ekonomi vid Pomona College 1960. Har arbetat som börsmäklare sedan dess och är nu anställd hos Dean Witter i Fallbrook, Californien, USA. Är sedan många år medlem i Rotary och är nu direktör där.
Bor i Fallbrook, Californien, USA.', 'MAN', 2509, 2510, 2511, null, null);

--======= Insert Person id: 838 =======
INSERT INTO location (id, city, country, region, notes, latitude, longitude, fetch_status) VALUES (1022, 'Whittier', 'USA', 'Californien', '', 33.97542, -118.03386, 'FETCHED_WITH_SUCCESS');
INSERT INTO life_event (id, day, month, year, date, notes, location_id) VALUES (2512, 8, 12, 1943, '1943-12-08', '', 1022);
INSERT INTO life_event (id, day, month, year, date, notes, location_id) VALUES (2513, null, null, null, null, '', null);
INSERT INTO life_event (id, day, month, year, date, notes, location_id) VALUES (2514, null, null, null, null, '', null);
INSERT INTO occupation (id, notes, day, month, year, date, location_id) VALUES (398, 'Lärare', null, null, null, null, null);
INSERT INTO person (id, first_name, last_name, middle_names, notes, sex, birth_id, death_id, burial_id, father_id, mother_id) VALUES (838, 'Anne', 'Hegardt', 'Marie', 'Adress 27932 Winding Way, Malibu, Californien 90265, USA.
Har AB-examen och lärarlegitimation 1965 från University of California i Los Angeles, USA. Arbetar som lärare sedan 1965.
Bor i Malibu, Californien, USA.', 'UNKNOWN', 2512, 2513, 2514, null, null);

--======= Insert Person id: 839 =======
INSERT INTO location (id, city, country, region, notes, latitude, longitude, fetch_status) VALUES (1023, 'Rochester', 'USA', 'New York', '', 43.1558, -77.61632, 'FETCHED_WITH_SUCCESS');
INSERT INTO life_event (id, day, month, year, date, notes, location_id) VALUES (2515, 12, 4, 1917, '1917-04-12', '', 1023);
INSERT INTO life_event (id, day, month, year, date, notes, location_id) VALUES (2516, null, null, null, null, '', null);
INSERT INTO life_event (id, day, month, year, date, notes, location_id) VALUES (2517, null, null, null, null, '', null);
INSERT INTO person (id, first_name, last_name, middle_names, notes, sex, birth_id, death_id, burial_id, father_id, mother_id) VALUES (839, 'Phyllis', 'Tayler', 'Adele', '', 'WOMAN', 2515, 2516, 2517, null, null);

--======= Insert Person id: 840 =======
INSERT INTO location (id, city, country, region, notes, latitude, longitude, fetch_status) VALUES (1024, 'Whittier', 'USA', 'Californien', '', 33.97542, -118.03386, 'FETCHED_WITH_SUCCESS');
INSERT INTO life_event (id, day, month, year, date, notes, location_id) VALUES (2518, 27, 10, 1938, '1938-10-27', '', 1024);
INSERT INTO life_event (id, day, month, year, date, notes, location_id) VALUES (2519, null, null, null, null, '', null);
INSERT INTO life_event (id, day, month, year, date, notes, location_id) VALUES (2520, null, null, null, null, '', null);
INSERT INTO occupation (id, notes, day, month, year, date, location_id) VALUES (399, 'Lärare', null, null, null, null, null);
INSERT INTO person (id, first_name, last_name, middle_names, notes, sex, birth_id, death_id, burial_id, father_id, mother_id) VALUES (840, 'Joan', 'Hegardt', 'Carol', 'Adress 268 St Katherines Road, Las Canada, Californien 91011, USA.
BS i undervisning vid University of Southern California i Los Angeles.
Arbetat som lärare i Glendale Unified School District i många år.
Bor i Las Canada, Californien, USA.', 'UNKNOWN', 2518, 2519, 2520, null, null);

--======= Insert Person id: 841 =======
INSERT INTO location (id, city, country, region, notes, latitude, longitude, fetch_status) VALUES (1025, 'Los Angeles', 'USA', 'Californien', '', 34.05357, -118.24545, 'FETCHED_WITH_SUCCESS');
INSERT INTO life_event (id, day, month, year, date, notes, location_id) VALUES (2521, 13, 5, 1941, '1941-05-13', '', 1025);
INSERT INTO life_event (id, day, month, year, date, notes, location_id) VALUES (2522, null, null, null, null, '', null);
INSERT INTO life_event (id, day, month, year, date, notes, location_id) VALUES (2523, null, null, null, null, '', null);
INSERT INTO occupation (id, notes, day, month, year, date, location_id) VALUES (400, 'Familje', null, null, null, null, null);
INSERT INTO person (id, first_name, last_name, middle_names, notes, sex, birth_id, death_id, burial_id, father_id, mother_id) VALUES (841, 'Barbara', 'Hegardt', 'Ann', 'Adress 3401 Coldwater Canyon Lane, Beverly Hills, Californien 90210, USA.
Skild 1991.
Examen i psykologi 1979 vid University of California i Los Angeles.
Masters Degree i psykologi vid Pepperdine Universitet i Los Angeles.
Doktorand i klinisk psykologi vid The Fielding Institute, Santa Barbara.
Bor i Beverly Hills, Californien, USA.', 'WOMAN', 2521, 2522, 2523, null, null);

--======= Insert Person id: 842 =======
INSERT INTO location (id, city, country, region, notes, latitude, longitude, fetch_status) VALUES (1026, 'Whittier', 'USA', 'Californien', '', 33.97542, -118.03386, 'FETCHED_WITH_SUCCESS');
INSERT INTO life_event (id, day, month, year, date, notes, location_id) VALUES (2524, 16, 6, 1945, '1945-06-16', '', 1026);
INSERT INTO life_event (id, day, month, year, date, notes, location_id) VALUES (2525, null, null, null, null, '', null);
INSERT INTO life_event (id, day, month, year, date, notes, location_id) VALUES (2526, null, null, null, null, '', null);
INSERT INTO occupation (id, notes, day, month, year, date, location_id) VALUES (401, 'Tandläkare', null, null, null, null, null);
INSERT INTO person (id, first_name, last_name, middle_names, notes, sex, birth_id, death_id, burial_id, father_id, mother_id) VALUES (842, 'John', 'Hegardt', 'Lawrence', 'Adress 8 Celeste Place, Rolling Hills Est, Californien 90274, USA.
Utexaminerad 1971 från University of Southern California Dental School. Har sedan dess arbetat som tandläkare i Long Beach.
Bor i Rolling Hills, Californien, USA.', 'MAN', 2524, 2525, 2526, null, null);

--======= Insert Person id: 843 =======
INSERT INTO location (id, city, country, region, notes, latitude, longitude, fetch_status) VALUES (1027, 'Downey', 'USA', 'Californien', '', 33.94077, -118.12768, 'FETCHED_WITH_SUCCESS');
INSERT INTO life_event (id, day, month, year, date, notes, location_id) VALUES (2527, 17, 10, 1958, '1958-10-17', '', 1027);
INSERT INTO life_event (id, day, month, year, date, notes, location_id) VALUES (2528, null, null, null, null, '', null);
INSERT INTO life_event (id, day, month, year, date, notes, location_id) VALUES (2529, null, null, null, null, '', null);
INSERT INTO occupation (id, notes, day, month, year, date, location_id) VALUES (402, 'Programmerare', null, null, null, null, null);
INSERT INTO person (id, first_name, last_name, middle_names, notes, sex, birth_id, death_id, burial_id, father_id, mother_id) VALUES (843, 'William', 'Hegardt', 'Karl', 'Adress 1611 Sierra Alta, Santa Ana, Californien 92672, USA.
Utexaminerades 1981 med en BS i datavetenskap från University of California i Irvine. Är nu anställd vid Genisco Computers i Costa Mesa.
Bor i Santa Ana, Californien, USA.', 'MAN', 2527, 2528, 2529, null, null);

--======= Insert Person id: 844 =======
INSERT INTO life_event (id, day, month, year, date, notes, location_id) VALUES (2530, null, null, null, null, '', null);
INSERT INTO life_event (id, day, month, year, date, notes, location_id) VALUES (2531, null, null, null, null, '', null);
INSERT INTO life_event (id, day, month, year, date, notes, location_id) VALUES (2532, null, null, null, null, '', null);
INSERT INTO person (id, first_name, last_name, middle_names, notes, sex, birth_id, death_id, burial_id, father_id, mother_id) VALUES (844, 'Mynetta', 'Bergman', '', '', 'WOMAN', 2530, 2531, 2532, null, null);

--======= Insert Person id: 845 =======
INSERT INTO life_event (id, day, month, year, date, notes, location_id) VALUES (2533, null, null, null, null, '', null);
INSERT INTO life_event (id, day, month, year, date, notes, location_id) VALUES (2534, null, null, null, null, '', null);
INSERT INTO life_event (id, day, month, year, date, notes, location_id) VALUES (2535, null, null, null, null, '', null);
INSERT INTO person (id, first_name, last_name, middle_names, notes, sex, birth_id, death_id, burial_id, father_id, mother_id) VALUES (845, 'Stanley', 'Crawford', '', '', 'MAN', 2533, 2534, 2535, null, null);

--======= Insert Person id: 846 =======
INSERT INTO location (id, city, country, region, notes, latitude, longitude, fetch_status) VALUES (1028, 'Hollywood', 'USA', 'Californien', '', 34.10156, -118.33708, 'FETCHED_WITH_SUCCESS');
INSERT INTO life_event (id, day, month, year, date, notes, location_id) VALUES (2536, 3, 11, 1941, '1941-11-03', '', 1028);
INSERT INTO life_event (id, day, month, year, date, notes, location_id) VALUES (2537, null, null, null, null, '', null);
INSERT INTO life_event (id, day, month, year, date, notes, location_id) VALUES (2538, null, null, null, null, '', null);
INSERT INTO person (id, first_name, last_name, middle_names, notes, sex, birth_id, death_id, burial_id, father_id, mother_id) VALUES (846, 'Joan', 'Staudinger', 'Pearl', 'Har studerat vid Immaculate Heart College.', 'WOMAN', 2536, 2537, 2538, null, null);

--======= Insert Person id: 847 =======
INSERT INTO location (id, city, country, region, notes, latitude, longitude, fetch_status) VALUES (1029, 'Lynwood', 'USA', 'Californien', '', 33.92783, -118.19927, 'FETCHED_WITH_SUCCESS');
INSERT INTO life_event (id, day, month, year, date, notes, location_id) VALUES (2539, 21, 4, 1966, '1966-04-21', '', 1029);
INSERT INTO life_event (id, day, month, year, date, notes, location_id) VALUES (2540, null, null, null, null, '', null);
INSERT INTO life_event (id, day, month, year, date, notes, location_id) VALUES (2541, null, null, null, null, '', null);
INSERT INTO occupation (id, notes, day, month, year, date, location_id) VALUES (403, 'Studerande', null, null, null, null, null);
INSERT INTO person (id, first_name, last_name, middle_names, notes, sex, birth_id, death_id, burial_id, father_id, mother_id) VALUES (847, 'Brian', 'Hegardt', 'Douglas', 'Adress 2239 Via Oeste, Fallbrook, Californien 92028, USA.
BA i Science of Finance vid Santa Clara Universitet juni 1988 Juris Doktor (Law degree) vid universitetet i San Diego juni 1988 Bor i Fallbrook, Californien, USA.', 'UNKNOWN', 2539, 2540, 2541, null, null);

--======= Insert Person id: 848 =======
INSERT INTO location (id, city, country, region, notes, latitude, longitude, fetch_status) VALUES (1030, 'Los Angeles', 'USA', 'Californien', '', 34.05357, -118.24545, 'FETCHED_WITH_SUCCESS');
INSERT INTO life_event (id, day, month, year, date, notes, location_id) VALUES (2542, 9, 8, 1967, '1967-08-09', '', 1030);
INSERT INTO life_event (id, day, month, year, date, notes, location_id) VALUES (2543, null, null, null, null, '', null);
INSERT INTO life_event (id, day, month, year, date, notes, location_id) VALUES (2544, null, null, null, null, '', null);
INSERT INTO occupation (id, notes, day, month, year, date, location_id) VALUES (404, 'Studerande', null, null, null, null, null);
INSERT INTO person (id, first_name, last_name, middle_names, notes, sex, birth_id, death_id, burial_id, father_id, mother_id) VALUES (848, 'Ronald', 'Hegardt', 'David', 'Adress 2231 Via Oeste, Fallbrook, Californien, USA.
Bor i Fallbrook, Californien, USA.', 'UNKNOWN', 2542, 2543, 2544, null, null);

--======= Insert Person id: 849 =======
INSERT INTO location (id, city, country, region, notes, latitude, longitude, fetch_status) VALUES (1031, 'Los Angeles', 'USA', 'Californien', '', 34.05357, -118.24545, 'FETCHED_WITH_SUCCESS');
INSERT INTO life_event (id, day, month, year, date, notes, location_id) VALUES (2545, 27, 8, 1969, '1969-08-27', '', 1031);
INSERT INTO life_event (id, day, month, year, date, notes, location_id) VALUES (2546, null, null, null, null, '', null);
INSERT INTO life_event (id, day, month, year, date, notes, location_id) VALUES (2547, null, null, null, null, '', null);
INSERT INTO occupation (id, notes, day, month, year, date, location_id) VALUES (405, 'Studerande', null, null, null, null, null);
INSERT INTO person (id, first_name, last_name, middle_names, notes, sex, birth_id, death_id, burial_id, father_id, mother_id) VALUES (849, 'Kathleen', 'Hegardt', 'Joan', 'Adress 2239 Via Oeste, Fallbrook, Californien 92028, USA.
BA i Commerce vid Santa Clara universitetet juni 1991 Bor i Fallbrook, Californien, USA.', 'UNKNOWN', 2545, 2546, 2547, null, null);

--======= Insert Person id: 850 =======
INSERT INTO location (id, city, country, region, notes, latitude, longitude, fetch_status) VALUES (1032, 'Los Angeles', 'USA', 'Californien', '', 34.05357, -118.24545, 'FETCHED_WITH_SUCCESS');
INSERT INTO life_event (id, day, month, year, date, notes, location_id) VALUES (2548, 28, 4, 1971, '1971-04-28', '', 1032);
INSERT INTO life_event (id, day, month, year, date, notes, location_id) VALUES (2549, null, null, null, null, '', null);
INSERT INTO life_event (id, day, month, year, date, notes, location_id) VALUES (2550, null, null, null, null, '', null);
INSERT INTO occupation (id, notes, day, month, year, date, location_id) VALUES (406, 'Studerande', null, null, null, null, null);
INSERT INTO person (id, first_name, last_name, middle_names, notes, sex, birth_id, death_id, burial_id, father_id, mother_id) VALUES (850, 'Christine', 'Hegardt', 'Marion', 'Adress 2239 Via Oeste, Fallbrook, Californien 92028, USA.
BA i Business Administration vid universitet i San Diego maj 1993 Bor i Fallbrook, Californien, USA.', 'UNKNOWN', 2548, 2549, 2550, null, null);

--======= Insert Person id: 851 =======
INSERT INTO life_event (id, day, month, year, date, notes, location_id) VALUES (2551, null, null, null, null, '', null);
INSERT INTO life_event (id, day, month, year, date, notes, location_id) VALUES (2552, null, null, null, null, '', null);
INSERT INTO life_event (id, day, month, year, date, notes, location_id) VALUES (2553, null, null, null, null, '', null);
INSERT INTO occupation (id, notes, day, month, year, date, location_id) VALUES (407, 'Lärare', null, null, null, null, null);
INSERT INTO person (id, first_name, last_name, middle_names, notes, sex, birth_id, death_id, burial_id, father_id, mother_id) VALUES (851, 'Richard', 'North', 'Wayne', 'Utexaminerad från Los Angeles State College.', 'UNKNOWN', 2551, 2552, 2553, null, null);

--======= Insert Person id: 852 =======
INSERT INTO life_event (id, day, month, year, date, notes, location_id) VALUES (2554, null, null, null, null, '', null);
INSERT INTO life_event (id, day, month, year, date, notes, location_id) VALUES (2555, null, null, null, null, '', null);
INSERT INTO life_event (id, day, month, year, date, notes, location_id) VALUES (2556, null, null, null, null, '', null);
INSERT INTO person (id, first_name, last_name, middle_names, notes, sex, birth_id, death_id, burial_id, father_id, mother_id) VALUES (852, 'Marion', 'Mascio', 'de', '', 'WOMAN', 2554, 2555, 2556, null, null);

--======= Insert Person id: 853 =======
INSERT INTO life_event (id, day, month, year, date, notes, location_id) VALUES (2557, null, null, null, null, '', null);
INSERT INTO life_event (id, day, month, year, date, notes, location_id) VALUES (2558, null, null, null, null, '', null);
INSERT INTO life_event (id, day, month, year, date, notes, location_id) VALUES (2559, null, null, null, null, '', null);
INSERT INTO person (id, first_name, last_name, middle_names, notes, sex, birth_id, death_id, burial_id, father_id, mother_id) VALUES (853, 'John', 'Staudinger', 'William', '', 'MAN', 2557, 2558, 2559, null, null);

--======= Insert Person id: 854 =======
INSERT INTO life_event (id, day, month, year, date, notes, location_id) VALUES (2560, null, null, null, null, '', null);
INSERT INTO life_event (id, day, month, year, date, notes, location_id) VALUES (2561, null, null, null, null, '', null);
INSERT INTO life_event (id, day, month, year, date, notes, location_id) VALUES (2562, null, null, null, null, '', null);
INSERT INTO person (id, first_name, last_name, middle_names, notes, sex, birth_id, death_id, burial_id, father_id, mother_id) VALUES (854, 'Lily', 'Godding', 'Beatrice', '', 'WOMAN', 2560, 2561, 2562, null, null);

--======= Insert Person id: 855 =======
INSERT INTO life_event (id, day, month, year, date, notes, location_id) VALUES (2563, null, null, null, null, '', null);
INSERT INTO life_event (id, day, month, year, date, notes, location_id) VALUES (2564, null, null, null, null, '', null);
INSERT INTO life_event (id, day, month, year, date, notes, location_id) VALUES (2565, null, null, null, null, '', null);
INSERT INTO person (id, first_name, last_name, middle_names, notes, sex, birth_id, death_id, burial_id, father_id, mother_id) VALUES (855, 'Cecil', 'Tayler', 'Evelyn', '', 'MAN', 2563, 2564, 2565, null, null);

--======= Insert Person id: 856 =======
INSERT INTO location (id, city, country, region, notes, latitude, longitude, fetch_status) VALUES (1033, 'Van Nuys', 'USA', 'Californien', '', 34.18439, -118.44652, 'FETCHED_WITH_SUCCESS');
INSERT INTO life_event (id, day, month, year, date, notes, location_id) VALUES (2566, 24, 4, 1937, '1937-04-24', '', 1033);
INSERT INTO life_event (id, day, month, year, date, notes, location_id) VALUES (2567, null, null, null, null, '', null);
INSERT INTO life_event (id, day, month, year, date, notes, location_id) VALUES (2568, null, null, null, null, '', null);
INSERT INTO person (id, first_name, last_name, middle_names, notes, sex, birth_id, death_id, burial_id, father_id, mother_id) VALUES (856, 'Leroy', 'Sanders', 'Douglas', '', 'UNKNOWN', 2566, 2567, 2568, null, null);

--======= Insert Person id: 857 =======
INSERT INTO life_event (id, day, month, year, date, notes, location_id) VALUES (2569, null, null, null, null, '', null);
INSERT INTO life_event (id, day, month, year, date, notes, location_id) VALUES (2570, null, null, null, null, '', null);
INSERT INTO life_event (id, day, month, year, date, notes, location_id) VALUES (2571, null, null, null, null, '', null);
INSERT INTO person (id, first_name, last_name, middle_names, notes, sex, birth_id, death_id, burial_id, father_id, mother_id) VALUES (857, 'Esther', 'Downey', '', '', 'WOMAN', 2569, 2570, 2571, null, null);

--======= Insert Person id: 858 =======
INSERT INTO life_event (id, day, month, year, date, notes, location_id) VALUES (2572, null, null, null, null, '', null);
INSERT INTO life_event (id, day, month, year, date, notes, location_id) VALUES (2573, null, null, null, null, '', null);
INSERT INTO life_event (id, day, month, year, date, notes, location_id) VALUES (2574, null, null, null, null, '', null);
INSERT INTO person (id, first_name, last_name, middle_names, notes, sex, birth_id, death_id, burial_id, father_id, mother_id) VALUES (858, 'Rolan', 'Sanders', '', '', 'MAN', 2572, 2573, 2574, null, null);

--======= Insert Person id: 859 =======
INSERT INTO location (id, city, country, region, notes, latitude, longitude, fetch_status) VALUES (1034, 'Long Beach', 'USA', 'Californien', '', 33.76672, -118.1924, 'FETCHED_WITH_SUCCESS');
INSERT INTO life_event (id, day, month, year, date, notes, location_id) VALUES (2575, 28, 3, 1941, '1941-03-28', '', 1034);
INSERT INTO life_event (id, day, month, year, date, notes, location_id) VALUES (2576, null, null, null, null, '', null);
INSERT INTO life_event (id, day, month, year, date, notes, location_id) VALUES (2577, null, null, null, null, '', null);
INSERT INTO occupation (id, notes, day, month, year, date, location_id) VALUES (408, 'Animation director', null, null, null, null, null);
INSERT INTO person (id, first_name, last_name, middle_names, notes, sex, birth_id, death_id, burial_id, father_id, mother_id) VALUES (859, 'Charles', 'Swenson', 'Gregory', '', 'MAN', 2575, 2576, 2577, null, null);

--======= Insert Person id: 860 =======
INSERT INTO location (id, city, country, region, notes, latitude, longitude, fetch_status) VALUES (1035, 'Los Angeles', 'USA', 'Californien', '', 34.05357, -118.24545, 'FETCHED_WITH_SUCCESS');
INSERT INTO life_event (id, day, month, year, date, notes, location_id) VALUES (2578, 6, 9, 1964, '1964-09-06', '', 1035);
INSERT INTO life_event (id, day, month, year, date, notes, location_id) VALUES (2579, null, null, null, null, '', null);
INSERT INTO life_event (id, day, month, year, date, notes, location_id) VALUES (2580, null, null, null, null, '', null);
INSERT INTO occupation (id, notes, day, month, year, date, location_id) VALUES (409, 'Vice vd för after', null, null, null, null, null);
INSERT INTO person (id, first_name, last_name, middle_names, notes, sex, birth_id, death_id, burial_id, father_id, mother_id) VALUES (860, 'Marcy', 'Swenson', 'Cristine', 'BA i Matematik-Dator vetenskap vid UCLA, Los Angeles', 'UNKNOWN', 2578, 2579, 2580, null, null);

--======= Insert Person id: 861 =======
INSERT INTO location (id, city, country, region, notes, latitude, longitude, fetch_status) VALUES (1036, 'Los Angeles', 'USA', 'Californien', '', 34.05357, -118.24545, 'FETCHED_WITH_SUCCESS');
INSERT INTO life_event (id, day, month, year, date, notes, location_id) VALUES (2581, 2, 5, 1967, '1967-05-02', '', 1036);
INSERT INTO life_event (id, day, month, year, date, notes, location_id) VALUES (2582, null, null, null, null, '', null);
INSERT INTO life_event (id, day, month, year, date, notes, location_id) VALUES (2583, null, null, null, null, '', null);
INSERT INTO occupation (id, notes, day, month, year, date, location_id) VALUES (410, 'Human resources representative', null, null, null, null, null);
INSERT INTO person (id, first_name, last_name, middle_names, notes, sex, birth_id, death_id, burial_id, father_id, mother_id) VALUES (861, 'Carrie', 'Swenson', 'Elisabeth', 'BA i psykologi vid UCLA, Los Angeles', 'UNKNOWN', 2581, 2582, 2583, null, null);

--======= Insert Person id: 862 =======
INSERT INTO life_event (id, day, month, year, date, notes, location_id) VALUES (2584, null, null, null, null, '', null);
INSERT INTO life_event (id, day, month, year, date, notes, location_id) VALUES (2585, null, null, null, null, '', null);
INSERT INTO life_event (id, day, month, year, date, notes, location_id) VALUES (2586, null, null, null, null, '', null);
INSERT INTO person (id, first_name, last_name, middle_names, notes, sex, birth_id, death_id, burial_id, father_id, mother_id) VALUES (862, 'Ethel', 'Storey', 'Evelyn', '', 'WOMAN', 2584, 2585, 2586, null, null);

--======= Insert Person id: 863 =======
INSERT INTO life_event (id, day, month, year, date, notes, location_id) VALUES (2587, null, null, null, null, '', null);
INSERT INTO life_event (id, day, month, year, date, notes, location_id) VALUES (2588, null, null, null, null, '', null);
INSERT INTO life_event (id, day, month, year, date, notes, location_id) VALUES (2589, null, null, null, null, '', null);
INSERT INTO person (id, first_name, last_name, middle_names, notes, sex, birth_id, death_id, burial_id, father_id, mother_id) VALUES (863, 'Joseph', 'Swenson', 'Hyrum', '', 'MAN', 2587, 2588, 2589, null, null);

--======= Insert Person id: 864 =======
INSERT INTO location (id, city, country, region, notes, latitude, longitude, fetch_status) VALUES (1037, 'San Diego', 'USA', 'Californien', '', 32.71568, -117.16171, 'FETCHED_WITH_SUCCESS');
INSERT INTO life_event (id, day, month, year, date, notes, location_id) VALUES (2590, 5, 9, 1945, '1945-09-05', '', 1037);
INSERT INTO life_event (id, day, month, year, date, notes, location_id) VALUES (2591, null, null, null, null, '', null);
INSERT INTO life_event (id, day, month, year, date, notes, location_id) VALUES (2592, null, null, null, null, '', null);
INSERT INTO person (id, first_name, last_name, middle_names, notes, sex, birth_id, death_id, burial_id, father_id, mother_id) VALUES (864, 'Donna', 'Stockton', 'Cheryl', '', 'WOMAN', 2590, 2591, 2592, null, null);

--======= Insert Person id: 865 =======
INSERT INTO location (id, city, country, region, notes, latitude, longitude, fetch_status) VALUES (1038, 'Los Angeles', 'USA', 'Californien', '', 34.05357, -118.24545, 'FETCHED_WITH_SUCCESS');
INSERT INTO life_event (id, day, month, year, date, notes, location_id) VALUES (2593, 22, 10, 1969, '1969-10-22', '', 1038);
INSERT INTO life_event (id, day, month, year, date, notes, location_id) VALUES (2594, null, null, null, null, '', null);
INSERT INTO life_event (id, day, month, year, date, notes, location_id) VALUES (2595, null, null, null, null, '', null);
INSERT INTO occupation (id, notes, day, month, year, date, location_id) VALUES (411, 'Revisor', null, null, null, null, null);
INSERT INTO person (id, first_name, last_name, middle_names, notes, sex, birth_id, death_id, burial_id, father_id, mother_id) VALUES (865, 'John', 'Hegardt', 'Richard', 'Adress 8 Celeste Place, Rolling Hills Est, Californien 90274, USA.
Examen från College i San Diego. Anställd vid American City Morgage Co, Long Beach, Californien, USA som revisor.
Bor i Rolling Hills, Californien, USA.', 'UNKNOWN', 2593, 2594, 2595, null, null);

--======= Insert Person id: 866 =======
INSERT INTO location (id, city, country, region, notes, latitude, longitude, fetch_status) VALUES (1039, 'Long Beach', 'USA', 'Californien', '', 33.76672, -118.1924, 'FETCHED_WITH_SUCCESS');
INSERT INTO life_event (id, day, month, year, date, notes, location_id) VALUES (2596, 24, 7, 1972, '1972-07-24', '', 1039);
INSERT INTO life_event (id, day, month, year, date, notes, location_id) VALUES (2597, null, null, null, null, '', null);
INSERT INTO life_event (id, day, month, year, date, notes, location_id) VALUES (2598, null, null, null, null, '', null);
INSERT INTO occupation (id, notes, day, month, year, date, location_id) VALUES (412, 'Studerande', null, null, null, null, null);
INSERT INTO person (id, first_name, last_name, middle_names, notes, sex, birth_id, death_id, burial_id, father_id, mother_id) VALUES (866, 'Cheri', 'Hegardt', 'Lynn', 'Adress 8 Celeste Place, Rolling Hills Est, Californien 90274, USA.
Bor i Rolling Hills, Californien, USA.', 'UNKNOWN', 2596, 2597, 2598, null, null);

--======= Insert Person id: 867 =======
INSERT INTO location (id, city, country, region, notes, latitude, longitude, fetch_status) VALUES (1040, 'Pasadena', 'USA', 'Californien', '', 34.14745, -118.14427, 'FETCHED_WITH_SUCCESS');
INSERT INTO life_event (id, day, month, year, date, notes, location_id) VALUES (2599, 6, 5, 1958, '1958-05-06', '', 1040);
INSERT INTO life_event (id, day, month, year, date, notes, location_id) VALUES (2600, null, null, null, null, '', null);
INSERT INTO life_event (id, day, month, year, date, notes, location_id) VALUES (2601, null, null, null, null, '', null);
INSERT INTO person (id, first_name, last_name, middle_names, notes, sex, birth_id, death_id, burial_id, father_id, mother_id) VALUES (867, 'Mary', 'Dobbins', 'Barbara', '', 'WOMAN', 2599, 2600, 2601, null, null);

--======= Insert Person id: 868 =======
INSERT INTO location (id, city, country, region, notes, latitude, longitude, fetch_status) VALUES (1041, 'Orange', 'USA', 'Californien', '', 33.78787, -117.85071, 'FETCHED_WITH_SUCCESS');
INSERT INTO life_event (id, day, month, year, date, notes, location_id) VALUES (2602, 7, 5, 1987, '1987-05-07', '', 1041);
INSERT INTO life_event (id, day, month, year, date, notes, location_id) VALUES (2603, null, null, null, null, '', null);
INSERT INTO life_event (id, day, month, year, date, notes, location_id) VALUES (2604, null, null, null, null, '', null);
INSERT INTO person (id, first_name, last_name, middle_names, notes, sex, birth_id, death_id, burial_id, father_id, mother_id) VALUES (868, 'James', 'Hegardt', 'Edward', '2005.', 'UNKNOWN', 2602, 2603, 2604, null, null);

--======= Insert Person id: 869 =======
INSERT INTO location (id, city, country, region, notes, latitude, longitude, fetch_status) VALUES (1042, 'Irvine', 'USA', 'Californien', '', 33.6873, -117.82591, 'FETCHED_WITH_SUCCESS');
INSERT INTO life_event (id, day, month, year, date, notes, location_id) VALUES (2605, 25, 6, 1990, '1990-06-25', '', 1042);
INSERT INTO life_event (id, day, month, year, date, notes, location_id) VALUES (2606, null, null, null, null, '', null);
INSERT INTO life_event (id, day, month, year, date, notes, location_id) VALUES (2607, null, null, null, null, '', null);
INSERT INTO person (id, first_name, last_name, middle_names, notes, sex, birth_id, death_id, burial_id, father_id, mother_id) VALUES (869, 'Jonathan', 'Hegardt', 'Tayler', '2008.', 'UNKNOWN', 2605, 2606, 2607, null, null);

--======= Insert Person id: 870 =======
INSERT INTO life_event (id, day, month, year, date, notes, location_id) VALUES (2608, null, null, null, null, '', null);
INSERT INTO life_event (id, day, month, year, date, notes, location_id) VALUES (2609, null, null, null, null, '', null);
INSERT INTO life_event (id, day, month, year, date, notes, location_id) VALUES (2610, null, null, null, null, '', null);
INSERT INTO person (id, first_name, last_name, middle_names, notes, sex, birth_id, death_id, burial_id, father_id, mother_id) VALUES (870, 'Phyllis', 'Husband', '', '', 'WOMAN', 2608, 2609, 2610, null, null);

--======= Insert Person id: 871 =======
INSERT INTO life_event (id, day, month, year, date, notes, location_id) VALUES (2611, null, null, null, null, '', null);
INSERT INTO life_event (id, day, month, year, date, notes, location_id) VALUES (2612, null, null, null, null, '', null);
INSERT INTO life_event (id, day, month, year, date, notes, location_id) VALUES (2613, null, null, null, null, '', null);
INSERT INTO person (id, first_name, last_name, middle_names, notes, sex, birth_id, death_id, burial_id, father_id, mother_id) VALUES (871, 'Richard', 'Stockton', '', '', 'MAN', 2611, 2612, 2613, null, null);

--======= Insert Person id: 872 =======
INSERT INTO life_event (id, day, month, year, date, notes, location_id) VALUES (2614, null, null, null, null, '', null);
INSERT INTO life_event (id, day, month, year, date, notes, location_id) VALUES (2615, null, null, null, null, '', null);
INSERT INTO life_event (id, day, month, year, date, notes, location_id) VALUES (2616, null, null, null, null, '', null);
INSERT INTO person (id, first_name, last_name, middle_names, notes, sex, birth_id, death_id, burial_id, father_id, mother_id) VALUES (872, 'Barbara', 'Gifford', 'Evelyn', '', 'WOMAN', 2614, 2615, 2616, null, null);

--======= Insert Person id: 873 =======
INSERT INTO life_event (id, day, month, year, date, notes, location_id) VALUES (2617, null, null, null, null, '', null);
INSERT INTO life_event (id, day, month, year, date, notes, location_id) VALUES (2618, null, null, null, null, '', null);
INSERT INTO life_event (id, day, month, year, date, notes, location_id) VALUES (2619, null, null, null, null, '', null);
INSERT INTO person (id, first_name, last_name, middle_names, notes, sex, birth_id, death_id, burial_id, father_id, mother_id) VALUES (873, 'Richard', 'Dobbins', 'James', '', 'MAN', 2617, 2618, 2619, null, null);

--======= Insert Person id: 874 =======
INSERT INTO life_event (id, day, month, year, date, notes, location_id) VALUES (2620, 23, 4, 1780, '1780-04-23', '', null);
INSERT INTO life_event (id, day, month, year, date, notes, location_id) VALUES (2621, null, null, 1829, '1829-01-01', '', null);
INSERT INTO life_event (id, day, month, year, date, notes, location_id) VALUES (2622, null, null, null, null, '', null);
INSERT INTO person (id, first_name, last_name, middle_names, notes, sex, birth_id, death_id, burial_id, father_id, mother_id) VALUES (874, 'Olof', 'Eneroth', '', '', 'UNKNOWN', 2620, 2621, 2622, null, null);

--======= Insert Person id: 875 =======
INSERT INTO location (id, city, country, region, notes, latitude, longitude, fetch_status) VALUES (1043, 'Stockholm', 'Sverige', '', '', 59.33257, 18.06683, 'FETCHED_WITH_SUCCESS');
INSERT INTO life_event (id, day, month, year, date, notes, location_id) VALUES (2623, 17, 2, 1796, '1796-02-17', '', 1043);
INSERT INTO location (id, city, country, region, notes, latitude, longitude, fetch_status) VALUES (1044, 'Stockholm', 'Sverige', '', '', 59.33257, 18.06683, 'FETCHED_WITH_SUCCESS');
INSERT INTO life_event (id, day, month, year, date, notes, location_id) VALUES (2624, 8, 1, 1875, '1875-01-08', '', 1044);
INSERT INTO life_event (id, day, month, year, date, notes, location_id) VALUES (2625, null, null, null, null, '', null);
INSERT INTO person (id, first_name, last_name, middle_names, notes, sex, birth_id, death_id, burial_id, father_id, mother_id) VALUES (875, 'Beata', 'Cronland', 'Maria', '', 'WOMAN', 2623, 2624, 2625, null, null);

--======= Insert Person id: 876 =======
INSERT INTO location (id, city, country, region, notes, latitude, longitude, fetch_status) VALUES (1045, 'Stockholm', 'Sverige', '', '', 59.33257, 18.06683, 'FETCHED_WITH_SUCCESS');
INSERT INTO life_event (id, day, month, year, date, notes, location_id) VALUES (2626, 6, 2, 1819, '1819-02-06', '', 1045);
INSERT INTO location (id, city, country, region, notes, latitude, longitude, fetch_status) VALUES (1046, 'Stockholm', 'Sverige', '', '', 59.33257, 18.06683, 'FETCHED_WITH_SUCCESS');
INSERT INTO life_event (id, day, month, year, date, notes, location_id) VALUES (2627, 18, 10, 1820, '1820-10-18', '', 1046);
INSERT INTO life_event (id, day, month, year, date, notes, location_id) VALUES (2628, null, null, null, null, '', null);
INSERT INTO person (id, first_name, last_name, middle_names, notes, sex, birth_id, death_id, burial_id, father_id, mother_id) VALUES (876, 'Karl', 'Hegardt', 'Edvard', '(Tab 55:237 i GS).', 'UNKNOWN', 2626, 2627, 2628, null, null);

--======= Insert Person id: 877 =======
INSERT INTO location (id, city, country, region, notes, latitude, longitude, fetch_status) VALUES (1047, 'Stockholm', 'Sverige', '', '', 59.33257, 18.06683, 'FETCHED_WITH_SUCCESS');
INSERT INTO life_event (id, day, month, year, date, notes, location_id) VALUES (2629, 28, 11, 1821, '1821-11-28', '', 1047);
INSERT INTO location (id, city, country, region, notes, latitude, longitude, fetch_status) VALUES (1048, 'Stockholm', 'Sverige', '', '', 59.33257, 18.06683, 'FETCHED_WITH_SUCCESS');
INSERT INTO life_event (id, day, month, year, date, notes, location_id) VALUES (2630, null, null, 1880, '1880-01-01', '', 1048);
INSERT INTO life_event (id, day, month, year, date, notes, location_id) VALUES (2631, null, null, null, null, '', null);
INSERT INTO person (id, first_name, last_name, middle_names, notes, sex, birth_id, death_id, burial_id, father_id, mother_id) VALUES (877, 'Hildegard', 'Hegardt', 'Amalia', '(Tab 55:238 i GS).', 'UNKNOWN', 2629, 2630, 2631, null, null);

--======= Insert Person id: 878 =======
INSERT INTO location (id, city, country, region, notes, latitude, longitude, fetch_status) VALUES (1049, 'Stockholm', 'Sverige', '', '', 59.33257, 18.06683, 'FETCHED_WITH_SUCCESS');
INSERT INTO life_event (id, day, month, year, date, notes, location_id) VALUES (2632, 4, 11, 1823, '1823-11-04', '', 1049);
INSERT INTO location (id, city, country, region, notes, latitude, longitude, fetch_status) VALUES (1050, 'Stockholm', 'Sverige', '', '', 59.33257, 18.06683, 'FETCHED_WITH_SUCCESS');
INSERT INTO life_event (id, day, month, year, date, notes, location_id) VALUES (2633, 14, 5, 1915, '1915-05-14', '', 1050);
INSERT INTO life_event (id, day, month, year, date, notes, location_id) VALUES (2634, null, null, null, null, '', null);
INSERT INTO occupation (id, notes, day, month, year, date, location_id) VALUES (413, 'Musik', null, null, null, null, null);
INSERT INTO person (id, first_name, last_name, middle_names, notes, sex, birth_id, death_id, burial_id, father_id, mother_id) VALUES (878, 'Matilda', 'Hegardt', 'Teresia, Bernhardina', '(Tab 55:239 i GS).', 'UNKNOWN', 2632, 2633, 2634, null, null);

--======= Insert Person id: 879 =======
INSERT INTO life_event (id, day, month, year, date, notes, location_id) VALUES (2635, null, null, null, null, '', null);
INSERT INTO life_event (id, day, month, year, date, notes, location_id) VALUES (2636, null, null, null, null, '', null);
INSERT INTO life_event (id, day, month, year, date, notes, location_id) VALUES (2637, null, null, null, null, '', null);
INSERT INTO person (id, first_name, last_name, middle_names, notes, sex, birth_id, death_id, burial_id, father_id, mother_id) VALUES (879, 'Maria', 'Daleman', 'Kristina', '', 'WOMAN', 2635, 2636, 2637, null, null);

--======= Insert Person id: 880 =======
INSERT INTO life_event (id, day, month, year, date, notes, location_id) VALUES (2638, null, null, null, null, '', null);
INSERT INTO life_event (id, day, month, year, date, notes, location_id) VALUES (2639, null, null, null, null, '', null);
INSERT INTO life_event (id, day, month, year, date, notes, location_id) VALUES (2640, null, null, null, null, '', null);
INSERT INTO occupation (id, notes, day, month, year, date, location_id) VALUES (414, 'Kammarskrivare', null, null, null, null, null);
INSERT INTO person (id, first_name, last_name, middle_names, notes, sex, birth_id, death_id, burial_id, father_id, mother_id) VALUES (880, 'Per', 'Cronland', 'Gustaf', '', 'MAN', 2638, 2639, 2640, null, null);

--======= Insert Person id: 881 =======
INSERT INTO life_event (id, day, month, year, date, notes, location_id) VALUES (2641, 15, 7, 1793, '1793-07-15', '', null);
INSERT INTO location (id, city, country, region, notes, latitude, longitude, fetch_status) VALUES (1051, 'Stockholm', 'Sverige', '', '', 59.33257, 18.06683, 'FETCHED_WITH_SUCCESS');
INSERT INTO life_event (id, day, month, year, date, notes, location_id) VALUES (2642, null, null, 1877, '1877-01-01', '', 1051);
INSERT INTO life_event (id, day, month, year, date, notes, location_id) VALUES (2643, null, null, null, null, '', null);
INSERT INTO person (id, first_name, last_name, middle_names, notes, sex, birth_id, death_id, burial_id, father_id, mother_id) VALUES (881, 'Maria', 'Lindewall', 'Helena', '', 'WOMAN', 2641, 2642, 2643, null, null);

--======= Insert Person id: 882 =======
INSERT INTO location (id, city, country, region, notes, latitude, longitude, fetch_status) VALUES (1052, 'Erstavik', 'Sverige', '', '', 59.27057, 18.24383, 'FETCHED_WITH_SUCCESS');
INSERT INTO life_event (id, day, month, year, date, notes, location_id) VALUES (2644, 15, 8, 1832, '1832-08-15', '', 1052);
INSERT INTO location (id, city, country, region, notes, latitude, longitude, fetch_status) VALUES (1053, 'Stockholm', 'Sverige', '', '', 59.33257, 18.06683, 'FETCHED_WITH_SUCCESS');
INSERT INTO life_event (id, day, month, year, date, notes, location_id) VALUES (2645, 21, 4, 1912, '1912-04-21', '', 1053);
INSERT INTO life_event (id, day, month, year, date, notes, location_id) VALUES (2646, null, null, null, null, '', null);
INSERT INTO person (id, first_name, last_name, middle_names, notes, sex, birth_id, death_id, burial_id, father_id, mother_id) VALUES (882, 'Fredrika', 'Hegardt', 'Adelaide, Rosalie', '(Tab 57:249 i GS).
Fru Kjebon var en viljestark och praktisk kvinna och ställde i hemmet på gammaldags kraftigt manér. Hennes make var en god, rättfram och tillgänglig person med stort sinne för humor, mycket skicklig i sitt yrke samt i besittning av ovanliga kroppskrafter, som tillät honom att in i sena ålderdomen sköta sina förrättningar under allehanda strapatser.', 'UNKNOWN', 2644, 2645, 2646, null, null);

--======= Insert Person id: 883 =======
INSERT INTO location (id, city, country, region, notes, latitude, longitude, fetch_status) VALUES (1054, 'Värmdö', 'Sverige', '', '', 59.32674, 18.39009, 'FETCHED_WITH_SUCCESS');
INSERT INTO life_event (id, day, month, year, date, notes, location_id) VALUES (2647, 5, 9, 1836, '1836-09-05', '', 1054);
INSERT INTO location (id, city, country, region, notes, latitude, longitude, fetch_status) VALUES (1055, 'Stockholm', 'Sverige', '', '', 59.33257, 18.06683, 'FETCHED_WITH_SUCCESS');
INSERT INTO life_event (id, day, month, year, date, notes, location_id) VALUES (2648, 31, 3, 1867, '1867-03-31', '', 1055);
INSERT INTO life_event (id, day, month, year, date, notes, location_id) VALUES (2649, null, null, null, null, '', null);
INSERT INTO person (id, first_name, last_name, middle_names, notes, sex, birth_id, death_id, burial_id, father_id, mother_id) VALUES (883, 'Hildegard', 'Hegardt', 'Matilda, Sofia', '(Tab 57:250 i GS).', 'UNKNOWN', 2647, 2648, 2649, null, null);

--======= Insert Person id: 884 =======
INSERT INTO location (id, city, country, region, notes, latitude, longitude, fetch_status) VALUES (1056, 'Stockholm', 'Sverige', '', '', 59.33257, 18.06683, 'FETCHED_WITH_SUCCESS');
INSERT INTO life_event (id, day, month, year, date, notes, location_id) VALUES (2650, 26, 5, 1804, '1804-05-26', '', 1056);
INSERT INTO location (id, city, country, region, notes, latitude, longitude, fetch_status) VALUES (1057, 'Stockholm', 'Sverige', '', '', 59.33257, 18.06683, 'FETCHED_WITH_SUCCESS');
INSERT INTO life_event (id, day, month, year, date, notes, location_id) VALUES (2651, 21, 8, 1886, '1886-08-21', '', 1057);
INSERT INTO life_event (id, day, month, year, date, notes, location_id) VALUES (2652, null, null, null, null, '', null);
INSERT INTO person (id, first_name, last_name, middle_names, notes, sex, birth_id, death_id, burial_id, father_id, mother_id) VALUES (884, 'Karl', 'Lundberg', 'Ulrik, Carlsson', '', 'UNKNOWN', 2650, 2651, 2652, null, null);

--======= Insert Person id: 885 =======
INSERT INTO location (id, city, country, region, notes, latitude, longitude, fetch_status) VALUES (1058, 'Stockholm', 'Sverige', '', '', 59.33257, 18.06683, 'FETCHED_WITH_SUCCESS');
INSERT INTO life_event (id, day, month, year, date, notes, location_id) VALUES (2653, 21, 10, 1824, '1824-10-21', '', 1058);
INSERT INTO location (id, city, country, region, notes, latitude, longitude, fetch_status) VALUES (1059, 'Stockholm', 'Sverige', '', '', 59.33257, 18.06683, 'FETCHED_WITH_SUCCESS');
INSERT INTO life_event (id, day, month, year, date, notes, location_id) VALUES (2654, 6, 3, 1897, '1897-03-06', '', 1059);
INSERT INTO life_event (id, day, month, year, date, notes, location_id) VALUES (2655, null, null, null, null, '', null);
INSERT INTO occupation (id, notes, day, month, year, date, location_id) VALUES (415, 'Kommissionslantmätare', null, null, null, null, null);
INSERT INTO person (id, first_name, last_name, middle_names, notes, sex, birth_id, death_id, burial_id, father_id, mother_id) VALUES (885, 'Alfons', 'Kjebon', '', '', 'UNKNOWN', 2653, 2654, 2655, null, null);

--======= Insert Person id: 886 =======
INSERT INTO location (id, city, country, region, notes, latitude, longitude, fetch_status) VALUES (1060, 'Stockholm', 'Sverige', '', '', 59.33257, 18.06683, 'FETCHED_WITH_SUCCESS');
INSERT INTO life_event (id, day, month, year, date, notes, location_id) VALUES (2656, 1, 4, 1837, '1837-04-01', '', 1060);
INSERT INTO location (id, city, country, region, notes, latitude, longitude, fetch_status) VALUES (1061, 'Stockholm', 'Sverige', '', '', 59.33257, 18.06683, 'FETCHED_WITH_SUCCESS');
INSERT INTO life_event (id, day, month, year, date, notes, location_id) VALUES (2657, 31, 8, 1907, '1907-08-31', '', 1061);
INSERT INTO life_event (id, day, month, year, date, notes, location_id) VALUES (2658, null, null, null, null, '', null);
INSERT INTO occupation (id, notes, day, month, year, date, location_id) VALUES (416, 'Stadsmäklare', null, null, null, null, null);
INSERT INTO person (id, first_name, last_name, middle_names, notes, sex, birth_id, death_id, burial_id, father_id, mother_id) VALUES (886, 'Lorenz', 'Segerström', 'Adolf', '', 'UNKNOWN', 2656, 2657, 2658, null, null);

--======= Insert Person id: 887 =======
INSERT INTO life_event (id, day, month, year, date, notes, location_id) VALUES (2659, null, null, null, null, '', null);
INSERT INTO life_event (id, day, month, year, date, notes, location_id) VALUES (2660, null, null, null, null, '', null);
INSERT INTO life_event (id, day, month, year, date, notes, location_id) VALUES (2661, null, null, null, null, '', null);
INSERT INTO person (id, first_name, last_name, middle_names, notes, sex, birth_id, death_id, burial_id, father_id, mother_id) VALUES (887, 'Helena', 'Falck', 'Margareta', '', 'WOMAN', 2659, 2660, 2661, null, null);

--======= Insert Person id: 888 =======
INSERT INTO life_event (id, day, month, year, date, notes, location_id) VALUES (2662, null, null, null, null, '', null);
INSERT INTO life_event (id, day, month, year, date, notes, location_id) VALUES (2663, null, null, null, null, '', null);
INSERT INTO life_event (id, day, month, year, date, notes, location_id) VALUES (2664, null, null, null, null, '', null);
INSERT INTO occupation (id, notes, day, month, year, date, location_id) VALUES (417, 'Apotekare', null, null, null, null, null);
INSERT INTO person (id, first_name, last_name, middle_names, notes, sex, birth_id, death_id, burial_id, father_id, mother_id) VALUES (888, 'Thyge', 'Hassenbalck', 'Jakob', '', 'MAN', 2662, 2663, 2664, null, null);

--======= Insert Person id: 889 =======
INSERT INTO location (id, city, country, region, notes, latitude, longitude, fetch_status) VALUES (1062, 'Frustuna', 'Sverige', '', '', 59.27697, 18.035, 'FETCHED_WITH_SUCCESS');
INSERT INTO life_event (id, day, month, year, date, notes, location_id) VALUES (2665, null, null, 1743, '1743-01-01', '', 1062);
INSERT INTO location (id, city, country, region, notes, latitude, longitude, fetch_status) VALUES (1063, 'Gävle', 'Sverige', '', '', 60.67366, 17.14557, 'FETCHED_WITH_SUCCESS');
INSERT INTO life_event (id, day, month, year, date, notes, location_id) VALUES (2666, 2, 9, 1803, '1803-09-02', '', 1063);
INSERT INTO life_event (id, day, month, year, date, notes, location_id) VALUES (2667, null, null, null, null, '', null);
INSERT INTO occupation (id, notes, day, month, year, date, location_id) VALUES (418, 'Apotekare', null, null, null, null, null);
INSERT INTO person (id, first_name, last_name, middle_names, notes, sex, birth_id, death_id, burial_id, father_id, mother_id) VALUES (889, 'Lars', 'Luuth', '', '', 'UNKNOWN', 2665, 2666, 2667, null, null);

--======= Insert Person id: 890 =======
INSERT INTO life_event (id, day, month, year, date, notes, location_id) VALUES (2668, null, null, 1745, '1745-01-01', '', null);
INSERT INTO location (id, city, country, region, notes, latitude, longitude, fetch_status) VALUES (1064, 'Gävle', 'Sverige', '', '', 60.67366, 17.14557, 'FETCHED_WITH_SUCCESS');
INSERT INTO life_event (id, day, month, year, date, notes, location_id) VALUES (2669, 6, 3, 1808, '1808-03-06', '', 1064);
INSERT INTO life_event (id, day, month, year, date, notes, location_id) VALUES (2670, null, null, null, null, '', null);
INSERT INTO occupation (id, notes, day, month, year, date, location_id) VALUES (419, 'Lektor', null, null, null, null, null);
INSERT INTO person (id, first_name, last_name, middle_names, notes, sex, birth_id, death_id, burial_id, father_id, mother_id) VALUES (890, 'Johan', 'Wikström', '', '', 'UNKNOWN', 2668, 2669, 2670, null, null);

--======= Insert Person id: 891 =======
INSERT INTO life_event (id, day, month, year, date, notes, location_id) VALUES (2671, null, null, null, null, '', null);
INSERT INTO life_event (id, day, month, year, date, notes, location_id) VALUES (2672, null, null, null, null, '', null);
INSERT INTO life_event (id, day, month, year, date, notes, location_id) VALUES (2673, null, null, null, null, '', null);
INSERT INTO person (id, first_name, last_name, middle_names, notes, sex, birth_id, death_id, burial_id, father_id, mother_id) VALUES (891, 'Agneta', 'Haack', 'Rebecka', '', 'WOMAN', 2671, 2672, 2673, null, null);

--======= Insert Person id: 892 =======
INSERT INTO life_event (id, day, month, year, date, notes, location_id) VALUES (2674, null, null, null, null, '', null);
INSERT INTO life_event (id, day, month, year, date, notes, location_id) VALUES (2675, null, null, null, null, '', null);
INSERT INTO life_event (id, day, month, year, date, notes, location_id) VALUES (2676, null, null, null, null, '', null);
INSERT INTO occupation (id, notes, day, month, year, date, location_id) VALUES (420, 'Handlande', null, null, null, null, null);
INSERT INTO person (id, first_name, last_name, middle_names, notes, sex, birth_id, death_id, burial_id, father_id, mother_id) VALUES (892, 'Mattias', 'Morsing', '', '', 'MAN', 2674, 2675, 2676, null, null);

--======= Insert Person id: 893 =======
INSERT INTO life_event (id, day, month, year, date, notes, location_id) VALUES (2677, null, null, 1728, '1728-01-01', '', null);
INSERT INTO location (id, city, country, region, notes, latitude, longitude, fetch_status) VALUES (1065, 'Malmö', 'Sverige', '', '', 55.59669, 13.0011, 'FETCHED_WITH_SUCCESS');
INSERT INTO life_event (id, day, month, year, date, notes, location_id) VALUES (2678, 14, 6, 1793, '1793-06-14', '', 1065);
INSERT INTO life_event (id, day, month, year, date, notes, location_id) VALUES (2679, null, null, null, null, '', null);
INSERT INTO occupation (id, notes, day, month, year, date, location_id) VALUES (421, 'Handlande', null, null, null, null, null);
INSERT INTO person (id, first_name, last_name, middle_names, notes, sex, birth_id, death_id, burial_id, father_id, mother_id) VALUES (893, 'Hans', 'Schiuberg', 'Peter', '', 'UNKNOWN', 2677, 2678, 2679, null, null);

--======= Insert Person id: 894 =======
INSERT INTO location (id, city, country, region, notes, latitude, longitude, fetch_status) VALUES (1066, 'Malmö', 'Sverige', '', '', 55.59669, 13.0011, 'FETCHED_WITH_SUCCESS');
INSERT INTO life_event (id, day, month, year, date, notes, location_id) VALUES (2680, 14, 3, 1753, '1753-03-14', '', 1066);
INSERT INTO location (id, city, country, region, notes, latitude, longitude, fetch_status) VALUES (1067, 'Malmö', 'Sverige', '', '', 55.59669, 13.0011, 'FETCHED_WITH_SUCCESS');
INSERT INTO life_event (id, day, month, year, date, notes, location_id) VALUES (2681, 13, 3, 1834, '1834-03-13', '', 1067);
INSERT INTO life_event (id, day, month, year, date, notes, location_id) VALUES (2682, null, null, null, null, '', null);
INSERT INTO occupation (id, notes, day, month, year, date, location_id) VALUES (422, 'Handlande i malmö från 1779', null, null, null, null, null);
INSERT INTO person (id, first_name, last_name, middle_names, notes, sex, birth_id, death_id, burial_id, father_id, mother_id) VALUES (894, 'Kornelius', 'Hegardt', '', '(Tab 64:297 i GS).
Ägde vid sin död "Värdshus- och teaterbyggnaden" (Stadt Hamburg).', 'UNKNOWN', 2680, 2681, 2682, null, null);

--======= Insert Person id: 895 =======
INSERT INTO life_event (id, day, month, year, date, notes, location_id) VALUES (2683, null, null, 1750, '1750-01-01', '', null);
INSERT INTO location (id, city, country, region, notes, latitude, longitude, fetch_status) VALUES (1068, 'på sin gård Håkanstorp', 'Sverige', '', '', 57.87174, 15.98453, 'FETCHED_WITH_SUCCESS');
INSERT INTO life_event (id, day, month, year, date, notes, location_id) VALUES (2684, 1, 3, 1802, '1802-03-01', '', 1068);
INSERT INTO life_event (id, day, month, year, date, notes, location_id) VALUES (2685, null, null, null, null, '', null);
INSERT INTO occupation (id, notes, day, month, year, date, location_id) VALUES (423, 'Kyrkoinspektör', null, null, null, null, null);
INSERT INTO person (id, first_name, last_name, middle_names, notes, sex, birth_id, death_id, burial_id, father_id, mother_id) VALUES (895, 'Arvid', 'Ausell', '', '', 'UNKNOWN', 2683, 2684, 2685, null, null);

--======= Insert Person id: 896 =======
INSERT INTO location (id, city, country, region, notes, latitude, longitude, fetch_status) VALUES (1069, 'Malmö', 'Sverige', '', '', 55.59669, 13.0011, 'FETCHED_WITH_SUCCESS');
INSERT INTO life_event (id, day, month, year, date, notes, location_id) VALUES (2686, 27, 4, 1755, '1755-04-27', '', 1069);
INSERT INTO location (id, city, country, region, notes, latitude, longitude, fetch_status) VALUES (1070, 'Malmö', 'Sverige', '', '', 55.59669, 13.0011, 'FETCHED_WITH_SUCCESS');
INSERT INTO life_event (id, day, month, year, date, notes, location_id) VALUES (2687, 4, 6, 1817, '1817-06-04', '', 1070);
INSERT INTO life_event (id, day, month, year, date, notes, location_id) VALUES (2688, null, null, null, null, '', null);
INSERT INTO occupation (id, notes, day, month, year, date, location_id) VALUES (424, 'Tullförvaltare', null, null, null, null, null);
INSERT INTO person (id, first_name, last_name, middle_names, notes, sex, birth_id, death_id, burial_id, father_id, mother_id) VALUES (896, 'Weddig', 'Borg', '', '', 'MAN', 2686, 2687, 2688, null, null);

--======= Insert Person id: 897 =======
INSERT INTO location (id, city, country, region, notes, latitude, longitude, fetch_status) VALUES (1071, 'Malmö', 'Sverige', '', '', 55.59669, 13.0011, 'FETCHED_WITH_SUCCESS');
INSERT INTO life_event (id, day, month, year, date, notes, location_id) VALUES (2689, null, null, 1789, '1789-01-01', '', 1071);
INSERT INTO location (id, city, country, region, notes, latitude, longitude, fetch_status) VALUES (1072, 'Malmö', 'Sverige', '', '', 55.59669, 13.0011, 'FETCHED_WITH_SUCCESS');
INSERT INTO life_event (id, day, month, year, date, notes, location_id) VALUES (2690, null, null, 1839, '1839-01-01', '', 1072);
INSERT INTO life_event (id, day, month, year, date, notes, location_id) VALUES (2691, null, null, null, null, '', null);
INSERT INTO person (id, first_name, last_name, middle_names, notes, sex, birth_id, death_id, burial_id, father_id, mother_id) VALUES (897, 'Jakob', 'Borg', '', '', 'MAN', 2689, 2690, 2691, null, null);

--======= Insert Person id: 898 =======
INSERT INTO location (id, city, country, region, notes, latitude, longitude, fetch_status) VALUES (1073, 'Malmö', 'Sverige', '', '', 55.59669, 13.0011, 'FETCHED_WITH_SUCCESS');
INSERT INTO life_event (id, day, month, year, date, notes, location_id) VALUES (2692, null, null, 1802, '1802-01-01', '', 1073);
INSERT INTO location (id, city, country, region, notes, latitude, longitude, fetch_status) VALUES (1074, 'Malmö', 'Sverige', '', '', 55.59669, 13.0011, 'FETCHED_WITH_SUCCESS');
INSERT INTO life_event (id, day, month, year, date, notes, location_id) VALUES (2693, null, null, 1849, '1849-01-01', '', 1074);
INSERT INTO life_event (id, day, month, year, date, notes, location_id) VALUES (2694, null, null, null, null, '', null);
INSERT INTO person (id, first_name, last_name, middle_names, notes, sex, birth_id, death_id, burial_id, father_id, mother_id) VALUES (898, 'Anders', 'Borg', '', '', 'UNKNOWN', 2692, 2693, 2694, null, null);

--======= Insert Person id: 899 =======
INSERT INTO location (id, city, country, region, notes, latitude, longitude, fetch_status) VALUES (1075, 'Marstrand', 'Sverige', '', '', 57.88669, 11.58953, 'FETCHED_WITH_SUCCESS');
INSERT INTO life_event (id, day, month, year, date, notes, location_id) VALUES (2695, null, null, null, null, '', 1075);
INSERT INTO life_event (id, day, month, year, date, notes, location_id) VALUES (2696, null, null, null, null, '', null);
INSERT INTO life_event (id, day, month, year, date, notes, location_id) VALUES (2697, null, null, null, null, '', null);
INSERT INTO person (id, first_name, last_name, middle_names, notes, sex, birth_id, death_id, burial_id, father_id, mother_id) VALUES (899, 'Jakob', 'Borg', '', '', 'MAN', 2695, 2696, 2697, null, null);

--======= Insert Person id: 900 =======
INSERT INTO location (id, city, country, region, notes, latitude, longitude, fetch_status) VALUES (1076, 'Knislinge', 'Sverige', '', '', 56.19188, 14.08736, 'FETCHED_WITH_SUCCESS');
INSERT INTO life_event (id, day, month, year, date, notes, location_id) VALUES (2698, 13, 4, 1758, '1758-04-13', '', 1076);
INSERT INTO location (id, city, country, region, notes, latitude, longitude, fetch_status) VALUES (1077, 'på Vegeholm i Strövelstorp', 'Sverige', '', '', 56.16555, 12.83571, 'FETCHED_WITH_SUCCESS');
INSERT INTO life_event (id, day, month, year, date, notes, location_id) VALUES (2699, null, null, 1814, '1814-01-01', '', 1077);
INSERT INTO life_event (id, day, month, year, date, notes, location_id) VALUES (2700, null, null, null, null, '', null);
INSERT INTO occupation (id, notes, day, month, year, date, location_id) VALUES (425, 'Lagman', null, null, null, null, null);
INSERT INTO person (id, first_name, last_name, middle_names, notes, sex, birth_id, death_id, burial_id, father_id, mother_id) VALUES (900, 'Magnus', 'Flinck', '', '', 'UNKNOWN', 2698, 2699, 2700, null, null);

--======= Insert Person id: 901 =======
INSERT INTO location (id, city, country, region, notes, latitude, longitude, fetch_status) VALUES (1078, 'Skabersjö', 'Sverige', '', '', 55.54358, 13.16413, 'FETCHED_WITH_SUCCESS');
INSERT INTO life_event (id, day, month, year, date, notes, location_id) VALUES (2701, null, null, 1696, '1696-01-01', '', 1078);
INSERT INTO location (id, city, country, region, notes, latitude, longitude, fetch_status) VALUES (1079, 'Skabersjö', 'Sverige', '', '', 55.54358, 13.16413, 'FETCHED_WITH_SUCCESS');
INSERT INTO life_event (id, day, month, year, date, notes, location_id) VALUES (2702, null, null, 1743, '1743-01-01', '', 1079);
INSERT INTO life_event (id, day, month, year, date, notes, location_id) VALUES (2703, null, null, null, null, '', null);
INSERT INTO person (id, first_name, last_name, middle_names, notes, sex, birth_id, death_id, burial_id, father_id, mother_id) VALUES (901, 'Vilhelm', 'Faxe', '', '', 'MAN', 2701, 2702, 2703, null, null);

--======= Insert Person id: 902 =======
INSERT INTO location (id, city, country, region, notes, latitude, longitude, fetch_status) VALUES (1080, 'Estland', 'Sverige', '', '', 59.28542, 18.06298, 'FETCHED_WITH_SUCCESS');
INSERT INTO life_event (id, day, month, year, date, notes, location_id) VALUES (2704, null, null, 1709, '1709-01-01', '', 1080);
INSERT INTO location (id, city, country, region, notes, latitude, longitude, fetch_status) VALUES (1081, 'Malmö', 'Sverige', '', '', 55.59669, 13.0011, 'FETCHED_WITH_SUCCESS');
INSERT INTO life_event (id, day, month, year, date, notes, location_id) VALUES (2705, null, null, 1750, '1750-01-01', '', 1081);
INSERT INTO life_event (id, day, month, year, date, notes, location_id) VALUES (2706, null, null, null, null, '', null);
INSERT INTO person (id, first_name, last_name, middle_names, notes, sex, birth_id, death_id, burial_id, father_id, mother_id) VALUES (902, 'Anna', 'Moller', 'Kristina', '', 'WOMAN', 2704, 2705, 2706, null, null);

--======= Insert Person id: 903 =======
INSERT INTO location (id, city, country, region, notes, latitude, longitude, fetch_status) VALUES (1082, 'Skabersjö', 'Sverige', '', '', 55.54358, 13.16413, 'FETCHED_WITH_SUCCESS');
INSERT INTO life_event (id, day, month, year, date, notes, location_id) VALUES (2707, null, null, 1730, '1730-01-01', '', 1082);
INSERT INTO life_event (id, day, month, year, date, notes, location_id) VALUES (2708, null, null, null, null, '', null);
INSERT INTO life_event (id, day, month, year, date, notes, location_id) VALUES (2709, null, null, null, null, '', null);
INSERT INTO person (id, first_name, last_name, middle_names, notes, sex, birth_id, death_id, burial_id, father_id, mother_id) VALUES (903, 'Jakob', 'Faxe', '', '', 'MAN', 2707, 2708, 2709, null, null);

--======= Insert Person id: 904 =======
INSERT INTO location (id, city, country, region, notes, latitude, longitude, fetch_status) VALUES (1083, 'Skabersjö', 'Sverige', '', '', 55.54358, 13.16413, 'FETCHED_WITH_SUCCESS');
INSERT INTO life_event (id, day, month, year, date, notes, location_id) VALUES (2710, null, null, 1684, '1684-01-01', '', 1083);
INSERT INTO life_event (id, day, month, year, date, notes, location_id) VALUES (2711, null, null, null, null, '', null);
INSERT INTO life_event (id, day, month, year, date, notes, location_id) VALUES (2712, null, null, null, null, '', null);
INSERT INTO person (id, first_name, last_name, middle_names, notes, sex, birth_id, death_id, burial_id, father_id, mother_id) VALUES (904, 'Kornelius', 'Faxe', '', '', 'UNKNOWN', 2710, 2711, 2712, null, null);

--======= Insert Person id: 905 =======
INSERT INTO location (id, city, country, region, notes, latitude, longitude, fetch_status) VALUES (1084, 'Skabersjö', 'Sverige', '', '', 55.54358, 13.16413, 'FETCHED_WITH_SUCCESS');
INSERT INTO life_event (id, day, month, year, date, notes, location_id) VALUES (2713, null, null, 1686, '1686-01-01', '', 1084);
INSERT INTO life_event (id, day, month, year, date, notes, location_id) VALUES (2714, null, null, null, null, '', null);
INSERT INTO life_event (id, day, month, year, date, notes, location_id) VALUES (2715, null, null, null, null, '', null);
INSERT INTO person (id, first_name, last_name, middle_names, notes, sex, birth_id, death_id, burial_id, father_id, mother_id) VALUES (905, 'Katarina', 'Faxe', '', '', 'UNKNOWN', 2713, 2714, 2715, null, null);

--======= Insert Person id: 906 =======
INSERT INTO location (id, city, country, region, notes, latitude, longitude, fetch_status) VALUES (1085, 'Skabersjö', 'Sverige', '', '', 55.54358, 13.16413, 'FETCHED_WITH_SUCCESS');
INSERT INTO life_event (id, day, month, year, date, notes, location_id) VALUES (2716, null, null, 1688, '1688-01-01', '', 1085);
INSERT INTO location (id, city, country, region, notes, latitude, longitude, fetch_status) VALUES (1086, 'Härslöv', 'Sverige', '', '', 55.93294, 12.87211, 'FETCHED_WITH_SUCCESS');
INSERT INTO life_event (id, day, month, year, date, notes, location_id) VALUES (2717, null, null, 1763, '1763-01-01', '', 1086);
INSERT INTO life_event (id, day, month, year, date, notes, location_id) VALUES (2718, null, null, null, null, '', null);
INSERT INTO person (id, first_name, last_name, middle_names, notes, sex, birth_id, death_id, burial_id, father_id, mother_id) VALUES (906, 'Anna', 'Faxe', '', '', 'UNKNOWN', 2716, 2717, 2718, null, null);

--======= Insert Person id: 907 =======
INSERT INTO location (id, city, country, region, notes, latitude, longitude, fetch_status) VALUES (1087, 'Skabersjö', 'Sverige', '', '', 55.54358, 13.16413, 'FETCHED_WITH_SUCCESS');
INSERT INTO life_event (id, day, month, year, date, notes, location_id) VALUES (2719, null, null, 1689, '1689-01-01', '', 1087);
INSERT INTO location (id, city, country, region, notes, latitude, longitude, fetch_status) VALUES (1088, 'Skabersjö', 'Sverige', '', '', 55.54358, 13.16413, 'FETCHED_WITH_SUCCESS');
INSERT INTO life_event (id, day, month, year, date, notes, location_id) VALUES (2720, null, null, 1690, '1690-01-01', '', 1088);
INSERT INTO life_event (id, day, month, year, date, notes, location_id) VALUES (2721, null, null, null, null, '', null);
INSERT INTO person (id, first_name, last_name, middle_names, notes, sex, birth_id, death_id, burial_id, father_id, mother_id) VALUES (907, 'Jörgen', 'Faxe', '', '', 'UNKNOWN', 2719, 2720, 2721, null, null);

--======= Insert Person id: 908 =======
INSERT INTO location (id, city, country, region, notes, latitude, longitude, fetch_status) VALUES (1089, 'Skabersjö', 'Sverige', '', '', 55.54358, 13.16413, 'FETCHED_WITH_SUCCESS');
INSERT INTO life_event (id, day, month, year, date, notes, location_id) VALUES (2722, null, null, 1691, '1691-01-01', '', 1089);
INSERT INTO location (id, city, country, region, notes, latitude, longitude, fetch_status) VALUES (1090, 'Skabersjö', 'Sverige', '', '', 55.54358, 13.16413, 'FETCHED_WITH_SUCCESS');
INSERT INTO life_event (id, day, month, year, date, notes, location_id) VALUES (2723, null, null, 1691, '1691-01-01', '', 1090);
INSERT INTO life_event (id, day, month, year, date, notes, location_id) VALUES (2724, null, null, null, null, '', null);
INSERT INTO person (id, first_name, last_name, middle_names, notes, sex, birth_id, death_id, burial_id, father_id, mother_id) VALUES (908, 'Jörgen', 'Faxe', '', '', 'UNKNOWN', 2722, 2723, 2724, null, null);

--======= Insert Person id: 909 =======
INSERT INTO location (id, city, country, region, notes, latitude, longitude, fetch_status) VALUES (1091, 'Skabersjö', 'Sverige', '', '', 55.54358, 13.16413, 'FETCHED_WITH_SUCCESS');
INSERT INTO life_event (id, day, month, year, date, notes, location_id) VALUES (2725, null, null, 1693, '1693-01-01', '', 1091);
INSERT INTO location (id, city, country, region, notes, latitude, longitude, fetch_status) VALUES (1092, 'Malmö', 'Sverige', '', '', 55.59669, 13.0011, 'FETCHED_WITH_SUCCESS');
INSERT INTO life_event (id, day, month, year, date, notes, location_id) VALUES (2726, null, null, 1738, '1738-01-01', '', 1092);
INSERT INTO life_event (id, day, month, year, date, notes, location_id) VALUES (2727, null, null, null, null, '', null);
INSERT INTO person (id, first_name, last_name, middle_names, notes, sex, birth_id, death_id, burial_id, father_id, mother_id) VALUES (909, 'Anna', 'Faxe', 'Maria', '', 'UNKNOWN', 2725, 2726, 2727, null, null);

--======= Insert Person id: 910 =======
INSERT INTO location (id, city, country, region, notes, latitude, longitude, fetch_status) VALUES (1093, 'Skabersjö', 'Sverige', '', '', 55.54358, 13.16413, 'FETCHED_WITH_SUCCESS');
INSERT INTO life_event (id, day, month, year, date, notes, location_id) VALUES (2728, null, null, 1694, '1694-01-01', '', 1093);
INSERT INTO location (id, city, country, region, notes, latitude, longitude, fetch_status) VALUES (1094, 'Malmö', 'Sverige', '', '', 55.59669, 13.0011, 'FETCHED_WITH_SUCCESS');
INSERT INTO life_event (id, day, month, year, date, notes, location_id) VALUES (2729, null, null, 1728, '1728-01-01', '', 1094);
INSERT INTO life_event (id, day, month, year, date, notes, location_id) VALUES (2730, null, null, null, null, '', null);
INSERT INTO person (id, first_name, last_name, middle_names, notes, sex, birth_id, death_id, burial_id, father_id, mother_id) VALUES (910, 'Margareta', 'Faxe', '', '', 'UNKNOWN', 2728, 2729, 2730, null, null);

--======= Insert Person id: 911 =======
INSERT INTO life_event (id, day, month, year, date, notes, location_id) VALUES (2731, null, null, null, null, '', null);
INSERT INTO life_event (id, day, month, year, date, notes, location_id) VALUES (2732, null, null, null, null, '', null);
INSERT INTO life_event (id, day, month, year, date, notes, location_id) VALUES (2733, null, null, null, null, '', null);
INSERT INTO person (id, first_name, last_name, middle_names, notes, sex, birth_id, death_id, burial_id, father_id, mother_id) VALUES (911, 'Anna', 'Kloow', 'Margareta', '', 'UNKNOWN', 2731, 2732, 2733, null, null);

--======= Insert Person id: 912 =======
INSERT INTO location (id, city, country, region, notes, latitude, longitude, fetch_status) VALUES (1095, 'Malmö', 'Sverige', '', '', 55.59669, 13.0011, 'FETCHED_WITH_SUCCESS');
INSERT INTO life_event (id, day, month, year, date, notes, location_id) VALUES (2734, 18, 9, 1764, '1764-09-18', '', 1095);
INSERT INTO location (id, city, country, region, notes, latitude, longitude, fetch_status) VALUES (1096, 'Lund', 'Sverige', '', '', 55.70664, 13.18759, 'FETCHED_WITH_SUCCESS');
INSERT INTO life_event (id, day, month, year, date, notes, location_id) VALUES (2735, 16, 5, 1840, '1840-05-16', '', 1096);
INSERT INTO life_event (id, day, month, year, date, notes, location_id) VALUES (2736, null, null, null, null, '', null);
INSERT INTO person (id, first_name, last_name, middle_names, notes, sex, birth_id, death_id, burial_id, father_id, mother_id) VALUES (912, 'Maria', 'Hegardt', 'Kristina', '(Tab 66:312 i GS).', 'WOMAN', 2734, 2735, 2736, null, null);

--======= Insert Person id: 913 =======
INSERT INTO location (id, city, country, region, notes, latitude, longitude, fetch_status) VALUES (1097, 'på Lindholmen i Svedala', 'Sverige', '', '', 59.58295, 18.10405, 'FETCHED_WITH_SUCCESS');
INSERT INTO life_event (id, day, month, year, date, notes, location_id) VALUES (2737, 19, 3, 1761, '1761-03-19', '', 1097);
INSERT INTO location (id, city, country, region, notes, latitude, longitude, fetch_status) VALUES (1098, 'Lund', 'Sverige', '', '', 55.70664, 13.18759, 'FETCHED_WITH_SUCCESS');
INSERT INTO life_event (id, day, month, year, date, notes, location_id) VALUES (2738, 28, 3, 1838, '1838-03-28', '', 1098);
INSERT INTO life_event (id, day, month, year, date, notes, location_id) VALUES (2739, null, null, null, null, '', null);
INSERT INTO occupation (id, notes, day, month, year, date, location_id) VALUES (426, 'Kvartersmästare', null, null, null, null, null);
INSERT INTO person (id, first_name, last_name, middle_names, notes, sex, birth_id, death_id, burial_id, father_id, mother_id) VALUES (913, 'Mattias', 'Kloow', '', '', 'MAN', 2737, 2738, 2739, null, null);

--======= Insert Person id: 914 =======
INSERT INTO life_event (id, day, month, year, date, notes, location_id) VALUES (2740, null, null, null, null, '', null);
INSERT INTO life_event (id, day, month, year, date, notes, location_id) VALUES (2741, null, null, null, null, '', null);
INSERT INTO life_event (id, day, month, year, date, notes, location_id) VALUES (2742, null, null, null, null, '', null);
INSERT INTO person (id, first_name, last_name, middle_names, notes, sex, birth_id, death_id, burial_id, father_id, mother_id) VALUES (914, 'Otto', 'Carlquist', 'Gustaf', '', 'UNKNOWN', 2740, 2741, 2742, null, null);

--======= Insert Person id: 915 =======
INSERT INTO location (id, city, country, region, notes, latitude, longitude, fetch_status) VALUES (1099, 'Fuglie', 'Sverige', '', '', 55.44794, 13.08545, 'FETCHED_WITH_SUCCESS');
INSERT INTO life_event (id, day, month, year, date, notes, location_id) VALUES (2743, 10, 11, 1925, '1925-11-10', '', 1099);
INSERT INTO life_event (id, day, month, year, date, notes, location_id) VALUES (2744, 30, 3, 1992, '1992-03-30', '', null);
INSERT INTO life_event (id, day, month, year, date, notes, location_id) VALUES (2745, null, null, null, null, '', null);
INSERT INTO occupation (id, notes, day, month, year, date, location_id) VALUES (427, 'Ingenjör', null, null, null, null, null);
INSERT INTO occupation (id, notes, day, month, year, date, location_id) VALUES (428, 'Företagsekonom', null, null, null, null, null);
INSERT INTO person (id, first_name, last_name, middle_names, notes, sex, birth_id, death_id, burial_id, father_id, mother_id) VALUES (915, 'Karl', 'Grimsberg', 'Börje', 'Ingenjörsexamen vid Malmö högre tekniska läroverk 1951.
Högre företagsekonomisk examen 1967. Fil kand (sociologi, handelsrätt) vid Lunds universitet 1981.', 'UNKNOWN', 2743, 2744, 2745, null, null);

--======= Insert Person id: 916 =======
INSERT INTO location (id, city, country, region, notes, latitude, longitude, fetch_status) VALUES (1100, 'Linköping', 'Sverige', '', '', 58.41109, 15.62565, 'FETCHED_WITH_SUCCESS');
INSERT INTO life_event (id, day, month, year, date, notes, location_id) VALUES (2746, 21, 9, 1912, '1912-09-21', '', 1100);
INSERT INTO life_event (id, day, month, year, date, notes, location_id) VALUES (2747, null, null, null, null, '', null);
INSERT INTO life_event (id, day, month, year, date, notes, location_id) VALUES (2748, null, null, null, null, '', null);
INSERT INTO occupation (id, notes, day, month, year, date, location_id) VALUES (429, 'Hemmafru', null, null, null, null, null);
INSERT INTO person (id, first_name, last_name, middle_names, notes, sex, birth_id, death_id, burial_id, father_id, mother_id) VALUES (916, 'Karin', 'Moberg', '', '', 'WOMAN', 2746, 2747, 2748, null, null);

--======= Insert Person id: 917 =======
INSERT INTO location (id, city, country, region, notes, latitude, longitude, fetch_status) VALUES (1101, 'Kisa', 'Sverige', '', '', 57.98715, 15.63446, 'FETCHED_WITH_SUCCESS');
INSERT INTO life_event (id, day, month, year, date, notes, location_id) VALUES (2749, 29, 4, 1911, '1911-04-29', '', 1101);
INSERT INTO location (id, city, country, region, notes, latitude, longitude, fetch_status) VALUES (1102, 'Linköping', 'Sverige', '', '', 58.41109, 15.62565, 'FETCHED_WITH_SUCCESS');
INSERT INTO life_event (id, day, month, year, date, notes, location_id) VALUES (2750, 8, 2, 1974, '1974-02-08', '', 1102);
INSERT INTO life_event (id, day, month, year, date, notes, location_id) VALUES (2751, null, null, null, null, '', null);
INSERT INTO occupation (id, notes, day, month, year, date, location_id) VALUES (430, 'Posttjänsteman', null, null, null, null, null);
INSERT INTO person (id, first_name, last_name, middle_names, notes, sex, birth_id, death_id, burial_id, father_id, mother_id) VALUES (917, 'Valter', 'Holmström', '', '', 'MAN', 2749, 2750, 2751, null, null);

--======= Insert Person id: 918 =======
INSERT INTO location (id, city, country, region, notes, latitude, longitude, fetch_status) VALUES (1103, 'Uddevalla', 'Sverige', '', '', 58.35096, 11.93264, 'FETCHED_WITH_SUCCESS');
INSERT INTO life_event (id, day, month, year, date, notes, location_id) VALUES (2752, null, null, 1875, '1875-01-01', '', 1103);
INSERT INTO location (id, city, country, region, notes, latitude, longitude, fetch_status) VALUES (1104, 'Uddevalla', 'Sverige', '', '', 58.35096, 11.93264, 'FETCHED_WITH_SUCCESS');
INSERT INTO life_event (id, day, month, year, date, notes, location_id) VALUES (2753, null, null, 1897, '1897-01-01', '', 1104);
INSERT INTO life_event (id, day, month, year, date, notes, location_id) VALUES (2754, null, null, null, null, '', null);
INSERT INTO person (id, first_name, last_name, middle_names, notes, sex, birth_id, death_id, burial_id, father_id, mother_id) VALUES (918, 'Elisabet', 'Wallström', '', '', 'WOMAN', 2752, 2753, 2754, null, null);

--======= Insert Person id: 919 =======
INSERT INTO location (id, city, country, region, notes, latitude, longitude, fetch_status) VALUES (1105, 'Uddevalla', 'Sverige', '', '', 58.35096, 11.93264, 'FETCHED_WITH_SUCCESS');
INSERT INTO life_event (id, day, month, year, date, notes, location_id) VALUES (2755, null, null, 1872, '1872-01-01', '', 1105);
INSERT INTO location (id, city, country, region, notes, latitude, longitude, fetch_status) VALUES (1106, 'Uddevalla', 'Sverige', '', '', 58.35096, 11.93264, 'FETCHED_WITH_SUCCESS');
INSERT INTO life_event (id, day, month, year, date, notes, location_id) VALUES (2756, null, null, 1953, '1953-01-01', '', 1106);
INSERT INTO life_event (id, day, month, year, date, notes, location_id) VALUES (2757, null, null, null, null, '', null);
INSERT INTO person (id, first_name, last_name, middle_names, notes, sex, birth_id, death_id, burial_id, father_id, mother_id) VALUES (919, 'Karl', 'Möller', 'Anders', '', 'MAN', 2755, 2756, 2757, null, null);

--======= Insert Person id: 920 =======
INSERT INTO location (id, city, country, region, notes, latitude, longitude, fetch_status) VALUES (1107, 'Uppsala', 'Sverige', '', '', 59.85862, 17.64373, 'FETCHED_WITH_SUCCESS');
INSERT INTO life_event (id, day, month, year, date, notes, location_id) VALUES (2758, 22, 4, 1960, '1960-04-22', '', 1107);
INSERT INTO life_event (id, day, month, year, date, notes, location_id) VALUES (2759, null, null, null, null, '', null);
INSERT INTO life_event (id, day, month, year, date, notes, location_id) VALUES (2760, null, null, null, null, '', null);
INSERT INTO occupation (id, notes, day, month, year, date, location_id) VALUES (431, 'Civilekonom', null, null, null, null, null);
INSERT INTO person (id, first_name, last_name, middle_names, notes, sex, birth_id, death_id, burial_id, father_id, mother_id) VALUES (920, 'Michael', 'Grant', '', '1985 - 1990 Controller vid ABB. 1991 - 1994 Sakkunnig vid kommunikationsdepartementet. Från 1995 anställd vid Unisource i Amsterdam, Holland.', 'MAN', 2758, 2759, 2760, null, null);

--======= Insert Person id: 921 =======
INSERT INTO life_event (id, day, month, year, date, notes, location_id) VALUES (2761, null, null, 1930, '1930-01-01', '', null);
INSERT INTO life_event (id, day, month, year, date, notes, location_id) VALUES (2762, null, null, 1980, '1980-01-01', '', null);
INSERT INTO life_event (id, day, month, year, date, notes, location_id) VALUES (2763, null, null, null, null, '', null);
INSERT INTO occupation (id, notes, day, month, year, date, location_id) VALUES (432, 'Sjuksköterska', null, null, null, null, null);
INSERT INTO person (id, first_name, last_name, middle_names, notes, sex, birth_id, death_id, burial_id, father_id, mother_id) VALUES (921, 'Ingvor', 'Ral', '', '', 'WOMAN', 2761, 2762, 2763, null, null);

--======= Insert Person id: 922 =======
INSERT INTO life_event (id, day, month, year, date, notes, location_id) VALUES (2764, 6, 1, 1932, '1932-01-06', '', null);
INSERT INTO life_event (id, day, month, year, date, notes, location_id) VALUES (2765, null, null, null, null, '', null);
INSERT INTO life_event (id, day, month, year, date, notes, location_id) VALUES (2766, null, null, null, null, '', null);
INSERT INTO occupation (id, notes, day, month, year, date, location_id) VALUES (433, 'Professor i anatomi', null, null, null, null, null);
INSERT INTO person (id, first_name, last_name, middle_names, notes, sex, birth_id, death_id, burial_id, father_id, mother_id) VALUES (922, 'Gunnar', 'Grant', '', '', 'MAN', 2764, 2765, 2766, null, null);

--======= Insert Person id: 923 =======
INSERT INTO life_event (id, day, month, year, date, notes, location_id) VALUES (2767, null, null, 1652, '1652-01-01', 'Född omkring 1652.', null);
INSERT INTO life_event (id, day, month, year, date, notes, location_id) VALUES (2768, null, null, null, null, '', null);
INSERT INTO life_event (id, day, month, year, date, notes, location_id) VALUES (2769, null, null, null, null, '', null);
INSERT INTO person (id, first_name, last_name, middle_names, notes, sex, birth_id, death_id, burial_id, father_id, mother_id) VALUES (923, 'Maria', 'Jyde', 'Maren, Tomasdotter', '', 'WOMAN', 2767, 2768, 2769, null, null);

--======= Insert Person id: 924 =======
INSERT INTO life_event (id, day, month, year, date, notes, location_id) VALUES (2770, 2, 2, 1663, '1663-02-02', '', null);
INSERT INTO location (id, city, country, region, notes, latitude, longitude, fetch_status) VALUES (1108, 'Malmö', 'Sverige', '', '', 55.59669, 13.0011, 'FETCHED_WITH_SUCCESS');
INSERT INTO life_event (id, day, month, year, date, notes, location_id) VALUES (2771, 20, 5, 1713, '1713-05-20', '', 1108);
INSERT INTO life_event (id, day, month, year, date, notes, location_id) VALUES (2772, null, null, null, null, '', null);
INSERT INTO person (id, first_name, last_name, middle_names, notes, sex, birth_id, death_id, burial_id, father_id, mother_id) VALUES (924, 'Margareta', 'Faxe', '', '', 'WOMAN', 2770, 2771, 2772, null, null);

--======= Insert Person id: 925 =======
INSERT INTO location (id, city, country, region, notes, latitude, longitude, fetch_status) VALUES (1109, 'Malmö', 'Sverige', '', '', 55.59669, 13.0011, 'FETCHED_WITH_SUCCESS');
INSERT INTO life_event (id, day, month, year, date, notes, location_id) VALUES (2773, 15, 8, 1672, '1672-08-15', '', 1109);
INSERT INTO life_event (id, day, month, year, date, notes, location_id) VALUES (2774, null, null, null, null, '', null);
INSERT INTO life_event (id, day, month, year, date, notes, location_id) VALUES (2775, null, null, null, null, '', null);
INSERT INTO person (id, first_name, last_name, middle_names, notes, sex, birth_id, death_id, burial_id, father_id, mother_id) VALUES (925, 'Anna', 'Hegardt', 'Maria', '(Tab 60:274 i GS).', 'UNKNOWN', 2773, 2774, 2775, null, null);

--======= Insert Person id: 926 =======
INSERT INTO location (id, city, country, region, notes, latitude, longitude, fetch_status) VALUES (1110, 'Malmö', 'Sverige', '', '', 55.59669, 13.0011, 'FETCHED_WITH_SUCCESS');
INSERT INTO life_event (id, day, month, year, date, notes, location_id) VALUES (2776, null, null, 1673, '1673-01-01', '', 1110);
INSERT INTO location (id, city, country, region, notes, latitude, longitude, fetch_status) VALUES (1111, 'Malmö', 'Sverige', '', '', 55.59669, 13.0011, 'FETCHED_WITH_SUCCESS');
INSERT INTO life_event (id, day, month, year, date, notes, location_id) VALUES (2777, null, null, 1763, '1763-01-01', '', 1111);
INSERT INTO life_event (id, day, month, year, date, notes, location_id) VALUES (2778, 17, 10, 1763, '1763-10-17', '', null);
INSERT INTO person (id, first_name, last_name, middle_names, notes, sex, birth_id, death_id, burial_id, father_id, mother_id) VALUES (926, 'Katarina', 'Hegardt', '', '(Tab 60:275 i GS).', 'UNKNOWN', 2776, 2777, 2778, null, null);

--======= Insert Person id: 927 =======
INSERT INTO location (id, city, country, region, notes, latitude, longitude, fetch_status) VALUES (1112, 'Malmö', 'Sverige', '', '', 55.59669, 13.0011, 'FETCHED_WITH_SUCCESS');
INSERT INTO life_event (id, day, month, year, date, notes, location_id) VALUES (2779, null, null, 1674, '1674-01-01', '', 1112);
INSERT INTO location (id, city, country, region, notes, latitude, longitude, fetch_status) VALUES (1113, 'Malmö', 'Sverige', '', '', 55.59669, 13.0011, 'FETCHED_WITH_SUCCESS');
INSERT INTO life_event (id, day, month, year, date, notes, location_id) VALUES (2780, null, null, 1674, '1674-01-01', '', 1113);
INSERT INTO life_event (id, day, month, year, date, notes, location_id) VALUES (2781, 31, 7, 1674, '1674-07-31', '', null);
INSERT INTO person (id, first_name, last_name, middle_names, notes, sex, birth_id, death_id, burial_id, father_id, mother_id) VALUES (927, 'Katarina', 'Hegardt', '', '(Tab 60:276 i GS).', 'UNKNOWN', 2779, 2780, 2781, null, null);

--======= Insert Person id: 928 =======
INSERT INTO location (id, city, country, region, notes, latitude, longitude, fetch_status) VALUES (1114, 'Malmö', 'Sverige', '', '', 55.59669, 13.0011, 'FETCHED_WITH_SUCCESS');
INSERT INTO life_event (id, day, month, year, date, notes, location_id) VALUES (2782, null, null, 1675, '1675-01-01', '', 1114);
INSERT INTO location (id, city, country, region, notes, latitude, longitude, fetch_status) VALUES (1115, 'Malmö', 'Sverige', '', '', 55.59669, 13.0011, 'FETCHED_WITH_SUCCESS');
INSERT INTO life_event (id, day, month, year, date, notes, location_id) VALUES (2783, null, null, 1675, '1675-01-01', '', 1115);
INSERT INTO life_event (id, day, month, year, date, notes, location_id) VALUES (2784, null, null, null, null, '', null);
INSERT INTO person (id, first_name, last_name, middle_names, notes, sex, birth_id, death_id, burial_id, father_id, mother_id) VALUES (928, 'Josias', 'Hegardt', '', '(Tab 60:277 i GS).', 'UNKNOWN', 2782, 2783, 2784, null, null);

--======= Insert Person id: 929 =======
INSERT INTO location (id, city, country, region, notes, latitude, longitude, fetch_status) VALUES (1116, 'Malmö', 'Sverige', '', '', 55.59669, 13.0011, 'FETCHED_WITH_SUCCESS');
INSERT INTO life_event (id, day, month, year, date, notes, location_id) VALUES (2785, 23, 8, 1676, '1676-08-23', '', 1116);
INSERT INTO location (id, city, country, region, notes, latitude, longitude, fetch_status) VALUES (1117, 'Malmö', 'Sverige', '', '', 55.59669, 13.0011, 'FETCHED_WITH_SUCCESS');
INSERT INTO life_event (id, day, month, year, date, notes, location_id) VALUES (2786, null, null, 1758, '1758-01-01', '', 1117);
INSERT INTO life_event (id, day, month, year, date, notes, location_id) VALUES (2787, 9, 7, 1758, '1758-07-09', '', null);
INSERT INTO person (id, first_name, last_name, middle_names, notes, sex, birth_id, death_id, burial_id, father_id, mother_id) VALUES (929, 'Katarina', 'Hegardt', '', '(Tab 60:278 i GS).', 'UNKNOWN', 2785, 2786, 2787, null, null);

--======= Insert Person id: 930 =======
INSERT INTO location (id, city, country, region, notes, latitude, longitude, fetch_status) VALUES (1118, 'Malmö', 'Sverige', '', '', 55.59669, 13.0011, 'FETCHED_WITH_SUCCESS');
INSERT INTO life_event (id, day, month, year, date, notes, location_id) VALUES (2788, null, null, 1677, '1677-01-01', '', 1118);
INSERT INTO location (id, city, country, region, notes, latitude, longitude, fetch_status) VALUES (1119, 'Malmö', 'Sverige', '', '', 55.59669, 13.0011, 'FETCHED_WITH_SUCCESS');
INSERT INTO life_event (id, day, month, year, date, notes, location_id) VALUES (2789, null, null, 1677, '1677-01-01', '', 1119);
INSERT INTO life_event (id, day, month, year, date, notes, location_id) VALUES (2790, null, null, null, null, '', null);
INSERT INTO person (id, first_name, last_name, middle_names, notes, sex, birth_id, death_id, burial_id, father_id, mother_id) VALUES (930, 'Kristian', 'Hegardt', '', '(Tab 60:279 i GS).', 'UNKNOWN', 2788, 2789, 2790, null, null);

--======= Insert Person id: 931 =======
INSERT INTO location (id, city, country, region, notes, latitude, longitude, fetch_status) VALUES (1120, 'Malmö', 'Sverige', '', '', 55.59669, 13.0011, 'FETCHED_WITH_SUCCESS');
INSERT INTO life_event (id, day, month, year, date, notes, location_id) VALUES (2791, null, null, 1678, '1678-01-01', '', 1120);
INSERT INTO location (id, city, country, region, notes, latitude, longitude, fetch_status) VALUES (1121, 'Malmö', 'Sverige', '', '', 55.59669, 13.0011, 'FETCHED_WITH_SUCCESS');
INSERT INTO life_event (id, day, month, year, date, notes, location_id) VALUES (2792, null, null, 1679, '1679-01-01', '', 1121);
INSERT INTO life_event (id, day, month, year, date, notes, location_id) VALUES (2793, 8, 1, 1679, '1679-01-08', '', null);
INSERT INTO person (id, first_name, last_name, middle_names, notes, sex, birth_id, death_id, burial_id, father_id, mother_id) VALUES (931, 'Marta', 'Hegardt', '', '(Tab 60:280 i GS).', 'UNKNOWN', 2791, 2792, 2793, null, null);

--======= Insert Person id: 932 =======
INSERT INTO location (id, city, country, region, notes, latitude, longitude, fetch_status) VALUES (1122, 'Malmö', 'Sverige', '', '', 55.59669, 13.0011, 'FETCHED_WITH_SUCCESS');
INSERT INTO life_event (id, day, month, year, date, notes, location_id) VALUES (2794, null, null, 1682, '1682-01-01', '', 1122);
INSERT INTO location (id, city, country, region, notes, latitude, longitude, fetch_status) VALUES (1123, 'Karlshamn', 'Sverige', '', '', 56.16972, 14.86057, 'FETCHED_WITH_SUCCESS');
INSERT INTO life_event (id, day, month, year, date, notes, location_id) VALUES (2795, null, null, 1718, '1718-01-01', '', 1123);
INSERT INTO life_event (id, day, month, year, date, notes, location_id) VALUES (2796, null, null, null, null, '', null);
INSERT INTO occupation (id, notes, day, month, year, date, location_id) VALUES (434, 'Handlande i karlshamn', null, null, null, null, null);
INSERT INTO person (id, first_name, last_name, middle_names, notes, sex, birth_id, death_id, burial_id, father_id, mother_id) VALUES (932, 'Jöran', 'Hegardt', '', '(Tab 60:281 i GS).
Kommissarie vid amiralitetet i Karlskrona 1716.', 'UNKNOWN', 2794, 2795, 2796, null, null);

--======= Insert Person id: 933 =======
INSERT INTO location (id, city, country, region, notes, latitude, longitude, fetch_status) VALUES (1124, 'Malmö', 'Sverige', '', '', 55.59669, 13.0011, 'FETCHED_WITH_SUCCESS');
INSERT INTO life_event (id, day, month, year, date, notes, location_id) VALUES (2797, 19, 8, 1683, '1683-08-19', '', 1124);
INSERT INTO location (id, city, country, region, notes, latitude, longitude, fetch_status) VALUES (1125, 'Malmö', 'Sverige', '', '', 55.59669, 13.0011, 'FETCHED_WITH_SUCCESS');
INSERT INTO life_event (id, day, month, year, date, notes, location_id) VALUES (2798, 18, 7, 1762, '1762-07-18', '', 1125);
INSERT INTO life_event (id, day, month, year, date, notes, location_id) VALUES (2799, null, null, null, null, '', null);
INSERT INTO occupation (id, notes, day, month, year, date, location_id) VALUES (435, 'Borgmästare i malmö', null, null, null, null, null);
INSERT INTO person (id, first_name, last_name, middle_names, notes, sex, birth_id, death_id, burial_id, father_id, mother_id) VALUES (933, 'Josias', 'Hegardt', '', '(Tab 61 i GS).
H erhöll under tiden 1697-1705 i utlandet utbildning i handel och manufakturer. Förestod därefter faderns handel till 1710, då han erhöll burskap som egen handlare och drev bl a klädeshandel. 1714 förordnades han av magistraten - då endast 31 år - till förman för stadens äldste samt valdes 1719 till riksdagsman för Malmö och utsågs till ledamot av sekreta utskottet.
1720 kallades han enhälligt till rådman, men undanbad sig förtroendet. Uppsattes 1721 på förslag till justitieborgmästare. Utnämndes 1726 till politiborgmästare och var åren 1715?62 kyrkvärd i Caroli församling.
1718 erhöll han privilegium på det nedlagda manufakturiet i Malmö, men begagnade sig ej av detsamma. I stället anlade han tillsammans med sin 2:a frus styvfar, handlanden och krigskommissarien Erasmus Cleve, en ylle- och klädesfabrik, på vilken de 1726 erhöll kungligt privilegium, med rätt att bekläda bl a två infanteri- och två kavalleriregementen i Skåne samt artillerigarnisonerna i Skåne och Karlshamn. Denna fabrik, som 1733 sysselsatte 99 personer, övertog H efter Cleves död 1741 ensam och drev den med framgång till sitt frånfälle.
H, som ibland titulerades ''överkommissarie'' ägde fastigheter i Malmö och jordegendomar utanför staden samt efterlämnade stor förmögenhet. 1742 inköpte han av Cleves sterbhus Börringe kloster, som han 1745 sålde till greve Joakim Beck-Friis.
Vid hans begravning i Caroli kyrka den 28/7 utdelades ett sorgekväde, som författats av Lars Anton Berg.', 'MAN', 2797, 2798, 2799, null, null);

--======= Insert Person id: 934 =======
INSERT INTO location (id, city, country, region, notes, latitude, longitude, fetch_status) VALUES (1126, 'Malmö', 'Sverige', '', '', 55.59669, 13.0011, 'FETCHED_WITH_SUCCESS');
INSERT INTO life_event (id, day, month, year, date, notes, location_id) VALUES (2800, 2, 2, 1685, '1685-02-02', '', 1126);
INSERT INTO location (id, city, country, region, notes, latitude, longitude, fetch_status) VALUES (1127, 'Lund', 'Sverige', '', '', 55.70664, 13.18759, 'FETCHED_WITH_SUCCESS');
INSERT INTO life_event (id, day, month, year, date, notes, location_id) VALUES (2801, 4, 4, 1732, '1732-04-04', '', 1127);
INSERT INTO life_event (id, day, month, year, date, notes, location_id) VALUES (2802, null, null, null, null, '', null);
INSERT INTO occupation (id, notes, day, month, year, date, location_id) VALUES (436, 'Domprost', null, null, null, null, null);
INSERT INTO person (id, first_name, last_name, middle_names, notes, sex, birth_id, death_id, burial_id, father_id, mother_id) VALUES (934, 'Martin', 'Hegardt', '', '(Tab 60:323 i GS).
Student i Lund 1702 och i Rostock 1705. Fil mag 1706 i Rostock. Studerade 1708?09 vid universitetet i Greifswald och blev där 1708 teol baccalaureus. Reste 1709 till England och var 1710?12 pastor vid den nyinrättade, ur den svenskdanska församlingen utbrutna svenska församlingen i London. Blev, efter att ha varit uppförd på förslag till eo professor i kyrkohistoria vid Lunds universitet, 1710 i maj av kungliga senaten utnämnd till befattningen.
Teol dr i Greifswald 1714. Tillträdde detta år sin professur. Tredje teol professor i Lund samt kyrkoherde i Vallkärra och Stångby prebende?pastorat 1716. Prost i Torna kontrakt samma år. Andre teol professor samt kyrkoherde i Uppåkra och Flackarp prebende?pastorat 1718 och prost i Bara kontrakt samma år. Förste teol professor och domprost i Lund 1728. Var rektor vid universitetet 1719?27 samt presiderade vid prästmötet i Lund 1722.
I London bodde han i tre år hos den ryktbare Edzardus, som invigde honom till prästämbetet och av vilken han vid avresan från London fick det betyg "att han genomgått alla den hebreiska grundtextens böcker med de rabbinska kommentariernas jämförande och därjämte förskaffat sig en tillräcklig kunskap i de äldre orientalska språken: kaldeiskan, arabiskan och persiskan".
(Enl en artikel i Sv Dagbladet 31/5 1936 valde den nya svenska församlingen H till kyrkoherde den 20/3 1710, varefter han den 26/3 prästvigdes ? i strid med den svenska kyrkans ordning ? av den engelske orientalisten dr Edzardus och installerades samma dag.) På egen och församlingens önskan fick han, fast han var utnämnd till professor, kungens tillstånd att stanna i London, tills han hemkallades av konsistorium 1712. Innan han återvände hem besökte han åtskilliga främmande orter och uppehöll sig längre eller kortare tid i Oxford, Cambridge, Amsterdam, Leyden, Utrecht, Rostock och Greifswald, där han disputerade för teol doktorsgraden.
Karl XII bodde från början av september 1716 till mitten av juli 1718 (med ett par längre avbrott för vistelse i Strömstad och de norska gränstrakterna) hos domprost H i dennes hus i Lund (huset mot St Södergatan vid Katedralskolan). Som en yttring av sin bevågenhet bar kungen H:s son Karl till dopet, upphöjde 1717 hans fru och barn i adligt stånd under namn von Hegardt (adl ätten nr 1536) samt bevistade även H:s installationsföreläsning som tredje teol professor.', 'MAN', 2800, 2801, 2802, null, null);

--======= Insert Person id: 935 =======
INSERT INTO location (id, city, country, region, notes, latitude, longitude, fetch_status) VALUES (1128, 'Malmö', 'Sverige', '', '', 55.59669, 13.0011, 'FETCHED_WITH_SUCCESS');
INSERT INTO life_event (id, day, month, year, date, notes, location_id) VALUES (2803, 7, 10, 1686, '1686-10-07', '', 1128);
INSERT INTO location (id, city, country, region, notes, latitude, longitude, fetch_status) VALUES (1129, 'på Svenstorp i Igelösa', 'Sverige', '', '', 55.48153, 13.94684, 'FETCHED_WITH_SUCCESS');
INSERT INTO life_event (id, day, month, year, date, notes, location_id) VALUES (2804, 7, 12, 1753, '1753-12-07', '', 1129);
INSERT INTO life_event (id, day, month, year, date, notes, location_id) VALUES (2805, null, null, null, null, '', null);
INSERT INTO person (id, first_name, last_name, middle_names, notes, sex, birth_id, death_id, burial_id, father_id, mother_id) VALUES (935, 'Maria', 'Hegardt', '', '(Tab 60:329 i GS).
Makarna är begravda i Igelösa kyrka, där Maria lät sätta upp ett epitafium även över sin tredje man (Gyllenkrok).
Maria H var en högt begåvad, kraftfull och myndig dam, som väl förvaltade sina stora ägodelar, och kring vars person folkfantasin spunnit många sägner.
I sitt första äktenskap med rådmannen Hack Persson, adlad Tholijn i Karlshamn, hade hon en son Hakvin, vilken adopterades av hennes 2:a man samt adlades och introducerades på denna ätts nummer. Till förmån för honom och hans efterkommande gjorde hon 1743 St Markie i Anderslöv till fideikommiss. Detta gods hade hon ärvt efter Josua Stjernblad. Samtidigt gjorde hon Svenstorp till fideikommiss för släkten Gyllenkrok.
Efter sin första makes död gifte hon om sig med Karl XII:s generalkrigskommissaire Stjernblad.
Av svärfadern Hegardt övertog Stjernblad dennes köp av Svenstorp slott och gods. År 1714 köpte han även Stora Markie.
När Stjernblad dog år 1717 ärvde hustrun Maria de båda godsen m.
Den nu mycket rika Maria gifte sig år 1723 för tredje gången med Karl XII:s berömde general, Axel Gyllenkrok (friherre 1727). I äktenskapet föddes en son, Fredrik Gustaf.
Efter makens död (1730) bosatte sig Maria, nu friherrinna, på Svenstorp. År 1743 instiftade hon för sina söner tvenne fideikommiss. Sonen Stiernblad fick Stora Markie och sonen Gyllenkrok Svenstorp. Hon förbehöll sig dock rätten att disponera över egendomarna under sin livstid. I fideikommissbreven har bestämts att de kunna givas som morgongåva.
Maria Hegardts son med Gyllenkrok fick Svenstorps fideikommiss.
Maria Hegardt bodde efter maken Gyllenkroks död (1730) på Svenstorp. (Utdrag ur kåseri av Eugéne Flygare)', 'UNKNOWN', 2803, 2804, 2805, null, null);

--======= Insert Person id: 936 =======
INSERT INTO location (id, city, country, region, notes, latitude, longitude, fetch_status) VALUES (1130, 'Malmö', 'Sverige', '', '', 55.59669, 13.0011, 'FETCHED_WITH_SUCCESS');
INSERT INTO life_event (id, day, month, year, date, notes, location_id) VALUES (2806, null, null, 1688, '1688-01-01', '', 1130);
INSERT INTO location (id, city, country, region, notes, latitude, longitude, fetch_status) VALUES (1131, 'Malmö', 'Sverige', '', '', 55.59669, 13.0011, 'FETCHED_WITH_SUCCESS');
INSERT INTO life_event (id, day, month, year, date, notes, location_id) VALUES (2807, null, null, 1688, '1688-01-01', '', 1131);
INSERT INTO life_event (id, day, month, year, date, notes, location_id) VALUES (2808, null, null, null, null, '', null);
INSERT INTO person (id, first_name, last_name, middle_names, notes, sex, birth_id, death_id, burial_id, father_id, mother_id) VALUES (936, 'Helena', 'Hegardt', '', '(Tab 60:330 i GS).', 'UNKNOWN', 2806, 2807, 2808, null, null);

--======= Insert Person id: 937 =======
INSERT INTO location (id, city, country, region, notes, latitude, longitude, fetch_status) VALUES (1132, 'Malmö', 'Sverige', '', '', 55.59669, 13.0011, 'FETCHED_WITH_SUCCESS');
INSERT INTO life_event (id, day, month, year, date, notes, location_id) VALUES (2809, null, null, 1689, '1689-01-01', '', 1132);
INSERT INTO location (id, city, country, region, notes, latitude, longitude, fetch_status) VALUES (1133, 'Malmö', 'Sverige', '', '', 55.59669, 13.0011, 'FETCHED_WITH_SUCCESS');
INSERT INTO life_event (id, day, month, year, date, notes, location_id) VALUES (2810, null, null, 1689, '1689-01-01', '', 1133);
INSERT INTO life_event (id, day, month, year, date, notes, location_id) VALUES (2811, 20, 9, 1689, '1689-09-20', '', null);
INSERT INTO person (id, first_name, last_name, middle_names, notes, sex, birth_id, death_id, burial_id, father_id, mother_id) VALUES (937, 'Helena', 'Hegardt', '', '(Tab 60:331 i GS).', 'UNKNOWN', 2809, 2810, 2811, null, null);

--======= Insert Person id: 938 =======
INSERT INTO location (id, city, country, region, notes, latitude, longitude, fetch_status) VALUES (1134, 'Malmö', 'Sverige', '', '', 55.59669, 13.0011, 'FETCHED_WITH_SUCCESS');
INSERT INTO life_event (id, day, month, year, date, notes, location_id) VALUES (2812, 11, 6, 1699, '1699-06-11', '', 1134);
INSERT INTO location (id, city, country, region, notes, latitude, longitude, fetch_status) VALUES (1135, 'Malmö', 'Sverige', '', '', 55.59669, 13.0011, 'FETCHED_WITH_SUCCESS');
INSERT INTO life_event (id, day, month, year, date, notes, location_id) VALUES (2813, 13, 3, 1708, '1708-03-13', '', 1135);
INSERT INTO life_event (id, day, month, year, date, notes, location_id) VALUES (2814, null, null, null, null, '', null);
INSERT INTO person (id, first_name, last_name, middle_names, notes, sex, birth_id, death_id, burial_id, father_id, mother_id) VALUES (938, 'Peter', 'Hegardt', '', '(Tab 60:332 i GS).', 'UNKNOWN', 2812, 2813, 2814, null, null);

--======= Insert Person id: 939 =======
INSERT INTO location (id, city, country, region, notes, latitude, longitude, fetch_status) VALUES (1136, 'Malmö', 'Sverige', '', '', 55.59669, 13.0011, 'FETCHED_WITH_SUCCESS');
INSERT INTO life_event (id, day, month, year, date, notes, location_id) VALUES (2815, null, null, 1738, '1738-01-01', '', 1136);
INSERT INTO location (id, city, country, region, notes, latitude, longitude, fetch_status) VALUES (1137, 'Malmö', 'Sverige', '', '', 55.59669, 13.0011, 'FETCHED_WITH_SUCCESS');
INSERT INTO life_event (id, day, month, year, date, notes, location_id) VALUES (2816, null, null, 1705, '1705-01-01', '', 1137);
INSERT INTO life_event (id, day, month, year, date, notes, location_id) VALUES (2817, null, null, null, null, '', null);
INSERT INTO person (id, first_name, last_name, middle_names, notes, sex, birth_id, death_id, burial_id, father_id, mother_id) VALUES (939, 'Elna', 'Jakobsdotter', 'Helena, Clausson', '', 'WOMAN', 2815, 2816, 2817, null, null);

--======= Insert Person id: 940 =======
INSERT INTO location (id, city, country, region, notes, latitude, longitude, fetch_status) VALUES (1138, 'Danmark', 'Sverige', '', '', 59.83257, 17.74339, 'FETCHED_WITH_SUCCESS');
INSERT INTO life_event (id, day, month, year, date, notes, location_id) VALUES (2818, null, null, 1614, '1614-01-01', '', 1138);
INSERT INTO location (id, city, country, region, notes, latitude, longitude, fetch_status) VALUES (1139, 'Skabersjö', 'Sverige', '', '', 55.54358, 13.16413, 'FETCHED_WITH_SUCCESS');
INSERT INTO life_event (id, day, month, year, date, notes, location_id) VALUES (2819, null, null, 1681, '1681-01-01', '', 1139);
INSERT INTO life_event (id, day, month, year, date, notes, location_id) VALUES (2820, null, null, null, null, '', null);
INSERT INTO occupation (id, notes, day, month, year, date, location_id) VALUES (437, 'Prost', null, null, null, null, null);
INSERT INTO person (id, first_name, last_name, middle_names, notes, sex, birth_id, death_id, burial_id, father_id, mother_id) VALUES (940, 'Jörgen', 'Faxe', 'Göran', '', 'MAN', 2818, 2819, 2820, null, null);

--======= Insert Person id: 941 =======
INSERT INTO life_event (id, day, month, year, date, notes, location_id) VALUES (2821, null, null, null, null, '', null);
INSERT INTO location (id, city, country, region, notes, latitude, longitude, fetch_status) VALUES (1140, 'Malmö', 'Sverige', '', '', 55.59669, 13.0011, 'FETCHED_WITH_SUCCESS');
INSERT INTO life_event (id, day, month, year, date, notes, location_id) VALUES (2822, null, null, 1729, '1729-01-01', '', 1140);
INSERT INTO life_event (id, day, month, year, date, notes, location_id) VALUES (2823, null, null, null, null, '', null);
INSERT INTO person (id, first_name, last_name, middle_names, notes, sex, birth_id, death_id, burial_id, father_id, mother_id) VALUES (941, 'Hans', 'Nehrman', '', '', 'UNKNOWN', 2821, 2822, 2823, null, null);

--======= Insert Person id: 942 =======
INSERT INTO life_event (id, day, month, year, date, notes, location_id) VALUES (2824, null, null, null, null, '', null);
INSERT INTO life_event (id, day, month, year, date, notes, location_id) VALUES (2825, null, null, null, null, '', null);
INSERT INTO life_event (id, day, month, year, date, notes, location_id) VALUES (2826, null, null, null, null, '', null);
INSERT INTO person (id, first_name, last_name, middle_names, notes, sex, birth_id, death_id, burial_id, father_id, mother_id) VALUES (942, '', '', '', '', 'UNKNOWN', 2824, 2825, 2826, null, null);

--======= Insert Person id: 943 =======
INSERT INTO location (id, city, country, region, notes, latitude, longitude, fetch_status) VALUES (1141, 'Herröd', 'Sverige', '', '', 62.01701, 14.19348, 'FETCHED_WITH_SUCCESS');
INSERT INTO life_event (id, day, month, year, date, notes, location_id) VALUES (2827, 16, 2, 1659, '1659-02-16', '', 1141);
INSERT INTO location (id, city, country, region, notes, latitude, longitude, fetch_status) VALUES (1142, 'Landskrona', 'Sverige', '', '', 55.87204, 12.83009, 'FETCHED_WITH_SUCCESS');
INSERT INTO life_event (id, day, month, year, date, notes, location_id) VALUES (2828, 5, 6, 1720, '1720-06-05', '', 1142);
INSERT INTO life_event (id, day, month, year, date, notes, location_id) VALUES (2829, null, null, null, null, '', null);
INSERT INTO occupation (id, notes, day, month, year, date, location_id) VALUES (438, 'Handlande i landskrona', null, null, null, null, null);
INSERT INTO person (id, first_name, last_name, middle_names, notes, sex, birth_id, death_id, burial_id, father_id, mother_id) VALUES (943, 'Johan', 'Lange', '', '', 'UNKNOWN', 2827, 2828, 2829, null, null);

--======= Insert Person id: 944 =======
INSERT INTO life_event (id, day, month, year, date, notes, location_id) VALUES (2830, null, null, 1691, '1691-01-01', '', null);
INSERT INTO location (id, city, country, region, notes, latitude, longitude, fetch_status) VALUES (1143, 'Malmö', 'Sverige', '', '', 55.59669, 13.0011, 'FETCHED_WITH_SUCCESS');
INSERT INTO life_event (id, day, month, year, date, notes, location_id) VALUES (2831, 21, 6, 1730, '1730-06-21', '', 1143);
INSERT INTO life_event (id, day, month, year, date, notes, location_id) VALUES (2832, null, null, null, null, '', null);
INSERT INTO person (id, first_name, last_name, middle_names, notes, sex, birth_id, death_id, burial_id, father_id, mother_id) VALUES (944, 'Maria', 'Lange', 'Katarina', 'Döpt 1691-09-01 i Landskrona (M).', 'WOMAN', 2830, 2831, 2832, null, null);

--======= Insert Person id: 945 =======
INSERT INTO location (id, city, country, region, notes, latitude, longitude, fetch_status) VALUES (1144, 'Malmö', 'Sverige', '', '', 55.59669, 13.0011, 'FETCHED_WITH_SUCCESS');
INSERT INTO life_event (id, day, month, year, date, notes, location_id) VALUES (2833, 12, 7, 1698, '1698-07-12', '', 1144);
INSERT INTO location (id, city, country, region, notes, latitude, longitude, fetch_status) VALUES (1145, 'Malmö', 'Sverige', '', '', 55.59669, 13.0011, 'FETCHED_WITH_SUCCESS');
INSERT INTO life_event (id, day, month, year, date, notes, location_id) VALUES (2834, 7, 4, 1759, '1759-04-07', '', 1145);
INSERT INTO life_event (id, day, month, year, date, notes, location_id) VALUES (2835, null, null, null, null, '', null);
INSERT INTO person (id, first_name, last_name, middle_names, notes, sex, birth_id, death_id, burial_id, father_id, mother_id) VALUES (945, 'Kristina', 'Bager', 'Sofia', '', 'WOMAN', 2833, 2834, 2835, null, null);

--======= Insert Person id: 946 =======
INSERT INTO location (id, city, country, region, notes, latitude, longitude, fetch_status) VALUES (1146, 'Malmö', 'Sverige', '', '', 55.59669, 13.0011, 'FETCHED_WITH_SUCCESS');
INSERT INTO life_event (id, day, month, year, date, notes, location_id) VALUES (2836, 31, 5, 1711, '1711-05-31', '', 1146);
INSERT INTO location (id, city, country, region, notes, latitude, longitude, fetch_status) VALUES (1147, 'Håstad', 'Sverige', '', '', 55.77439, 13.23094, 'FETCHED_WITH_SUCCESS');
INSERT INTO life_event (id, day, month, year, date, notes, location_id) VALUES (2837, 5, 10, 1769, '1769-10-05', '', 1147);
INSERT INTO life_event (id, day, month, year, date, notes, location_id) VALUES (2838, null, null, null, null, '', null);
INSERT INTO occupation (id, notes, day, month, year, date, location_id) VALUES (439, 'Prost', null, null, null, null, null);
INSERT INTO person (id, first_name, last_name, middle_names, notes, sex, birth_id, death_id, burial_id, father_id, mother_id) VALUES (946, 'Peter', 'Hegardt', '', '(Tab 61:283 i GS).', 'MAN', 2836, 2837, 2838, null, null);

--======= Insert Person id: 947 =======
INSERT INTO location (id, city, country, region, notes, latitude, longitude, fetch_status) VALUES (1148, 'Malmö', 'Sverige', '', '', 55.59669, 13.0011, 'FETCHED_WITH_SUCCESS');
INSERT INTO life_event (id, day, month, year, date, notes, location_id) VALUES (2839, null, null, 1712, '1712-01-01', '', 1148);
INSERT INTO location (id, city, country, region, notes, latitude, longitude, fetch_status) VALUES (1149, 'Malmö', 'Sverige', '', '', 55.59669, 13.0011, 'FETCHED_WITH_SUCCESS');
INSERT INTO life_event (id, day, month, year, date, notes, location_id) VALUES (2840, 29, 6, 1753, '1753-06-29', '', 1149);
INSERT INTO life_event (id, day, month, year, date, notes, location_id) VALUES (2841, null, null, null, null, '', null);
INSERT INTO occupation (id, notes, day, month, year, date, location_id) VALUES (440, 'Klädesfabrikör', null, null, null, null, null);
INSERT INTO person (id, first_name, last_name, middle_names, notes, sex, birth_id, death_id, burial_id, father_id, mother_id) VALUES (947, 'Johan', 'Hegardt', '', '(Tab 64 i GS).
Var först faktor vid faderns klädesfabrik, men grundade sedan själv en dylik år 1740., vilken han drev till sin död. Idkade också handel samt ägde en gård i Malmö.', 'MAN', 2839, 2840, 2841, null, null);

--======= Insert Person id: 948 =======
INSERT INTO location (id, city, country, region, notes, latitude, longitude, fetch_status) VALUES (1150, 'Malmö', 'Sverige', '', '', 55.59669, 13.0011, 'FETCHED_WITH_SUCCESS');
INSERT INTO life_event (id, day, month, year, date, notes, location_id) VALUES (2842, 23, 6, 1714, '1714-06-23', '', 1150);
INSERT INTO location (id, city, country, region, notes, latitude, longitude, fetch_status) VALUES (1151, 'Malmö', 'Sverige', '', '', 55.59669, 13.0011, 'FETCHED_WITH_SUCCESS');
INSERT INTO life_event (id, day, month, year, date, notes, location_id) VALUES (2843, 14, 9, 1757, '1757-09-14', '', 1151);
INSERT INTO life_event (id, day, month, year, date, notes, location_id) VALUES (2844, null, null, null, null, '', null);
INSERT INTO occupation (id, notes, day, month, year, date, location_id) VALUES (441, 'Rådman', null, null, null, null, null);
INSERT INTO person (id, first_name, last_name, middle_names, notes, sex, birth_id, death_id, burial_id, father_id, mother_id) VALUES (948, 'Jöran', 'Hegardt', '', '(Tab 61:298 i GS).
Student i Lund 1727. Studerade juridik där till 1737. Stadsnotarie i Malmö 1738 och samma år auskultant vid rådstuvu och kämnärsrätten i Stockholm samt var notarie vid riksdagens protokolldeputation. Tf stadssekreterare i Malmö 1740 och eo rådman 1747. Avsked från stadsnotarietjänsten samma år. Fick burskap som handlande i Malmö 1747. Ägde gård i Malmö.', 'MAN', 2842, 2843, 2844, null, null);

--======= Insert Person id: 949 =======
INSERT INTO location (id, city, country, region, notes, latitude, longitude, fetch_status) VALUES (1152, 'Malmö', 'Sverige', '', '', 55.59669, 13.0011, 'FETCHED_WITH_SUCCESS');
INSERT INTO life_event (id, day, month, year, date, notes, location_id) VALUES (2845, 15, 3, 1716, '1716-03-15', '', 1152);
INSERT INTO location (id, city, country, region, notes, latitude, longitude, fetch_status) VALUES (1153, 'Malmö', 'Sverige', '', '', 55.59669, 13.0011, 'FETCHED_WITH_SUCCESS');
INSERT INTO life_event (id, day, month, year, date, notes, location_id) VALUES (2846, 22, 3, 1716, '1716-03-22', '', 1153);
INSERT INTO life_event (id, day, month, year, date, notes, location_id) VALUES (2847, null, null, null, null, '', null);
INSERT INTO person (id, first_name, last_name, middle_names, notes, sex, birth_id, death_id, burial_id, father_id, mother_id) VALUES (949, 'Siegbrand', 'Hegardt', '', '(Tab 61:303 i GS).', 'UNKNOWN', 2845, 2846, 2847, null, null);

--======= Insert Person id: 950 =======
INSERT INTO location (id, city, country, region, notes, latitude, longitude, fetch_status) VALUES (1154, 'Malmö', 'Sverige', '', '', 55.59669, 13.0011, 'FETCHED_WITH_SUCCESS');
INSERT INTO life_event (id, day, month, year, date, notes, location_id) VALUES (2848, 19, 8, 1717, '1717-08-19', '', 1154);
INSERT INTO life_event (id, day, month, year, date, notes, location_id) VALUES (2849, null, null, null, null, '', null);
INSERT INTO life_event (id, day, month, year, date, notes, location_id) VALUES (2850, null, null, null, null, '', null);
INSERT INTO person (id, first_name, last_name, middle_names, notes, sex, birth_id, death_id, burial_id, father_id, mother_id) VALUES (950, 'Margareta', 'Hegardt', 'Sofia', '(Tab 61:304 i GS).', 'UNKNOWN', 2848, 2849, 2850, null, null);

--======= Insert Person id: 951 =======
INSERT INTO location (id, city, country, region, notes, latitude, longitude, fetch_status) VALUES (1155, 'Malmö', 'Sverige', '', '', 55.59669, 13.0011, 'FETCHED_WITH_SUCCESS');
INSERT INTO life_event (id, day, month, year, date, notes, location_id) VALUES (2851, 13, 4, 1719, '1719-04-13', '', 1155);
INSERT INTO location (id, city, country, region, notes, latitude, longitude, fetch_status) VALUES (1156, 'Malmö', 'Sverige', '', '', 55.59669, 13.0011, 'FETCHED_WITH_SUCCESS');
INSERT INTO life_event (id, day, month, year, date, notes, location_id) VALUES (2852, 26, 2, 1760, '1760-02-26', '', 1156);
INSERT INTO life_event (id, day, month, year, date, notes, location_id) VALUES (2853, null, null, null, null, '', null);
INSERT INTO occupation (id, notes, day, month, year, date, location_id) VALUES (442, 'Handlande i malmö', null, null, null, null, null);
INSERT INTO person (id, first_name, last_name, middle_names, notes, sex, birth_id, death_id, burial_id, father_id, mother_id) VALUES (951, 'Josias', 'Hegardt', '', '(Tab 61:305 i GS).
Student i Lund 1738.', 'UNKNOWN', 2851, 2852, 2853, null, null);

--======= Insert Person id: 952 =======
INSERT INTO location (id, city, country, region, notes, latitude, longitude, fetch_status) VALUES (1157, 'Malmö', 'Sverige', '', '', 55.59669, 13.0011, 'FETCHED_WITH_SUCCESS');
INSERT INTO life_event (id, day, month, year, date, notes, location_id) VALUES (2854, 12, 6, 1720, '1720-06-12', '', 1157);
INSERT INTO location (id, city, country, region, notes, latitude, longitude, fetch_status) VALUES (1158, 'Malmö', 'Sverige', '', '', 55.59669, 13.0011, 'FETCHED_WITH_SUCCESS');
INSERT INTO life_event (id, day, month, year, date, notes, location_id) VALUES (2855, 15, 9, 1772, '1772-09-15', '', 1158);
INSERT INTO life_event (id, day, month, year, date, notes, location_id) VALUES (2856, null, null, null, null, '', null);
INSERT INTO person (id, first_name, last_name, middle_names, notes, sex, birth_id, death_id, burial_id, father_id, mother_id) VALUES (952, 'Maria', 'Hegardt', 'Helena', '(Tab 61:306 i GS).
(Maken var hennes fasters styvson, se ovan tab 99).', 'UNKNOWN', 2854, 2855, 2856, null, null);

--======= Insert Person id: 953 =======
INSERT INTO location (id, city, country, region, notes, latitude, longitude, fetch_status) VALUES (1159, 'Malmö', 'Sverige', '', '', 55.59669, 13.0011, 'FETCHED_WITH_SUCCESS');
INSERT INTO life_event (id, day, month, year, date, notes, location_id) VALUES (2857, 8, 2, 1722, '1722-02-08', '', 1159);
INSERT INTO location (id, city, country, region, notes, latitude, longitude, fetch_status) VALUES (1160, 'Landskrona', 'Sverige', '', '', 55.87204, 12.83009, 'FETCHED_WITH_SUCCESS');
INSERT INTO life_event (id, day, month, year, date, notes, location_id) VALUES (2858, 1, 11, 1723, '1723-11-01', '', 1160);
INSERT INTO life_event (id, day, month, year, date, notes, location_id) VALUES (2859, null, null, null, null, '', null);
INSERT INTO person (id, first_name, last_name, middle_names, notes, sex, birth_id, death_id, burial_id, father_id, mother_id) VALUES (953, 'Fredrik', 'Hegardt', 'Gustaf', '(Tab 61:307 i GS).', 'UNKNOWN', 2857, 2858, 2859, null, null);

--======= Insert Person id: 954 =======
INSERT INTO location (id, city, country, region, notes, latitude, longitude, fetch_status) VALUES (1161, 'Malmö', 'Sverige', '', '', 55.59669, 13.0011, 'FETCHED_WITH_SUCCESS');
INSERT INTO life_event (id, day, month, year, date, notes, location_id) VALUES (2860, 18, 3, 1723, '1723-03-18', '', 1161);
INSERT INTO location (id, city, country, region, notes, latitude, longitude, fetch_status) VALUES (1162, 'Malmö', 'Sverige', '', '', 55.59669, 13.0011, 'FETCHED_WITH_SUCCESS');
INSERT INTO life_event (id, day, month, year, date, notes, location_id) VALUES (2861, 10, 6, 1804, '1804-06-10', '', 1162);
INSERT INTO life_event (id, day, month, year, date, notes, location_id) VALUES (2862, null, null, null, null, '', null);
INSERT INTO person (id, first_name, last_name, middle_names, notes, sex, birth_id, death_id, burial_id, father_id, mother_id) VALUES (954, 'Katarina', 'Hegardt', 'Liboria', '(Tab 61:308 i GS).', 'UNKNOWN', 2860, 2861, 2862, null, null);

--======= Insert Person id: 955 =======
INSERT INTO location (id, city, country, region, notes, latitude, longitude, fetch_status) VALUES (1163, 'Malmö', 'Sverige', '', '', 55.59669, 13.0011, 'FETCHED_WITH_SUCCESS');
INSERT INTO life_event (id, day, month, year, date, notes, location_id) VALUES (2863, 20, 1, 1725, '1725-01-20', '', 1163);
INSERT INTO location (id, city, country, region, notes, latitude, longitude, fetch_status) VALUES (1164, 'Malmö', 'Sverige', '', '', 55.59669, 13.0011, 'FETCHED_WITH_SUCCESS');
INSERT INTO life_event (id, day, month, year, date, notes, location_id) VALUES (2864, 4, 8, 1725, '1725-08-04', '', 1164);
INSERT INTO life_event (id, day, month, year, date, notes, location_id) VALUES (2865, null, null, null, null, '', null);
INSERT INTO person (id, first_name, last_name, middle_names, notes, sex, birth_id, death_id, burial_id, father_id, mother_id) VALUES (955, 'Ulrika', 'Hegardt', 'Charlotta', '(Tab 61:309 i GS).', 'UNKNOWN', 2863, 2864, 2865, null, null);

--======= Insert Person id: 956 =======
INSERT INTO location (id, city, country, region, notes, latitude, longitude, fetch_status) VALUES (1165, 'Malmö', 'Sverige', '', '', 55.59669, 13.0011, 'FETCHED_WITH_SUCCESS');
INSERT INTO life_event (id, day, month, year, date, notes, location_id) VALUES (2866, 20, 9, 1726, '1726-09-20', '', 1165);
INSERT INTO location (id, city, country, region, notes, latitude, longitude, fetch_status) VALUES (1166, 'Malmö', 'Sverige', '', '', 55.59669, 13.0011, 'FETCHED_WITH_SUCCESS');
INSERT INTO life_event (id, day, month, year, date, notes, location_id) VALUES (2867, 4, 10, 1726, '1726-10-04', '', 1166);
INSERT INTO life_event (id, day, month, year, date, notes, location_id) VALUES (2868, null, null, null, null, '', null);
INSERT INTO person (id, first_name, last_name, middle_names, notes, sex, birth_id, death_id, burial_id, father_id, mother_id) VALUES (956, 'Anna', 'Hegardt', 'Lovisa', '(Tab 61:310 i GS).', 'UNKNOWN', 2866, 2867, 2868, null, null);

--======= Insert Person id: 957 =======
INSERT INTO location (id, city, country, region, notes, latitude, longitude, fetch_status) VALUES (1167, 'Malmö', 'Sverige', '', '', 55.59669, 13.0011, 'FETCHED_WITH_SUCCESS');
INSERT INTO life_event (id, day, month, year, date, notes, location_id) VALUES (2869, 14, 10, 1727, '1727-10-14', '', 1167);
INSERT INTO life_event (id, day, month, year, date, notes, location_id) VALUES (2870, null, null, null, null, '', null);
INSERT INTO life_event (id, day, month, year, date, notes, location_id) VALUES (2871, null, null, null, null, '', null);
INSERT INTO occupation (id, notes, day, month, year, date, location_id) VALUES (443, 'Klädesfabrikör', null, null, null, null, null);
INSERT INTO person (id, first_name, last_name, middle_names, notes, sex, birth_id, death_id, burial_id, father_id, mother_id) VALUES (957, 'Karl', 'Hegardt', 'Ludvig', '(Tab 61:311 i GS).
H övertog efter faderns död det av denne drivna ylle? och klädnadsmanufakturiet. Rörelsen gick emellertid med stigande förlust, särskilt i samband med den stora handelskrisen 1763 och p g a att det statsunderstöd, som tidigare kommit industrin till del, drogs in sedan mösspartiet fått makten 1765. Fabriken lades ner av änkan 1767. Ägde hus i Malmö.', 'MAN', 2869, 2870, 2871, null, null);

--======= Insert Person id: 958 =======
INSERT INTO location (id, city, country, region, notes, latitude, longitude, fetch_status) VALUES (1168, 'Malmö', 'Sverige', '', '', 55.59669, 13.0011, 'FETCHED_WITH_SUCCESS');
INSERT INTO life_event (id, day, month, year, date, notes, location_id) VALUES (2872, 21, 5, 1730, '1730-05-21', '', 1168);
INSERT INTO location (id, city, country, region, notes, latitude, longitude, fetch_status) VALUES (1169, 'Håslöv', 'Sverige', '', '', 56.41401, 13.00579, 'FETCHED_WITH_SUCCESS');
INSERT INTO life_event (id, day, month, year, date, notes, location_id) VALUES (2873, 9, 12, 1771, '1771-12-09', '', 1169);
INSERT INTO life_event (id, day, month, year, date, notes, location_id) VALUES (2874, null, null, null, null, '', null);
INSERT INTO occupation (id, notes, day, month, year, date, location_id) VALUES (444, 'Vice pastor i skanör', null, null, null, null, null);
INSERT INTO person (id, first_name, last_name, middle_names, notes, sex, birth_id, death_id, burial_id, father_id, mother_id) VALUES (958, 'Siegbrand', 'Hegardt', 'Herman', '(Tab 67 i GS).
Student 1745 i Lund (M).
Fil mag 1757 och prästvigd 1759.', 'MAN', 2872, 2873, 2874, null, null);

--======= Insert Person id: 959 =======
INSERT INTO location (id, city, country, region, notes, latitude, longitude, fetch_status) VALUES (1170, 'Malmö', 'Sverige', '', '', 55.59669, 13.0011, 'FETCHED_WITH_SUCCESS');
INSERT INTO life_event (id, day, month, year, date, notes, location_id) VALUES (2875, 24, 3, 1733, '1733-03-24', '', 1170);
INSERT INTO location (id, city, country, region, notes, latitude, longitude, fetch_status) VALUES (1171, 'Malmö', 'Sverige', '', '', 55.59669, 13.0011, 'FETCHED_WITH_SUCCESS');
INSERT INTO life_event (id, day, month, year, date, notes, location_id) VALUES (2876, 1, 4, 1733, '1733-04-01', '', 1171);
INSERT INTO life_event (id, day, month, year, date, notes, location_id) VALUES (2877, null, null, null, null, '', null);
INSERT INTO person (id, first_name, last_name, middle_names, notes, sex, birth_id, death_id, burial_id, father_id, mother_id) VALUES (959, 'Margareta', 'Hegardt', 'Maria', '(Tab 61:320 i GS).', 'UNKNOWN', 2875, 2876, 2877, null, null);

--======= Insert Person id: 960 =======
INSERT INTO location (id, city, country, region, notes, latitude, longitude, fetch_status) VALUES (1172, 'Malmö', 'Sverige', '', '', 55.59669, 13.0011, 'FETCHED_WITH_SUCCESS');
INSERT INTO life_event (id, day, month, year, date, notes, location_id) VALUES (2878, 21, 8, 1734, '1734-08-21', '', 1172);
INSERT INTO location (id, city, country, region, notes, latitude, longitude, fetch_status) VALUES (1173, 'Malmö', 'Sverige', '', '', 55.59669, 13.0011, 'FETCHED_WITH_SUCCESS');
INSERT INTO life_event (id, day, month, year, date, notes, location_id) VALUES (2879, 23, 11, 1735, '1735-11-23', '', 1173);
INSERT INTO life_event (id, day, month, year, date, notes, location_id) VALUES (2880, null, null, null, null, '', null);
INSERT INTO person (id, first_name, last_name, middle_names, notes, sex, birth_id, death_id, burial_id, father_id, mother_id) VALUES (960, 'Johan', 'Hegardt', 'Erasmus', '(Tab 61:321 i GS).', 'UNKNOWN', 2878, 2879, 2880, null, null);

--======= Insert Person id: 961 =======
INSERT INTO location (id, city, country, region, notes, latitude, longitude, fetch_status) VALUES (1174, 'Malmö', 'Sverige', '', '', 55.59669, 13.0011, 'FETCHED_WITH_SUCCESS');
INSERT INTO life_event (id, day, month, year, date, notes, location_id) VALUES (2881, 23, 1, 1736, '1736-01-23', '', 1174);
INSERT INTO location (id, city, country, region, notes, latitude, longitude, fetch_status) VALUES (1175, 'på St Bjellerup i Bjällerup', 'Sverige', '', '', 59.47959, 13.30488, 'FETCHED_WITH_SUCCESS');
INSERT INTO life_event (id, day, month, year, date, notes, location_id) VALUES (2882, 22, 9, 1811, '1811-09-22', '', 1175);
INSERT INTO life_event (id, day, month, year, date, notes, location_id) VALUES (2883, null, null, null, null, '', null);
INSERT INTO person (id, first_name, last_name, middle_names, notes, sex, birth_id, death_id, burial_id, father_id, mother_id) VALUES (961, 'Sofia', 'Hegardt', 'Charlotta', '(Tab 61:322 i GS).', 'UNKNOWN', 2881, 2882, 2883, null, null);

--======= Insert Person id: 962 =======
INSERT INTO location (id, city, country, region, notes, latitude, longitude, fetch_status) VALUES (1176, 'Greifswald', 'Tyskland', '', '', 54.09731, 13.38423, 'FETCHED_WITH_SUCCESS');
INSERT INTO life_event (id, day, month, year, date, notes, location_id) VALUES (2884, null, null, 1686, '1686-01-01', '', 1176);
INSERT INTO location (id, city, country, region, notes, latitude, longitude, fetch_status) VALUES (1177, 'Lund', 'Sverige', '', '', 55.70664, 13.18759, 'FETCHED_WITH_SUCCESS');
INSERT INTO life_event (id, day, month, year, date, notes, location_id) VALUES (2885, 3, 4, 1754, '1754-04-03', '', 1177);
INSERT INTO life_event (id, day, month, year, date, notes, location_id) VALUES (2886, null, null, null, null, '', null);
INSERT INTO person (id, first_name, last_name, middle_names, notes, sex, birth_id, death_id, burial_id, father_id, mother_id) VALUES (962, 'Liboria', 'Corswanten', 'von', '', 'WOMAN', 2884, 2885, 2886, null, null);

--======= Insert Person id: 963 =======
INSERT INTO location (id, city, country, region, notes, latitude, longitude, fetch_status) VALUES (1178, 'Lund', 'Sverige', '', '', 55.70664, 13.18759, 'FETCHED_WITH_SUCCESS');
INSERT INTO life_event (id, day, month, year, date, notes, location_id) VALUES (2887, 22, 7, 1716, '1716-07-22', '', 1178);
INSERT INTO location (id, city, country, region, notes, latitude, longitude, fetch_status) VALUES (1179, 'på sin egendom Berga i Högsby', 'Sverige', '', '', 57.2226, 16.02422, 'FETCHED_WITH_SUCCESS');
INSERT INTO life_event (id, day, month, year, date, notes, location_id) VALUES (2888, 4, 6, 1780, '1780-06-04', '', 1179);
INSERT INTO life_event (id, day, month, year, date, notes, location_id) VALUES (2889, null, null, null, null, '', null);
INSERT INTO person (id, first_name, last_name, middle_names, notes, sex, birth_id, death_id, burial_id, father_id, mother_id) VALUES (963, 'Peter', 'Hegardt', 'Fredrik', '(Tab 68:324 i GS).
Studerade vid Lunds universitet, där han 1739 disputerade. Auskultant i Göta Hovrätt 1738. vice advokatfiskal 1739, kanslist 1740, extra notarie 1743, sekreterare 1747, eo assessor 1750 och ordinarie assessor 1752 samt revisionssekreterare 1756. Förrättade justitiekanslerämbetet 1757 samt var åren 1758 och 59 ledamot av en kunglig kommission. Stadssekreterare 1762. Ledamot i riddaresynerätt 1755 samt två gånger år 1763. Vid 1769 års riksdag uppfördes han två gånger på förslag till riksråd. År 1770 var han ledamot i pommerska kommissionen i Stralsund samt förestod, utom ovannämnda år, vid flera tillfällen justitiekanslerämbetet.
RNO 1770. Upphöjd till friherrligt stånd 1771 (frih ätten nr 288). KNO 1772 (valspråk: post fata vivit honor). Ägde förutom egendomen Berga, som ärvdes av hans systerson Henrik af Harmens, även Åsebo i Högsby.', 'UNKNOWN', 2887, 2888, 2889, null, null);

--======= Insert Person id: 964 =======
INSERT INTO location (id, city, country, region, notes, latitude, longitude, fetch_status) VALUES (1180, 'Lund', 'Sverige', '', '', 55.70664, 13.18759, 'FETCHED_WITH_SUCCESS');
INSERT INTO life_event (id, day, month, year, date, notes, location_id) VALUES (2890, 19, 9, 1717, '1717-09-19', '', 1180);
INSERT INTO location (id, city, country, region, notes, latitude, longitude, fetch_status) VALUES (1181, 'Lund', 'Sverige', '', '', 55.70664, 13.18759, 'FETCHED_WITH_SUCCESS');
INSERT INTO life_event (id, day, month, year, date, notes, location_id) VALUES (2891, 26, 9, 1717, '1717-09-26', '', 1181);
INSERT INTO life_event (id, day, month, year, date, notes, location_id) VALUES (2892, null, null, null, null, '', null);
INSERT INTO person (id, first_name, last_name, middle_names, notes, sex, birth_id, death_id, burial_id, father_id, mother_id) VALUES (964, 'Karl', 'Hegardt', '', '(Tab 68:325 i GS).', 'UNKNOWN', 2890, 2891, 2892, null, null);

--======= Insert Person id: 965 =======
INSERT INTO location (id, city, country, region, notes, latitude, longitude, fetch_status) VALUES (1182, 'Lund', 'Sverige', '', '', 55.70664, 13.18759, 'FETCHED_WITH_SUCCESS');
INSERT INTO life_event (id, day, month, year, date, notes, location_id) VALUES (2893, 23, 7, 1719, '1719-07-23', '', 1182);
INSERT INTO location (id, city, country, region, notes, latitude, longitude, fetch_status) VALUES (1183, 'Lund', 'Sverige', '', '', 55.70664, 13.18759, 'FETCHED_WITH_SUCCESS');
INSERT INTO life_event (id, day, month, year, date, notes, location_id) VALUES (2894, 28, 7, 1792, '1792-07-28', '', 1183);
INSERT INTO life_event (id, day, month, year, date, notes, location_id) VALUES (2895, null, null, null, null, '', null);
INSERT INTO person (id, first_name, last_name, middle_names, notes, sex, birth_id, death_id, burial_id, father_id, mother_id) VALUES (965, 'Margareta', 'Hegardt', 'Liboria', '(Tab 68:326 i GS).
Ägde sedan 1783 Åsebo, som hon ärvde efter sin bror. Deras son ärvde farbrodern Peter Fredriks egendom Berga.', 'UNKNOWN', 2893, 2894, 2895, null, null);

--======= Insert Person id: 966 =======
INSERT INTO location (id, city, country, region, notes, latitude, longitude, fetch_status) VALUES (1184, 'Lund', 'Sverige', '', '', 55.70664, 13.18759, 'FETCHED_WITH_SUCCESS');
INSERT INTO life_event (id, day, month, year, date, notes, location_id) VALUES (2896, 25, 6, 1721, '1721-06-25', '', 1184);
INSERT INTO location (id, city, country, region, notes, latitude, longitude, fetch_status) VALUES (1185, 'Lund', 'Sverige', '', '', 55.70664, 13.18759, 'FETCHED_WITH_SUCCESS');
INSERT INTO life_event (id, day, month, year, date, notes, location_id) VALUES (2897, 25, 9, 1721, '1721-09-25', '', 1185);
INSERT INTO life_event (id, day, month, year, date, notes, location_id) VALUES (2898, null, null, null, null, '', null);
INSERT INTO person (id, first_name, last_name, middle_names, notes, sex, birth_id, death_id, burial_id, father_id, mother_id) VALUES (966, 'Kristian', 'Hegardt', 'Adolf', '(Tab 68:327 i GS).', 'UNKNOWN', 2896, 2897, 2898, null, null);

--======= Insert Person id: 967 =======
INSERT INTO location (id, city, country, region, notes, latitude, longitude, fetch_status) VALUES (1186, 'Lund', 'Sverige', '', '', 55.70664, 13.18759, 'FETCHED_WITH_SUCCESS');
INSERT INTO life_event (id, day, month, year, date, notes, location_id) VALUES (2899, 18, 9, 1726, '1726-09-18', '', 1186);
INSERT INTO location (id, city, country, region, notes, latitude, longitude, fetch_status) VALUES (1187, 'Malmö', 'Sverige', '', '', 55.59669, 13.0011, 'FETCHED_WITH_SUCCESS');
INSERT INTO life_event (id, day, month, year, date, notes, location_id) VALUES (2900, 2, 5, 1727, '1727-05-02', '', 1187);
INSERT INTO life_event (id, day, month, year, date, notes, location_id) VALUES (2901, null, null, null, null, '', null);
INSERT INTO person (id, first_name, last_name, middle_names, notes, sex, birth_id, death_id, burial_id, father_id, mother_id) VALUES (967, 'Johan', 'Hegardt', 'Filip', '(Tab 68:328 i GS).', 'UNKNOWN', 2899, 2900, 2901, null, null);

--======= Insert Person id: 968 =======
INSERT INTO life_event (id, day, month, year, date, notes, location_id) VALUES (2902, null, null, 1662, '1662-01-01', '', null);
INSERT INTO location (id, city, country, region, notes, latitude, longitude, fetch_status) VALUES (1188, 'Karlshamn', 'Sverige', '', '', 56.16972, 14.86057, 'FETCHED_WITH_SUCCESS');
INSERT INTO life_event (id, day, month, year, date, notes, location_id) VALUES (2903, 22, 3, 1704, '1704-03-22', '', 1188);
INSERT INTO life_event (id, day, month, year, date, notes, location_id) VALUES (2904, null, null, null, null, '', null);
INSERT INTO occupation (id, notes, day, month, year, date, location_id) VALUES (445, 'Handlande i karlshamn', null, null, null, null, null);
INSERT INTO person (id, first_name, last_name, middle_names, notes, sex, birth_id, death_id, burial_id, father_id, mother_id) VALUES (968, 'Hack', 'Tholijn', 'Persson', '', 'UNKNOWN', 2902, 2903, 2904, null, null);

--======= Insert Person id: 969 =======
INSERT INTO life_event (id, day, month, year, date, notes, location_id) VALUES (2905, 16, 1, 1658, '1658-01-16', '', null);
INSERT INTO life_event (id, day, month, year, date, notes, location_id) VALUES (2906, 15, 11, 1718, '1718-11-15', '', null);
INSERT INTO life_event (id, day, month, year, date, notes, location_id) VALUES (2907, null, null, null, null, '', null);
INSERT INTO occupation (id, notes, day, month, year, date, location_id) VALUES (446, 'Tullöverinspektor i skåne', null, null, null, null, null);
INSERT INTO person (id, first_name, last_name, middle_names, notes, sex, birth_id, death_id, burial_id, father_id, mother_id) VALUES (969, 'Josua', 'Stjernblad', '', 'Begraven i Igelösa, där änkan lät sätta upp ett epitafium över honom.', 'UNKNOWN', 2905, 2906, 2907, null, null);

--======= Insert Person id: 970 =======
INSERT INTO location (id, city, country, region, notes, latitude, longitude, fetch_status) VALUES (1189, 'Åbo', 'Finland', '', '', 60.4528, 22.25155, 'FETCHED_WITH_SUCCESS');
INSERT INTO life_event (id, day, month, year, date, notes, location_id) VALUES (2908, 18, 8, 1665, '1665-08-18', '', 1189);
INSERT INTO location (id, city, country, region, notes, latitude, longitude, fetch_status) VALUES (1190, 'på Svenstorp i Igelösa', 'Sverige', '', '', 55.48153, 13.94684, 'FETCHED_WITH_SUCCESS');
INSERT INTO life_event (id, day, month, year, date, notes, location_id) VALUES (2909, 17, 7, 1730, '1730-07-17', '', 1190);
INSERT INTO life_event (id, day, month, year, date, notes, location_id) VALUES (2910, null, null, null, null, '', null);
INSERT INTO occupation (id, notes, day, month, year, date, location_id) VALUES (447, 'Friherre', null, null, null, null, null);
INSERT INTO occupation (id, notes, day, month, year, date, location_id) VALUES (448, 'Generallöjtnant och landshövding i göteborg och bohus län', null, null, null, null, null);
INSERT INTO person (id, first_name, last_name, middle_names, notes, sex, birth_id, death_id, burial_id, father_id, mother_id) VALUES (970, 'Axel', 'Gyllenkrok', '', '', 'UNKNOWN', 2908, 2909, 2910, null, null);

--======= Insert Person id: 971 =======
INSERT INTO life_event (id, day, month, year, date, notes, location_id) VALUES (2911, null, null, null, null, '', null);
INSERT INTO life_event (id, day, month, year, date, notes, location_id) VALUES (2912, null, null, null, null, '', null);
INSERT INTO life_event (id, day, month, year, date, notes, location_id) VALUES (2913, null, null, null, null, '', null);
INSERT INTO person (id, first_name, last_name, middle_names, notes, sex, birth_id, death_id, burial_id, father_id, mother_id) VALUES (971, 'Elisabet', 'Hoelingh', '', '', 'WOMAN', 2911, 2912, 2913, null, null);

--======= Insert Person id: 972 =======
INSERT INTO life_event (id, day, month, year, date, notes, location_id) VALUES (2914, null, null, null, null, '', null);
INSERT INTO life_event (id, day, month, year, date, notes, location_id) VALUES (2915, null, null, null, null, '', null);
INSERT INTO life_event (id, day, month, year, date, notes, location_id) VALUES (2916, null, null, null, null, '', null);
INSERT INTO occupation (id, notes, day, month, year, date, location_id) VALUES (449, 'Handlande', null, null, null, null, null);
INSERT INTO person (id, first_name, last_name, middle_names, notes, sex, birth_id, death_id, burial_id, father_id, mother_id) VALUES (972, 'Johan', 'Lange', '', '', 'MAN', 2914, 2915, 2916, null, null);

--======= Insert Person id: 973 =======
INSERT INTO life_event (id, day, month, year, date, notes, location_id) VALUES (2917, 14, 10, 1708, '1708-10-14', '', null);
INSERT INTO location (id, city, country, region, notes, latitude, longitude, fetch_status) VALUES (1191, 'Håslöv', 'Sverige', '', '', 56.41401, 13.00579, 'FETCHED_WITH_SUCCESS');
INSERT INTO life_event (id, day, month, year, date, notes, location_id) VALUES (2918, 6, 12, 1755, '1755-12-06', '', 1191);
INSERT INTO life_event (id, day, month, year, date, notes, location_id) VALUES (2919, null, null, null, null, '', null);
INSERT INTO person (id, first_name, last_name, middle_names, notes, sex, birth_id, death_id, burial_id, father_id, mother_id) VALUES (973, 'Anna', 'Aquilonia', '', '', 'WOMAN', 2917, 2918, 2919, null, null);

--======= Insert Person id: 974 =======
INSERT INTO life_event (id, day, month, year, date, notes, location_id) VALUES (2920, 16, 8, 1720, '1720-08-16', '', null);
INSERT INTO location (id, city, country, region, notes, latitude, longitude, fetch_status) VALUES (1192, 'S Håslöv', 'Håslöv', '', '', 56.41374, 13.00518, 'FETCHED_WITH_SUCCESS');
INSERT INTO life_event (id, day, month, year, date, notes, location_id) VALUES (2921, 13, 8, 1771, '1771-08-13', '', 1192);
INSERT INTO life_event (id, day, month, year, date, notes, location_id) VALUES (2922, null, null, null, null, '', null);
INSERT INTO person (id, first_name, last_name, middle_names, notes, sex, birth_id, death_id, burial_id, father_id, mother_id) VALUES (974, 'Elisabet', 'Gripenschütz', 'Dorotea', '', 'UNKNOWN', 2920, 2921, 2922, null, null);

--======= Insert Person id: 975 =======
INSERT INTO location (id, city, country, region, notes, latitude, longitude, fetch_status) VALUES (1193, 'Håslöv', 'Sverige', '', '', 56.41401, 13.00579, 'FETCHED_WITH_SUCCESS');
INSERT INTO life_event (id, day, month, year, date, notes, location_id) VALUES (2923, 22, 12, 1737, '1737-12-22', '', 1193);
INSERT INTO life_event (id, day, month, year, date, notes, location_id) VALUES (2924, 3, 11, 1740, '1740-11-03', '', null);
INSERT INTO life_event (id, day, month, year, date, notes, location_id) VALUES (2925, null, null, null, null, '', null);
INSERT INTO person (id, first_name, last_name, middle_names, notes, sex, birth_id, death_id, burial_id, father_id, mother_id) VALUES (975, 'Maria', 'Hegardt', 'Katarina', '(Tab 62:284 i GS).', 'UNKNOWN', 2923, 2924, 2925, null, null);

--======= Insert Person id: 976 =======
INSERT INTO location (id, city, country, region, notes, latitude, longitude, fetch_status) VALUES (1194, 'Håslöv', 'Sverige', '', '', 56.41401, 13.00579, 'FETCHED_WITH_SUCCESS');
INSERT INTO life_event (id, day, month, year, date, notes, location_id) VALUES (2926, 24, 3, 1740, '1740-03-24', '', 1194);
INSERT INTO location (id, city, country, region, notes, latitude, longitude, fetch_status) VALUES (1195, 'Räng', 'Sverige', '', '', 55.42284, 13.00543, 'FETCHED_WITH_SUCCESS');
INSERT INTO life_event (id, day, month, year, date, notes, location_id) VALUES (2927, 18, 8, 1814, '1814-08-18', '', 1195);
INSERT INTO life_event (id, day, month, year, date, notes, location_id) VALUES (2928, null, null, null, null, '', null);
INSERT INTO person (id, first_name, last_name, middle_names, notes, sex, birth_id, death_id, burial_id, father_id, mother_id) VALUES (976, 'Sofia', 'Hegardt', 'Birgitta', '(Tab 62:285 i GS).', 'UNKNOWN', 2926, 2927, 2928, null, null);

--======= Insert Person id: 977 =======
INSERT INTO location (id, city, country, region, notes, latitude, longitude, fetch_status) VALUES (1196, 'Håslöv', 'Sverige', '', '', 56.41401, 13.00579, 'FETCHED_WITH_SUCCESS');
INSERT INTO life_event (id, day, month, year, date, notes, location_id) VALUES (2929, 11, 5, 1742, '1742-05-11', '', 1196);
INSERT INTO location (id, city, country, region, notes, latitude, longitude, fetch_status) VALUES (1197, 'Lund', 'Sverige', '', '', 55.70664, 13.18759, 'FETCHED_WITH_SUCCESS');
INSERT INTO life_event (id, day, month, year, date, notes, location_id) VALUES (2930, 22, 6, 1807, '1807-06-22', '', 1197);
INSERT INTO life_event (id, day, month, year, date, notes, location_id) VALUES (2931, null, null, null, null, '', null);
INSERT INTO occupation (id, notes, day, month, year, date, location_id) VALUES (450, 'Tullförvaltare i lund', null, null, null, null, null);
INSERT INTO person (id, first_name, last_name, middle_names, notes, sex, birth_id, death_id, burial_id, father_id, mother_id) VALUES (977, 'Lars', 'Hegardt', '', '(Tab 62:286 i GS).
(Hustrun var hans kusin, se ovan tab 99).
Student i Lund 1760 och studerade där teologi. Eo tullskrivare 1774 i Malmö. Tullskrivare i Lund 1784 och sedan tullförvaltare där.', 'MAN', 2929, 2930, 2931, null, null);

--======= Insert Person id: 978 =======
INSERT INTO location (id, city, country, region, notes, latitude, longitude, fetch_status) VALUES (1198, 'Håslöv', 'Sverige', '', '', 56.41401, 13.00579, 'FETCHED_WITH_SUCCESS');
INSERT INTO life_event (id, day, month, year, date, notes, location_id) VALUES (2932, 10, 8, 1744, '1744-08-10', '', 1198);
INSERT INTO location (id, city, country, region, notes, latitude, longitude, fetch_status) VALUES (1199, 'Håslöv', 'Sverige', '', '', 56.41401, 13.00579, 'FETCHED_WITH_SUCCESS');
INSERT INTO life_event (id, day, month, year, date, notes, location_id) VALUES (2933, 20, 3, 1745, '1745-03-20', '', 1199);
INSERT INTO life_event (id, day, month, year, date, notes, location_id) VALUES (2934, null, null, null, null, '', null);
INSERT INTO person (id, first_name, last_name, middle_names, notes, sex, birth_id, death_id, burial_id, father_id, mother_id) VALUES (978, 'Josias', 'Hegardt', '', '(Tab 62:287 i GS).', 'UNKNOWN', 2932, 2933, 2934, null, null);

--======= Insert Person id: 979 =======
INSERT INTO location (id, city, country, region, notes, latitude, longitude, fetch_status) VALUES (1200, 'Håslöv', 'Sverige', '', '', 56.41401, 13.00579, 'FETCHED_WITH_SUCCESS');
INSERT INTO life_event (id, day, month, year, date, notes, location_id) VALUES (2935, 28, 10, 1747, '1747-10-28', '', 1200);
INSERT INTO location (id, city, country, region, notes, latitude, longitude, fetch_status) VALUES (1201, 'Gessie', 'Sverige', '', '', 55.50232, 12.995, 'FETCHED_WITH_SUCCESS');
INSERT INTO life_event (id, day, month, year, date, notes, location_id) VALUES (2936, 11, 8, 1789, '1789-08-11', '', 1201);
INSERT INTO life_event (id, day, month, year, date, notes, location_id) VALUES (2937, null, null, null, null, '', null);
INSERT INTO occupation (id, notes, day, month, year, date, location_id) VALUES (451, 'Komminister', null, null, null, null, null);
INSERT INTO person (id, first_name, last_name, middle_names, notes, sex, birth_id, death_id, burial_id, father_id, mother_id) VALUES (979, 'Peter', 'Hegardt', '', '(Tab 62:288 i GS).
Student i Lund 1725. Höll 1731 parentation på latin över en avliden student Stridsberg. Blev samma år informator hos hovmarskalken friherre A von Düben i Stockholm och 1732 huspräst hos denne. Prästvigd 1732 i Uppsala. Fil mag i Lund 1734. Föreslogs 1735 av kanslikollegium till kyrkoherde vid svenska församlingen i London och rekommenderades samma år av greve Arvid Horn till kyrkoherde i Håslöv och Boderups pastorat. Till denna tjänst utnämndes han 1736 ännu ej fyllda 25 år. Vice kontraktsprost i Skytts kontrakt 1760. Fungerade vid prästmöten som opponens, vice præses och orator. Var en ansedd och kunnig man samt god predikant.
"Under prosten Hegardts tid år 1748 uppkom vådeld, varvid hela prästgården brann ner i grunden och varvid mycken värdefull egendom gick förlorad, däribland biblioteket. Detta gav emellertid prosten anledning att i en bok ''Haslovensia et Boderupiensia'' anteckna allt vad han ur minnet och genom forskning kunnat uppleta av historiska minnen, sägner och berättelser m. Han synes ha varit särskilt danad till fornforskare och historieskrivare och har därigenom lämnat ett kärt minne efter sig åt eftervärlden". (Malmgren)', 'MAN', 2935, 2936, 2937, null, null);

--======= Insert Person id: 980 =======
INSERT INTO location (id, city, country, region, notes, latitude, longitude, fetch_status) VALUES (1202, 'Helsingborg', 'Sverige', '', '', 56.04399, 12.69611, 'FETCHED_WITH_SUCCESS');
INSERT INTO life_event (id, day, month, year, date, notes, location_id) VALUES (2938, null, null, 1723, '1723-01-01', '', 1202);
INSERT INTO location (id, city, country, region, notes, latitude, longitude, fetch_status) VALUES (1203, 'Malmö', 'Sverige', '', '', 55.59669, 13.0011, 'FETCHED_WITH_SUCCESS');
INSERT INTO life_event (id, day, month, year, date, notes, location_id) VALUES (2939, 26, 7, 1740, '1740-07-26', '', 1203);
INSERT INTO life_event (id, day, month, year, date, notes, location_id) VALUES (2940, null, null, null, null, '', null);
INSERT INTO person (id, first_name, last_name, middle_names, notes, sex, birth_id, death_id, burial_id, father_id, mother_id) VALUES (980, 'Anna', 'Lohman', 'Brita', 'Döpt 1723-03-14 i Helsingborg (M).', 'WOMAN', 2938, 2939, 2940, null, null);

--======= Insert Person id: 981 =======
INSERT INTO location (id, city, country, region, notes, latitude, longitude, fetch_status) VALUES (1204, 'Malmö', 'Sverige', '', '', 55.59669, 13.0011, 'FETCHED_WITH_SUCCESS');
INSERT INTO life_event (id, day, month, year, date, notes, location_id) VALUES (2941, 3, 12, 1723, '1723-12-03', '', 1204);
INSERT INTO location (id, city, country, region, notes, latitude, longitude, fetch_status) VALUES (1205, 'Malmö', 'Sverige', '', '', 55.59669, 13.0011, 'FETCHED_WITH_SUCCESS');
INSERT INTO life_event (id, day, month, year, date, notes, location_id) VALUES (2942, 2, 3, 1751, '1751-03-02', '', 1205);
INSERT INTO life_event (id, day, month, year, date, notes, location_id) VALUES (2943, null, null, null, null, '', null);
INSERT INTO person (id, first_name, last_name, middle_names, notes, sex, birth_id, death_id, burial_id, father_id, mother_id) VALUES (981, 'Kristina', 'Weijer', '', '', 'WOMAN', 2941, 2942, 2943, null, null);

--======= Insert Person id: 982 =======
INSERT INTO location (id, city, country, region, notes, latitude, longitude, fetch_status) VALUES (1206, 'Malmö', 'Sverige', '', '', 55.59669, 13.0011, 'FETCHED_WITH_SUCCESS');
INSERT INTO life_event (id, day, month, year, date, notes, location_id) VALUES (2944, 18, 7, 1740, '1740-07-18', '', 1206);
INSERT INTO location (id, city, country, region, notes, latitude, longitude, fetch_status) VALUES (1207, 'Helsingfors', 'Finland', '', '', 60.17116, 24.93265, 'FETCHED_WITH_SUCCESS');
INSERT INTO life_event (id, day, month, year, date, notes, location_id) VALUES (2945, null, null, 1777, '1777-01-01', '', 1207);
INSERT INTO location (id, city, country, region, notes, latitude, longitude, fetch_status) VALUES (1208, 'Helsingfors', 'Finland', '', '', 60.17116, 24.93265, 'FETCHED_WITH_SUCCESS');
INSERT INTO life_event (id, day, month, year, date, notes, location_id) VALUES (2946, 14, 5, 1777, '1777-05-14', '', 1208);
INSERT INTO person (id, first_name, last_name, middle_names, notes, sex, birth_id, death_id, burial_id, father_id, mother_id) VALUES (982, 'Josias', 'Hegardt', '', '(Tab 64:291 i GS).
Utflyttad till Åbo, Finland 1763-02-11 från Malmö (M).
Flyttade till Åbo från Malmö 1763. Köpte ''linne? och cattunstryckeriet'' i Åbo 1754 för 30.000 daler. Erhöll burskap som borgare i Åbo 1764.
I slutet av 1766 måste han begära sig i konkurs och ? sannolikt ? i slutet av 1769 eller 1770 såldes fabriken till färgaren A Conradi.
År 1774 uppsade han sitt burskap i Åbo och förklarade att han skulle flytta till Helsingfors. Troligen skedde flyttningen redan 1773, då han är upptagen i mantalslängden för 1774, vilken är daterade 1773.
I Helsingfors köpte han 1773 av färgaren Friedrich Köpke dennes gård och färgeri i den s k Gammelstaden, dock utan att kunna fullgöra sina förbindelser.', 'UNKNOWN', 2944, 2945, 2946, null, null);

--======= Insert Person id: 983 =======
INSERT INTO location (id, city, country, region, notes, latitude, longitude, fetch_status) VALUES (1209, 'Malmö', 'Sverige', '', '', 55.59669, 13.0011, 'FETCHED_WITH_SUCCESS');
INSERT INTO life_event (id, day, month, year, date, notes, location_id) VALUES (2947, 31, 1, 1742, '1742-01-31', '', 1209);
INSERT INTO location (id, city, country, region, notes, latitude, longitude, fetch_status) VALUES (1210, 'Malmö', 'Sverige', '', '', 55.59669, 13.0011, 'FETCHED_WITH_SUCCESS');
INSERT INTO life_event (id, day, month, year, date, notes, location_id) VALUES (2948, 20, 3, 1742, '1742-03-20', '', 1210);
INSERT INTO life_event (id, day, month, year, date, notes, location_id) VALUES (2949, null, null, null, null, '', null);
INSERT INTO person (id, first_name, last_name, middle_names, notes, sex, birth_id, death_id, burial_id, father_id, mother_id) VALUES (983, 'Peter', 'Hegardt', 'Jöran', '(tab 64:292 i GS).', 'UNKNOWN', 2947, 2948, 2949, null, null);

--======= Insert Person id: 984 =======
INSERT INTO location (id, city, country, region, notes, latitude, longitude, fetch_status) VALUES (1211, 'Malmö', 'Sverige', '', '', 55.59669, 13.0011, 'FETCHED_WITH_SUCCESS');
INSERT INTO life_event (id, day, month, year, date, notes, location_id) VALUES (2950, 16, 5, 1743, '1743-05-16', '', 1211);
INSERT INTO location (id, city, country, region, notes, latitude, longitude, fetch_status) VALUES (1212, 'Malmö', 'Sverige', '', '', 55.59669, 13.0011, 'FETCHED_WITH_SUCCESS');
INSERT INTO life_event (id, day, month, year, date, notes, location_id) VALUES (2951, 6, 7, 1744, '1744-07-06', '', 1212);
INSERT INTO life_event (id, day, month, year, date, notes, location_id) VALUES (2952, null, null, null, null, '', null);
INSERT INTO person (id, first_name, last_name, middle_names, notes, sex, birth_id, death_id, burial_id, father_id, mother_id) VALUES (984, 'Anna', 'Hegardt', 'Brita', '(Tab 64:293 i GS).', 'UNKNOWN', 2950, 2951, 2952, null, null);

--======= Insert Person id: 985 =======
INSERT INTO location (id, city, country, region, notes, latitude, longitude, fetch_status) VALUES (1213, 'Malmö', 'Sverige', '', '', 55.59669, 13.0011, 'FETCHED_WITH_SUCCESS');
INSERT INTO life_event (id, day, month, year, date, notes, location_id) VALUES (2953, 8, 1, 1745, '1745-01-08', '', 1213);
INSERT INTO location (id, city, country, region, notes, latitude, longitude, fetch_status) VALUES (1214, 'Malmö', 'Sverige', '', '', 55.59669, 13.0011, 'FETCHED_WITH_SUCCESS');
INSERT INTO life_event (id, day, month, year, date, notes, location_id) VALUES (2954, 25, 8, 1749, '1749-08-25', '', 1214);
INSERT INTO life_event (id, day, month, year, date, notes, location_id) VALUES (2955, null, null, null, null, '', null);
INSERT INTO person (id, first_name, last_name, middle_names, notes, sex, birth_id, death_id, burial_id, father_id, mother_id) VALUES (985, 'Jöran', 'Hegardt', '', '(Tab 64:294 i GS).', 'UNKNOWN', 2953, 2954, 2955, null, null);

--======= Insert Person id: 986 =======
INSERT INTO location (id, city, country, region, notes, latitude, longitude, fetch_status) VALUES (1215, 'Malmö', 'Sverige', '', '', 55.59669, 13.0011, 'FETCHED_WITH_SUCCESS');
INSERT INTO life_event (id, day, month, year, date, notes, location_id) VALUES (2956, 20, 3, 1747, '1747-03-20', '', 1215);
INSERT INTO location (id, city, country, region, notes, latitude, longitude, fetch_status) VALUES (1216, 'Malmö', 'Sverige', '', '', 55.59669, 13.0011, 'FETCHED_WITH_SUCCESS');
INSERT INTO life_event (id, day, month, year, date, notes, location_id) VALUES (2957, 3, 8, 1821, '1821-08-03', '', 1216);
INSERT INTO life_event (id, day, month, year, date, notes, location_id) VALUES (2958, null, null, null, null, '', null);
INSERT INTO person (id, first_name, last_name, middle_names, notes, sex, birth_id, death_id, burial_id, father_id, mother_id) VALUES (986, 'Anna', 'Hegardt', 'Maria', '(Tab 64:295 i GS).
Deras son, lantbrukaren Per Jacobsson, var gift med Anna* Helena Hegardt.', 'UNKNOWN', 2956, 2957, 2958, null, null);

--======= Insert Person id: 987 =======
INSERT INTO location (id, city, country, region, notes, latitude, longitude, fetch_status) VALUES (1217, 'Malmö', 'Sverige', '', '', 55.59669, 13.0011, 'FETCHED_WITH_SUCCESS');
INSERT INTO life_event (id, day, month, year, date, notes, location_id) VALUES (2959, 27, 7, 1750, '1750-07-27', '', 1217);
INSERT INTO location (id, city, country, region, notes, latitude, longitude, fetch_status) VALUES (1218, 'Malmö', 'Sverige', '', '', 55.59669, 13.0011, 'FETCHED_WITH_SUCCESS');
INSERT INTO life_event (id, day, month, year, date, notes, location_id) VALUES (2960, 6, 12, 1750, '1750-12-06', '', 1218);
INSERT INTO life_event (id, day, month, year, date, notes, location_id) VALUES (2961, null, null, null, null, '', null);
INSERT INTO person (id, first_name, last_name, middle_names, notes, sex, birth_id, death_id, burial_id, father_id, mother_id) VALUES (987, 'Johan', 'Hegardt', 'Jakob', '(Tab 64:296 i GS).', 'UNKNOWN', 2959, 2960, 2961, null, null);

--======= Insert Person id: 988 =======
INSERT INTO location (id, city, country, region, notes, latitude, longitude, fetch_status) VALUES (1219, 'Malmö', 'Sverige', '', '', 55.59669, 13.0011, 'FETCHED_WITH_SUCCESS');
INSERT INTO life_event (id, day, month, year, date, notes, location_id) VALUES (2962, 21, 12, 1720, '1720-12-21', '', 1219);
INSERT INTO location (id, city, country, region, notes, latitude, longitude, fetch_status) VALUES (1220, 'Malmö', 'Sverige', '', '', 55.59669, 13.0011, 'FETCHED_WITH_SUCCESS');
INSERT INTO life_event (id, day, month, year, date, notes, location_id) VALUES (2963, 5, 3, 1792, '1792-03-05', '', 1220);
INSERT INTO life_event (id, day, month, year, date, notes, location_id) VALUES (2964, null, null, null, null, '', null);
INSERT INTO person (id, first_name, last_name, middle_names, notes, sex, birth_id, death_id, burial_id, father_id, mother_id) VALUES (988, 'Agneta', 'Haak', 'Rebecka', '', 'WOMAN', 2962, 2963, 2964, null, null);

--======= Insert Person id: 989 =======
INSERT INTO location (id, city, country, region, notes, latitude, longitude, fetch_status) VALUES (1221, 'Malmö', 'Sverige', '', '', 55.59669, 13.0011, 'FETCHED_WITH_SUCCESS');
INSERT INTO life_event (id, day, month, year, date, notes, location_id) VALUES (2965, null, null, 1749, '1749-01-01', '', 1221);
INSERT INTO location (id, city, country, region, notes, latitude, longitude, fetch_status) VALUES (1222, 'Malmö', 'Sverige', '', '', 55.59669, 13.0011, 'FETCHED_WITH_SUCCESS');
INSERT INTO life_event (id, day, month, year, date, notes, location_id) VALUES (2966, null, null, 1803, '1803-01-01', '', 1222);
INSERT INTO location (id, city, country, region, notes, latitude, longitude, fetch_status) VALUES (1223, 'Malmö', 'Sverige', '', '', 55.59669, 13.0011, 'FETCHED_WITH_SUCCESS');
INSERT INTO life_event (id, day, month, year, date, notes, location_id) VALUES (2967, 5, 4, 1803, '1803-04-05', '', 1223);
INSERT INTO person (id, first_name, last_name, middle_names, notes, sex, birth_id, death_id, burial_id, father_id, mother_id) VALUES (989, 'Maria', 'Hegardt', 'Katarina', '(Tab 65:299 i GS).
Döpt 1749-07-17 i Malmö (M).', 'UNKNOWN', 2965, 2966, 2967, null, null);

--======= Insert Person id: 990 =======
INSERT INTO location (id, city, country, region, notes, latitude, longitude, fetch_status) VALUES (1224, 'Malmö', 'Sverige', '', '', 55.59669, 13.0011, 'FETCHED_WITH_SUCCESS');
INSERT INTO life_event (id, day, month, year, date, notes, location_id) VALUES (2968, 31, 8, 1750, '1750-08-31', '', 1224);
INSERT INTO location (id, city, country, region, notes, latitude, longitude, fetch_status) VALUES (1225, 'Malmö', 'Sverige', '', '', 55.59669, 13.0011, 'FETCHED_WITH_SUCCESS');
INSERT INTO life_event (id, day, month, year, date, notes, location_id) VALUES (2969, 19, 5, 1791, '1791-05-19', '', 1225);
INSERT INTO life_event (id, day, month, year, date, notes, location_id) VALUES (2970, null, null, null, null, '', null);
INSERT INTO person (id, first_name, last_name, middle_names, notes, sex, birth_id, death_id, burial_id, father_id, mother_id) VALUES (990, 'Mattias', 'Hegardt', '', '(Tab 65:300 i GS).
Ägde 1785 klädes- och strumpfabriken "Hoppet" i Malmö.', 'UNKNOWN', 2968, 2969, 2970, null, null);

--======= Insert Person id: 991 =======
INSERT INTO location (id, city, country, region, notes, latitude, longitude, fetch_status) VALUES (1226, 'Malmö', 'Sverige', '', '', 55.59669, 13.0011, 'FETCHED_WITH_SUCCESS');
INSERT INTO life_event (id, day, month, year, date, notes, location_id) VALUES (2971, 9, 5, 1752, '1752-05-09', '', 1226);
INSERT INTO location (id, city, country, region, notes, latitude, longitude, fetch_status) VALUES (1227, 'Malmö', 'Sverige', '', '', 55.59669, 13.0011, 'FETCHED_WITH_SUCCESS');
INSERT INTO life_event (id, day, month, year, date, notes, location_id) VALUES (2972, 16, 7, 1837, '1837-07-16', '', 1227);
INSERT INTO life_event (id, day, month, year, date, notes, location_id) VALUES (2973, null, null, null, null, '', null);
INSERT INTO occupation (id, notes, day, month, year, date, location_id) VALUES (452, 'Klädesfabrikör', null, null, null, null, null);
INSERT INTO person (id, first_name, last_name, middle_names, notes, sex, birth_id, death_id, burial_id, father_id, mother_id) VALUES (991, 'Josias', 'Hegardt', '', '(Tab 65:301 i GS).
Øvertog efter brodern Mattias klädesfabriken "Hoppet", som han drev till 1814, då fabriken lades ner. Ägde gård i Malmö.', 'UNKNOWN', 2971, 2972, 2973, null, null);

--======= Insert Person id: 992 =======
INSERT INTO location (id, city, country, region, notes, latitude, longitude, fetch_status) VALUES (1228, 'Malmö', 'Sverige', '', '', 55.59669, 13.0011, 'FETCHED_WITH_SUCCESS');
INSERT INTO life_event (id, day, month, year, date, notes, location_id) VALUES (2974, 29, 5, 1757, '1757-05-29', '', 1228);
INSERT INTO location (id, city, country, region, notes, latitude, longitude, fetch_status) VALUES (1229, 'Malmö', 'Sverige', '', '', 55.59669, 13.0011, 'FETCHED_WITH_SUCCESS');
INSERT INTO life_event (id, day, month, year, date, notes, location_id) VALUES (2975, 4, 2, 1841, '1841-02-04', '', 1229);
INSERT INTO life_event (id, day, month, year, date, notes, location_id) VALUES (2976, null, null, null, null, '', null);
INSERT INTO person (id, first_name, last_name, middle_names, notes, sex, birth_id, death_id, burial_id, father_id, mother_id) VALUES (992, 'Sofia', 'Hegardt', 'Rebecka', '(Tab 65:302 i GS).', 'UNKNOWN', 2974, 2975, 2976, null, null);

--======= Insert Person id: 993 =======
INSERT INTO location (id, city, country, region, notes, latitude, longitude, fetch_status) VALUES (1230, 'på Krapperup i Brunnby', 'Sverige', '', '', 56.24255, 12.53947, 'FETCHED_WITH_SUCCESS');
INSERT INTO life_event (id, day, month, year, date, notes, location_id) VALUES (2977, 14, 4, 1705, '1705-04-14', '', 1230);
INSERT INTO location (id, city, country, region, notes, latitude, longitude, fetch_status) VALUES (1231, 'Malmö', 'Sverige', '', '', 55.59669, 13.0011, 'FETCHED_WITH_SUCCESS');
INSERT INTO life_event (id, day, month, year, date, notes, location_id) VALUES (2978, 11, 10, 1761, '1761-10-11', '', 1231);
INSERT INTO life_event (id, day, month, year, date, notes, location_id) VALUES (2979, null, null, null, null, '', null);
INSERT INTO occupation (id, notes, day, month, year, date, location_id) VALUES (453, 'Rådman i malmö', null, null, null, null, null);
INSERT INTO person (id, first_name, last_name, middle_names, notes, sex, birth_id, death_id, burial_id, father_id, mother_id) VALUES (993, 'Karl', 'Tollsten', 'Fredrik', 'Enligt Barfod, "Märkvärdigheter etc" föll Tollsten "i mjältsjuka, för att han till husets behov nödgades röra sitt kapital samt fattade till slut det orådet att kasta sig i slottsgraven"', 'UNKNOWN', 2977, 2978, 2979, null, null);

--======= Insert Person id: 994 =======
INSERT INTO location (id, city, country, region, notes, latitude, longitude, fetch_status) VALUES (1232, 'Karlshamn', 'Sverige', '', '', 56.16972, 14.86057, 'FETCHED_WITH_SUCCESS');
INSERT INTO life_event (id, day, month, year, date, notes, location_id) VALUES (2980, 8, 6, 1698, '1698-06-08', '', 1232);
INSERT INTO location (id, city, country, region, notes, latitude, longitude, fetch_status) VALUES (1233, 'Karlshamn', 'Sverige', '', '', 56.16972, 14.86057, 'FETCHED_WITH_SUCCESS');
INSERT INTO life_event (id, day, month, year, date, notes, location_id) VALUES (2981, 2, 7, 1760, '1760-07-02', '', 1233);
INSERT INTO life_event (id, day, month, year, date, notes, location_id) VALUES (2982, null, null, null, null, '', null);
INSERT INTO occupation (id, notes, day, month, year, date, location_id) VALUES (454, 'Tullförvaltare i karlshamn', null, null, null, null, null);
INSERT INTO person (id, first_name, last_name, middle_names, notes, sex, birth_id, death_id, burial_id, father_id, mother_id) VALUES (994, 'Peter', 'Tholijn', 'Jakob', '', 'UNKNOWN', 2980, 2981, 2982, null, null);

--======= Insert Person id: 995 =======
INSERT INTO location (id, city, country, region, notes, latitude, longitude, fetch_status) VALUES (1234, 'Håslöv', 'Sverige', '', '', 56.41401, 13.00579, 'FETCHED_WITH_SUCCESS');
INSERT INTO life_event (id, day, month, year, date, notes, location_id) VALUES (2983, 14, 5, 1718, '1718-05-14', '', 1234);
INSERT INTO location (id, city, country, region, notes, latitude, longitude, fetch_status) VALUES (1235, 'Vellinge', 'Sverige', '', '', 55.46962, 13.02193, 'FETCHED_WITH_SUCCESS');
INSERT INTO life_event (id, day, month, year, date, notes, location_id) VALUES (2984, 14, 12, 1761, '1761-12-14', '', 1235);
INSERT INTO life_event (id, day, month, year, date, notes, location_id) VALUES (2985, null, null, null, null, '', null);
INSERT INTO occupation (id, notes, day, month, year, date, location_id) VALUES (455, 'Kyrkoherde i vellinge', null, null, null, null, null);
INSERT INTO person (id, first_name, last_name, middle_names, notes, sex, birth_id, death_id, burial_id, father_id, mother_id) VALUES (995, 'Kristian', 'Sylvan', '', '', 'UNKNOWN', 2983, 2984, 2985, null, null);

--======= Insert Person id: 996 =======
INSERT INTO location (id, city, country, region, notes, latitude, longitude, fetch_status) VALUES (1236, 'Glemminge', 'Sverige', '', '', 55.45231, 14.02038, 'FETCHED_WITH_SUCCESS');
INSERT INTO life_event (id, day, month, year, date, notes, location_id) VALUES (2986, null, null, 1665, '1665-01-01', '', 1236);
INSERT INTO location (id, city, country, region, notes, latitude, longitude, fetch_status) VALUES (1237, 'Håslöv', 'Sverige', '', '', 56.41401, 13.00579, 'FETCHED_WITH_SUCCESS');
INSERT INTO life_event (id, day, month, year, date, notes, location_id) VALUES (2987, null, null, 1725, '1725-01-01', '', 1237);
INSERT INTO life_event (id, day, month, year, date, notes, location_id) VALUES (2988, null, null, null, null, '', null);
INSERT INTO person (id, first_name, last_name, middle_names, notes, sex, birth_id, death_id, burial_id, father_id, mother_id) VALUES (996, 'Niels', 'Sylvan', 'Christensen', '', 'MAN', 2986, 2987, 2988, null, null);

--======= Insert Person id: 997 =======
INSERT INTO location (id, city, country, region, notes, latitude, longitude, fetch_status) VALUES (1238, 'Malmö', 'Sverige', '', '', 55.59669, 13.0011, 'FETCHED_WITH_SUCCESS');
INSERT INTO life_event (id, day, month, year, date, notes, location_id) VALUES (2989, null, null, 1744, '1744-01-01', '', 1238);
INSERT INTO location (id, city, country, region, notes, latitude, longitude, fetch_status) VALUES (1239, 'Malmö', 'Sverige', '', '', 55.59669, 13.0011, 'FETCHED_WITH_SUCCESS');
INSERT INTO life_event (id, day, month, year, date, notes, location_id) VALUES (2990, 23, 2, 1808, '1808-02-23', '', 1239);
INSERT INTO life_event (id, day, month, year, date, notes, location_id) VALUES (2991, null, null, null, null, '', null);
INSERT INTO person (id, first_name, last_name, middle_names, notes, sex, birth_id, death_id, burial_id, father_id, mother_id) VALUES (997, 'Maria', 'Rosenlund', 'Margareta', 'Döpt 1744-03-27 i Malmö (M).', 'WOMAN', 2989, 2990, 2991, null, null);

--======= Insert Person id: 998 =======
INSERT INTO location (id, city, country, region, notes, latitude, longitude, fetch_status) VALUES (1240, 'Malmö', 'Sverige', '', '', 55.59669, 13.0011, 'FETCHED_WITH_SUCCESS');
INSERT INTO life_event (id, day, month, year, date, notes, location_id) VALUES (2992, 10, 10, 1766, '1766-10-10', '', 1240);
INSERT INTO location (id, city, country, region, notes, latitude, longitude, fetch_status) VALUES (1241, 'Malmö', 'Sverige', '', '', 55.59669, 13.0011, 'FETCHED_WITH_SUCCESS');
INSERT INTO life_event (id, day, month, year, date, notes, location_id) VALUES (2993, 13, 1, 1767, '1767-01-13', '', 1241);
INSERT INTO life_event (id, day, month, year, date, notes, location_id) VALUES (2994, null, null, null, null, '', null);
INSERT INTO person (id, first_name, last_name, middle_names, notes, sex, birth_id, death_id, burial_id, father_id, mother_id) VALUES (998, 'Karolina', 'Hegardt', 'Ludovica', '(Tab 66:313 i GS).', 'UNKNOWN', 2992, 2993, 2994, null, null);

--======= Insert Person id: 999 =======
INSERT INTO location (id, city, country, region, notes, latitude, longitude, fetch_status) VALUES (1242, 'Skanör', 'Sverige', '', '', 55.41146, 12.84248, 'FETCHED_WITH_SUCCESS');
INSERT INTO life_event (id, day, month, year, date, notes, location_id) VALUES (2995, 6, 6, 1737, '1737-06-06', '', 1242);
INSERT INTO location (id, city, country, region, notes, latitude, longitude, fetch_status) VALUES (1243, 'Hököpinge', 'Sverige', '', '', 55.49518, 13.00067, 'FETCHED_WITH_SUCCESS');
INSERT INTO life_event (id, day, month, year, date, notes, location_id) VALUES (2996, 24, 7, 1804, '1804-07-24', '', 1243);
INSERT INTO life_event (id, day, month, year, date, notes, location_id) VALUES (2997, null, null, null, null, '', null);
INSERT INTO person (id, first_name, last_name, middle_names, notes, sex, birth_id, death_id, burial_id, father_id, mother_id) VALUES (999, 'Elisabet', 'Griis', 'Katarina', '', 'WOMAN', 2995, 2996, 2997, null, null);

--======= Insert Person id: 1000 =======
INSERT INTO location (id, city, country, region, notes, latitude, longitude, fetch_status) VALUES (1244, 'Skanör', 'Sverige', '', '', 55.41146, 12.84248, 'FETCHED_WITH_SUCCESS');
INSERT INTO life_event (id, day, month, year, date, notes, location_id) VALUES (2998, 10, 3, 1763, '1763-03-10', '', 1244);
INSERT INTO location (id, city, country, region, notes, latitude, longitude, fetch_status) VALUES (1245, 'Morkarla', 'Sverige', '', '', 60.14029, 17.96148, 'FETCHED_WITH_SUCCESS');
INSERT INTO life_event (id, day, month, year, date, notes, location_id) VALUES (2999, 12, 12, 1802, '1802-12-12', '', 1245);
INSERT INTO life_event (id, day, month, year, date, notes, location_id) VALUES (3000, null, null, null, null, '', null);
INSERT INTO person (id, first_name, last_name, middle_names, notes, sex, birth_id, death_id, burial_id, father_id, mother_id) VALUES (1000, 'Maria', 'Hegardt', 'Katarina', '(Tab 67:316 i GS).', 'UNKNOWN', 2998, 2999, 3000, null, null);

--======= Insert Person id: 1001 =======
INSERT INTO location (id, city, country, region, notes, latitude, longitude, fetch_status) VALUES (1246, 'Skanör', 'Sverige', '', '', 55.41146, 12.84248, 'FETCHED_WITH_SUCCESS');
INSERT INTO life_event (id, day, month, year, date, notes, location_id) VALUES (3001, 27, 9, 1764, '1764-09-27', '', 1246);
INSERT INTO location (id, city, country, region, notes, latitude, longitude, fetch_status) VALUES (1247, 'Skanör', 'Sverige', '', '', 55.41146, 12.84248, 'FETCHED_WITH_SUCCESS');
INSERT INTO life_event (id, day, month, year, date, notes, location_id) VALUES (3002, 11, 4, 1766, '1766-04-11', '', 1247);
INSERT INTO life_event (id, day, month, year, date, notes, location_id) VALUES (3003, null, null, null, null, '', null);
INSERT INTO person (id, first_name, last_name, middle_names, notes, sex, birth_id, death_id, burial_id, father_id, mother_id) VALUES (1001, 'Greta', 'Hegardt', 'Sofia', '(Tab 67:315 i GS).', 'UNKNOWN', 3001, 3002, 3003, null, null);

--======= Insert Person id: 1002 =======
INSERT INTO location (id, city, country, region, notes, latitude, longitude, fetch_status) VALUES (1248, 'Skanör', 'Sverige', '', '', 55.41146, 12.84248, 'FETCHED_WITH_SUCCESS');
INSERT INTO life_event (id, day, month, year, date, notes, location_id) VALUES (3004, 15, 1, 1767, '1767-01-15', '', 1248);
INSERT INTO location (id, city, country, region, notes, latitude, longitude, fetch_status) VALUES (1249, 'Malmö', 'Sverige', '', '', 55.59669, 13.0011, 'FETCHED_WITH_SUCCESS');
INSERT INTO life_event (id, day, month, year, date, notes, location_id) VALUES (3005, 8, 10, 1823, '1823-10-08', '', 1249);
INSERT INTO life_event (id, day, month, year, date, notes, location_id) VALUES (3006, null, null, null, null, '', null);
INSERT INTO person (id, first_name, last_name, middle_names, notes, sex, birth_id, death_id, burial_id, father_id, mother_id) VALUES (1002, 'Helena', 'Hegardt', 'Liboria', '(Tab 67:317 i GS).', 'UNKNOWN', 3004, 3005, 3006, null, null);

--======= Insert Person id: 1003 =======
INSERT INTO location (id, city, country, region, notes, latitude, longitude, fetch_status) VALUES (1250, 'Skanör', 'Sverige', '', '', 55.41146, 12.84248, 'FETCHED_WITH_SUCCESS');
INSERT INTO life_event (id, day, month, year, date, notes, location_id) VALUES (3007, 23, 5, 1769, '1769-05-23', '', 1250);
INSERT INTO life_event (id, day, month, year, date, notes, location_id) VALUES (3008, null, null, null, null, '', null);
INSERT INTO life_event (id, day, month, year, date, notes, location_id) VALUES (3009, null, null, null, null, '', null);
INSERT INTO person (id, first_name, last_name, middle_names, notes, sex, birth_id, death_id, burial_id, father_id, mother_id) VALUES (1003, 'Dorotea', 'Hegardt', 'Agneta', '(Tab 67:318 i GS).', 'UNKNOWN', 3007, 3008, 3009, null, null);

--======= Insert Person id: 1004 =======
INSERT INTO location (id, city, country, region, notes, latitude, longitude, fetch_status) VALUES (1251, 'Håslöv', 'Sverige', '', '', 56.41401, 13.00579, 'FETCHED_WITH_SUCCESS');
INSERT INTO life_event (id, day, month, year, date, notes, location_id) VALUES (3010, 20, 3, 1772, '1772-03-20', '', 1251);
INSERT INTO life_event (id, day, month, year, date, notes, location_id) VALUES (3011, null, null, null, null, '', null);
INSERT INTO life_event (id, day, month, year, date, notes, location_id) VALUES (3012, null, null, null, null, '', null);
INSERT INTO person (id, first_name, last_name, middle_names, notes, sex, birth_id, death_id, burial_id, father_id, mother_id) VALUES (1004, 'Siegbrand', 'Hegardt', 'Herman', '(Tab 67:319 i GS).', 'UNKNOWN', 3010, 3011, 3012, null, null);

--======= Insert Person id: 1005 =======
INSERT INTO life_event (id, day, month, year, date, notes, location_id) VALUES (3013, null, null, null, null, '', null);
INSERT INTO life_event (id, day, month, year, date, notes, location_id) VALUES (3014, null, null, null, null, '', null);
INSERT INTO life_event (id, day, month, year, date, notes, location_id) VALUES (3015, null, null, null, null, '', null);
INSERT INTO person (id, first_name, last_name, middle_names, notes, sex, birth_id, death_id, burial_id, father_id, mother_id) VALUES (1005, 'Margareta', 'Brun', 'Hansdotter', '', 'WOMAN', 3013, 3014, 3015, null, null);

--======= Insert Person id: 1006 =======
INSERT INTO life_event (id, day, month, year, date, notes, location_id) VALUES (3016, null, null, null, null, '', null);
INSERT INTO life_event (id, day, month, year, date, notes, location_id) VALUES (3017, null, null, null, null, '', null);
INSERT INTO life_event (id, day, month, year, date, notes, location_id) VALUES (3018, null, null, null, null, '', null);
INSERT INTO person (id, first_name, last_name, middle_names, notes, sex, birth_id, death_id, burial_id, father_id, mother_id) VALUES (1006, 'Jöns', 'Bager', 'Kristensson', '', 'MAN', 3016, 3017, 3018, null, null);

--======= Insert Person id: 1007 =======
INSERT INTO location (id, city, country, region, notes, latitude, longitude, fetch_status) VALUES (1252, 'Malmö', 'Sverige', '', '', 55.59669, 13.0011, 'FETCHED_WITH_SUCCESS');
INSERT INTO life_event (id, day, month, year, date, notes, location_id) VALUES (3019, 26, 12, 1724, '1724-12-26', '', 1252);
INSERT INTO location (id, city, country, region, notes, latitude, longitude, fetch_status) VALUES (1253, 'på St Bjellerup i Bjällerup', 'Sverige', '', '', 59.47959, 13.30488, 'FETCHED_WITH_SUCCESS');
INSERT INTO life_event (id, day, month, year, date, notes, location_id) VALUES (3020, 21, 4, 1813, '1813-04-21', '', 1253);
INSERT INTO life_event (id, day, month, year, date, notes, location_id) VALUES (3021, null, null, null, null, '', null);
INSERT INTO occupation (id, notes, day, month, year, date, location_id) VALUES (456, 'Hovjägmästare och krigsråd', null, null, null, null, null);
INSERT INTO person (id, first_name, last_name, middle_names, notes, sex, birth_id, death_id, burial_id, father_id, mother_id) VALUES (1007, 'Johan', 'Gröningen', 'Leonard, von', '', 'UNKNOWN', 3019, 3020, 3021, null, null);

--======= Insert Person id: 1008 =======
INSERT INTO location (id, city, country, region, notes, latitude, longitude, fetch_status) VALUES (1254, 'Själevad', 'Sverige', '', '', 63.31882, 18.55804, 'FETCHED_WITH_SUCCESS');
INSERT INTO life_event (id, day, month, year, date, notes, location_id) VALUES (3022, null, null, 1677, '1677-01-01', '', 1254);
INSERT INTO location (id, city, country, region, notes, latitude, longitude, fetch_status) VALUES (1255, 'Vellinge', 'Sverige', '', '', 55.46962, 13.02193, 'FETCHED_WITH_SUCCESS');
INSERT INTO life_event (id, day, month, year, date, notes, location_id) VALUES (3023, null, null, 1757, '1757-01-01', '', 1255);
INSERT INTO life_event (id, day, month, year, date, notes, location_id) VALUES (3024, null, null, null, null, '', null);
INSERT INTO person (id, first_name, last_name, middle_names, notes, sex, birth_id, death_id, burial_id, father_id, mother_id) VALUES (1008, 'Brita', 'Plantin', '', '', 'WOMAN', 3022, 3023, 3024, null, null);

--======= Insert Person id: 1009 =======
INSERT INTO life_event (id, day, month, year, date, notes, location_id) VALUES (3025, null, null, null, null, '', null);
INSERT INTO life_event (id, day, month, year, date, notes, location_id) VALUES (3026, null, null, null, null, '', null);
INSERT INTO life_event (id, day, month, year, date, notes, location_id) VALUES (3027, null, null, null, null, '', null);
INSERT INTO occupation (id, notes, day, month, year, date, location_id) VALUES (457, 'Kyrkoherde', null, null, null, null, null);
INSERT INTO person (id, first_name, last_name, middle_names, notes, sex, birth_id, death_id, burial_id, father_id, mother_id) VALUES (1009, 'Simon', 'Aquilonius', '', '', 'MAN', 3025, 3026, 3027, null, null);

--======= Insert Person id: 1010 =======
INSERT INTO life_event (id, day, month, year, date, notes, location_id) VALUES (3028, null, null, null, null, '', null);
INSERT INTO life_event (id, day, month, year, date, notes, location_id) VALUES (3029, null, null, null, null, '', null);
INSERT INTO life_event (id, day, month, year, date, notes, location_id) VALUES (3030, null, null, null, null, '', null);
INSERT INTO person (id, first_name, last_name, middle_names, notes, sex, birth_id, death_id, burial_id, father_id, mother_id) VALUES (1010, '', 'Morsing', '', '', 'MAN', 3028, 3029, 3030, null, null);

--======= Insert Person id: 1011 =======
INSERT INTO location (id, city, country, region, notes, latitude, longitude, fetch_status) VALUES (1256, 'Håslöv', 'Sverige', '', '', 56.41401, 13.00579, 'FETCHED_WITH_SUCCESS');
INSERT INTO life_event (id, day, month, year, date, notes, location_id) VALUES (3031, null, null, 1728, '1728-01-01', '', 1256);
INSERT INTO location (id, city, country, region, notes, latitude, longitude, fetch_status) VALUES (1257, 'Håslöv', 'Sverige', '', '', 56.41401, 13.00579, 'FETCHED_WITH_SUCCESS');
INSERT INTO life_event (id, day, month, year, date, notes, location_id) VALUES (3032, null, null, 1732, '1732-01-01', '', 1257);
INSERT INTO life_event (id, day, month, year, date, notes, location_id) VALUES (3033, null, null, null, null, '', null);
INSERT INTO person (id, first_name, last_name, middle_names, notes, sex, birth_id, death_id, burial_id, father_id, mother_id) VALUES (1011, 'Brita', 'Morsing', 'Kristensa', '', 'UNKNOWN', 3031, 3032, 3033, null, null);

--======= Insert Person id: 1012 =======
INSERT INTO location (id, city, country, region, notes, latitude, longitude, fetch_status) VALUES (1258, 'Håslöv', 'Sverige', '', '', 56.41401, 13.00579, 'FETCHED_WITH_SUCCESS');
INSERT INTO life_event (id, day, month, year, date, notes, location_id) VALUES (3034, null, null, 1729, '1729-01-01', '', 1258);
INSERT INTO life_event (id, day, month, year, date, notes, location_id) VALUES (3035, null, null, null, null, '', null);
INSERT INTO life_event (id, day, month, year, date, notes, location_id) VALUES (3036, null, null, null, null, '', null);
INSERT INTO person (id, first_name, last_name, middle_names, notes, sex, birth_id, death_id, burial_id, father_id, mother_id) VALUES (1012, 'Kristina', 'Morsing', 'Maria', '', 'UNKNOWN', 3034, 3035, 3036, null, null);

--======= Insert Person id: 1013 =======
INSERT INTO location (id, city, country, region, notes, latitude, longitude, fetch_status) VALUES (1259, 'Håslöv', 'Sverige', '', '', 56.41401, 13.00579, 'FETCHED_WITH_SUCCESS');
INSERT INTO life_event (id, day, month, year, date, notes, location_id) VALUES (3037, null, null, 1734, '1734-01-01', '', 1259);
INSERT INTO location (id, city, country, region, notes, latitude, longitude, fetch_status) VALUES (1260, 'Håslöv', 'Sverige', '', '', 56.41401, 13.00579, 'FETCHED_WITH_SUCCESS');
INSERT INTO life_event (id, day, month, year, date, notes, location_id) VALUES (3038, null, null, 1734, '1734-01-01', '', 1260);
INSERT INTO life_event (id, day, month, year, date, notes, location_id) VALUES (3039, null, null, null, null, '', null);
INSERT INTO person (id, first_name, last_name, middle_names, notes, sex, birth_id, death_id, burial_id, father_id, mother_id) VALUES (1013, 'Martin', 'Morsing', '', '', 'UNKNOWN', 3037, 3038, 3039, null, null);

--======= Insert Person id: 1014 =======
INSERT INTO location (id, city, country, region, notes, latitude, longitude, fetch_status) VALUES (1261, 'Ørebro', 'Sverige', '', '', 59.27084, 15.21759, 'FETCHED_WITH_SUCCESS');
INSERT INTO life_event (id, day, month, year, date, notes, location_id) VALUES (3040, null, null, 1680, '1680-01-01', '', 1261);
INSERT INTO location (id, city, country, region, notes, latitude, longitude, fetch_status) VALUES (1262, 'Dalköpinge', 'Sverige', '', '', 55.36621, 13.22534, 'FETCHED_WITH_SUCCESS');
INSERT INTO life_event (id, day, month, year, date, notes, location_id) VALUES (3041, null, null, 1738, '1738-01-01', '', 1262);
INSERT INTO life_event (id, day, month, year, date, notes, location_id) VALUES (3042, null, null, null, null, '', null);
INSERT INTO person (id, first_name, last_name, middle_names, notes, sex, birth_id, death_id, burial_id, father_id, mother_id) VALUES (1014, 'Olof', 'Ørnberg', '', '', 'UNKNOWN', 3040, 3041, 3042, null, null);

--======= Insert Person id: 1015 =======
INSERT INTO location (id, city, country, region, notes, latitude, longitude, fetch_status) VALUES (1263, 'Skanör', 'Sverige', '', '', 55.41146, 12.84248, 'FETCHED_WITH_SUCCESS');
INSERT INTO life_event (id, day, month, year, date, notes, location_id) VALUES (3043, 14, 11, 1731, '1731-11-14', '', 1263);
INSERT INTO location (id, city, country, region, notes, latitude, longitude, fetch_status) VALUES (1264, 'Håslöv', 'Sverige', '', '', 56.41401, 13.00579, 'FETCHED_WITH_SUCCESS');
INSERT INTO life_event (id, day, month, year, date, notes, location_id) VALUES (3044, 25, 3, 1808, '1808-03-25', '', 1264);
INSERT INTO life_event (id, day, month, year, date, notes, location_id) VALUES (3045, null, null, null, null, '', null);
INSERT INTO occupation (id, notes, day, month, year, date, location_id) VALUES (458, 'Kyrkoderde och titulaturprost', null, null, null, null, null);
INSERT INTO person (id, first_name, last_name, middle_names, notes, sex, birth_id, death_id, burial_id, father_id, mother_id) VALUES (1015, 'Lars', 'Laurén', '', '', 'UNKNOWN', 3043, 3044, 3045, null, null);

--======= Insert Person id: 1016 =======
INSERT INTO location (id, city, country, region, notes, latitude, longitude, fetch_status) VALUES (1265, 'Karlshamn', 'Sverige', '', '', 56.16972, 14.86057, 'FETCHED_WITH_SUCCESS');
INSERT INTO life_event (id, day, month, year, date, notes, location_id) VALUES (3046, 25, 9, 1741, '1741-09-25', '', 1265);
INSERT INTO location (id, city, country, region, notes, latitude, longitude, fetch_status) VALUES (1266, 'Lund', 'Sverige', '', '', 55.70664, 13.18759, 'FETCHED_WITH_SUCCESS');
INSERT INTO life_event (id, day, month, year, date, notes, location_id) VALUES (3047, 23, 8, 1823, '1823-08-23', '', 1266);
INSERT INTO life_event (id, day, month, year, date, notes, location_id) VALUES (3048, null, null, null, null, '', null);
INSERT INTO person (id, first_name, last_name, middle_names, notes, sex, birth_id, death_id, burial_id, father_id, mother_id) VALUES (1016, 'Agneta', 'Tholijn', 'Maria', '', 'WOMAN', 3046, 3047, 3048, null, null);

--======= Insert Person id: 1017 =======
INSERT INTO location (id, city, country, region, notes, latitude, longitude, fetch_status) VALUES (1267, '[', 'Sverige', '', '', 59.33257, 18.06682, 'FETCHED_WITH_SUCCESS');
INSERT INTO life_event (id, day, month, year, date, notes, location_id) VALUES (3049, 26, 4, 1775, '1775-04-26', '', 1267);
INSERT INTO life_event (id, day, month, year, date, notes, location_id) VALUES (3050, null, null, null, null, '', null);
INSERT INTO life_event (id, day, month, year, date, notes, location_id) VALUES (3051, null, null, null, null, '', null);
INSERT INTO person (id, first_name, last_name, middle_names, notes, sex, birth_id, death_id, burial_id, father_id, mother_id) VALUES (1017, 'en', 'son', '', '', 'UNKNOWN', 3049, 3050, 3051, null, null);

--======= Insert Person id: 1018 =======
INSERT INTO life_event (id, day, month, year, date, notes, location_id) VALUES (3052, null, null, 1752, '1752-01-01', '', null);
INSERT INTO location (id, city, country, region, notes, latitude, longitude, fetch_status) VALUES (1268, 'Malmö', 'Sverige', '', '', 55.59669, 13.0011, 'FETCHED_WITH_SUCCESS');
INSERT INTO life_event (id, day, month, year, date, notes, location_id) VALUES (3053, null, null, 1784, '1784-01-01', '', 1268);
INSERT INTO location (id, city, country, region, notes, latitude, longitude, fetch_status) VALUES (1269, 'Malmö', 'Sverige', '', '', 55.59669, 13.0011, 'FETCHED_WITH_SUCCESS');
INSERT INTO life_event (id, day, month, year, date, notes, location_id) VALUES (3054, 14, 12, 1784, '1784-12-14', '', 1269);
INSERT INTO person (id, first_name, last_name, middle_names, notes, sex, birth_id, death_id, burial_id, father_id, mother_id) VALUES (1018, 'Katarina', 'Kröger', 'Maria', '', 'WOMAN', 3052, 3053, 3054, null, null);

--======= Insert Person id: 1019 =======
INSERT INTO location (id, city, country, region, notes, latitude, longitude, fetch_status) VALUES (1270, 'Malmö', 'Sverige', '', '', 55.59669, 13.0011, 'FETCHED_WITH_SUCCESS');
INSERT INTO life_event (id, day, month, year, date, notes, location_id) VALUES (3055, 16, 5, 1783, '1783-05-16', '', 1270);
INSERT INTO location (id, city, country, region, notes, latitude, longitude, fetch_status) VALUES (1271, 'Malmö', 'Sverige', '', '', 55.59669, 13.0011, 'FETCHED_WITH_SUCCESS');
INSERT INTO life_event (id, day, month, year, date, notes, location_id) VALUES (3056, 8, 1, 1847, '1847-01-08', '', 1271);
INSERT INTO life_event (id, day, month, year, date, notes, location_id) VALUES (3057, null, null, null, null, '', null);
INSERT INTO person (id, first_name, last_name, middle_names, notes, sex, birth_id, death_id, burial_id, father_id, mother_id) VALUES (1019, 'Anna', 'Hegardt', 'Helena', '(tab 63:289 i GS).
(Maken var hennes syssling, son till Anna Maria Hegardt)', 'UNKNOWN', 3055, 3056, 3057, null, null);

--======= Insert Person id: 1020 =======
INSERT INTO life_event (id, day, month, year, date, notes, location_id) VALUES (3058, null, null, null, null, '', null);
INSERT INTO life_event (id, day, month, year, date, notes, location_id) VALUES (3059, null, null, null, null, '', null);
INSERT INTO life_event (id, day, month, year, date, notes, location_id) VALUES (3060, null, null, null, null, '', null);
INSERT INTO person (id, first_name, last_name, middle_names, notes, sex, birth_id, death_id, burial_id, father_id, mother_id) VALUES (1020, 'Helena', 'Cederfelt', '', '', 'WOMAN', 3058, 3059, 3060, null, null);

--======= Insert Person id: 1021 =======
INSERT INTO life_event (id, day, month, year, date, notes, location_id) VALUES (3061, null, null, null, null, '', null);
INSERT INTO life_event (id, day, month, year, date, notes, location_id) VALUES (3062, null, null, null, null, '', null);
INSERT INTO life_event (id, day, month, year, date, notes, location_id) VALUES (3063, null, null, null, null, '', null);
INSERT INTO occupation (id, notes, day, month, year, date, location_id) VALUES (459, 'Major vid adelsfanan', null, null, null, null, null);
INSERT INTO person (id, first_name, last_name, middle_names, notes, sex, birth_id, death_id, burial_id, father_id, mother_id) VALUES (1021, 'Anders', 'Gripenschütz', '', '', 'MAN', 3061, 3062, 3063, null, null);

--======= Insert Person id: 1022 =======
INSERT INTO location (id, city, country, region, notes, latitude, longitude, fetch_status) VALUES (1272, 'Malmö', 'Sverige', '', '', 55.59669, 13.0011, 'FETCHED_WITH_SUCCESS');
INSERT INTO life_event (id, day, month, year, date, notes, location_id) VALUES (3064, 12, 6, 1720, '1720-06-12', '', 1272);
INSERT INTO location (id, city, country, region, notes, latitude, longitude, fetch_status) VALUES (1273, 'Malmö', 'Sverige', '', '', 55.59669, 13.0011, 'FETCHED_WITH_SUCCESS');
INSERT INTO life_event (id, day, month, year, date, notes, location_id) VALUES (3065, 15, 9, 1772, '1772-09-15', '', 1273);
INSERT INTO life_event (id, day, month, year, date, notes, location_id) VALUES (3066, null, null, null, null, '', null);
INSERT INTO person (id, first_name, last_name, middle_names, notes, sex, birth_id, death_id, burial_id, father_id, mother_id) VALUES (1022, 'Maria', 'Hegardt', 'Helena', '(Tab 61:306 i GS).', 'WOMAN', 3064, 3065, 3066, null, null);

--======= Insert Person id: 1023 =======
INSERT INTO location (id, city, country, region, notes, latitude, longitude, fetch_status) VALUES (1274, 'Karlshamn', 'Sverige', '', '', 56.16972, 14.86057, 'FETCHED_WITH_SUCCESS');
INSERT INTO life_event (id, day, month, year, date, notes, location_id) VALUES (3067, 8, 6, 1698, '1698-06-08', '', 1274);
INSERT INTO life_event (id, day, month, year, date, notes, location_id) VALUES (3068, null, null, null, null, '', null);
INSERT INTO life_event (id, day, month, year, date, notes, location_id) VALUES (3069, null, null, null, null, '', null);
INSERT INTO person (id, first_name, last_name, middle_names, notes, sex, birth_id, death_id, burial_id, father_id, mother_id) VALUES (1023, 'Peter', 'Tholijn', 'Jakob', '', 'MAN', 3067, 3068, 3069, null, null);

--======= Insert Person id: 1024 =======
INSERT INTO life_event (id, day, month, year, date, notes, location_id) VALUES (3070, null, null, null, null, '', null);
INSERT INTO life_event (id, day, month, year, date, notes, location_id) VALUES (3071, null, null, null, null, '', null);
INSERT INTO life_event (id, day, month, year, date, notes, location_id) VALUES (3072, null, null, null, null, '', null);
INSERT INTO person (id, first_name, last_name, middle_names, notes, sex, birth_id, death_id, burial_id, father_id, mother_id) VALUES (1024, 'Anna', 'Kling', 'Magdalena', '', 'WOMAN', 3070, 3071, 3072, null, null);

--======= Insert Person id: 1025 =======
INSERT INTO life_event (id, day, month, year, date, notes, location_id) VALUES (3073, null, null, null, null, '', null);
INSERT INTO life_event (id, day, month, year, date, notes, location_id) VALUES (3074, null, null, null, null, '', null);
INSERT INTO life_event (id, day, month, year, date, notes, location_id) VALUES (3075, null, null, null, null, '', null);
INSERT INTO occupation (id, notes, day, month, year, date, location_id) VALUES (460, 'Prost och kyrkoherde', null, null, null, null, null);
INSERT INTO person (id, first_name, last_name, middle_names, notes, sex, birth_id, death_id, burial_id, father_id, mother_id) VALUES (1025, 'Karl', 'Kröger', '', '', 'MAN', 3073, 3074, 3075, null, null);

--======= Insert Person id: 1026 =======
INSERT INTO location (id, city, country, region, notes, latitude, longitude, fetch_status) VALUES (1275, 'Malmö', 'Sverige', '', '', 55.59669, 13.0011, 'FETCHED_WITH_SUCCESS');
INSERT INTO life_event (id, day, month, year, date, notes, location_id) VALUES (3076, 28, 8, 1782, '1782-08-28', '', 1275);
INSERT INTO life_event (id, day, month, year, date, notes, location_id) VALUES (3077, 4, 9, 1857, '1857-09-04', '', null);
INSERT INTO life_event (id, day, month, year, date, notes, location_id) VALUES (3078, null, null, null, null, '', null);
INSERT INTO occupation (id, notes, day, month, year, date, location_id) VALUES (461, 'Lantbrukare', null, null, null, null, null);
INSERT INTO person (id, first_name, last_name, middle_names, notes, sex, birth_id, death_id, burial_id, father_id, mother_id) VALUES (1026, 'Per', 'Jacobsson', '', '', 'UNKNOWN', 3076, 3077, 3078, null, null);

--======= Insert Person id: 1027 =======
INSERT INTO life_event (id, day, month, year, date, notes, location_id) VALUES (3079, null, null, null, null, '', null);
INSERT INTO life_event (id, day, month, year, date, notes, location_id) VALUES (3080, null, null, null, null, '', null);
INSERT INTO life_event (id, day, month, year, date, notes, location_id) VALUES (3081, null, null, null, null, '', null);
INSERT INTO person (id, first_name, last_name, middle_names, notes, sex, birth_id, death_id, burial_id, father_id, mother_id) VALUES (1027, 'Anna', 'Johansdotter', '', '', 'WOMAN', 3079, 3080, 3081, null, null);

--======= Insert Person id: 1028 =======
INSERT INTO life_event (id, day, month, year, date, notes, location_id) VALUES (3082, null, null, null, null, '', null);
INSERT INTO life_event (id, day, month, year, date, notes, location_id) VALUES (3083, null, null, null, null, '', null);
INSERT INTO life_event (id, day, month, year, date, notes, location_id) VALUES (3084, null, null, null, null, '', null);
INSERT INTO occupation (id, notes, day, month, year, date, location_id) VALUES (462, 'Rådman', null, null, null, null, null);
INSERT INTO person (id, first_name, last_name, middle_names, notes, sex, birth_id, death_id, burial_id, father_id, mother_id) VALUES (1028, 'Lucas', 'Lohman', '', '', 'MAN', 3082, 3083, 3084, null, null);

--======= Insert Person id: 1029 =======
INSERT INTO life_event (id, day, month, year, date, notes, location_id) VALUES (3085, null, null, null, null, '', null);
INSERT INTO life_event (id, day, month, year, date, notes, location_id) VALUES (3086, null, null, null, null, '', null);
INSERT INTO life_event (id, day, month, year, date, notes, location_id) VALUES (3087, null, null, null, null, '', null);
INSERT INTO person (id, first_name, last_name, middle_names, notes, sex, birth_id, death_id, burial_id, father_id, mother_id) VALUES (1029, 'Anna', 'Faxe', 'Maria', '', 'WOMAN', 3085, 3086, 3087, null, null);

--======= Insert Person id: 1030 =======
INSERT INTO life_event (id, day, month, year, date, notes, location_id) VALUES (3088, null, null, null, null, '', null);
INSERT INTO life_event (id, day, month, year, date, notes, location_id) VALUES (3089, null, null, null, null, '', null);
INSERT INTO life_event (id, day, month, year, date, notes, location_id) VALUES (3090, null, null, null, null, '', null);
INSERT INTO occupation (id, notes, day, month, year, date, location_id) VALUES (463, 'Handlande', null, null, null, null, null);
INSERT INTO person (id, first_name, last_name, middle_names, notes, sex, birth_id, death_id, burial_id, father_id, mother_id) VALUES (1030, 'Jöran', 'Weijer', '', '', 'MAN', 3088, 3089, 3090, null, null);

--======= Insert Person id: 1031 =======
INSERT INTO location (id, city, country, region, notes, latitude, longitude, fetch_status) VALUES (1276, 'Landskrona', 'Sverige', '', '', 55.87204, 12.83009, 'FETCHED_WITH_SUCCESS');
INSERT INTO life_event (id, day, month, year, date, notes, location_id) VALUES (3091, 1, 3, 1733, '1733-03-01', '', 1276);
INSERT INTO location (id, city, country, region, notes, latitude, longitude, fetch_status) VALUES (1277, 'Malmö', 'Sverige', '', '', 55.59669, 13.0011, 'FETCHED_WITH_SUCCESS');
INSERT INTO life_event (id, day, month, year, date, notes, location_id) VALUES (3092, 20, 3, 1825, '1825-03-20', '', 1277);
INSERT INTO life_event (id, day, month, year, date, notes, location_id) VALUES (3093, null, null, null, null, '', null);
INSERT INTO person (id, first_name, last_name, middle_names, notes, sex, birth_id, death_id, burial_id, father_id, mother_id) VALUES (1031, 'Hans', 'Jacobsson', 'Thomas', '', 'UNKNOWN', 3091, 3092, 3093, null, null);

--======= Insert Person id: 1032 =======
INSERT INTO life_event (id, day, month, year, date, notes, location_id) VALUES (3094, null, null, null, null, '', null);
INSERT INTO life_event (id, day, month, year, date, notes, location_id) VALUES (3095, null, null, null, null, '', null);
INSERT INTO life_event (id, day, month, year, date, notes, location_id) VALUES (3096, null, null, null, null, '', null);
INSERT INTO person (id, first_name, last_name, middle_names, notes, sex, birth_id, death_id, burial_id, father_id, mother_id) VALUES (1032, 'Katarina', 'Palm', 'Gertrud', '', 'WOMAN', 3094, 3095, 3096, null, null);

--======= Insert Person id: 1033 =======
INSERT INTO life_event (id, day, month, year, date, notes, location_id) VALUES (3097, null, null, null, null, '', null);
INSERT INTO life_event (id, day, month, year, date, notes, location_id) VALUES (3098, null, null, null, null, '', null);
INSERT INTO life_event (id, day, month, year, date, notes, location_id) VALUES (3099, null, null, null, null, '', null);
INSERT INTO occupation (id, notes, day, month, year, date, location_id) VALUES (464, 'Handlande', null, null, null, null, null);
INSERT INTO person (id, first_name, last_name, middle_names, notes, sex, birth_id, death_id, burial_id, father_id, mother_id) VALUES (1033, 'Gerhard', 'Haak', '', '', 'MAN', 3097, 3098, 3099, null, null);

--======= Insert Person id: 1034 =======
INSERT INTO life_event (id, day, month, year, date, notes, location_id) VALUES (3100, null, null, 1747, '1747-01-01', '', null);
INSERT INTO location (id, city, country, region, notes, latitude, longitude, fetch_status) VALUES (1278, 'Helsingör', 'Danmark', '', '', 56.03343, 12.61349, 'FETCHED_WITH_SUCCESS');
INSERT INTO life_event (id, day, month, year, date, notes, location_id) VALUES (3101, 3, 10, 1816, '1816-10-03', '', 1278);
INSERT INTO life_event (id, day, month, year, date, notes, location_id) VALUES (3102, null, null, null, null, '', null);
INSERT INTO person (id, first_name, last_name, middle_names, notes, sex, birth_id, death_id, burial_id, father_id, mother_id) VALUES (1034, 'Markus', 'Fremling', '', '', 'UNKNOWN', 3100, 3101, 3102, null, null);

--======= Insert Person id: 1035 =======
INSERT INTO life_event (id, day, month, year, date, notes, location_id) VALUES (3103, null, null, null, null, '', null);
INSERT INTO life_event (id, day, month, year, date, notes, location_id) VALUES (3104, null, null, null, null, '', null);
INSERT INTO life_event (id, day, month, year, date, notes, location_id) VALUES (3105, null, null, null, null, '', null);
INSERT INTO person (id, first_name, last_name, middle_names, notes, sex, birth_id, death_id, burial_id, father_id, mother_id) VALUES (1035, 'Kristina', 'Myrman', 'Magdalena', '', 'WOMAN', 3103, 3104, 3105, null, null);

--======= Insert Person id: 1036 =======
INSERT INTO life_event (id, day, month, year, date, notes, location_id) VALUES (3106, null, null, null, null, '', null);
INSERT INTO life_event (id, day, month, year, date, notes, location_id) VALUES (3107, null, null, null, null, '', null);
INSERT INTO life_event (id, day, month, year, date, notes, location_id) VALUES (3108, null, null, null, null, '', null);
INSERT INTO occupation (id, notes, day, month, year, date, location_id) VALUES (465, 'Rådman och lasarettssyssloman', null, null, null, null, null);
INSERT INTO person (id, first_name, last_name, middle_names, notes, sex, birth_id, death_id, burial_id, father_id, mother_id) VALUES (1036, 'Jöns', 'Rosenlund', '', '', 'MAN', 3106, 3107, 3108, null, null);

--======= Insert Person id: 1037 =======
INSERT INTO life_event (id, day, month, year, date, notes, location_id) VALUES (3109, null, null, null, null, '', null);
INSERT INTO life_event (id, day, month, year, date, notes, location_id) VALUES (3110, null, null, null, null, '', null);
INSERT INTO life_event (id, day, month, year, date, notes, location_id) VALUES (3111, null, null, null, null, '', null);
INSERT INTO person (id, first_name, last_name, middle_names, notes, sex, birth_id, death_id, burial_id, father_id, mother_id) VALUES (1037, 'Helena', 'Sörensdotter', 'Elna', '', 'WOMAN', 3109, 3110, 3111, null, null);

--======= Insert Person id: 1038 =======
INSERT INTO life_event (id, day, month, year, date, notes, location_id) VALUES (3112, null, null, null, null, '', null);
INSERT INTO life_event (id, day, month, year, date, notes, location_id) VALUES (3113, null, null, null, null, '', null);
INSERT INTO life_event (id, day, month, year, date, notes, location_id) VALUES (3114, null, null, null, null, '', null);
INSERT INTO occupation (id, notes, day, month, year, date, location_id) VALUES (466, 'Borgmästare i skanör', null, null, null, null, null);
INSERT INTO person (id, first_name, last_name, middle_names, notes, sex, birth_id, death_id, burial_id, father_id, mother_id) VALUES (1038, 'Magnus', 'Griis', '', '', 'MAN', 3112, 3113, 3114, null, null);

--======= Insert Person id: 1039 =======
INSERT INTO location (id, city, country, region, notes, latitude, longitude, fetch_status) VALUES (1279, 'Morkarla', 'Sverige', '', '', 60.14029, 17.96148, 'FETCHED_WITH_SUCCESS');
INSERT INTO life_event (id, day, month, year, date, notes, location_id) VALUES (3115, 26, 6, 1753, '1753-06-26', '', 1279);
INSERT INTO location (id, city, country, region, notes, latitude, longitude, fetch_status) VALUES (1280, 'Morkarla', 'Sverige', '', '', 60.14029, 17.96148, 'FETCHED_WITH_SUCCESS');
INSERT INTO life_event (id, day, month, year, date, notes, location_id) VALUES (3116, 29, 11, 1808, '1808-11-29', '', 1280);
INSERT INTO life_event (id, day, month, year, date, notes, location_id) VALUES (3117, null, null, null, null, '', null);
INSERT INTO occupation (id, notes, day, month, year, date, location_id) VALUES (467, 'Komminister i alunda och morkarla församlingar', null, null, null, null, null);
INSERT INTO person (id, first_name, last_name, middle_names, notes, sex, birth_id, death_id, burial_id, father_id, mother_id) VALUES (1039, 'Gustaf', 'Isopædius', '', '', 'UNKNOWN', 3115, 3116, 3117, null, null);

--======= Insert Person id: 1040 =======
INSERT INTO life_event (id, day, month, year, date, notes, location_id) VALUES (3118, null, null, 1745, '1745-01-01', '', null);
INSERT INTO location (id, city, country, region, notes, latitude, longitude, fetch_status) VALUES (1281, 'Malmö', 'Sverige', '', '', 55.59669, 13.0011, 'FETCHED_WITH_SUCCESS');
INSERT INTO life_event (id, day, month, year, date, notes, location_id) VALUES (3119, 10, 12, 1813, '1813-12-10', '', 1281);
INSERT INTO life_event (id, day, month, year, date, notes, location_id) VALUES (3120, null, null, null, null, '', null);
INSERT INTO occupation (id, notes, day, month, year, date, location_id) VALUES (468, 'Hamnfogde i malmö', null, null, null, null, null);
INSERT INTO person (id, first_name, last_name, middle_names, notes, sex, birth_id, death_id, burial_id, father_id, mother_id) VALUES (1040, 'Olof', 'Ahlström', '', '', 'UNKNOWN', 3118, 3119, 3120, null, null);

--======= Insert Person id: 1041 =======
INSERT INTO location (id, city, country, region, notes, latitude, longitude, fetch_status) VALUES (1282, 'Uppland', 'Sverige', '', '', 63.31589, 13.57979, 'FETCHED_WITH_SUCCESS');
INSERT INTO life_event (id, day, month, year, date, notes, location_id) VALUES (3121, 9, 3, 1751, '1751-03-09', '', 1282);
INSERT INTO life_event (id, day, month, year, date, notes, location_id) VALUES (3122, null, null, null, null, '', null);
INSERT INTO life_event (id, day, month, year, date, notes, location_id) VALUES (3123, null, null, null, null, '', null);
INSERT INTO occupation (id, notes, day, month, year, date, location_id) VALUES (469, 'Underlöjtnant vid artilleriet', null, null, null, null, null);
INSERT INTO person (id, first_name, last_name, middle_names, notes, sex, birth_id, death_id, burial_id, father_id, mother_id) VALUES (1041, 'Per', 'Sahlman', '', '', 'UNKNOWN', 3121, 3122, 3123, null, null);

--======= Insert Person id: 1042 =======
INSERT INTO life_event (id, day, month, year, date, notes, location_id) VALUES (3124, null, null, null, null, '', null);
INSERT INTO life_event (id, day, month, year, date, notes, location_id) VALUES (3125, null, null, null, null, '', null);
INSERT INTO life_event (id, day, month, year, date, notes, location_id) VALUES (3126, null, null, null, null, '', null);
INSERT INTO person (id, first_name, last_name, middle_names, notes, sex, birth_id, death_id, burial_id, father_id, mother_id) VALUES (1042, 'Liboria', 'Trendelenburg-Schönenwalde', '', '', 'WOMAN', 3124, 3125, 3126, null, null);

--======= Insert Person id: 1043 =======
INSERT INTO life_event (id, day, month, year, date, notes, location_id) VALUES (3127, null, null, null, null, '', null);
INSERT INTO life_event (id, day, month, year, date, notes, location_id) VALUES (3128, null, null, null, null, '', null);
INSERT INTO life_event (id, day, month, year, date, notes, location_id) VALUES (3129, null, null, null, null, '', null);
INSERT INTO occupation (id, notes, day, month, year, date, location_id) VALUES (470, 'Øverdirektör vid pommerska lantkassan och borgmästare', null, null, null, null, null);
INSERT INTO person (id, first_name, last_name, middle_names, notes, sex, birth_id, death_id, burial_id, father_id, mother_id) VALUES (1043, 'Christoffer', 'Corswanten', 'von', '', 'MAN', 3127, 3128, 3129, null, null);

--======= Insert Person id: 1044 =======
INSERT INTO life_event (id, day, month, year, date, notes, location_id) VALUES (3130, 26, 6, 1672, '1672-06-26', '', null);
INSERT INTO life_event (id, day, month, year, date, notes, location_id) VALUES (3131, 26, 5, 1710, '1710-05-26', '', null);
INSERT INTO life_event (id, day, month, year, date, notes, location_id) VALUES (3132, null, null, null, null, '', null);
INSERT INTO occupation (id, notes, day, month, year, date, location_id) VALUES (471, 'Professor vid greifswalds universitet', null, null, null, null, null);
INSERT INTO person (id, first_name, last_name, middle_names, notes, sex, birth_id, death_id, burial_id, father_id, mother_id) VALUES (1044, 'Johan', 'Palthenius', 'Philip', '', 'UNKNOWN', 3130, 3131, 3132, null, null);

--======= Insert Person id: 1045 =======
INSERT INTO life_event (id, day, month, year, date, notes, location_id) VALUES (3133, 7, 3, 1718, '1718-03-07', '', null);
INSERT INTO location (id, city, country, region, notes, latitude, longitude, fetch_status) VALUES (1283, 'på Berga i Högsby', 'Sverige', '', '', 57.2226, 16.02422, 'FETCHED_WITH_SUCCESS');
INSERT INTO life_event (id, day, month, year, date, notes, location_id) VALUES (3134, 21, 11, 1796, '1796-11-21', '', 1283);
INSERT INTO life_event (id, day, month, year, date, notes, location_id) VALUES (3135, null, null, null, null, '', null);
INSERT INTO occupation (id, notes, day, month, year, date, location_id) VALUES (472, 'Friherrinna', null, null, null, null, null);
INSERT INTO person (id, first_name, last_name, middle_names, notes, sex, birth_id, death_id, burial_id, father_id, mother_id) VALUES (1045, 'Anna', 'af Åminne', 'Regina, Horn', '', 'UNKNOWN', 3133, 3134, 3135, null, null);

--======= Insert Person id: 1046 =======
INSERT INTO life_event (id, day, month, year, date, notes, location_id) VALUES (3136, null, null, null, null, '', null);
INSERT INTO life_event (id, day, month, year, date, notes, location_id) VALUES (3137, null, null, null, null, '', null);
INSERT INTO life_event (id, day, month, year, date, notes, location_id) VALUES (3138, null, null, null, null, '', null);
INSERT INTO person (id, first_name, last_name, middle_names, notes, sex, birth_id, death_id, burial_id, father_id, mother_id) VALUES (1046, 'Anna', 'Sjöblad', 'Regina', '', 'WOMAN', 3136, 3137, 3138, null, null);

--======= Insert Person id: 1047 =======
INSERT INTO life_event (id, day, month, year, date, notes, location_id) VALUES (3139, null, null, null, null, '', null);
INSERT INTO life_event (id, day, month, year, date, notes, location_id) VALUES (3140, null, null, null, null, '', null);
INSERT INTO life_event (id, day, month, year, date, notes, location_id) VALUES (3141, null, null, null, null, '', null);
INSERT INTO occupation (id, notes, day, month, year, date, location_id) VALUES (473, 'Øverste', null, null, null, null, null);
INSERT INTO occupation (id, notes, day, month, year, date, location_id) VALUES (474, 'Friherre', null, null, null, null, null);
INSERT INTO person (id, first_name, last_name, middle_names, notes, sex, birth_id, death_id, burial_id, father_id, mother_id) VALUES (1047, 'Christer', 'Horn', '', '', 'MAN', 3139, 3140, 3141, null, null);

--======= Insert Person id: 1048 =======
INSERT INTO location (id, city, country, region, notes, latitude, longitude, fetch_status) VALUES (1284, 'Riga', 'Lettland', '', '', 56.94598, 24.11487, 'FETCHED_WITH_SUCCESS');
INSERT INTO life_event (id, day, month, year, date, notes, location_id) VALUES (3142, 24, 5, 1694, '1694-05-24', '', 1284);
INSERT INTO location (id, city, country, region, notes, latitude, longitude, fetch_status) VALUES (1285, 'Stockholm', 'Sverige', '', '', 59.33257, 18.06683, 'FETCHED_WITH_SUCCESS');
INSERT INTO life_event (id, day, month, year, date, notes, location_id) VALUES (3143, 18, 10, 1755, '1755-10-18', '', 1285);
INSERT INTO life_event (id, day, month, year, date, notes, location_id) VALUES (3144, null, null, null, null, '', null);
INSERT INTO occupation (id, notes, day, month, year, date, location_id) VALUES (475, 'President', null, null, null, null, null);
INSERT INTO occupation (id, notes, day, month, year, date, location_id) VALUES (476, 'Friherre', null, null, null, null, null);
INSERT INTO person (id, first_name, last_name, middle_names, notes, sex, birth_id, death_id, burial_id, father_id, mother_id) VALUES (1048, 'ERik', 'Nolcken', 'Mattias, von', '', 'UNKNOWN', 3142, 3143, 3144, null, null);

--======= Insert Person id: 1049 =======
INSERT INTO location (id, city, country, region, notes, latitude, longitude, fetch_status) VALUES (1286, 'Stockholm', 'Sverige', '', '', 59.33257, 18.06683, 'FETCHED_WITH_SUCCESS');
INSERT INTO life_event (id, day, month, year, date, notes, location_id) VALUES (3145, 4, 11, 1699, '1699-11-04', '', 1286);
INSERT INTO location (id, city, country, region, notes, latitude, longitude, fetch_status) VALUES (1287, 'Lund', 'Sverige', '', '', 55.70664, 13.18759, 'FETCHED_WITH_SUCCESS');
INSERT INTO life_event (id, day, month, year, date, notes, location_id) VALUES (3146, 28, 11, 1774, '1774-11-28', '', 1287);
INSERT INTO life_event (id, day, month, year, date, notes, location_id) VALUES (3147, null, null, null, null, '', null);
INSERT INTO occupation (id, notes, day, month, year, date, location_id) VALUES (477, 'Professor vid lunds universitet', null, null, null, null, null);
INSERT INTO person (id, first_name, last_name, middle_names, notes, sex, birth_id, death_id, burial_id, father_id, mother_id) VALUES (1049, 'Gustaf', 'Harmens', '', '', 'UNKNOWN', 3145, 3146, 3147, null, null);

--======= Insert Person id: 1050 =======
INSERT INTO life_event (id, day, month, year, date, notes, location_id) VALUES (3148, null, null, 1570, '1570-01-01', '', null);
INSERT INTO life_event (id, day, month, year, date, notes, location_id) VALUES (3149, null, null, null, null, '', null);
INSERT INTO life_event (id, day, month, year, date, notes, location_id) VALUES (3150, null, null, null, null, '', null);
INSERT INTO person (id, first_name, last_name, middle_names, notes, sex, birth_id, death_id, burial_id, father_id, mother_id) VALUES (1050, 'Margareta', 'Kristoffersdatter', '', '', 'WOMAN', 3148, 3149, 3150, null, null);

--======= Insert Person id: 1051 =======
INSERT INTO life_event (id, day, month, year, date, notes, location_id) VALUES (3151, null, null, null, null, '', null);
INSERT INTO life_event (id, day, month, year, date, notes, location_id) VALUES (3152, null, null, null, null, '', null);
INSERT INTO life_event (id, day, month, year, date, notes, location_id) VALUES (3153, null, null, null, null, '', null);
INSERT INTO person (id, first_name, last_name, middle_names, notes, sex, birth_id, death_id, burial_id, father_id, mother_id) VALUES (1051, 'Jens', 'Söfrensen', '', '', 'MAN', 3151, 3152, 3153, null, null);

--======= Insert Person id: 1052 =======
INSERT INTO location (id, city, country, region, notes, latitude, longitude, fetch_status) VALUES (1288, 'Danmark', 'Sverige', '', '', 59.83257, 17.74339, 'FETCHED_WITH_SUCCESS');
INSERT INTO life_event (id, day, month, year, date, notes, location_id) VALUES (3154, null, null, 1625, '1625-01-01', '', 1288);
INSERT INTO location (id, city, country, region, notes, latitude, longitude, fetch_status) VALUES (1289, 'Skabersjö', 'Sverige', '', '', 55.54358, 13.16413, 'FETCHED_WITH_SUCCESS');
INSERT INTO life_event (id, day, month, year, date, notes, location_id) VALUES (3155, null, null, 1653, '1653-01-01', '', 1289);
INSERT INTO life_event (id, day, month, year, date, notes, location_id) VALUES (3156, null, null, null, null, '', null);
INSERT INTO person (id, first_name, last_name, middle_names, notes, sex, birth_id, death_id, burial_id, father_id, mother_id) VALUES (1052, 'Dorotea', 'Hermansdatter', '', '', 'WOMAN', 3154, 3155, 3156, null, null);

--======= Insert Person id: 1053 =======
INSERT INTO location (id, city, country, region, notes, latitude, longitude, fetch_status) VALUES (1290, 'Skabersjö', 'Sverige', '', '', 55.54358, 13.16413, 'FETCHED_WITH_SUCCESS');
INSERT INTO life_event (id, day, month, year, date, notes, location_id) VALUES (3157, null, null, 1648, '1648-01-01', '', 1290);
INSERT INTO location (id, city, country, region, notes, latitude, longitude, fetch_status) VALUES (1291, 'Malmö Sankt Petri', 'Sverige', '', '', 55.60717, 13.00281, 'FETCHED_WITH_SUCCESS');
INSERT INTO life_event (id, day, month, year, date, notes, location_id) VALUES (3158, null, null, 1725, '1725-01-01', '', 1291);
INSERT INTO life_event (id, day, month, year, date, notes, location_id) VALUES (3159, null, null, null, null, '', null);
INSERT INTO person (id, first_name, last_name, middle_names, notes, sex, birth_id, death_id, burial_id, father_id, mother_id) VALUES (1053, 'Marna', 'Faxe', 'Maren', '', 'UNKNOWN', 3157, 3158, 3159, null, null);

--======= Insert Person id: 1054 =======
INSERT INTO location (id, city, country, region, notes, latitude, longitude, fetch_status) VALUES (1292, 'Skabersjö', 'Sverige', '', '', 55.54358, 13.16413, 'FETCHED_WITH_SUCCESS');
INSERT INTO life_event (id, day, month, year, date, notes, location_id) VALUES (3160, null, null, 1649, '1649-01-01', '', 1292);
INSERT INTO location (id, city, country, region, notes, latitude, longitude, fetch_status) VALUES (1293, 'Skabersjö', 'Sverige', '', '', 55.54358, 13.16413, 'FETCHED_WITH_SUCCESS');
INSERT INTO life_event (id, day, month, year, date, notes, location_id) VALUES (3161, null, null, 1653, '1653-01-01', '', 1293);
INSERT INTO life_event (id, day, month, year, date, notes, location_id) VALUES (3162, null, null, null, null, '', null);
INSERT INTO person (id, first_name, last_name, middle_names, notes, sex, birth_id, death_id, burial_id, father_id, mother_id) VALUES (1054, '', 'Faxe', '', '', 'UNKNOWN', 3160, 3161, 3162, null, null);

--======= Insert Person id: 1055 =======
INSERT INTO location (id, city, country, region, notes, latitude, longitude, fetch_status) VALUES (1294, 'Skabersjö', 'Sverige', '', '', 55.54358, 13.16413, 'FETCHED_WITH_SUCCESS');
INSERT INTO life_event (id, day, month, year, date, notes, location_id) VALUES (3163, null, null, 1650, '1650-01-01', '', 1294);
INSERT INTO location (id, city, country, region, notes, latitude, longitude, fetch_status) VALUES (1295, 'Skabersjö', 'Sverige', '', '', 55.54358, 13.16413, 'FETCHED_WITH_SUCCESS');
INSERT INTO life_event (id, day, month, year, date, notes, location_id) VALUES (3164, null, null, 1653, '1653-01-01', '', 1295);
INSERT INTO life_event (id, day, month, year, date, notes, location_id) VALUES (3165, null, null, null, null, '', null);
INSERT INTO person (id, first_name, last_name, middle_names, notes, sex, birth_id, death_id, burial_id, father_id, mother_id) VALUES (1055, '', 'Faxe', '', '', 'UNKNOWN', 3163, 3164, 3165, null, null);

--======= Insert Person id: 1056 =======
INSERT INTO location (id, city, country, region, notes, latitude, longitude, fetch_status) VALUES (1296, 'Skabersjö', 'Sverige', '', '', 55.54358, 13.16413, 'FETCHED_WITH_SUCCESS');
INSERT INTO life_event (id, day, month, year, date, notes, location_id) VALUES (3166, null, null, 1651, '1651-01-01', '', 1296);
INSERT INTO location (id, city, country, region, notes, latitude, longitude, fetch_status) VALUES (1297, 'Skabersjö', 'Sverige', '', '', 55.54358, 13.16413, 'FETCHED_WITH_SUCCESS');
INSERT INTO life_event (id, day, month, year, date, notes, location_id) VALUES (3167, null, null, 1653, '1653-01-01', '', 1297);
INSERT INTO life_event (id, day, month, year, date, notes, location_id) VALUES (3168, null, null, null, null, '', null);
INSERT INTO person (id, first_name, last_name, middle_names, notes, sex, birth_id, death_id, burial_id, father_id, mother_id) VALUES (1056, '', 'Faxe', '', '', 'UNKNOWN', 3166, 3167, 3168, null, null);

--======= Insert Person id: 1057 =======
INSERT INTO location (id, city, country, region, notes, latitude, longitude, fetch_status) VALUES (1298, 'Skabersjö', 'Sverige', '', '', 55.54358, 13.16413, 'FETCHED_WITH_SUCCESS');
INSERT INTO life_event (id, day, month, year, date, notes, location_id) VALUES (3169, null, null, 1652, '1652-01-01', '', 1298);
INSERT INTO location (id, city, country, region, notes, latitude, longitude, fetch_status) VALUES (1299, 'Skabersjö', 'Sverige', '', '', 55.54358, 13.16413, 'FETCHED_WITH_SUCCESS');
INSERT INTO life_event (id, day, month, year, date, notes, location_id) VALUES (3170, null, null, 1653, '1653-01-01', '', 1299);
INSERT INTO life_event (id, day, month, year, date, notes, location_id) VALUES (3171, null, null, null, null, '', null);
INSERT INTO person (id, first_name, last_name, middle_names, notes, sex, birth_id, death_id, burial_id, father_id, mother_id) VALUES (1057, '', 'Faxe', '', '', 'UNKNOWN', 3169, 3170, 3171, null, null);

--======= Insert Person id: 1058 =======
INSERT INTO location (id, city, country, region, notes, latitude, longitude, fetch_status) VALUES (1300, 'Skabersjö', 'Sverige', '', '', 55.54358, 13.16413, 'FETCHED_WITH_SUCCESS');
INSERT INTO life_event (id, day, month, year, date, notes, location_id) VALUES (3172, null, null, 1658, '1658-01-01', '', 1300);
INSERT INTO location (id, city, country, region, notes, latitude, longitude, fetch_status) VALUES (1301, 'Igelösa', 'Sverige', '', '', 55.76367, 13.26852, 'FETCHED_WITH_SUCCESS');
INSERT INTO life_event (id, day, month, year, date, notes, location_id) VALUES (3173, null, null, 1738, '1738-01-01', '', 1301);
INSERT INTO life_event (id, day, month, year, date, notes, location_id) VALUES (3174, null, null, null, null, '', null);
INSERT INTO person (id, first_name, last_name, middle_names, notes, sex, birth_id, death_id, burial_id, father_id, mother_id) VALUES (1058, 'Dorotea', 'Faxe', '', '', 'UNKNOWN', 3172, 3173, 3174, null, null);

--======= Insert Person id: 1059 =======
INSERT INTO location (id, city, country, region, notes, latitude, longitude, fetch_status) VALUES (1302, 'Skabersjö', 'Sverige', '', '', 55.54358, 13.16413, 'FETCHED_WITH_SUCCESS');
INSERT INTO life_event (id, day, month, year, date, notes, location_id) VALUES (3175, null, null, 1663, '1663-01-01', '', 1302);
INSERT INTO location (id, city, country, region, notes, latitude, longitude, fetch_status) VALUES (1303, 'Malmö Sankt Petri', 'Sverige', '', '', 55.60717, 13.00281, 'FETCHED_WITH_SUCCESS');
INSERT INTO life_event (id, day, month, year, date, notes, location_id) VALUES (3176, null, null, 1730, '1730-01-01', '', 1303);
INSERT INTO life_event (id, day, month, year, date, notes, location_id) VALUES (3177, null, null, null, null, '', null);
INSERT INTO person (id, first_name, last_name, middle_names, notes, sex, birth_id, death_id, burial_id, father_id, mother_id) VALUES (1059, 'Ingeborg', 'Faxe', '', '', 'UNKNOWN', 3175, 3176, 3177, null, null);

--======= Insert Person id: 1060 =======
INSERT INTO location (id, city, country, region, notes, latitude, longitude, fetch_status) VALUES (1304, 'Skabersjö', 'Sverige', '', '', 55.54358, 13.16413, 'FETCHED_WITH_SUCCESS');
INSERT INTO life_event (id, day, month, year, date, notes, location_id) VALUES (3178, null, null, 1663, '1663-01-01', '', 1304);
INSERT INTO location (id, city, country, region, notes, latitude, longitude, fetch_status) VALUES (1305, 'Svedala', 'Sverige', '', '', 55.50856, 13.23372, 'FETCHED_WITH_SUCCESS');
INSERT INTO life_event (id, day, month, year, date, notes, location_id) VALUES (3179, null, null, 1703, '1703-01-01', '', 1305);
INSERT INTO life_event (id, day, month, year, date, notes, location_id) VALUES (3180, null, null, null, null, '', null);
INSERT INTO person (id, first_name, last_name, middle_names, notes, sex, birth_id, death_id, burial_id, father_id, mother_id) VALUES (1060, 'Anna', 'Faxe', '', '', 'UNKNOWN', 3178, 3179, 3180, null, null);

--======= Insert Person id: 1061 =======
INSERT INTO location (id, city, country, region, notes, latitude, longitude, fetch_status) VALUES (1306, 'Skabersjö', 'Sverige', '', '', 55.54358, 13.16413, 'FETCHED_WITH_SUCCESS');
INSERT INTO life_event (id, day, month, year, date, notes, location_id) VALUES (3181, null, null, 1667, '1667-01-01', '', 1306);
INSERT INTO life_event (id, day, month, year, date, notes, location_id) VALUES (3182, null, null, null, null, '', null);
INSERT INTO life_event (id, day, month, year, date, notes, location_id) VALUES (3183, null, null, null, null, '', null);
INSERT INTO person (id, first_name, last_name, middle_names, notes, sex, birth_id, death_id, burial_id, father_id, mother_id) VALUES (1061, 'Kristina', 'Faxe', '', '', 'UNKNOWN', 3181, 3182, 3183, null, null);

--======= Insert Person id: 1062 =======
INSERT INTO location (id, city, country, region, notes, latitude, longitude, fetch_status) VALUES (1307, 'Skabersjö', 'Sverige', '', '', 55.54358, 13.16413, 'FETCHED_WITH_SUCCESS');
INSERT INTO life_event (id, day, month, year, date, notes, location_id) VALUES (3184, null, null, 1669, '1669-01-01', '', 1307);
INSERT INTO location (id, city, country, region, notes, latitude, longitude, fetch_status) VALUES (1308, 'Malmö Sankt Petri', 'Sverige', '', '', 55.60717, 13.00281, 'FETCHED_WITH_SUCCESS');
INSERT INTO life_event (id, day, month, year, date, notes, location_id) VALUES (3185, null, null, 1714, '1714-01-01', '', 1308);
INSERT INTO life_event (id, day, month, year, date, notes, location_id) VALUES (3186, null, null, null, null, '', null);
INSERT INTO person (id, first_name, last_name, middle_names, notes, sex, birth_id, death_id, burial_id, father_id, mother_id) VALUES (1062, 'Helena', 'Faxe', '', '', 'UNKNOWN', 3184, 3185, 3186, null, null);

--======= Insert Person id: 1063 =======
INSERT INTO location (id, city, country, region, notes, latitude, longitude, fetch_status) VALUES (1309, 'Skabersjö', 'Sverige', '', '', 55.54358, 13.16413, 'FETCHED_WITH_SUCCESS');
INSERT INTO life_event (id, day, month, year, date, notes, location_id) VALUES (3187, null, null, 1671, '1671-01-01', '', 1309);
INSERT INTO location (id, city, country, region, notes, latitude, longitude, fetch_status) VALUES (1310, 'Malmö Sankt Petri', 'Sverige', '', '', 55.60717, 13.00281, 'FETCHED_WITH_SUCCESS');
INSERT INTO life_event (id, day, month, year, date, notes, location_id) VALUES (3188, null, null, 1710, '1710-01-01', '', 1310);
INSERT INTO life_event (id, day, month, year, date, notes, location_id) VALUES (3189, null, null, null, null, '', null);
INSERT INTO person (id, first_name, last_name, middle_names, notes, sex, birth_id, death_id, burial_id, father_id, mother_id) VALUES (1063, 'Jens', 'Faxe', '', '', 'UNKNOWN', 3187, 3188, 3189, null, null);

--======= Insert Person id: 1064 =======
INSERT INTO location (id, city, country, region, notes, latitude, longitude, fetch_status) VALUES (1311, 'Skabersjö', 'Sverige', '', '', 55.54358, 13.16413, 'FETCHED_WITH_SUCCESS');
INSERT INTO life_event (id, day, month, year, date, notes, location_id) VALUES (3190, null, null, 1672, '1672-01-01', '', 1311);
INSERT INTO life_event (id, day, month, year, date, notes, location_id) VALUES (3191, null, null, null, null, '', null);
INSERT INTO life_event (id, day, month, year, date, notes, location_id) VALUES (3192, null, null, null, null, '', null);
INSERT INTO person (id, first_name, last_name, middle_names, notes, sex, birth_id, death_id, burial_id, father_id, mother_id) VALUES (1064, 'Tage', 'Faxe', '', '', 'UNKNOWN', 3190, 3191, 3192, null, null);

--======= Insert Person id: 1065 =======
INSERT INTO life_event (id, day, month, year, date, notes, location_id) VALUES (3193, null, null, null, null, '', null);
INSERT INTO life_event (id, day, month, year, date, notes, location_id) VALUES (3194, null, null, null, null, '', null);
INSERT INTO life_event (id, day, month, year, date, notes, location_id) VALUES (3195, null, null, null, null, '', null);
INSERT INTO occupation (id, notes, day, month, year, date, location_id) VALUES (478, 'Kemist', null, null, null, null, null);
INSERT INTO person (id, first_name, last_name, middle_names, notes, sex, birth_id, death_id, burial_id, father_id, mother_id) VALUES (1065, 'Bengt', 'Eklund', '', 'Oforskat Fullständig uppgifter (sid 1).
Oforskat Fullständiga uppgifter om föräldrar (sid 4).', 'MAN', 3193, 3194, 3195, null, null);

--======= Insert Person id: 1066 =======
INSERT INTO life_event (id, day, month, year, date, notes, location_id) VALUES (3196, null, null, null, null, '', null);
INSERT INTO life_event (id, day, month, year, date, notes, location_id) VALUES (3197, null, null, null, null, '', null);
INSERT INTO life_event (id, day, month, year, date, notes, location_id) VALUES (3198, null, null, null, null, '', null);
INSERT INTO occupation (id, notes, day, month, year, date, location_id) VALUES (479, 'Oforskat fullständiga uppgifter', null, null, null, null, null);
INSERT INTO person (id, first_name, last_name, middle_names, notes, sex, birth_id, death_id, burial_id, father_id, mother_id) VALUES (1066, 'Anna', 'Eklund', '', '', 'UNKNOWN', 3196, 3197, 3198, null, null);

--======= Insert Person id: 1067 =======
INSERT INTO life_event (id, day, month, year, date, notes, location_id) VALUES (3199, null, null, null, null, '', null);
INSERT INTO life_event (id, day, month, year, date, notes, location_id) VALUES (3200, null, null, null, null, '', null);
INSERT INTO life_event (id, day, month, year, date, notes, location_id) VALUES (3201, null, null, null, null, '', null);
INSERT INTO occupation (id, notes, day, month, year, date, location_id) VALUES (480, 'Oforskat fullständiga uppgifter', null, null, null, null, null);
INSERT INTO person (id, first_name, last_name, middle_names, notes, sex, birth_id, death_id, burial_id, father_id, mother_id) VALUES (1067, 'Lina', 'Eklund', '', '', 'UNKNOWN', 3199, 3200, 3201, null, null);

--======= Insert Person id: 1068 =======
INSERT INTO life_event (id, day, month, year, date, notes, location_id) VALUES (3202, null, null, null, null, '', null);
INSERT INTO life_event (id, day, month, year, date, notes, location_id) VALUES (3203, null, null, null, null, '', null);
INSERT INTO life_event (id, day, month, year, date, notes, location_id) VALUES (3204, null, null, null, null, '', null);
INSERT INTO occupation (id, notes, day, month, year, date, location_id) VALUES (481, 'Oforskat fullständiga uppgifter', null, null, null, null, null);
INSERT INTO person (id, first_name, last_name, middle_names, notes, sex, birth_id, death_id, burial_id, father_id, mother_id) VALUES (1068, 'Emma', 'Eklund', '', '', 'UNKNOWN', 3202, 3203, 3204, null, null);

--======= Insert Person id: 1069 =======
INSERT INTO life_event (id, day, month, year, date, notes, location_id) VALUES (3205, null, null, null, null, '', null);
INSERT INTO life_event (id, day, month, year, date, notes, location_id) VALUES (3206, null, null, null, null, '', null);
INSERT INTO life_event (id, day, month, year, date, notes, location_id) VALUES (3207, null, null, null, null, '', null);
INSERT INTO person (id, first_name, last_name, middle_names, notes, sex, birth_id, death_id, burial_id, father_id, mother_id) VALUES (1069, '', 'Maria', '', '', 'WOMAN', 3205, 3206, 3207, null, null);

--======= Insert Person id: 1070 =======
INSERT INTO life_event (id, day, month, year, date, notes, location_id) VALUES (3208, null, null, null, null, '', null);
INSERT INTO life_event (id, day, month, year, date, notes, location_id) VALUES (3209, null, null, null, null, '', null);
INSERT INTO life_event (id, day, month, year, date, notes, location_id) VALUES (3210, null, null, null, null, '', null);
INSERT INTO occupation (id, notes, day, month, year, date, location_id) VALUES (482, 'Oforskat fullständiga uppgifter', null, null, null, null, null);
INSERT INTO person (id, first_name, last_name, middle_names, notes, sex, birth_id, death_id, burial_id, father_id, mother_id) VALUES (1070, 'Karl', 'Stark', '', '', 'UNKNOWN', 3208, 3209, 3210, null, null);

--======= Insert Person id: 1071 =======
INSERT INTO life_event (id, day, month, year, date, notes, location_id) VALUES (3211, null, null, null, null, '', null);
INSERT INTO life_event (id, day, month, year, date, notes, location_id) VALUES (3212, null, null, null, null, '', null);
INSERT INTO life_event (id, day, month, year, date, notes, location_id) VALUES (3213, null, null, null, null, '', null);
INSERT INTO occupation (id, notes, day, month, year, date, location_id) VALUES (483, 'Oforskat fullständiga uppgifter', null, null, null, null, null);
INSERT INTO person (id, first_name, last_name, middle_names, notes, sex, birth_id, death_id, burial_id, father_id, mother_id) VALUES (1071, 'Johanna', 'Stark', '', '', 'UNKNOWN', 3211, 3212, 3213, null, null);

--======= Insert Person id: 1072 =======
INSERT INTO life_event (id, day, month, year, date, notes, location_id) VALUES (3214, null, null, null, null, '', null);
INSERT INTO life_event (id, day, month, year, date, notes, location_id) VALUES (3215, null, null, null, null, '', null);
INSERT INTO life_event (id, day, month, year, date, notes, location_id) VALUES (3216, null, null, null, null, '', null);
INSERT INTO person (id, first_name, last_name, middle_names, notes, sex, birth_id, death_id, burial_id, father_id, mother_id) VALUES (1072, '', 'Annika', '', '', 'WOMAN', 3214, 3215, 3216, null, null);

--======= Insert Person id: 1073 =======
INSERT INTO life_event (id, day, month, year, date, notes, location_id) VALUES (3217, null, null, null, null, '', null);
INSERT INTO life_event (id, day, month, year, date, notes, location_id) VALUES (3218, null, null, null, null, '', null);
INSERT INTO life_event (id, day, month, year, date, notes, location_id) VALUES (3219, null, null, null, null, '', null);
INSERT INTO person (id, first_name, last_name, middle_names, notes, sex, birth_id, death_id, burial_id, father_id, mother_id) VALUES (1073, 'Albin', 'Stark', '', '', 'UNKNOWN', 3217, 3218, 3219, null, null);

--======= Insert Person id: 1074 =======
INSERT INTO life_event (id, day, month, year, date, notes, location_id) VALUES (3220, null, null, null, null, '', null);
INSERT INTO life_event (id, day, month, year, date, notes, location_id) VALUES (3221, null, null, null, null, '', null);
INSERT INTO life_event (id, day, month, year, date, notes, location_id) VALUES (3222, null, null, null, null, '', null);
INSERT INTO person (id, first_name, last_name, middle_names, notes, sex, birth_id, death_id, burial_id, father_id, mother_id) VALUES (1074, 'Maja', 'Stark', '', '', 'UNKNOWN', 3220, 3221, 3222, null, null);

--======= Insert Person id: 1075 =======
INSERT INTO life_event (id, day, month, year, date, notes, location_id) VALUES (3223, null, null, null, null, '', null);
INSERT INTO life_event (id, day, month, year, date, notes, location_id) VALUES (3224, null, null, null, null, '', null);
INSERT INTO life_event (id, day, month, year, date, notes, location_id) VALUES (3225, null, null, null, null, '', null);
INSERT INTO person (id, first_name, last_name, middle_names, notes, sex, birth_id, death_id, burial_id, father_id, mother_id) VALUES (1075, '', 'Ylva', '', '', 'WOMAN', 3223, 3224, 3225, null, null);

--======= Insert Person id: 1076 =======
INSERT INTO life_event (id, day, month, year, date, notes, location_id) VALUES (3226, null, null, null, null, '', null);
INSERT INTO life_event (id, day, month, year, date, notes, location_id) VALUES (3227, null, null, null, null, '', null);
INSERT INTO life_event (id, day, month, year, date, notes, location_id) VALUES (3228, null, null, null, null, '', null);
INSERT INTO person (id, first_name, last_name, middle_names, notes, sex, birth_id, death_id, burial_id, father_id, mother_id) VALUES (1076, 'Jonatan', 'Stark', '', '', 'UNKNOWN', 3226, 3227, 3228, null, null);

--======= Insert Person id: 1077 =======
INSERT INTO life_event (id, day, month, year, date, notes, location_id) VALUES (3229, null, null, 2001, '2001-01-01', '', null);
INSERT INTO life_event (id, day, month, year, date, notes, location_id) VALUES (3230, null, null, null, null, '', null);
INSERT INTO life_event (id, day, month, year, date, notes, location_id) VALUES (3231, null, null, null, null, '', null);
INSERT INTO person (id, first_name, last_name, middle_names, notes, sex, birth_id, death_id, burial_id, father_id, mother_id) VALUES (1077, '', 'Stark', '', '', 'UNKNOWN', 3229, 3230, 3231, null, null);

--======= Insert Person id: 1078 =======
INSERT INTO life_event (id, day, month, year, date, notes, location_id) VALUES (3232, null, null, null, null, '', null);
INSERT INTO life_event (id, day, month, year, date, notes, location_id) VALUES (3233, null, null, null, null, '', null);
INSERT INTO life_event (id, day, month, year, date, notes, location_id) VALUES (3234, null, null, null, null, '', null);
INSERT INTO occupation (id, notes, day, month, year, date, location_id) VALUES (484, 'Oforskat födelsedatum', null, null, null, null, null);
INSERT INTO person (id, first_name, last_name, middle_names, notes, sex, birth_id, death_id, burial_id, father_id, mother_id) VALUES (1078, 'Birgit', 'Gulliksson', '', 'Oforskat Fader; Födelsedatum; Vigseldatum; Yrke; Dödsdatum?.
Oforskat Moder; Födelsedatum; Flicknamn; Yrke; Dödsdatum?.', 'WOMAN', 3232, 3233, 3234, null, null);

--======= Insert Person id: 1079 =======
INSERT INTO life_event (id, day, month, year, date, notes, location_id) VALUES (3235, null, null, 1967, '1967-01-01', '', null);
INSERT INTO life_event (id, day, month, year, date, notes, location_id) VALUES (3236, null, null, null, null, '', null);
INSERT INTO life_event (id, day, month, year, date, notes, location_id) VALUES (3237, null, null, null, null, '', null);
INSERT INTO occupation (id, notes, day, month, year, date, location_id) VALUES (485, 'Oforskat födelsedatum', null, null, null, null, null);
INSERT INTO person (id, first_name, last_name, middle_names, notes, sex, birth_id, death_id, burial_id, father_id, mother_id) VALUES (1079, 'Veronica', 'Wendler', '', '', 'UNKNOWN', 3235, 3236, 3237, null, null);

--======= Insert Person id: 1080 =======
INSERT INTO life_event (id, day, month, year, date, notes, location_id) VALUES (3238, null, null, 1972, '1972-01-01', '', null);
INSERT INTO life_event (id, day, month, year, date, notes, location_id) VALUES (3239, null, null, null, null, '', null);
INSERT INTO life_event (id, day, month, year, date, notes, location_id) VALUES (3240, null, null, null, null, '', null);
INSERT INTO occupation (id, notes, day, month, year, date, location_id) VALUES (486, 'Oforskat födelsedatum', null, null, null, null, null);
INSERT INTO person (id, first_name, last_name, middle_names, notes, sex, birth_id, death_id, burial_id, father_id, mother_id) VALUES (1080, 'Marie-Louise', 'Wendler', '', '', 'UNKNOWN', 3238, 3239, 3240, null, null);

--======= Insert Person id: 1081 =======
INSERT INTO life_event (id, day, month, year, date, notes, location_id) VALUES (3241, null, null, null, null, '', null);
INSERT INTO life_event (id, day, month, year, date, notes, location_id) VALUES (3242, null, null, null, null, '', null);
INSERT INTO life_event (id, day, month, year, date, notes, location_id) VALUES (3243, null, null, null, null, '', null);
INSERT INTO person (id, first_name, last_name, middle_names, notes, sex, birth_id, death_id, burial_id, father_id, mother_id) VALUES (1081, '', '', '', '', 'UNKNOWN', 3241, 3242, 3243, null, null);

--======= Insert Person id: 1082 =======
INSERT INTO location (id, city, country, region, notes, latitude, longitude, fetch_status) VALUES (1312, 'Danmark', 'Sverige', '', '', 59.83257, 17.74339, 'FETCHED_WITH_SUCCESS');
INSERT INTO life_event (id, day, month, year, date, notes, location_id) VALUES (3244, null, null, 1580, '1580-01-01', '', 1312);
INSERT INTO location (id, city, country, region, notes, latitude, longitude, fetch_status) VALUES (1313, 'i Danmark', 'Sverige', '', '', 59.83257, 17.74339, 'FETCHED_WITH_SUCCESS');
INSERT INTO life_event (id, day, month, year, date, notes, location_id) VALUES (3245, null, null, null, null, '', 1313);
INSERT INTO life_event (id, day, month, year, date, notes, location_id) VALUES (3246, null, null, null, null, '', null);
INSERT INTO person (id, first_name, last_name, middle_names, notes, sex, birth_id, death_id, burial_id, father_id, mother_id) VALUES (1082, 'Maren', 'Pedersdatter', '', '', 'WOMAN', 3244, 3245, 3246, null, null);

--======= Insert Person id: 1083 =======
INSERT INTO location (id, city, country, region, notes, latitude, longitude, fetch_status) VALUES (1314, 'Danmark', 'Sverige', '', '', 59.83257, 17.74339, 'FETCHED_WITH_SUCCESS');
INSERT INTO life_event (id, day, month, year, date, notes, location_id) VALUES (3247, null, null, null, null, '', 1314);
INSERT INTO location (id, city, country, region, notes, latitude, longitude, fetch_status) VALUES (1315, 'Danmark', 'Sverige', '', '', 59.83257, 17.74339, 'FETCHED_WITH_SUCCESS');
INSERT INTO life_event (id, day, month, year, date, notes, location_id) VALUES (3248, null, null, 1629, '1629-01-01', '', 1315);
INSERT INTO life_event (id, day, month, year, date, notes, location_id) VALUES (3249, null, null, null, null, '', null);
INSERT INTO person (id, first_name, last_name, middle_names, notes, sex, birth_id, death_id, burial_id, father_id, mother_id) VALUES (1083, 'Herman', 'Nielsen', '', '', 'MAN', 3247, 3248, 3249, null, null);

--======= Insert Person id: 1084 =======
INSERT INTO location (id, city, country, region, notes, latitude, longitude, fetch_status) VALUES (1316, 'Norge', 'Sverige', '', '', 34.98795, -97.99803, 'FETCHED_WITH_SUCCESS');
INSERT INTO life_event (id, day, month, year, date, notes, location_id) VALUES (3250, null, null, 1610, '1610-01-01', '', 1316);
INSERT INTO life_event (id, day, month, year, date, notes, location_id) VALUES (3251, null, null, null, null, '', null);
INSERT INTO life_event (id, day, month, year, date, notes, location_id) VALUES (3252, null, null, null, null, '', null);
INSERT INTO person (id, first_name, last_name, middle_names, notes, sex, birth_id, death_id, burial_id, father_id, mother_id) VALUES (1084, 'Peder', 'Hermansen', '', '', 'UNKNOWN', 3250, 3251, 3252, null, null);

--======= Insert Person id: 1085 =======
INSERT INTO location (id, city, country, region, notes, latitude, longitude, fetch_status) VALUES (1317, 'Lund', 'Sverige', '', '', 55.70664, 13.18759, 'FETCHED_WITH_SUCCESS');
INSERT INTO life_event (id, day, month, year, date, notes, location_id) VALUES (3253, null, null, 1550, '1550-01-01', '', 1317);
INSERT INTO location (id, city, country, region, notes, latitude, longitude, fetch_status) VALUES (1318, 'Ystad', 'Sverige', '', '', 55.43124, 13.82827, 'FETCHED_WITH_SUCCESS');
INSERT INTO life_event (id, day, month, year, date, notes, location_id) VALUES (3254, null, null, 1600, '1600-01-01', '', 1318);
INSERT INTO life_event (id, day, month, year, date, notes, location_id) VALUES (3255, null, null, null, null, '', null);
INSERT INTO person (id, first_name, last_name, middle_names, notes, sex, birth_id, death_id, burial_id, father_id, mother_id) VALUES (1085, 'Gertrud', 'Jonasdotter', '', '', 'WOMAN', 3253, 3254, 3255, null, null);

--======= Insert Person id: 1086 =======
INSERT INTO life_event (id, day, month, year, date, notes, location_id) VALUES (3256, null, null, null, null, '', null);
INSERT INTO location (id, city, country, region, notes, latitude, longitude, fetch_status) VALUES (1319, 'Ystad', 'Sverige', '', '', 55.43124, 13.82827, 'FETCHED_WITH_SUCCESS');
INSERT INTO life_event (id, day, month, year, date, notes, location_id) VALUES (3257, null, null, 1608, '1608-01-01', '', 1319);
INSERT INTO life_event (id, day, month, year, date, notes, location_id) VALUES (3258, null, null, null, null, '', null);
INSERT INTO person (id, first_name, last_name, middle_names, notes, sex, birth_id, death_id, burial_id, father_id, mother_id) VALUES (1086, 'Kristoffer', 'Tillufsen', '', '', 'MAN', 3256, 3257, 3258, null, null);

--======= Insert Person id: 1087 =======
INSERT INTO life_event (id, day, month, year, date, notes, location_id) VALUES (3259, null, null, null, null, '', null);
INSERT INTO location (id, city, country, region, notes, latitude, longitude, fetch_status) VALUES (1320, 'Malmö Sankt Petri', 'Sverige', '', '', 55.60717, 13.00281, 'FETCHED_WITH_SUCCESS');
INSERT INTO life_event (id, day, month, year, date, notes, location_id) VALUES (3260, null, null, 1684, '1684-01-01', '', 1320);
INSERT INTO life_event (id, day, month, year, date, notes, location_id) VALUES (3261, null, null, null, null, '', null);
INSERT INTO person (id, first_name, last_name, middle_names, notes, sex, birth_id, death_id, burial_id, father_id, mother_id) VALUES (1087, 'Herman', 'Fahrenhausen', '', '', 'UNKNOWN', 3259, 3260, 3261, null, null);

--======= Insert Person id: 1088 =======
INSERT INTO location (id, city, country, region, notes, latitude, longitude, fetch_status) VALUES (1321, 'Malmö Sankt Petri', 'Sverige', '', '', 55.60717, 13.00281, 'FETCHED_WITH_SUCCESS');
INSERT INTO life_event (id, day, month, year, date, notes, location_id) VALUES (3262, null, null, 1656, '1656-01-01', '', 1321);
INSERT INTO location (id, city, country, region, notes, latitude, longitude, fetch_status) VALUES (1322, 'Svedala', 'Sverige', '', '', 55.50856, 13.23372, 'FETCHED_WITH_SUCCESS');
INSERT INTO life_event (id, day, month, year, date, notes, location_id) VALUES (3263, null, null, 1717, '1717-01-01', '', 1322);
INSERT INTO life_event (id, day, month, year, date, notes, location_id) VALUES (3264, null, null, null, null, '', null);
INSERT INTO person (id, first_name, last_name, middle_names, notes, sex, birth_id, death_id, burial_id, father_id, mother_id) VALUES (1088, 'Per', 'Lorich', '', '', 'UNKNOWN', 3262, 3263, 3264, null, null);

--======= Insert Person id: 1089 =======
INSERT INTO life_event (id, day, month, year, date, notes, location_id) VALUES (3265, null, null, null, null, '', null);
INSERT INTO location (id, city, country, region, notes, latitude, longitude, fetch_status) VALUES (1323, 'Malmö Sankt Petri', 'Sverige', '', '', 55.60717, 13.00281, 'FETCHED_WITH_SUCCESS');
INSERT INTO life_event (id, day, month, year, date, notes, location_id) VALUES (3266, null, null, 1696, '1696-01-01', '', 1323);
INSERT INTO life_event (id, day, month, year, date, notes, location_id) VALUES (3267, null, null, null, null, '', null);
INSERT INTO person (id, first_name, last_name, middle_names, notes, sex, birth_id, death_id, burial_id, father_id, mother_id) VALUES (1089, 'Lars', 'Persson', '', '', 'UNKNOWN', 3265, 3266, 3267, null, null);

--======= Insert Person id: 1090 =======
INSERT INTO life_event (id, day, month, year, date, notes, location_id) VALUES (3268, null, null, null, null, '', null);
INSERT INTO life_event (id, day, month, year, date, notes, location_id) VALUES (3269, null, null, null, null, '', null);
INSERT INTO life_event (id, day, month, year, date, notes, location_id) VALUES (3270, null, null, null, null, '', null);
INSERT INTO person (id, first_name, last_name, middle_names, notes, sex, birth_id, death_id, burial_id, father_id, mother_id) VALUES (1090, 'Lars', 'Hwass', '', '', 'UNKNOWN', 3268, 3269, 3270, null, null);

--======= Insert Person id: 1091 =======
INSERT INTO location (id, city, country, region, notes, latitude, longitude, fetch_status) VALUES (1324, 'Malmö', 'Sverige', '', '', 55.59669, 13.0011, 'FETCHED_WITH_SUCCESS');
INSERT INTO life_event (id, day, month, year, date, notes, location_id) VALUES (3271, null, null, 1667, '1667-01-01', '', 1324);
INSERT INTO location (id, city, country, region, notes, latitude, longitude, fetch_status) VALUES (1325, 'Malmö Sankt Petri', 'Sverige', '', '', 55.60717, 13.00281, 'FETCHED_WITH_SUCCESS');
INSERT INTO life_event (id, day, month, year, date, notes, location_id) VALUES (3272, null, null, 1739, '1739-01-01', '', 1325);
INSERT INTO life_event (id, day, month, year, date, notes, location_id) VALUES (3273, null, null, null, null, '', null);
INSERT INTO person (id, first_name, last_name, middle_names, notes, sex, birth_id, death_id, burial_id, father_id, mother_id) VALUES (1091, 'Albrekt', 'Nehrman', '', '', 'UNKNOWN', 3271, 3272, 3273, null, null);

--======= Insert Person id: 1092 =======
INSERT INTO life_event (id, day, month, year, date, notes, location_id) VALUES (3274, null, null, null, null, '', null);
INSERT INTO location (id, city, country, region, notes, latitude, longitude, fetch_status) VALUES (1326, 'Ystad', 'Sverige', '', '', 55.43124, 13.82827, 'FETCHED_WITH_SUCCESS');
INSERT INTO life_event (id, day, month, year, date, notes, location_id) VALUES (3275, null, null, 1580, '1580-01-01', '', 1326);
INSERT INTO life_event (id, day, month, year, date, notes, location_id) VALUES (3276, null, null, null, null, '', null);
INSERT INTO person (id, first_name, last_name, middle_names, notes, sex, birth_id, death_id, burial_id, father_id, mother_id) VALUES (1092, 'Margarete', 'Jakobsdatter', '', '', 'WOMAN', 3274, 3275, 3276, null, null);

--======= Insert Person id: 1093 =======
INSERT INTO location (id, city, country, region, notes, latitude, longitude, fetch_status) VALUES (1327, 'Tyskland', 'Sverige', '', '', 62.65903, 14.39167, 'FETCHED_WITH_SUCCESS');
INSERT INTO life_event (id, day, month, year, date, notes, location_id) VALUES (3277, null, null, 1520, '1520-01-01', '', 1327);
INSERT INTO location (id, city, country, region, notes, latitude, longitude, fetch_status) VALUES (1328, 'Lund', 'Sverige', '', '', 55.70664, 13.18759, 'FETCHED_WITH_SUCCESS');
INSERT INTO life_event (id, day, month, year, date, notes, location_id) VALUES (3278, null, null, 1567, '1567-01-01', '', 1328);
INSERT INTO life_event (id, day, month, year, date, notes, location_id) VALUES (3279, null, null, null, null, '', null);
INSERT INTO person (id, first_name, last_name, middle_names, notes, sex, birth_id, death_id, burial_id, father_id, mother_id) VALUES (1093, 'Matilda', 'Sonnigsdatter', '', '', 'WOMAN', 3277, 3278, 3279, null, null);

--======= Insert Person id: 1094 =======
INSERT INTO life_event (id, day, month, year, date, notes, location_id) VALUES (3280, null, null, null, null, '', null);
INSERT INTO location (id, city, country, region, notes, latitude, longitude, fetch_status) VALUES (1329, 'Lund', 'Sverige', '', '', 55.70664, 13.18759, 'FETCHED_WITH_SUCCESS');
INSERT INTO life_event (id, day, month, year, date, notes, location_id) VALUES (3281, null, null, 1577, '1577-01-01', '', 1329);
INSERT INTO life_event (id, day, month, year, date, notes, location_id) VALUES (3282, null, null, null, null, '', null);
INSERT INTO person (id, first_name, last_name, middle_names, notes, sex, birth_id, death_id, burial_id, father_id, mother_id) VALUES (1094, 'Jon', 'Tursen', '', '', 'MAN', 3280, 3281, 3282, null, null);

--======= Insert Person id: 1095 =======
INSERT INTO location (id, city, country, region, notes, latitude, longitude, fetch_status) VALUES (1330, 'Malmö', 'Sverige', '', '', 55.59669, 13.0011, 'FETCHED_WITH_SUCCESS');
INSERT INTO life_event (id, day, month, year, date, notes, location_id) VALUES (3283, null, null, 1465, '1465-01-01', '', 1330);
INSERT INTO location (id, city, country, region, notes, latitude, longitude, fetch_status) VALUES (1331, 'Malmö', 'Sverige', '', '', 55.59669, 13.0011, 'FETCHED_WITH_SUCCESS');
INSERT INTO life_event (id, day, month, year, date, notes, location_id) VALUES (3284, null, null, 1532, '1532-01-01', '', 1331);
INSERT INTO life_event (id, day, month, year, date, notes, location_id) VALUES (3285, null, null, null, null, '', null);
INSERT INTO person (id, first_name, last_name, middle_names, notes, sex, birth_id, death_id, burial_id, father_id, mother_id) VALUES (1095, 'Jakob', 'Mickelsen', '', '', 'MAN', 3283, 3284, 3285, null, null);

--======= Insert Person id: 1096 =======
INSERT INTO life_event (id, day, month, year, date, notes, location_id) VALUES (3286, null, null, null, null, '', null);
INSERT INTO location (id, city, country, region, notes, latitude, longitude, fetch_status) VALUES (1332, 'Malmö', 'Sverige', '', '', 55.59669, 13.0011, 'FETCHED_WITH_SUCCESS');
INSERT INTO life_event (id, day, month, year, date, notes, location_id) VALUES (3287, null, null, 1464, '1464-01-01', '', 1332);
INSERT INTO life_event (id, day, month, year, date, notes, location_id) VALUES (3288, null, null, null, null, '', null);
INSERT INTO person (id, first_name, last_name, middle_names, notes, sex, birth_id, death_id, burial_id, father_id, mother_id) VALUES (1096, 'Mikael', 'Guldsmed', '', '', 'MAN', 3286, 3287, 3288, null, null);

--======= Insert Person id: 1097 =======
INSERT INTO location (id, city, country, region, notes, latitude, longitude, fetch_status) VALUES (1333, 'Kvistofta', 'Sverige', '', '', 55.96836, 12.82905, 'FETCHED_WITH_SUCCESS');
INSERT INTO life_event (id, day, month, year, date, notes, location_id) VALUES (3289, null, null, 1740, '1740-01-01', '', 1333);
INSERT INTO location (id, city, country, region, notes, latitude, longitude, fetch_status) VALUES (1334, 'Kvistofta', 'Sverige', '', '', 55.96836, 12.82905, 'FETCHED_WITH_SUCCESS');
INSERT INTO life_event (id, day, month, year, date, notes, location_id) VALUES (3290, null, null, 1783, '1783-01-01', '', 1334);
INSERT INTO life_event (id, day, month, year, date, notes, location_id) VALUES (3291, null, null, null, null, '', null);
INSERT INTO person (id, first_name, last_name, middle_names, notes, sex, birth_id, death_id, burial_id, father_id, mother_id) VALUES (1097, 'Petronella', 'Hjort', '', '', 'WOMAN', 3289, 3290, 3291, null, null);

--======= Insert Person id: 1098 =======
INSERT INTO location (id, city, country, region, notes, latitude, longitude, fetch_status) VALUES (1335, 'Malmö', 'Sverige', '', '', 55.59669, 13.0011, 'FETCHED_WITH_SUCCESS');
INSERT INTO life_event (id, day, month, year, date, notes, location_id) VALUES (3292, null, null, 1754, '1754-01-01', '', 1335);
INSERT INTO location (id, city, country, region, notes, latitude, longitude, fetch_status) VALUES (1336, 'Landskrona', 'Sverige', '', '', 55.87204, 12.83009, 'FETCHED_WITH_SUCCESS');
INSERT INTO life_event (id, day, month, year, date, notes, location_id) VALUES (3293, null, null, 1833, '1833-01-01', '', 1336);
INSERT INTO life_event (id, day, month, year, date, notes, location_id) VALUES (3294, null, null, null, null, '', null);
INSERT INTO person (id, first_name, last_name, middle_names, notes, sex, birth_id, death_id, burial_id, father_id, mother_id) VALUES (1098, 'Engela', 'Bödker', 'Margareta', '', 'UNKNOWN', 3292, 3293, 3294, null, null);

--======= Insert Person id: 1099 =======
INSERT INTO location (id, city, country, region, notes, latitude, longitude, fetch_status) VALUES (1337, 'Kvistofta', 'Sverige', '', '', 55.96836, 12.82905, 'FETCHED_WITH_SUCCESS');
INSERT INTO life_event (id, day, month, year, date, notes, location_id) VALUES (3295, 19, 5, 1767, '1767-05-19', '', 1337);
INSERT INTO location (id, city, country, region, notes, latitude, longitude, fetch_status) VALUES (1338, 'Lund', 'Sverige', '', '', 55.70664, 13.18759, 'FETCHED_WITH_SUCCESS');
INSERT INTO life_event (id, day, month, year, date, notes, location_id) VALUES (3296, null, null, 1854, '1854-01-01', '', 1338);
INSERT INTO life_event (id, day, month, year, date, notes, location_id) VALUES (3297, null, null, null, null, '', null);
INSERT INTO person (id, first_name, last_name, middle_names, notes, sex, birth_id, death_id, burial_id, father_id, mother_id) VALUES (1099, 'Vilhelm', 'Faxe', '', '', 'MAN', 3295, 3296, 3297, null, null);

--======= Insert Person id: 1100 =======
INSERT INTO location (id, city, country, region, notes, latitude, longitude, fetch_status) VALUES (1339, 'Malmö', 'Sverige', '', '', 55.59669, 13.0011, 'FETCHED_WITH_SUCCESS');
INSERT INTO life_event (id, day, month, year, date, notes, location_id) VALUES (3298, 5, 6, 1770, '1770-06-05', '', 1339);
INSERT INTO location (id, city, country, region, notes, latitude, longitude, fetch_status) VALUES (1340, 'Södervidinge', 'Sverige', '', '', 55.82163, 13.09125, 'FETCHED_WITH_SUCCESS');
INSERT INTO life_event (id, day, month, year, date, notes, location_id) VALUES (3299, 23, 8, 1805, '1805-08-23', '', 1340);
INSERT INTO life_event (id, day, month, year, date, notes, location_id) VALUES (3300, null, null, null, null, '', null);
INSERT INTO person (id, first_name, last_name, middle_names, notes, sex, birth_id, death_id, burial_id, father_id, mother_id) VALUES (1100, 'Agneta', 'Lindman', '', '', 'WOMAN', 3298, 3299, 3300, null, null);

--======= Insert Person id: 1101 =======
INSERT INTO location (id, city, country, region, notes, latitude, longitude, fetch_status) VALUES (1341, 'Karlskrona', 'Sverige', '', '', 56.16067, 15.58464, 'FETCHED_WITH_SUCCESS');
INSERT INTO life_event (id, day, month, year, date, notes, location_id) VALUES (3301, 25, 8, 1773, '1773-08-25', '', 1341);
INSERT INTO location (id, city, country, region, notes, latitude, longitude, fetch_status) VALUES (1342, 'Lund', 'Sverige', '', '', 55.70664, 13.18759, 'FETCHED_WITH_SUCCESS');
INSERT INTO life_event (id, day, month, year, date, notes, location_id) VALUES (3302, 27, 8, 1845, '1845-08-27', '', 1342);
INSERT INTO life_event (id, day, month, year, date, notes, location_id) VALUES (3303, null, null, null, null, '', null);
INSERT INTO person (id, first_name, last_name, middle_names, notes, sex, birth_id, death_id, burial_id, father_id, mother_id) VALUES (1101, 'Helena', 'Billberg', 'Johanna', '', 'UNKNOWN', 3301, 3302, 3303, null, null);

--======= Insert Person id: 1102 =======
INSERT INTO location (id, city, country, region, notes, latitude, longitude, fetch_status) VALUES (1343, 'Lund', 'Sverige', '', '', 55.70664, 13.18759, 'FETCHED_WITH_SUCCESS');
INSERT INTO life_event (id, day, month, year, date, notes, location_id) VALUES (3304, 21, 7, 1796, '1796-07-21', '', 1343);
INSERT INTO location (id, city, country, region, notes, latitude, longitude, fetch_status) VALUES (1344, 'Lund', 'Sverige', '', '', 55.70664, 13.18759, 'FETCHED_WITH_SUCCESS');
INSERT INTO life_event (id, day, month, year, date, notes, location_id) VALUES (3305, 27, 3, 1827, '1827-03-27', '', 1344);
INSERT INTO life_event (id, day, month, year, date, notes, location_id) VALUES (3306, null, null, null, null, '', null);
INSERT INTO person (id, first_name, last_name, middle_names, notes, sex, birth_id, death_id, burial_id, father_id, mother_id) VALUES (1102, 'Jakob', 'Faxe', '', '', 'UNKNOWN', 3304, 3305, 3306, null, null);

--======= Insert Person id: 1103 =======
INSERT INTO location (id, city, country, region, notes, latitude, longitude, fetch_status) VALUES (1345, 'Lund', 'Sverige', '', '', 55.70664, 13.18759, 'FETCHED_WITH_SUCCESS');
INSERT INTO life_event (id, day, month, year, date, notes, location_id) VALUES (3307, 28, 6, 1797, '1797-06-28', '', 1345);
INSERT INTO location (id, city, country, region, notes, latitude, longitude, fetch_status) VALUES (1346, 'Medellin', 'Sydamerika', 'Nord Granada', '', 6.23048, -75.59149, 'FETCHED_WITH_SUCCESS');
INSERT INTO life_event (id, day, month, year, date, notes, location_id) VALUES (3308, 22, 3, 1860, '1860-03-22', '', 1346);
INSERT INTO life_event (id, day, month, year, date, notes, location_id) VALUES (3309, null, null, null, null, '', null);
INSERT INTO person (id, first_name, last_name, middle_names, notes, sex, birth_id, death_id, burial_id, father_id, mother_id) VALUES (1103, 'Lovisa', 'Faxe', 'Petronella', '', 'UNKNOWN', 3307, 3308, 3309, null, null);

--======= Insert Person id: 1104 =======
INSERT INTO location (id, city, country, region, notes, latitude, longitude, fetch_status) VALUES (1347, 'Lund', 'Sverige', '', '', 55.70664, 13.18759, 'FETCHED_WITH_SUCCESS');
INSERT INTO life_event (id, day, month, year, date, notes, location_id) VALUES (3310, 5, 7, 1799, '1799-07-05', '', 1347);
INSERT INTO location (id, city, country, region, notes, latitude, longitude, fetch_status) VALUES (1348, 'Lund', 'Sverige', '', '', 55.70664, 13.18759, 'FETCHED_WITH_SUCCESS');
INSERT INTO life_event (id, day, month, year, date, notes, location_id) VALUES (3311, 29, 11, 1854, '1854-11-29', '', 1348);
INSERT INTO life_event (id, day, month, year, date, notes, location_id) VALUES (3312, null, null, null, null, '', null);
INSERT INTO person (id, first_name, last_name, middle_names, notes, sex, birth_id, death_id, burial_id, father_id, mother_id) VALUES (1104, 'Margareta', 'Faxe', 'Sofia', '', 'WOMAN', 3310, 3311, 3312, null, null);

--======= Insert Person id: 1105 =======
INSERT INTO location (id, city, country, region, notes, latitude, longitude, fetch_status) VALUES (1349, 'Lund', 'Sverige', '', '', 55.70664, 13.18759, 'FETCHED_WITH_SUCCESS');
INSERT INTO life_event (id, day, month, year, date, notes, location_id) VALUES (3313, 22, 12, 1800, '1800-12-22', '', 1349);
INSERT INTO location (id, city, country, region, notes, latitude, longitude, fetch_status) VALUES (1350, 'Kristianstad', 'Sverige', '', '', 56.03099, 14.15416, 'FETCHED_WITH_SUCCESS');
INSERT INTO life_event (id, day, month, year, date, notes, location_id) VALUES (3314, 11, 6, 1874, '1874-06-11', '', 1350);
INSERT INTO life_event (id, day, month, year, date, notes, location_id) VALUES (3315, null, null, null, null, '', null);
INSERT INTO person (id, first_name, last_name, middle_names, notes, sex, birth_id, death_id, burial_id, father_id, mother_id) VALUES (1105, 'Peter', 'Faxe', 'Georg', '', 'UNKNOWN', 3313, 3314, 3315, null, null);

--======= Insert Person id: 1106 =======
INSERT INTO location (id, city, country, region, notes, latitude, longitude, fetch_status) VALUES (1351, 'Lund', 'Sverige', '', '', 55.70664, 13.18759, 'FETCHED_WITH_SUCCESS');
INSERT INTO life_event (id, day, month, year, date, notes, location_id) VALUES (3316, 12, 5, 1802, '1802-05-12', '', 1351);
INSERT INTO location (id, city, country, region, notes, latitude, longitude, fetch_status) VALUES (1352, 'Lund', 'Sverige', '', '', 55.70664, 13.18759, 'FETCHED_WITH_SUCCESS');
INSERT INTO life_event (id, day, month, year, date, notes, location_id) VALUES (3317, 9, 3, 1829, '1829-03-09', '', 1352);
INSERT INTO life_event (id, day, month, year, date, notes, location_id) VALUES (3318, null, null, null, null, '', null);
INSERT INTO person (id, first_name, last_name, middle_names, notes, sex, birth_id, death_id, burial_id, father_id, mother_id) VALUES (1106, 'Vilhelmina', 'Faxe', 'Ulrika', '', 'UNKNOWN', 3316, 3317, 3318, null, null);

--======= Insert Person id: 1107 =======
INSERT INTO life_event (id, day, month, year, date, notes, location_id) VALUES (3319, null, null, null, null, '', null);
INSERT INTO life_event (id, day, month, year, date, notes, location_id) VALUES (3320, null, null, null, null, '', null);
INSERT INTO life_event (id, day, month, year, date, notes, location_id) VALUES (3321, null, null, null, null, '', null);
INSERT INTO person (id, first_name, last_name, middle_names, notes, sex, birth_id, death_id, burial_id, father_id, mother_id) VALUES (1107, 'Catharina', 'Blomstedt', '', '', 'WOMAN', 3319, 3320, 3321, null, null);

--======= Insert Person id: 1108 =======
INSERT INTO life_event (id, day, month, year, date, notes, location_id) VALUES (3322, null, null, null, null, '', null);
INSERT INTO life_event (id, day, month, year, date, notes, location_id) VALUES (3323, null, null, null, null, '', null);
INSERT INTO life_event (id, day, month, year, date, notes, location_id) VALUES (3324, null, null, null, null, '', null);
INSERT INTO person (id, first_name, last_name, middle_names, notes, sex, birth_id, death_id, burial_id, father_id, mother_id) VALUES (1108, 'Peter', 'Lindman', 'Zacharias', '', 'MAN', 3322, 3323, 3324, null, null);

--======= Insert Person id: 1109 =======
INSERT INTO life_event (id, day, month, year, date, notes, location_id) VALUES (3325, null, null, null, null, '', null);
INSERT INTO life_event (id, day, month, year, date, notes, location_id) VALUES (3326, null, null, null, null, '', null);
INSERT INTO life_event (id, day, month, year, date, notes, location_id) VALUES (3327, null, null, null, null, '', null);
INSERT INTO occupation (id, notes, day, month, year, date, location_id) VALUES (487, 'Kapten', null, null, null, null, null);
INSERT INTO person (id, first_name, last_name, middle_names, notes, sex, birth_id, death_id, burial_id, father_id, mother_id) VALUES (1109, 'Karl', 'Greiff', 'Sigismund, Fromhold, von', '', 'UNKNOWN', 3325, 3326, 3327, null, null);

--======= Insert Person id: 1110 =======
INSERT INTO life_event (id, day, month, year, date, notes, location_id) VALUES (3328, null, null, null, null, '', null);
INSERT INTO life_event (id, day, month, year, date, notes, location_id) VALUES (3329, null, null, null, null, '', null);
INSERT INTO life_event (id, day, month, year, date, notes, location_id) VALUES (3330, null, null, null, null, '', null);
INSERT INTO occupation (id, notes, day, month, year, date, location_id) VALUES (488, 'Professor', null, null, null, null, null);
INSERT INTO person (id, first_name, last_name, middle_names, notes, sex, birth_id, death_id, burial_id, father_id, mother_id) VALUES (1110, 'Jonas', 'Engeström', 'Albin', '', 'MAN', 3328, 3329, 3330, null, null);

--======= Insert Person id: 1111 =======
INSERT INTO location (id, city, country, region, notes, latitude, longitude, fetch_status) VALUES (1353, 'Karlskrona Amiralitetsförs', 'Sverige', '', '', 56.16067, 15.58464, 'FETCHED_WITH_SUCCESS');
INSERT INTO life_event (id, day, month, year, date, notes, location_id) VALUES (3331, 11, 11, 1754, '1754-11-11', '', 1353);
INSERT INTO location (id, city, country, region, notes, latitude, longitude, fetch_status) VALUES (1354, 'Lund', 'Sverige', '', '', 55.70664, 13.18759, 'FETCHED_WITH_SUCCESS');
INSERT INTO life_event (id, day, month, year, date, notes, location_id) VALUES (3332, 27, 7, 1850, '1850-07-27', '', 1354);
INSERT INTO life_event (id, day, month, year, date, notes, location_id) VALUES (3333, null, null, null, null, '', null);
INSERT INTO person (id, first_name, last_name, middle_names, notes, sex, birth_id, death_id, burial_id, father_id, mother_id) VALUES (1111, 'Lovisa', 'Hjelm', 'Maria', '', 'WOMAN', 3331, 3332, 3333, null, null);

--======= Insert Person id: 1112 =======
INSERT INTO location (id, city, country, region, notes, latitude, longitude, fetch_status) VALUES (1355, 'Västra Ingelstad', 'Sverige', '', '', 55.49646, 13.10929, 'FETCHED_WITH_SUCCESS');
INSERT INTO life_event (id, day, month, year, date, notes, location_id) VALUES (3334, 24, 12, 1745, '1745-12-24', '', 1355);
INSERT INTO location (id, city, country, region, notes, latitude, longitude, fetch_status) VALUES (1356, 'Bunkeflo', 'Sverige', '', '', 55.55988, 12.92384, 'FETCHED_WITH_SUCCESS');
INSERT INTO life_event (id, day, month, year, date, notes, location_id) VALUES (3335, 19, 7, 1785, '1785-07-19', '', 1356);
INSERT INTO life_event (id, day, month, year, date, notes, location_id) VALUES (3336, null, null, null, null, '', null);
INSERT INTO occupation (id, notes, day, month, year, date, location_id) VALUES (489, 'Kyrkoherde', null, null, null, null, null);
INSERT INTO person (id, first_name, last_name, middle_names, notes, sex, birth_id, death_id, burial_id, father_id, mother_id) VALUES (1112, 'Elias', 'Billberg', '', '', 'MAN', 3334, 3335, 3336, null, null);

--======= Insert Person id: 1113 =======
INSERT INTO life_event (id, day, month, year, date, notes, location_id) VALUES (3337, null, null, null, null, '', null);
INSERT INTO location (id, city, country, region, notes, latitude, longitude, fetch_status) VALUES (1357, 'Kvistofta', 'Sverige', '', '', 55.96836, 12.82905, 'FETCHED_WITH_SUCCESS');
INSERT INTO life_event (id, day, month, year, date, notes, location_id) VALUES (3338, null, null, 1786, '1786-01-01', '', 1357);
INSERT INTO life_event (id, day, month, year, date, notes, location_id) VALUES (3339, null, null, null, null, '', null);
INSERT INTO person (id, first_name, last_name, middle_names, notes, sex, birth_id, death_id, burial_id, father_id, mother_id) VALUES (1113, 'Margareta', 'Corneij', '', '', 'WOMAN', 3337, 3338, 3339, null, null);

--======= Insert Person id: 1114 =======
INSERT INTO location (id, city, country, region, notes, latitude, longitude, fetch_status) VALUES (1358, 'Kvistofta', 'Sverige', '', '', 55.96836, 12.82905, 'FETCHED_WITH_SUCCESS');
INSERT INTO life_event (id, day, month, year, date, notes, location_id) VALUES (3340, null, null, 1738, '1738-01-01', '', 1358);
INSERT INTO location (id, city, country, region, notes, latitude, longitude, fetch_status) VALUES (1359, 'Malmö', 'Sverige', '', '', 55.59669, 13.0011, 'FETCHED_WITH_SUCCESS');
INSERT INTO life_event (id, day, month, year, date, notes, location_id) VALUES (3341, null, null, 1773, '1773-01-01', '', 1359);
INSERT INTO life_event (id, day, month, year, date, notes, location_id) VALUES (3342, null, null, null, null, '', null);
INSERT INTO person (id, first_name, last_name, middle_names, notes, sex, birth_id, death_id, burial_id, father_id, mother_id) VALUES (1114, 'Nils', 'Bödker', 'Johan', '', 'MAN', 3340, 3341, 3342, null, null);

--======= Insert Person id: 1115 =======
INSERT INTO life_event (id, day, month, year, date, notes, location_id) VALUES (3343, null, null, null, null, '', null);
INSERT INTO location (id, city, country, region, notes, latitude, longitude, fetch_status) VALUES (1360, 'Malmö', 'Sverige', '', '', 55.59669, 13.0011, 'FETCHED_WITH_SUCCESS');
INSERT INTO life_event (id, day, month, year, date, notes, location_id) VALUES (3344, null, null, 1769, '1769-01-01', '', 1360);
INSERT INTO life_event (id, day, month, year, date, notes, location_id) VALUES (3345, null, null, null, null, '', null);
INSERT INTO person (id, first_name, last_name, middle_names, notes, sex, birth_id, death_id, burial_id, father_id, mother_id) VALUES (1115, 'Göran', 'Weijer', '', '', 'UNKNOWN', 3343, 3344, 3345, null, null);

--======= Insert Person id: 1116 =======
INSERT INTO life_event (id, day, month, year, date, notes, location_id) VALUES (3346, null, null, null, null, '', null);
INSERT INTO location (id, city, country, region, notes, latitude, longitude, fetch_status) VALUES (1361, 'Malmö', 'Sverige', '', '', 55.59669, 13.0011, 'FETCHED_WITH_SUCCESS');
INSERT INTO life_event (id, day, month, year, date, notes, location_id) VALUES (3347, null, null, 1749, '1749-01-01', '', 1361);
INSERT INTO life_event (id, day, month, year, date, notes, location_id) VALUES (3348, null, null, null, null, '', null);
INSERT INTO person (id, first_name, last_name, middle_names, notes, sex, birth_id, death_id, burial_id, father_id, mother_id) VALUES (1116, 'Jost', 'Nehrman', '', '', 'UNKNOWN', 3346, 3347, 3348, null, null);

--======= Insert Person id: 1117 =======
INSERT INTO location (id, city, country, region, notes, latitude, longitude, fetch_status) VALUES (1362, 'Malmö Sankt Petri', 'Sverige', '', '', 55.60717, 13.00281, 'FETCHED_WITH_SUCCESS');
INSERT INTO life_event (id, day, month, year, date, notes, location_id) VALUES (3349, null, null, 1710, '1710-01-01', '', 1362);
INSERT INTO location (id, city, country, region, notes, latitude, longitude, fetch_status) VALUES (1363, 'Malmö Sankt Petri', 'Sverige', '', '', 55.60717, 13.00281, 'FETCHED_WITH_SUCCESS');
INSERT INTO life_event (id, day, month, year, date, notes, location_id) VALUES (3350, null, null, 1743, '1743-01-01', '', 1363);
INSERT INTO life_event (id, day, month, year, date, notes, location_id) VALUES (3351, null, null, null, null, '', null);
INSERT INTO person (id, first_name, last_name, middle_names, notes, sex, birth_id, death_id, burial_id, father_id, mother_id) VALUES (1117, 'Anna', 'Krutmeijer', '', '', 'WOMAN', 3349, 3350, 3351, null, null);

--======= Insert Person id: 1118 =======
INSERT INTO life_event (id, day, month, year, date, notes, location_id) VALUES (3352, null, null, null, null, '', null);
INSERT INTO location (id, city, country, region, notes, latitude, longitude, fetch_status) VALUES (1364, 'Malmö Sankt Petri', 'Sverige', '', '', 55.60717, 13.00281, 'FETCHED_WITH_SUCCESS');
INSERT INTO life_event (id, day, month, year, date, notes, location_id) VALUES (3353, null, null, 1709, '1709-01-01', '', 1364);
INSERT INTO life_event (id, day, month, year, date, notes, location_id) VALUES (3354, null, null, null, null, '', null);
INSERT INTO person (id, first_name, last_name, middle_names, notes, sex, birth_id, death_id, burial_id, father_id, mother_id) VALUES (1118, 'Kristian', 'Weijer', '', '', 'MAN', 3352, 3353, 3354, null, null);

--======= Insert Person id: 1119 =======
INSERT INTO life_event (id, day, month, year, date, notes, location_id) VALUES (3355, null, null, null, null, '', null);
INSERT INTO location (id, city, country, region, notes, latitude, longitude, fetch_status) VALUES (1365, 'Malmö', 'Sverige', '', '', 55.59669, 13.0011, 'FETCHED_WITH_SUCCESS');
INSERT INTO life_event (id, day, month, year, date, notes, location_id) VALUES (3356, null, null, 1675, '1675-01-01', '', 1365);
INSERT INTO life_event (id, day, month, year, date, notes, location_id) VALUES (3357, null, null, null, null, '', null);
INSERT INTO person (id, first_name, last_name, middle_names, notes, sex, birth_id, death_id, burial_id, father_id, mother_id) VALUES (1119, 'Jost', 'Nerman', '', '', 'MAN', 3355, 3356, 3357, null, null);

--======= Insert Person id: 1120 =======
INSERT INTO life_event (id, day, month, year, date, notes, location_id) VALUES (3358, null, null, null, null, '', null);
INSERT INTO location (id, city, country, region, notes, latitude, longitude, fetch_status) VALUES (1366, 'Malmö', 'Sverige', '', '', 55.59669, 13.0011, 'FETCHED_WITH_SUCCESS');
INSERT INTO life_event (id, day, month, year, date, notes, location_id) VALUES (3359, null, null, 1666, '1666-01-01', '', 1366);
INSERT INTO life_event (id, day, month, year, date, notes, location_id) VALUES (3360, null, null, null, null, '', null);
INSERT INTO person (id, first_name, last_name, middle_names, notes, sex, birth_id, death_id, burial_id, father_id, mother_id) VALUES (1120, 'Karin', 'Hoborg', '', '', 'WOMAN', 3358, 3359, 3360, null, null);

--======= Insert Person id: 1121 =======
INSERT INTO location (id, city, country, region, notes, latitude, longitude, fetch_status) VALUES (1367, 'Tyskland', 'Sverige', '', '', 62.65903, 14.39167, 'FETCHED_WITH_SUCCESS');
INSERT INTO life_event (id, day, month, year, date, notes, location_id) VALUES (3361, null, null, 1580, '1580-01-01', '', 1367);
INSERT INTO life_event (id, day, month, year, date, notes, location_id) VALUES (3362, null, null, null, null, '', null);
INSERT INTO life_event (id, day, month, year, date, notes, location_id) VALUES (3363, null, null, null, null, '', null);
INSERT INTO person (id, first_name, last_name, middle_names, notes, sex, birth_id, death_id, burial_id, father_id, mother_id) VALUES (1121, 'David', 'Nehrman', '', '', 'MAN', 3361, 3362, 3363, null, null);

--======= Insert Person id: 1122 =======
INSERT INTO location (id, city, country, region, notes, latitude, longitude, fetch_status) VALUES (1368, 'Malmö Sankt Petri', 'Sverige', '', '', 55.60717, 13.00281, 'FETCHED_WITH_SUCCESS');
INSERT INTO life_event (id, day, month, year, date, notes, location_id) VALUES (3364, null, null, 1638, '1638-01-01', '', 1368);
INSERT INTO location (id, city, country, region, notes, latitude, longitude, fetch_status) VALUES (1369, 'Svedala', 'Sverige', '', '', 55.50856, 13.23372, 'FETCHED_WITH_SUCCESS');
INSERT INTO life_event (id, day, month, year, date, notes, location_id) VALUES (3365, null, null, 1712, '1712-01-01', '', 1369);
INSERT INTO life_event (id, day, month, year, date, notes, location_id) VALUES (3366, null, null, null, null, '', null);
INSERT INTO person (id, first_name, last_name, middle_names, notes, sex, birth_id, death_id, burial_id, father_id, mother_id) VALUES (1122, 'Mette', 'Weijer', '', '', 'WOMAN', 3364, 3365, 3366, null, null);

--======= Insert Person id: 1123 =======
INSERT INTO location (id, city, country, region, notes, latitude, longitude, fetch_status) VALUES (1370, 'Malmö', 'Sverige', '', '', 55.59669, 13.0011, 'FETCHED_WITH_SUCCESS');
INSERT INTO life_event (id, day, month, year, date, notes, location_id) VALUES (3367, null, null, 1634, '1634-01-01', '', 1370);
INSERT INTO location (id, city, country, region, notes, latitude, longitude, fetch_status) VALUES (1371, 'Malmö', 'Sverige', '', '', 55.59669, 13.0011, 'FETCHED_WITH_SUCCESS');
INSERT INTO life_event (id, day, month, year, date, notes, location_id) VALUES (3368, null, null, 1694, '1694-01-01', '', 1371);
INSERT INTO life_event (id, day, month, year, date, notes, location_id) VALUES (3369, null, null, null, null, '', null);
INSERT INTO person (id, first_name, last_name, middle_names, notes, sex, birth_id, death_id, burial_id, father_id, mother_id) VALUES (1123, 'Baltsar', 'Lorich', '', '', 'MAN', 3367, 3368, 3369, null, null);

--======= Insert Person id: 1124 =======
INSERT INTO life_event (id, day, month, year, date, notes, location_id) VALUES (3370, null, null, null, null, '', null);
INSERT INTO life_event (id, day, month, year, date, notes, location_id) VALUES (3371, null, null, null, null, '', null);
INSERT INTO life_event (id, day, month, year, date, notes, location_id) VALUES (3372, null, null, null, null, '', null);
INSERT INTO person (id, first_name, last_name, middle_names, notes, sex, birth_id, death_id, burial_id, father_id, mother_id) VALUES (1124, 'Sofia', 'Lange', '', '', 'UNKNOWN', 3370, 3371, 3372, null, null);

--======= Insert Person id: 1125 =======
INSERT INTO life_event (id, day, month, year, date, notes, location_id) VALUES (3373, 28, 11, 1858, '1858-11-28', '', null);
INSERT INTO life_event (id, day, month, year, date, notes, location_id) VALUES (3374, 1, 9, 1933, '1933-09-01', '', null);
INSERT INTO life_event (id, day, month, year, date, notes, location_id) VALUES (3375, null, null, null, null, '', null);
INSERT INTO person (id, first_name, last_name, middle_names, notes, sex, birth_id, death_id, burial_id, father_id, mother_id) VALUES (1125, 'Anna', 'Osterman', 'Mathilda', '', 'WOMAN', 3373, 3374, 3375, null, null);

--======= Insert Person id: 1126 =======
INSERT INTO life_event (id, day, month, year, date, notes, location_id) VALUES (3376, 26, 9, 1860, '1860-09-26', '', null);
INSERT INTO life_event (id, day, month, year, date, notes, location_id) VALUES (3377, 16, 2, 1947, '1947-02-16', '', null);
INSERT INTO life_event (id, day, month, year, date, notes, location_id) VALUES (3378, null, null, null, null, '', null);
INSERT INTO person (id, first_name, last_name, middle_names, notes, sex, birth_id, death_id, burial_id, father_id, mother_id) VALUES (1126, 'Marianne', 'Osterman', 'Hilm, Louise', '', 'UNKNOWN', 3376, 3377, 3378, null, null);

--======= Insert Person id: 1127 =======
INSERT INTO life_event (id, day, month, year, date, notes, location_id) VALUES (3379, 4, 3, 1863, '1863-03-04', '', null);
INSERT INTO life_event (id, day, month, year, date, notes, location_id) VALUES (3380, 2, 4, 1949, '1949-04-02', '', null);
INSERT INTO life_event (id, day, month, year, date, notes, location_id) VALUES (3381, null, null, null, null, '', null);
INSERT INTO person (id, first_name, last_name, middle_names, notes, sex, birth_id, death_id, burial_id, father_id, mother_id) VALUES (1127, 'Hilma', 'Osterman', 'Johanna', '', 'UNKNOWN', 3379, 3380, 3381, null, null);

--======= Insert Person id: 1128 =======
INSERT INTO life_event (id, day, month, year, date, notes, location_id) VALUES (3382, 19, 4, 1866, '1866-04-19', '', null);
INSERT INTO life_event (id, day, month, year, date, notes, location_id) VALUES (3383, 5, 8, 1934, '1934-08-05', '', null);
INSERT INTO life_event (id, day, month, year, date, notes, location_id) VALUES (3384, null, null, null, null, '', null);
INSERT INTO person (id, first_name, last_name, middle_names, notes, sex, birth_id, death_id, burial_id, father_id, mother_id) VALUES (1128, 'Jenny', 'Osterman', 'Vilhelmina, Emilia', '', 'UNKNOWN', 3382, 3383, 3384, null, null);

--======= Insert Person id: 1129 =======
INSERT INTO life_event (id, day, month, year, date, notes, location_id) VALUES (3385, 26, 3, 1869, '1869-03-26', '', null);
INSERT INTO life_event (id, day, month, year, date, notes, location_id) VALUES (3386, null, null, 1908, '1908-01-01', '', null);
INSERT INTO life_event (id, day, month, year, date, notes, location_id) VALUES (3387, null, null, null, null, '', null);
INSERT INTO person (id, first_name, last_name, middle_names, notes, sex, birth_id, death_id, burial_id, father_id, mother_id) VALUES (1129, 'Didrik', 'Osterman', 'Christoffer', '', 'MAN', 3385, 3386, 3387, null, null);

--======= Insert Person id: 1130 =======
INSERT INTO location (id, city, country, region, notes, latitude, longitude, fetch_status) VALUES (1372, 'Kristinehamn', 'Sverige', '', '', 59.3095, 14.10597, 'FETCHED_WITH_SUCCESS');
INSERT INTO life_event (id, day, month, year, date, notes, location_id) VALUES (3388, null, null, 1683, '1683-01-01', '', 1372);
INSERT INTO location (id, city, country, region, notes, latitude, longitude, fetch_status) VALUES (1373, 'Kristinehamn', 'Sverige', '', '', 59.3095, 14.10597, 'FETCHED_WITH_SUCCESS');
INSERT INTO life_event (id, day, month, year, date, notes, location_id) VALUES (3389, null, null, 1745, '1745-01-01', '', 1373);
INSERT INTO life_event (id, day, month, year, date, notes, location_id) VALUES (3390, null, null, null, null, '', null);
INSERT INTO person (id, first_name, last_name, middle_names, notes, sex, birth_id, death_id, burial_id, father_id, mother_id) VALUES (1130, 'Magdalena', 'Stockhus', '', '', 'WOMAN', 3388, 3389, 3390, null, null);

--======= Insert Person id: 1131 =======
INSERT INTO life_event (id, day, month, year, date, notes, location_id) VALUES (3391, null, null, null, null, '', null);
INSERT INTO location (id, city, country, region, notes, latitude, longitude, fetch_status) VALUES (1374, 'Kristinehamn', 'Sverige', '', '', 59.3095, 14.10597, 'FETCHED_WITH_SUCCESS');
INSERT INTO life_event (id, day, month, year, date, notes, location_id) VALUES (3392, null, null, 1755, '1755-01-01', '', 1374);
INSERT INTO life_event (id, day, month, year, date, notes, location_id) VALUES (3393, null, null, null, null, '', null);
INSERT INTO person (id, first_name, last_name, middle_names, notes, sex, birth_id, death_id, burial_id, father_id, mother_id) VALUES (1131, 'Gustav', 'Ullman', '', '', 'MAN', 3391, 3392, 3393, null, null);

--======= Insert Person id: 1132 =======
INSERT INTO life_event (id, day, month, year, date, notes, location_id) VALUES (3394, null, null, null, null, '', null);
INSERT INTO location (id, city, country, region, notes, latitude, longitude, fetch_status) VALUES (1375, 'Strängnäs domkyrkoförs', 'Sverige', '', '', 59.37495, 17.02675, 'FETCHED_WITH_SUCCESS');
INSERT INTO life_event (id, day, month, year, date, notes, location_id) VALUES (3395, null, null, 1905, '1905-01-01', '', 1375);
INSERT INTO life_event (id, day, month, year, date, notes, location_id) VALUES (3396, null, null, null, null, '', null);
INSERT INTO person (id, first_name, last_name, middle_names, notes, sex, birth_id, death_id, burial_id, father_id, mother_id) VALUES (1132, 'Friederique', 'Pieverling', 'von', '', 'WOMAN', 3394, 3395, 3396, null, null);

--======= Insert Person id: 1133 =======
INSERT INTO location (id, city, country, region, notes, latitude, longitude, fetch_status) VALUES (1376, 'Gbg', 'Sverige', '', '', 59.33257, 18.06682, 'FETCHED_WITH_SUCCESS');
INSERT INTO life_event (id, day, month, year, date, notes, location_id) VALUES (3397, null, null, 1874, '1874-01-01', '', 1376);
INSERT INTO life_event (id, day, month, year, date, notes, location_id) VALUES (3398, null, null, null, null, '', null);
INSERT INTO life_event (id, day, month, year, date, notes, location_id) VALUES (3399, null, null, null, null, '', null);
INSERT INTO person (id, first_name, last_name, middle_names, notes, sex, birth_id, death_id, burial_id, father_id, mother_id) VALUES (1133, 'Otto', 'Ullman', '', '', 'UNKNOWN', 3397, 3398, 3399, null, null);

--======= Insert Person id: 1134 =======
INSERT INTO location (id, city, country, region, notes, latitude, longitude, fetch_status) VALUES (1377, 'Gbg', 'Sverige', '', '', 59.33257, 18.06682, 'FETCHED_WITH_SUCCESS');
INSERT INTO life_event (id, day, month, year, date, notes, location_id) VALUES (3400, null, null, 1875, '1875-01-01', '', 1377);
INSERT INTO life_event (id, day, month, year, date, notes, location_id) VALUES (3401, null, null, null, null, '', null);
INSERT INTO life_event (id, day, month, year, date, notes, location_id) VALUES (3402, null, null, null, null, '', null);
INSERT INTO person (id, first_name, last_name, middle_names, notes, sex, birth_id, death_id, burial_id, father_id, mother_id) VALUES (1134, 'Anna', 'Ullman', '', '', 'UNKNOWN', 3400, 3401, 3402, null, null);

--======= Insert Person id: 1135 =======
INSERT INTO location (id, city, country, region, notes, latitude, longitude, fetch_status) VALUES (1378, 'Gbg', 'Sverige', '', '', 59.33257, 18.06682, 'FETCHED_WITH_SUCCESS');
INSERT INTO life_event (id, day, month, year, date, notes, location_id) VALUES (3403, null, null, 1878, '1878-01-01', '', 1378);
INSERT INTO life_event (id, day, month, year, date, notes, location_id) VALUES (3404, null, null, null, null, '', null);
INSERT INTO life_event (id, day, month, year, date, notes, location_id) VALUES (3405, null, null, null, null, '', null);
INSERT INTO person (id, first_name, last_name, middle_names, notes, sex, birth_id, death_id, burial_id, father_id, mother_id) VALUES (1135, 'Anna', 'Ullman', '', '', 'UNKNOWN', 3403, 3404, 3405, null, null);

--======= Insert Person id: 1136 =======
INSERT INTO location (id, city, country, region, notes, latitude, longitude, fetch_status) VALUES (1379, 'Gbg', 'Sverige', '', '', 59.33257, 18.06682, 'FETCHED_WITH_SUCCESS');
INSERT INTO life_event (id, day, month, year, date, notes, location_id) VALUES (3406, null, null, 1879, '1879-01-01', '', 1379);
INSERT INTO location (id, city, country, region, notes, latitude, longitude, fetch_status) VALUES (1380, 'Strängnäs domkyrkoförs', 'Sverige', '', '', 59.37495, 17.02675, 'FETCHED_WITH_SUCCESS');
INSERT INTO life_event (id, day, month, year, date, notes, location_id) VALUES (3407, null, null, 1892, '1892-01-01', '', 1380);
INSERT INTO life_event (id, day, month, year, date, notes, location_id) VALUES (3408, null, null, null, null, '', null);
INSERT INTO person (id, first_name, last_name, middle_names, notes, sex, birth_id, death_id, burial_id, father_id, mother_id) VALUES (1136, 'Maria', 'Ullman', '', '', 'UNKNOWN', 3406, 3407, 3408, null, null);

--======= Insert Person id: 1137 =======
INSERT INTO location (id, city, country, region, notes, latitude, longitude, fetch_status) VALUES (1381, 'Lundby', 'Sverige', '', '', 59.08692, 17.9213, 'FETCHED_WITH_SUCCESS');
INSERT INTO life_event (id, day, month, year, date, notes, location_id) VALUES (3409, null, null, 1881, '1881-01-01', '', 1381);
INSERT INTO life_event (id, day, month, year, date, notes, location_id) VALUES (3410, null, null, null, null, '', null);
INSERT INTO life_event (id, day, month, year, date, notes, location_id) VALUES (3411, null, null, null, null, '', null);
INSERT INTO person (id, first_name, last_name, middle_names, notes, sex, birth_id, death_id, burial_id, father_id, mother_id) VALUES (1137, 'Henrik', 'Ullman', '', '', 'UNKNOWN', 3409, 3410, 3411, null, null);

--======= Insert Person id: 1138 =======
INSERT INTO location (id, city, country, region, notes, latitude, longitude, fetch_status) VALUES (1382, 'Gbg', 'Sverige', '', '', 59.33257, 18.06682, 'FETCHED_WITH_SUCCESS');
INSERT INTO life_event (id, day, month, year, date, notes, location_id) VALUES (3412, null, null, 1883, '1883-01-01', '', 1382);
INSERT INTO life_event (id, day, month, year, date, notes, location_id) VALUES (3413, null, null, null, null, '', null);
INSERT INTO life_event (id, day, month, year, date, notes, location_id) VALUES (3414, null, null, null, null, '', null);
INSERT INTO person (id, first_name, last_name, middle_names, notes, sex, birth_id, death_id, burial_id, father_id, mother_id) VALUES (1138, 'Martin', 'Ullman', '', '', 'UNKNOWN', 3412, 3413, 3414, null, null);

--======= Insert Person id: 1139 =======
INSERT INTO location (id, city, country, region, notes, latitude, longitude, fetch_status) VALUES (1383, 'Gbg', 'Sverige', '', '', 59.33257, 18.06682, 'FETCHED_WITH_SUCCESS');
INSERT INTO life_event (id, day, month, year, date, notes, location_id) VALUES (3415, null, null, 1884, '1884-01-01', '', 1383);
INSERT INTO life_event (id, day, month, year, date, notes, location_id) VALUES (3416, null, null, null, null, '', null);
INSERT INTO life_event (id, day, month, year, date, notes, location_id) VALUES (3417, null, null, null, null, '', null);
INSERT INTO person (id, first_name, last_name, middle_names, notes, sex, birth_id, death_id, burial_id, father_id, mother_id) VALUES (1139, 'Maria', 'Ullman', '', '', 'UNKNOWN', 3415, 3416, 3417, null, null);

--======= Insert Person id: 1140 =======
INSERT INTO location (id, city, country, region, notes, latitude, longitude, fetch_status) VALUES (1384, 'Gbg', 'Sverige', '', '', 59.33257, 18.06682, 'FETCHED_WITH_SUCCESS');
INSERT INTO life_event (id, day, month, year, date, notes, location_id) VALUES (3418, null, null, 1889, '1889-01-01', '', 1384);
INSERT INTO life_event (id, day, month, year, date, notes, location_id) VALUES (3419, null, null, null, null, '', null);
INSERT INTO life_event (id, day, month, year, date, notes, location_id) VALUES (3420, null, null, null, null, '', null);
INSERT INTO person (id, first_name, last_name, middle_names, notes, sex, birth_id, death_id, burial_id, father_id, mother_id) VALUES (1140, 'Hanna', 'Ullman', '', '', 'UNKNOWN', 3418, 3419, 3420, null, null);

--======= Insert Person id: 1141 =======
INSERT INTO location (id, city, country, region, notes, latitude, longitude, fetch_status) VALUES (1385, 'i Järpås', 'Sverige', '', '', 58.38045, 12.97345, 'FETCHED_WITH_SUCCESS');
INSERT INTO life_event (id, day, month, year, date, notes, location_id) VALUES (3421, null, null, 1863, '1863-01-01', '', 1385);
INSERT INTO life_event (id, day, month, year, date, notes, location_id) VALUES (3422, null, null, null, null, '', null);
INSERT INTO life_event (id, day, month, year, date, notes, location_id) VALUES (3423, null, null, null, null, '', null);
INSERT INTO person (id, first_name, last_name, middle_names, notes, sex, birth_id, death_id, burial_id, father_id, mother_id) VALUES (1141, 'Frans', 'Stade', '', '', 'UNKNOWN', 3421, 3422, 3423, null, null);

--======= Insert Person id: 1142 =======
INSERT INTO location (id, city, country, region, notes, latitude, longitude, fetch_status) VALUES (1386, 'Nyed', 'Sverige', '', '', 59.37802, 13.48506, 'FETCHED_WITH_SUCCESS');
INSERT INTO life_event (id, day, month, year, date, notes, location_id) VALUES (3424, null, null, 1894, '1894-01-01', '', 1386);
INSERT INTO life_event (id, day, month, year, date, notes, location_id) VALUES (3425, null, null, null, null, '', null);
INSERT INTO life_event (id, day, month, year, date, notes, location_id) VALUES (3426, null, null, null, null, '', null);
INSERT INTO person (id, first_name, last_name, middle_names, notes, sex, birth_id, death_id, burial_id, father_id, mother_id) VALUES (1142, 'Vera', 'Bäckström', '', '', 'UNKNOWN', 3424, 3425, 3426, null, null);

--======= Insert Person id: 1143 =======
INSERT INTO location (id, city, country, region, notes, latitude, longitude, fetch_status) VALUES (1387, 'Mogata', 'Sverige', '', '', 58.4518, 16.45153, 'FETCHED_WITH_SUCCESS');
INSERT INTO life_event (id, day, month, year, date, notes, location_id) VALUES (3427, null, null, 1904, '1904-01-01', '', 1387);
INSERT INTO life_event (id, day, month, year, date, notes, location_id) VALUES (3428, null, null, null, null, '', null);
INSERT INTO life_event (id, day, month, year, date, notes, location_id) VALUES (3429, null, null, null, null, '', null);
INSERT INTO person (id, first_name, last_name, middle_names, notes, sex, birth_id, death_id, burial_id, father_id, mother_id) VALUES (1143, 'Oskar', 'Bjelkner', '', '', 'UNKNOWN', 3427, 3428, 3429, null, null);

--======= Insert Person id: 1144 =======
INSERT INTO life_event (id, day, month, year, date, notes, location_id) VALUES (3430, null, null, null, null, '', null);
INSERT INTO life_event (id, day, month, year, date, notes, location_id) VALUES (3431, null, null, null, null, '', null);
INSERT INTO life_event (id, day, month, year, date, notes, location_id) VALUES (3432, null, null, null, null, '', null);
INSERT INTO person (id, first_name, last_name, middle_names, notes, sex, birth_id, death_id, burial_id, father_id, mother_id) VALUES (1144, 'Sofia', 'Tessenow', '', '', 'WOMAN', 3430, 3431, 3432, null, null);

--======= Insert Person id: 1145 =======
INSERT INTO life_event (id, day, month, year, date, notes, location_id) VALUES (3433, null, null, 1776, '1776-01-01', '', null);
INSERT INTO life_event (id, day, month, year, date, notes, location_id) VALUES (3434, null, null, 1829, '1829-01-01', '', null);
INSERT INTO life_event (id, day, month, year, date, notes, location_id) VALUES (3435, null, null, null, null, '', null);
INSERT INTO person (id, first_name, last_name, middle_names, notes, sex, birth_id, death_id, burial_id, father_id, mother_id) VALUES (1145, 'Johann', 'Heyden', 'Heiden, el', '', 'MAN', 3433, 3434, 3435, null, null);

--======= Insert Person id: 1146 =======
INSERT INTO life_event (id, day, month, year, date, notes, location_id) VALUES (3436, null, null, null, null, '', null);
INSERT INTO life_event (id, day, month, year, date, notes, location_id) VALUES (3437, null, null, 1862, '1862-01-01', '', null);
INSERT INTO life_event (id, day, month, year, date, notes, location_id) VALUES (3438, null, null, null, null, '', null);
INSERT INTO person (id, first_name, last_name, middle_names, notes, sex, birth_id, death_id, burial_id, father_id, mother_id) VALUES (1146, 'Wilhelmina', 'Schmeltz', '', '', 'WOMAN', 3436, 3437, 3438, null, null);

--======= Insert Person id: 1147 =======
INSERT INTO life_event (id, day, month, year, date, notes, location_id) VALUES (3439, 17, 11, 1851, '1851-11-17', '', null);
INSERT INTO life_event (id, day, month, year, date, notes, location_id) VALUES (3440, 19, 5, 1906, '1906-05-19', '', null);
INSERT INTO life_event (id, day, month, year, date, notes, location_id) VALUES (3441, null, null, null, null, '', null);
INSERT INTO occupation (id, notes, day, month, year, date, location_id) VALUES (490, 'Katolsk präst', null, null, null, null, null);
INSERT INTO person (id, first_name, last_name, middle_names, notes, sex, birth_id, death_id, burial_id, father_id, mother_id) VALUES (1147, 'Ferdinand', 'Heyden', 'Ludwig, Teodor', '', 'UNKNOWN', 3439, 3440, 3441, null, null);

--======= Insert Person id: 1148 =======
INSERT INTO life_event (id, day, month, year, date, notes, location_id) VALUES (3442, null, null, null, null, '', null);
INSERT INTO life_event (id, day, month, year, date, notes, location_id) VALUES (3443, null, null, null, null, '', null);
INSERT INTO life_event (id, day, month, year, date, notes, location_id) VALUES (3444, null, null, null, null, '', null);
INSERT INTO person (id, first_name, last_name, middle_names, notes, sex, birth_id, death_id, burial_id, father_id, mother_id) VALUES (1148, 'Lovisa', 'Heyden', '', '', 'UNKNOWN', 3442, 3443, 3444, null, null);

--======= Insert Person id: 1149 =======
INSERT INTO life_event (id, day, month, year, date, notes, location_id) VALUES (3445, null, null, 1853, '1853-01-01', '', null);
INSERT INTO life_event (id, day, month, year, date, notes, location_id) VALUES (3446, null, null, 1933, '1933-01-01', '', null);
INSERT INTO life_event (id, day, month, year, date, notes, location_id) VALUES (3447, null, null, null, null, '', null);
INSERT INTO occupation (id, notes, day, month, year, date, location_id) VALUES (491, 'Skräddarmästare', null, null, null, null, null);
INSERT INTO person (id, first_name, last_name, middle_names, notes, sex, birth_id, death_id, burial_id, father_id, mother_id) VALUES (1149, 'Wilhelm', 'Heyden', 'Friedrich, Ludwig', '', 'MAN', 3445, 3446, 3447, null, null);

--======= Insert Person id: 1150 =======
INSERT INTO life_event (id, day, month, year, date, notes, location_id) VALUES (3448, null, null, 1861, '1861-01-01', '', null);
INSERT INTO life_event (id, day, month, year, date, notes, location_id) VALUES (3449, null, null, 1934, '1934-01-01', '', null);
INSERT INTO life_event (id, day, month, year, date, notes, location_id) VALUES (3450, null, null, null, null, '', null);
INSERT INTO person (id, first_name, last_name, middle_names, notes, sex, birth_id, death_id, burial_id, father_id, mother_id) VALUES (1150, 'Johannes', 'Heyden', 'Franciscus, Alexander, John', 'Utflyttad från Boston.', 'MAN', 3448, 3449, 3450, null, null);

--======= Insert Person id: 1151 =======
INSERT INTO life_event (id, day, month, year, date, notes, location_id) VALUES (3451, 26, 9, 1863, '1863-09-26', '', null);
INSERT INTO life_event (id, day, month, year, date, notes, location_id) VALUES (3452, 1, 12, 1925, '1925-12-01', '', null);
INSERT INTO life_event (id, day, month, year, date, notes, location_id) VALUES (3453, null, null, null, null, '', null);
INSERT INTO occupation (id, notes, day, month, year, date, location_id) VALUES (492, 'Direktör', null, null, null, null, null);
INSERT INTO person (id, first_name, last_name, middle_names, notes, sex, birth_id, death_id, burial_id, father_id, mother_id) VALUES (1151, 'Georg', 'Heyden', 'Ludwig, Cornelius', '', 'MAN', 3451, 3452, 3453, null, null);

--======= Insert Person id: 1152 =======
INSERT INTO life_event (id, day, month, year, date, notes, location_id) VALUES (3454, null, null, null, null, '', null);
INSERT INTO life_event (id, day, month, year, date, notes, location_id) VALUES (3455, null, null, null, null, '', null);
INSERT INTO life_event (id, day, month, year, date, notes, location_id) VALUES (3456, null, null, null, null, '', null);
INSERT INTO person (id, first_name, last_name, middle_names, notes, sex, birth_id, death_id, burial_id, father_id, mother_id) VALUES (1152, 'Agneta', 'Ausell', '', '', 'WOMAN', 3454, 3455, 3456, null, null);

--======= Insert Person id: 1153 =======
INSERT INTO location (id, city, country, region, notes, latitude, longitude, fetch_status) VALUES (1388, 'Malmö', 'Sverige', '', '', 55.59669, 13.0011, 'FETCHED_WITH_SUCCESS');
INSERT INTO life_event (id, day, month, year, date, notes, location_id) VALUES (3457, null, null, 1820, '1820-01-01', '', 1388);
INSERT INTO location (id, city, country, region, notes, latitude, longitude, fetch_status) VALUES (1389, 'Tryde', 'Sverige', '', '', 55.55744, 13.93284, 'FETCHED_WITH_SUCCESS');
INSERT INTO life_event (id, day, month, year, date, notes, location_id) VALUES (3458, null, null, 1857, '1857-01-01', '', 1389);
INSERT INTO life_event (id, day, month, year, date, notes, location_id) VALUES (3459, null, null, null, null, '', null);
INSERT INTO person (id, first_name, last_name, middle_names, notes, sex, birth_id, death_id, burial_id, father_id, mother_id) VALUES (1153, 'Arvid', 'Borg', 'Weddig', '', 'MAN', 3457, 3458, 3459, null, null);

--======= Insert Person id: 1154 =======
INSERT INTO location (id, city, country, region, notes, latitude, longitude, fetch_status) VALUES (1390, 'Malmö', 'Sverige', '', '', 55.59669, 13.0011, 'FETCHED_WITH_SUCCESS');
INSERT INTO life_event (id, day, month, year, date, notes, location_id) VALUES (3460, null, null, 1822, '1822-01-01', '', 1390);
INSERT INTO life_event (id, day, month, year, date, notes, location_id) VALUES (3461, null, null, null, null, '', null);
INSERT INTO life_event (id, day, month, year, date, notes, location_id) VALUES (3462, null, null, null, null, '', null);
INSERT INTO person (id, first_name, last_name, middle_names, notes, sex, birth_id, death_id, burial_id, father_id, mother_id) VALUES (1154, 'Gustava', 'Borg', '', '', 'UNKNOWN', 3460, 3461, 3462, null, null);

--======= Insert Person id: 1155 =======
INSERT INTO location (id, city, country, region, notes, latitude, longitude, fetch_status) VALUES (1391, 'Malmö', 'Sverige', '', '', 55.59669, 13.0011, 'FETCHED_WITH_SUCCESS');
INSERT INTO life_event (id, day, month, year, date, notes, location_id) VALUES (3463, null, null, 1826, '1826-01-01', '', 1391);
INSERT INTO location (id, city, country, region, notes, latitude, longitude, fetch_status) VALUES (1392, 'Lund', 'Sverige', '', '', 55.70664, 13.18759, 'FETCHED_WITH_SUCCESS');
INSERT INTO life_event (id, day, month, year, date, notes, location_id) VALUES (3464, null, null, 1852, '1852-01-01', '', 1392);
INSERT INTO life_event (id, day, month, year, date, notes, location_id) VALUES (3465, null, null, null, null, '', null);
INSERT INTO person (id, first_name, last_name, middle_names, notes, sex, birth_id, death_id, burial_id, father_id, mother_id) VALUES (1155, 'Karl', 'Borg', '', '', 'UNKNOWN', 3463, 3464, 3465, null, null);

--======= Insert Person id: 1156 =======
INSERT INTO location (id, city, country, region, notes, latitude, longitude, fetch_status) VALUES (1393, 'Ullstorp', 'Sverige', '', '', 56.05943, 13.97942, 'FETCHED_WITH_SUCCESS');
INSERT INTO life_event (id, day, month, year, date, notes, location_id) VALUES (3466, null, null, 1825, '1825-01-01', '', 1393);
INSERT INTO location (id, city, country, region, notes, latitude, longitude, fetch_status) VALUES (1394, 'Tryde', 'Sverige', '', '', 55.55744, 13.93284, 'FETCHED_WITH_SUCCESS');
INSERT INTO life_event (id, day, month, year, date, notes, location_id) VALUES (3467, null, null, 1888, '1888-01-01', '', 1394);
INSERT INTO life_event (id, day, month, year, date, notes, location_id) VALUES (3468, null, null, null, null, '', null);
INSERT INTO person (id, first_name, last_name, middle_names, notes, sex, birth_id, death_id, burial_id, father_id, mother_id) VALUES (1156, 'Maria', 'Ripa', '', '', 'WOMAN', 3466, 3467, 3468, null, null);

--======= Insert Person id: 1157 =======
INSERT INTO location (id, city, country, region, notes, latitude, longitude, fetch_status) VALUES (1395, 'Ullstorp', 'Sverige', '', '', 56.05943, 13.97942, 'FETCHED_WITH_SUCCESS');
INSERT INTO life_event (id, day, month, year, date, notes, location_id) VALUES (3469, null, null, 1844, '1844-01-01', '', 1395);
INSERT INTO life_event (id, day, month, year, date, notes, location_id) VALUES (3470, null, null, null, null, '', null);
INSERT INTO life_event (id, day, month, year, date, notes, location_id) VALUES (3471, null, null, null, null, '', null);
INSERT INTO person (id, first_name, last_name, middle_names, notes, sex, birth_id, death_id, burial_id, father_id, mother_id) VALUES (1157, 'Jakob', 'Borg', 'Christian', '', 'UNKNOWN', 3469, 3470, 3471, null, null);

--======= Insert Person id: 1158 =======
INSERT INTO location (id, city, country, region, notes, latitude, longitude, fetch_status) VALUES (1396, 'Färlöv', 'Sverige', '', '', 56.07306, 14.08504, 'FETCHED_WITH_SUCCESS');
INSERT INTO life_event (id, day, month, year, date, notes, location_id) VALUES (3472, null, null, 1846, '1846-01-01', '', 1396);
INSERT INTO location (id, city, country, region, notes, latitude, longitude, fetch_status) VALUES (1397, 'Västra Sallerups kbfd', 'Sverige', '', '', 55.82992, 13.26378, 'FETCHED_WITH_SUCCESS');
INSERT INTO life_event (id, day, month, year, date, notes, location_id) VALUES (3473, null, null, 1896, '1896-01-01', '', 1397);
INSERT INTO life_event (id, day, month, year, date, notes, location_id) VALUES (3474, null, null, null, null, '', null);
INSERT INTO person (id, first_name, last_name, middle_names, notes, sex, birth_id, death_id, burial_id, father_id, mother_id) VALUES (1158, 'Axel', 'Borg', 'Rudolf', '', 'MAN', 3472, 3473, 3474, null, null);

--======= Insert Person id: 1159 =======
INSERT INTO location (id, city, country, region, notes, latitude, longitude, fetch_status) VALUES (1398, 'Färlöv', 'Sverige', '', '', 56.07306, 14.08504, 'FETCHED_WITH_SUCCESS');
INSERT INTO life_event (id, day, month, year, date, notes, location_id) VALUES (3475, null, null, 1848, '1848-01-01', '', 1398);
INSERT INTO location (id, city, country, region, notes, latitude, longitude, fetch_status) VALUES (1399, 'Stockholm', 'Sverige', '', '', 59.33257, 18.06683, 'FETCHED_WITH_SUCCESS');
INSERT INTO life_event (id, day, month, year, date, notes, location_id) VALUES (3476, null, null, 1894, '1894-01-01', '', 1399);
INSERT INTO life_event (id, day, month, year, date, notes, location_id) VALUES (3477, null, null, null, null, '', null);
INSERT INTO person (id, first_name, last_name, middle_names, notes, sex, birth_id, death_id, burial_id, father_id, mother_id) VALUES (1159, 'Anders', 'Borg', 'Weddig, Gustaf', '', 'UNKNOWN', 3475, 3476, 3477, null, null);

--======= Insert Person id: 1160 =======
INSERT INTO location (id, city, country, region, notes, latitude, longitude, fetch_status) VALUES (1400, 'Ullstorp', 'Sverige', '', '', 56.05943, 13.97942, 'FETCHED_WITH_SUCCESS');
INSERT INTO life_event (id, day, month, year, date, notes, location_id) VALUES (3478, null, null, 1852, '1852-01-01', '', 1400);
INSERT INTO location (id, city, country, region, notes, latitude, longitude, fetch_status) VALUES (1401, 'Lund', 'Sverige', '', '', 55.70664, 13.18759, 'FETCHED_WITH_SUCCESS');
INSERT INTO life_event (id, day, month, year, date, notes, location_id) VALUES (3479, null, null, 1877, '1877-01-01', '', 1401);
INSERT INTO life_event (id, day, month, year, date, notes, location_id) VALUES (3480, null, null, null, null, '', null);
INSERT INTO person (id, first_name, last_name, middle_names, notes, sex, birth_id, death_id, burial_id, father_id, mother_id) VALUES (1160, 'Anna', 'Borg', '', '', 'UNKNOWN', 3478, 3479, 3480, null, null);

--======= Insert Person id: 1161 =======
INSERT INTO location (id, city, country, region, notes, latitude, longitude, fetch_status) VALUES (1402, 'Vanstad', 'Sverige', '', '', 55.62086, 13.86027, 'FETCHED_WITH_SUCCESS');
INSERT INTO life_event (id, day, month, year, date, notes, location_id) VALUES (3481, null, null, 1810, '1810-01-01', '', 1402);
INSERT INTO life_event (id, day, month, year, date, notes, location_id) VALUES (3482, null, null, null, null, '', null);
INSERT INTO life_event (id, day, month, year, date, notes, location_id) VALUES (3483, null, null, null, null, '', null);
INSERT INTO person (id, first_name, last_name, middle_names, notes, sex, birth_id, death_id, burial_id, father_id, mother_id) VALUES (1161, 'Frans', 'Nordström', '', '', 'UNKNOWN', 3481, 3482, 3483, null, null);

--======= Insert Person id: 1162 =======
INSERT INTO location (id, city, country, region, notes, latitude, longitude, fetch_status) VALUES (1403, 'Tryde', 'Sverige', '', '', 55.55744, 13.93284, 'FETCHED_WITH_SUCCESS');
INSERT INTO life_event (id, day, month, year, date, notes, location_id) VALUES (3484, null, null, 1795, '1795-01-01', '', 1403);
INSERT INTO location (id, city, country, region, notes, latitude, longitude, fetch_status) VALUES (1404, 'Ullstorp', 'Sverige', '', '', 56.05943, 13.97942, 'FETCHED_WITH_SUCCESS');
INSERT INTO life_event (id, day, month, year, date, notes, location_id) VALUES (3485, null, null, 1847, '1847-01-01', '', 1404);
INSERT INTO life_event (id, day, month, year, date, notes, location_id) VALUES (3486, null, null, null, null, '', null);
INSERT INTO person (id, first_name, last_name, middle_names, notes, sex, birth_id, death_id, burial_id, father_id, mother_id) VALUES (1162, 'Anna', 'Dahlberg', '', '', 'WOMAN', 3484, 3485, 3486, null, null);

--======= Insert Person id: 1163 =======
INSERT INTO location (id, city, country, region, notes, latitude, longitude, fetch_status) VALUES (1405, 'Maglehem', 'Sverige', '', '', 55.77224, 14.15061, 'FETCHED_WITH_SUCCESS');
INSERT INTO life_event (id, day, month, year, date, notes, location_id) VALUES (3487, null, null, 1788, '1788-01-01', '', 1405);
INSERT INTO location (id, city, country, region, notes, latitude, longitude, fetch_status) VALUES (1406, 'Tryde', 'Sverige', '', '', 55.55744, 13.93284, 'FETCHED_WITH_SUCCESS');
INSERT INTO life_event (id, day, month, year, date, notes, location_id) VALUES (3488, null, null, 1865, '1865-01-01', '', 1406);
INSERT INTO life_event (id, day, month, year, date, notes, location_id) VALUES (3489, null, null, null, null, '', null);
INSERT INTO person (id, first_name, last_name, middle_names, notes, sex, birth_id, death_id, burial_id, father_id, mother_id) VALUES (1163, 'Kristian', 'Ripa', '', '', 'MAN', 3487, 3488, 3489, null, null);

--======= Insert Person id: 1164 =======
INSERT INTO location (id, city, country, region, notes, latitude, longitude, fetch_status) VALUES (1407, 'Østra Tommarp', 'Sverige', '', '', 55.53392, 14.23883, 'FETCHED_WITH_SUCCESS');
INSERT INTO life_event (id, day, month, year, date, notes, location_id) VALUES (3490, null, null, 1851, '1851-01-01', '', 1407);
INSERT INTO life_event (id, day, month, year, date, notes, location_id) VALUES (3491, null, null, null, null, '', null);
INSERT INTO life_event (id, day, month, year, date, notes, location_id) VALUES (3492, null, null, null, null, '', null);
INSERT INTO person (id, first_name, last_name, middle_names, notes, sex, birth_id, death_id, burial_id, father_id, mother_id) VALUES (1164, 'Marie', 'Stedfeldt', '', '', 'WOMAN', 3490, 3491, 3492, null, null);

--======= Insert Person id: 1165 =======
INSERT INTO location (id, city, country, region, notes, latitude, longitude, fetch_status) VALUES (1408, 'Tryde', 'Sverige', '', '', 55.55744, 13.93284, 'FETCHED_WITH_SUCCESS');
INSERT INTO life_event (id, day, month, year, date, notes, location_id) VALUES (3493, null, null, 1875, '1875-01-01', '', 1408);
INSERT INTO location (id, city, country, region, notes, latitude, longitude, fetch_status) VALUES (1409, 'Kattarp', 'Sverige', '', '', 56.14079, 12.78137, 'FETCHED_WITH_SUCCESS');
INSERT INTO life_event (id, day, month, year, date, notes, location_id) VALUES (3494, null, null, 1945, '1945-01-01', '', 1409);
INSERT INTO life_event (id, day, month, year, date, notes, location_id) VALUES (3495, null, null, null, null, '', null);
INSERT INTO person (id, first_name, last_name, middle_names, notes, sex, birth_id, death_id, burial_id, father_id, mother_id) VALUES (1165, 'Alma', 'Borg', '', '', 'UNKNOWN', 3493, 3494, 3495, null, null);

--======= Insert Person id: 1166 =======
INSERT INTO location (id, city, country, region, notes, latitude, longitude, fetch_status) VALUES (1410, 'Tryde', 'Sverige', '', '', 55.55744, 13.93284, 'FETCHED_WITH_SUCCESS');
INSERT INTO life_event (id, day, month, year, date, notes, location_id) VALUES (3496, null, null, 1876, '1876-01-01', '', 1410);
INSERT INTO location (id, city, country, region, notes, latitude, longitude, fetch_status) VALUES (1411, 'Kattarp', 'Sverige', '', '', 56.14079, 12.78137, 'FETCHED_WITH_SUCCESS');
INSERT INTO life_event (id, day, month, year, date, notes, location_id) VALUES (3497, null, null, 1955, '1955-01-01', '', 1411);
INSERT INTO life_event (id, day, month, year, date, notes, location_id) VALUES (3498, null, null, null, null, '', null);
INSERT INTO person (id, first_name, last_name, middle_names, notes, sex, birth_id, death_id, burial_id, father_id, mother_id) VALUES (1166, 'Otto', 'Borg', '', '', 'UNKNOWN', 3496, 3497, 3498, null, null);

--======= Insert Person id: 1167 =======
INSERT INTO location (id, city, country, region, notes, latitude, longitude, fetch_status) VALUES (1412, 'Everlöv', 'Sverige', '', '', 55.61242, 13.60544, 'FETCHED_WITH_SUCCESS');
INSERT INTO life_event (id, day, month, year, date, notes, location_id) VALUES (3499, null, null, 1878, '1878-01-01', '', 1412);
INSERT INTO location (id, city, country, region, notes, latitude, longitude, fetch_status) VALUES (1413, 'Kattarp', 'Sverige', '', '', 56.14079, 12.78137, 'FETCHED_WITH_SUCCESS');
INSERT INTO life_event (id, day, month, year, date, notes, location_id) VALUES (3500, null, null, 1955, '1955-01-01', '', 1413);
INSERT INTO life_event (id, day, month, year, date, notes, location_id) VALUES (3501, null, null, null, null, '', null);
INSERT INTO person (id, first_name, last_name, middle_names, notes, sex, birth_id, death_id, burial_id, father_id, mother_id) VALUES (1167, 'Ragnar', 'Borg', '', '', 'UNKNOWN', 3499, 3500, 3501, null, null);

--======= Insert Person id: 1168 =======
INSERT INTO location (id, city, country, region, notes, latitude, longitude, fetch_status) VALUES (1414, 'Everlöv', 'Sverige', '', '', 55.61242, 13.60544, 'FETCHED_WITH_SUCCESS');
INSERT INTO life_event (id, day, month, year, date, notes, location_id) VALUES (3502, null, null, 1879, '1879-01-01', '', 1414);
INSERT INTO location (id, city, country, region, notes, latitude, longitude, fetch_status) VALUES (1415, 'Everlöv', 'Sverige', '', '', 55.61242, 13.60544, 'FETCHED_WITH_SUCCESS');
INSERT INTO life_event (id, day, month, year, date, notes, location_id) VALUES (3503, null, null, 1959, '1959-01-01', '', 1415);
INSERT INTO life_event (id, day, month, year, date, notes, location_id) VALUES (3504, null, null, null, null, '', null);
INSERT INTO person (id, first_name, last_name, middle_names, notes, sex, birth_id, death_id, burial_id, father_id, mother_id) VALUES (1168, '', 'Sigrid', '', '', 'UNKNOWN', 3502, 3503, 3504, null, null);

--======= Insert Person id: 1169 =======
INSERT INTO life_event (id, day, month, year, date, notes, location_id) VALUES (3505, null, null, 1870, '1870-01-01', '', null);
INSERT INTO life_event (id, day, month, year, date, notes, location_id) VALUES (3506, null, null, 1953, '1953-01-01', '', null);
INSERT INTO life_event (id, day, month, year, date, notes, location_id) VALUES (3507, null, null, null, null, '', null);
INSERT INTO person (id, first_name, last_name, middle_names, notes, sex, birth_id, death_id, burial_id, father_id, mother_id) VALUES (1169, 'Ebba', 'Rosengren', 'Elisabeth', '', 'WOMAN', 3505, 3506, 3507, null, null);

--======= Insert Person id: 1170 =======
INSERT INTO life_event (id, day, month, year, date, notes, location_id) VALUES (3508, 29, 6, 1901, '1901-06-29', '', null);
INSERT INTO life_event (id, day, month, year, date, notes, location_id) VALUES (3509, null, null, null, null, '', null);
INSERT INTO life_event (id, day, month, year, date, notes, location_id) VALUES (3510, null, null, null, null, '', null);
INSERT INTO occupation (id, notes, day, month, year, date, location_id) VALUES (493, 'Förvaltare', null, null, null, null, null);
INSERT INTO person (id, first_name, last_name, middle_names, notes, sex, birth_id, death_id, burial_id, father_id, mother_id) VALUES (1170, 'Georg', 'Heyden', 'Kristian, Teodor, Gugge', '', 'MAN', 3508, 3509, 3510, null, null);

--======= Insert Person id: 1171 =======
INSERT INTO life_event (id, day, month, year, date, notes, location_id) VALUES (3511, 1, 1, 1904, '1904-01-01', '', null);
INSERT INTO life_event (id, day, month, year, date, notes, location_id) VALUES (3512, null, null, null, null, '', null);
INSERT INTO life_event (id, day, month, year, date, notes, location_id) VALUES (3513, null, null, null, null, '', null);
INSERT INTO person (id, first_name, last_name, middle_names, notes, sex, birth_id, death_id, burial_id, father_id, mother_id) VALUES (1171, 'Märta', 'Heyden', 'Ebba, Maria, Cecilia', '', 'UNKNOWN', 3511, 3512, 3513, null, null);

--======= Insert Person id: 1172 =======
INSERT INTO life_event (id, day, month, year, date, notes, location_id) VALUES (3514, null, null, null, null, '', null);
INSERT INTO life_event (id, day, month, year, date, notes, location_id) VALUES (3515, null, null, null, null, '', null);
INSERT INTO life_event (id, day, month, year, date, notes, location_id) VALUES (3516, null, null, null, null, '', null);
INSERT INTO person (id, first_name, last_name, middle_names, notes, sex, birth_id, death_id, burial_id, father_id, mother_id) VALUES (1172, 'Anna', 'Heyden', '', '', 'UNKNOWN', 3514, 3515, 3516, null, null);

--======= Insert Person id: 1173 =======
INSERT INTO life_event (id, day, month, year, date, notes, location_id) VALUES (3517, 29, 5, 1905, '1905-05-29', '', null);
INSERT INTO life_event (id, day, month, year, date, notes, location_id) VALUES (3518, null, null, null, null, '', null);
INSERT INTO life_event (id, day, month, year, date, notes, location_id) VALUES (3519, null, null, null, null, '', null);
INSERT INTO person (id, first_name, last_name, middle_names, notes, sex, birth_id, death_id, burial_id, father_id, mother_id) VALUES (1173, 'Anna', 'Carlsson', '', '', 'WOMAN', 3517, 3518, 3519, null, null);

--======= Insert Person id: 1174 =======
INSERT INTO life_event (id, day, month, year, date, notes, location_id) VALUES (3520, 4, 9, 1934, '1934-09-04', '', null);
INSERT INTO life_event (id, day, month, year, date, notes, location_id) VALUES (3521, null, null, null, null, '', null);
INSERT INTO life_event (id, day, month, year, date, notes, location_id) VALUES (3522, null, null, null, null, '', null);
INSERT INTO occupation (id, notes, day, month, year, date, location_id) VALUES (494, 'Tandläkare', null, null, null, null, null);
INSERT INTO person (id, first_name, last_name, middle_names, notes, sex, birth_id, death_id, burial_id, father_id, mother_id) VALUES (1174, 'Guy', 'Heyden', 'Anders', '', 'MAN', 3520, 3521, 3522, null, null);

--======= Insert Person id: 1175 =======
INSERT INTO life_event (id, day, month, year, date, notes, location_id) VALUES (3523, 7, 12, 1937, '1937-12-07', '', null);
INSERT INTO life_event (id, day, month, year, date, notes, location_id) VALUES (3524, null, null, null, null, '', null);
INSERT INTO life_event (id, day, month, year, date, notes, location_id) VALUES (3525, null, null, null, null, '', null);
INSERT INTO occupation (id, notes, day, month, year, date, location_id) VALUES (495, 'Småskollärare', null, null, null, null, null);
INSERT INTO person (id, first_name, last_name, middle_names, notes, sex, birth_id, death_id, burial_id, father_id, mother_id) VALUES (1175, 'Lillemor', 'Heyden', 'Ebba, Helene', '', 'UNKNOWN', 3523, 3524, 3525, null, null);

--======= Insert Person id: 1176 =======
INSERT INTO life_event (id, day, month, year, date, notes, location_id) VALUES (3526, 9, 9, 1943, '1943-09-09', '', null);
INSERT INTO life_event (id, day, month, year, date, notes, location_id) VALUES (3527, null, null, null, null, '', null);
INSERT INTO life_event (id, day, month, year, date, notes, location_id) VALUES (3528, null, null, null, null, '', null);
INSERT INTO person (id, first_name, last_name, middle_names, notes, sex, birth_id, death_id, burial_id, father_id, mother_id) VALUES (1176, 'Jan', 'Heyden', 'Peter', '', 'UNKNOWN', 3526, 3527, 3528, null, null);

--======= Insert Person id: 1177 =======
INSERT INTO life_event (id, day, month, year, date, notes, location_id) VALUES (3529, 21, 5, 1938, '1938-05-21', '', null);
INSERT INTO life_event (id, day, month, year, date, notes, location_id) VALUES (3530, null, null, null, null, '', null);
INSERT INTO life_event (id, day, month, year, date, notes, location_id) VALUES (3531, null, null, null, null, '', null);
INSERT INTO person (id, first_name, last_name, middle_names, notes, sex, birth_id, death_id, burial_id, father_id, mother_id) VALUES (1177, 'Carin', 'Landgren', 'Helene', '', 'WOMAN', 3529, 3530, 3531, null, null);

--======= Insert Person id: 1178 =======
INSERT INTO life_event (id, day, month, year, date, notes, location_id) VALUES (3532, 5, 4, 1960, '1960-04-05', '', null);
INSERT INTO life_event (id, day, month, year, date, notes, location_id) VALUES (3533, null, null, null, null, '', null);
INSERT INTO life_event (id, day, month, year, date, notes, location_id) VALUES (3534, null, null, null, null, '', null);
INSERT INTO person (id, first_name, last_name, middle_names, notes, sex, birth_id, death_id, burial_id, father_id, mother_id) VALUES (1178, 'Hans', 'Heyden', 'Peter', '', 'UNKNOWN', 3532, 3533, 3534, null, null);

--======= Insert Person id: 1179 =======
INSERT INTO life_event (id, day, month, year, date, notes, location_id) VALUES (3535, 15, 7, 1900, '1900-07-15', '', null);
INSERT INTO life_event (id, day, month, year, date, notes, location_id) VALUES (3536, null, null, null, null, '', null);
INSERT INTO life_event (id, day, month, year, date, notes, location_id) VALUES (3537, null, null, null, null, '', null);
INSERT INTO occupation (id, notes, day, month, year, date, location_id) VALUES (496, 'Telegrafkommissarie', null, null, null, null, null);
INSERT INTO person (id, first_name, last_name, middle_names, notes, sex, birth_id, death_id, burial_id, father_id, mother_id) VALUES (1179, 'Gösta', 'Wahlgren', 'Herbert', '', 'UNKNOWN', 3535, 3536, 3537, null, null);

--======= Insert Person id: 1180 =======
INSERT INTO life_event (id, day, month, year, date, notes, location_id) VALUES (3538, 26, 5, 1889, '1889-05-26', '', null);
INSERT INTO location (id, city, country, region, notes, latitude, longitude, fetch_status) VALUES (1416, 'Södra Åsum', 'Sverige', '', '', 55.65252, 13.70227, 'FETCHED_WITH_SUCCESS');
INSERT INTO life_event (id, day, month, year, date, notes, location_id) VALUES (3539, 24, 3, 1947, '1947-03-24', '', 1416);
INSERT INTO life_event (id, day, month, year, date, notes, location_id) VALUES (3540, null, null, null, null, '', null);
INSERT INTO occupation (id, notes, day, month, year, date, location_id) VALUES (497, 'Distriktsveterinär', null, null, null, null, null);
INSERT INTO person (id, first_name, last_name, middle_names, notes, sex, birth_id, death_id, burial_id, father_id, mother_id) VALUES (1180, 'Lars', 'Rambe', 'Emil', '', 'MAN', 3538, 3539, 3540, null, null);

--======= Insert Person id: 1181 =======
INSERT INTO life_event (id, day, month, year, date, notes, location_id) VALUES (3541, 26, 11, 1936, '1936-11-26', '', null);
INSERT INTO life_event (id, day, month, year, date, notes, location_id) VALUES (3542, null, null, null, null, '', null);
INSERT INTO life_event (id, day, month, year, date, notes, location_id) VALUES (3543, null, null, null, null, '', null);
INSERT INTO person (id, first_name, last_name, middle_names, notes, sex, birth_id, death_id, burial_id, father_id, mother_id) VALUES (1181, 'Sven', 'Rambe', 'Oscar, Ferdinand', '', 'MAN', 3541, 3542, 3543, null, null);

--======= Insert Person id: 1182 =======
INSERT INTO life_event (id, day, month, year, date, notes, location_id) VALUES (3544, 27, 3, 1938, '1938-03-27', '', null);
INSERT INTO life_event (id, day, month, year, date, notes, location_id) VALUES (3545, null, null, null, null, '', null);
INSERT INTO life_event (id, day, month, year, date, notes, location_id) VALUES (3546, null, null, null, null, '', null);
INSERT INTO person (id, first_name, last_name, middle_names, notes, sex, birth_id, death_id, burial_id, father_id, mother_id) VALUES (1182, 'Birgitta', 'Lundgren', '', '', 'WOMAN', 3544, 3545, 3546, null, null);

--======= Insert Person id: 1183 =======
INSERT INTO life_event (id, day, month, year, date, notes, location_id) VALUES (3547, 19, 9, 1968, '1968-09-19', '', null);
INSERT INTO life_event (id, day, month, year, date, notes, location_id) VALUES (3548, null, null, null, null, '', null);
INSERT INTO life_event (id, day, month, year, date, notes, location_id) VALUES (3549, null, null, null, null, '', null);
INSERT INTO person (id, first_name, last_name, middle_names, notes, sex, birth_id, death_id, burial_id, father_id, mother_id) VALUES (1183, 'Lars', 'Rambe', '', '', 'UNKNOWN', 3547, 3548, 3549, null, null);

--======= Insert Person id: 1184 =======
INSERT INTO life_event (id, day, month, year, date, notes, location_id) VALUES (3550, 3, 2, 1971, '1971-02-03', '', null);
INSERT INTO life_event (id, day, month, year, date, notes, location_id) VALUES (3551, null, null, null, null, '', null);
INSERT INTO life_event (id, day, month, year, date, notes, location_id) VALUES (3552, null, null, null, null, '', null);
INSERT INTO person (id, first_name, last_name, middle_names, notes, sex, birth_id, death_id, burial_id, father_id, mother_id) VALUES (1184, 'Åke', 'Rambe', 'Christian', '', 'UNKNOWN', 3550, 3551, 3552, null, null);

--======= Insert Person id: 1185 =======
INSERT INTO life_event (id, day, month, year, date, notes, location_id) VALUES (3553, 29, 8, 1972, '1972-08-29', '', null);
INSERT INTO life_event (id, day, month, year, date, notes, location_id) VALUES (3554, null, null, null, null, '', null);
INSERT INTO life_event (id, day, month, year, date, notes, location_id) VALUES (3555, null, null, null, null, '', null);
INSERT INTO person (id, first_name, last_name, middle_names, notes, sex, birth_id, death_id, burial_id, father_id, mother_id) VALUES (1185, 'Henrik', 'Rambe', '', '', 'UNKNOWN', 3553, 3554, 3555, null, null);

--======= Insert Person id: 1186 =======
INSERT INTO life_event (id, day, month, year, date, notes, location_id) VALUES (3556, 29, 8, 1905, '1905-08-29', '', null);
INSERT INTO life_event (id, day, month, year, date, notes, location_id) VALUES (3557, null, null, null, null, '', null);
INSERT INTO life_event (id, day, month, year, date, notes, location_id) VALUES (3558, null, null, null, null, '', null);
INSERT INTO occupation (id, notes, day, month, year, date, location_id) VALUES (498, 'Arkitekt', null, null, null, null, null);
INSERT INTO person (id, first_name, last_name, middle_names, notes, sex, birth_id, death_id, burial_id, father_id, mother_id) VALUES (1186, 'Alf', 'Gavel', 'Richard', '', 'MAN', 3556, 3557, 3558, null, null);

--======= Insert Person id: 1187 =======
INSERT INTO life_event (id, day, month, year, date, notes, location_id) VALUES (3559, 18, 11, 1929, '1929-11-18', '', null);
INSERT INTO life_event (id, day, month, year, date, notes, location_id) VALUES (3560, null, null, null, null, '', null);
INSERT INTO life_event (id, day, month, year, date, notes, location_id) VALUES (3561, null, null, null, null, '', null);
INSERT INTO person (id, first_name, last_name, middle_names, notes, sex, birth_id, death_id, burial_id, father_id, mother_id) VALUES (1187, 'Ulla', 'Gavel', 'Lisbeth, Margareta', '', 'WOMAN', 3559, 3560, 3561, null, null);

--======= Insert Person id: 1188 =======
INSERT INTO life_event (id, day, month, year, date, notes, location_id) VALUES (3562, 13, 6, 1933, '1933-06-13', '', null);
INSERT INTO life_event (id, day, month, year, date, notes, location_id) VALUES (3563, null, null, null, null, '', null);
INSERT INTO life_event (id, day, month, year, date, notes, location_id) VALUES (3564, null, null, null, null, '', null);
INSERT INTO occupation (id, notes, day, month, year, date, location_id) VALUES (499, 'Arkitekt', null, null, null, null, null);
INSERT INTO person (id, first_name, last_name, middle_names, notes, sex, birth_id, death_id, burial_id, father_id, mother_id) VALUES (1188, 'Claes', 'Gavel', 'Peter', '', 'MAN', 3562, 3563, 3564, null, null);

--======= Insert Person id: 1189 =======
INSERT INTO life_event (id, day, month, year, date, notes, location_id) VALUES (3565, 14, 1, 1935, '1935-01-14', '', null);
INSERT INTO life_event (id, day, month, year, date, notes, location_id) VALUES (3566, null, null, null, null, '', null);
INSERT INTO life_event (id, day, month, year, date, notes, location_id) VALUES (3567, null, null, null, null, '', null);
INSERT INTO person (id, first_name, last_name, middle_names, notes, sex, birth_id, death_id, burial_id, father_id, mother_id) VALUES (1189, 'Elna', 'Gavel', 'Cecilia, Marianne, Jann', '', 'WOMAN', 3565, 3566, 3567, null, null);

--======= Insert Person id: 1190 =======
INSERT INTO life_event (id, day, month, year, date, notes, location_id) VALUES (3568, 8, 4, 1941, '1941-04-08', '', null);
INSERT INTO life_event (id, day, month, year, date, notes, location_id) VALUES (3569, null, null, null, null, '', null);
INSERT INTO life_event (id, day, month, year, date, notes, location_id) VALUES (3570, null, null, null, null, '', null);
INSERT INTO occupation (id, notes, day, month, year, date, location_id) VALUES (500, 'Lågstadielärare', null, null, null, null, null);
INSERT INTO person (id, first_name, last_name, middle_names, notes, sex, birth_id, death_id, burial_id, father_id, mother_id) VALUES (1190, 'Pia', 'Gavel', 'Louise', '', 'WOMAN', 3568, 3569, 3570, null, null);

--======= Insert Person id: 1191 =======
INSERT INTO life_event (id, day, month, year, date, notes, location_id) VALUES (3571, 5, 12, 1942, '1942-12-05', '', null);
INSERT INTO life_event (id, day, month, year, date, notes, location_id) VALUES (3572, null, null, null, null, '', null);
INSERT INTO life_event (id, day, month, year, date, notes, location_id) VALUES (3573, null, null, null, null, '', null);
INSERT INTO person (id, first_name, last_name, middle_names, notes, sex, birth_id, death_id, burial_id, father_id, mother_id) VALUES (1191, 'Jonas', 'Gavel', '', '', 'UNKNOWN', 3571, 3572, 3573, null, null);

--======= Insert Person id: 1192 =======
INSERT INTO life_event (id, day, month, year, date, notes, location_id) VALUES (3574, 14, 7, 1913, '1913-07-14', '', null);
INSERT INTO life_event (id, day, month, year, date, notes, location_id) VALUES (3575, 2, 8, 1998, '1998-08-02', '', null);
INSERT INTO life_event (id, day, month, year, date, notes, location_id) VALUES (3576, null, null, null, null, '', null);
INSERT INTO person (id, first_name, last_name, middle_names, notes, sex, birth_id, death_id, burial_id, father_id, mother_id) VALUES (1192, 'Märta', 'Björkman', 'Charlotta', '', 'WOMAN', 3574, 3575, 3576, null, null);

--======= Insert Person id: 1193 =======
INSERT INTO life_event (id, day, month, year, date, notes, location_id) VALUES (3577, null, null, null, null, '', null);
INSERT INTO life_event (id, day, month, year, date, notes, location_id) VALUES (3578, null, null, null, null, '', null);
INSERT INTO life_event (id, day, month, year, date, notes, location_id) VALUES (3579, null, null, null, null, '', null);
INSERT INTO person (id, first_name, last_name, middle_names, notes, sex, birth_id, death_id, burial_id, father_id, mother_id) VALUES (1193, '', 'Tomelise', '', '', 'UNKNOWN', 3577, 3578, 3579, null, null);

--======= Insert Person id: 1194 =======
INSERT INTO life_event (id, day, month, year, date, notes, location_id) VALUES (3580, 17, 10, 1939, '1939-10-17', '', null);
INSERT INTO life_event (id, day, month, year, date, notes, location_id) VALUES (3581, null, null, null, null, '', null);
INSERT INTO life_event (id, day, month, year, date, notes, location_id) VALUES (3582, null, null, null, null, '', null);
INSERT INTO occupation (id, notes, day, month, year, date, location_id) VALUES (501, 'Sjuksköterska', null, null, null, null, null);
INSERT INTO person (id, first_name, last_name, middle_names, notes, sex, birth_id, death_id, burial_id, father_id, mother_id) VALUES (1194, 'Thyra', 'Heyden', 'Charlotta, Helene', '', 'WOMAN', 3580, 3581, 3582, null, null);

--======= Insert Person id: 1195 =======
INSERT INTO life_event (id, day, month, year, date, notes, location_id) VALUES (3583, 5, 12, 1941, '1941-12-05', '', null);
INSERT INTO life_event (id, day, month, year, date, notes, location_id) VALUES (3584, null, null, null, null, '', null);
INSERT INTO life_event (id, day, month, year, date, notes, location_id) VALUES (3585, null, null, null, null, '', null);
INSERT INTO occupation (id, notes, day, month, year, date, location_id) VALUES (502, 'Cicilingenjör', null, null, null, null, null);
INSERT INTO person (id, first_name, last_name, middle_names, notes, sex, birth_id, death_id, burial_id, father_id, mother_id) VALUES (1195, 'Jacob', 'Heyden', 'Rutgerson', '', 'MAN', 3583, 3584, 3585, null, null);

--======= Insert Person id: 1196 =======
INSERT INTO life_event (id, day, month, year, date, notes, location_id) VALUES (3586, 2, 5, 1947, '1947-05-02', '', null);
INSERT INTO life_event (id, day, month, year, date, notes, location_id) VALUES (3587, null, null, 1984, '1984-01-01', '', null);
INSERT INTO life_event (id, day, month, year, date, notes, location_id) VALUES (3588, null, null, null, null, '', null);
INSERT INTO occupation (id, notes, day, month, year, date, location_id) VALUES (503, 'Med lic', null, null, null, null, null);
INSERT INTO person (id, first_name, last_name, middle_names, notes, sex, birth_id, death_id, burial_id, father_id, mother_id) VALUES (1196, 'Thomas', 'Heyden', 'Rutgerson', '', 'UNKNOWN', 3586, 3587, 3588, null, null);

--======= Insert Person id: 1197 =======
INSERT INTO life_event (id, day, month, year, date, notes, location_id) VALUES (3589, null, null, null, null, '', null);
INSERT INTO life_event (id, day, month, year, date, notes, location_id) VALUES (3590, null, null, null, null, '', null);
INSERT INTO life_event (id, day, month, year, date, notes, location_id) VALUES (3591, null, null, null, null, '', null);
INSERT INTO person (id, first_name, last_name, middle_names, notes, sex, birth_id, death_id, burial_id, father_id, mother_id) VALUES (1197, 'Carsten', 'Lychou', '', '', 'MAN', 3589, 3590, 3591, null, null);

--======= Insert Person id: 1198 =======
INSERT INTO life_event (id, day, month, year, date, notes, location_id) VALUES (3592, 18, 10, 1966, '1966-10-18', '', null);
INSERT INTO life_event (id, day, month, year, date, notes, location_id) VALUES (3593, null, null, null, null, '', null);
INSERT INTO life_event (id, day, month, year, date, notes, location_id) VALUES (3594, null, null, null, null, '', null);
INSERT INTO person (id, first_name, last_name, middle_names, notes, sex, birth_id, death_id, burial_id, father_id, mother_id) VALUES (1198, 'Anna', 'Lychou', 'Charlotta', '', 'UNKNOWN', 3592, 3593, 3594, null, null);

--======= Insert Person id: 1199 =======
INSERT INTO life_event (id, day, month, year, date, notes, location_id) VALUES (3595, 2, 10, 1968, '1968-10-02', '', null);
INSERT INTO life_event (id, day, month, year, date, notes, location_id) VALUES (3596, null, null, null, null, '', null);
INSERT INTO life_event (id, day, month, year, date, notes, location_id) VALUES (3597, null, null, null, null, '', null);
INSERT INTO person (id, first_name, last_name, middle_names, notes, sex, birth_id, death_id, burial_id, father_id, mother_id) VALUES (1199, 'Louise', 'Lychou', '', '', 'UNKNOWN', 3595, 3596, 3597, null, null);

--======= Insert Person id: 1200 =======
INSERT INTO life_event (id, day, month, year, date, notes, location_id) VALUES (3598, 20, 3, 1971, '1971-03-20', '', null);
INSERT INTO life_event (id, day, month, year, date, notes, location_id) VALUES (3599, null, null, null, null, '', null);
INSERT INTO life_event (id, day, month, year, date, notes, location_id) VALUES (3600, null, null, null, null, '', null);
INSERT INTO person (id, first_name, last_name, middle_names, notes, sex, birth_id, death_id, burial_id, father_id, mother_id) VALUES (1200, 'Niklas', 'Lychou', 'Rutger', '', 'UNKNOWN', 3598, 3599, 3600, null, null);

--======= Insert Person id: 1201 =======
INSERT INTO life_event (id, day, month, year, date, notes, location_id) VALUES (3601, 15, 8, 1943, '1943-08-15', '', null);
INSERT INTO life_event (id, day, month, year, date, notes, location_id) VALUES (3602, null, null, null, null, '', null);
INSERT INTO life_event (id, day, month, year, date, notes, location_id) VALUES (3603, null, null, null, null, '', null);
INSERT INTO occupation (id, notes, day, month, year, date, location_id) VALUES (504, 'Lågstadielärare', null, null, null, null, null);
INSERT INTO person (id, first_name, last_name, middle_names, notes, sex, birth_id, death_id, burial_id, father_id, mother_id) VALUES (1201, 'Eva', 'Hansson', 'Birgitta', '', 'WOMAN', 3601, 3602, 3603, null, null);

--======= Insert Person id: 1202 =======
INSERT INTO life_event (id, day, month, year, date, notes, location_id) VALUES (3604, 23, 11, 1966, '1966-11-23', '', null);
INSERT INTO life_event (id, day, month, year, date, notes, location_id) VALUES (3605, null, null, null, null, '', null);
INSERT INTO life_event (id, day, month, year, date, notes, location_id) VALUES (3606, null, null, null, null, '', null);
INSERT INTO occupation (id, notes, day, month, year, date, location_id) VALUES (505, 'Civilingenjör', null, null, null, null, null);
INSERT INTO person (id, first_name, last_name, middle_names, notes, sex, birth_id, death_id, burial_id, father_id, mother_id) VALUES (1202, 'Eva', 'Heyden', 'Susanne', '', 'UNKNOWN', 3604, 3605, 3606, null, null);

--======= Insert Person id: 1203 =======
INSERT INTO life_event (id, day, month, year, date, notes, location_id) VALUES (3607, 10, 8, 1969, '1969-08-10', '', null);
INSERT INTO life_event (id, day, month, year, date, notes, location_id) VALUES (3608, null, null, null, null, '', null);
INSERT INTO life_event (id, day, month, year, date, notes, location_id) VALUES (3609, null, null, null, null, '', null);
INSERT INTO occupation (id, notes, day, month, year, date, location_id) VALUES (506, 'Sjuksköterska', null, null, null, null, null);
INSERT INTO person (id, first_name, last_name, middle_names, notes, sex, birth_id, death_id, burial_id, father_id, mother_id) VALUES (1203, 'Birgitta', 'Heyden', 'Charlotte', '', 'UNKNOWN', 3607, 3608, 3609, null, null);

--======= Insert Person id: 1204 =======
INSERT INTO life_event (id, day, month, year, date, notes, location_id) VALUES (3610, null, null, null, null, '', null);
INSERT INTO life_event (id, day, month, year, date, notes, location_id) VALUES (3611, null, null, null, null, '', null);
INSERT INTO life_event (id, day, month, year, date, notes, location_id) VALUES (3612, null, null, null, null, '', null);
INSERT INTO person (id, first_name, last_name, middle_names, notes, sex, birth_id, death_id, burial_id, father_id, mother_id) VALUES (1204, '', 'Fanny', '', '', 'WOMAN', 3610, 3611, 3612, null, null);

--======= Insert Person id: 1205 =======
INSERT INTO life_event (id, day, month, year, date, notes, location_id) VALUES (3613, null, null, null, null, '', null);
INSERT INTO life_event (id, day, month, year, date, notes, location_id) VALUES (3614, null, null, null, null, '', null);
INSERT INTO life_event (id, day, month, year, date, notes, location_id) VALUES (3615, null, null, null, null, '', null);
INSERT INTO person (id, first_name, last_name, middle_names, notes, sex, birth_id, death_id, burial_id, father_id, mother_id) VALUES (1205, 'Märta', 'Heyden', '', '', 'UNKNOWN', 3613, 3614, 3615, null, null);

--======= Insert Person id: 1206 =======
INSERT INTO life_event (id, day, month, year, date, notes, location_id) VALUES (3616, null, null, null, null, '', null);
INSERT INTO life_event (id, day, month, year, date, notes, location_id) VALUES (3617, null, null, null, null, '', null);
INSERT INTO life_event (id, day, month, year, date, notes, location_id) VALUES (3618, null, null, null, null, '', null);
INSERT INTO person (id, first_name, last_name, middle_names, notes, sex, birth_id, death_id, burial_id, father_id, mother_id) VALUES (1206, 'Meta', 'Heyden', '', '', 'UNKNOWN', 3616, 3617, 3618, null, null);

--======= Insert Person id: 1207 =======
INSERT INTO life_event (id, day, month, year, date, notes, location_id) VALUES (3619, null, null, null, null, '', null);
INSERT INTO life_event (id, day, month, year, date, notes, location_id) VALUES (3620, null, null, null, null, '', null);
INSERT INTO life_event (id, day, month, year, date, notes, location_id) VALUES (3621, null, null, null, null, '', null);
INSERT INTO occupation (id, notes, day, month, year, date, location_id) VALUES (507, 'Katolsk präst', null, null, null, null, null);
INSERT INTO person (id, first_name, last_name, middle_names, notes, sex, birth_id, death_id, burial_id, father_id, mother_id) VALUES (1207, 'Fedor', 'Heyden', '', '', 'UNKNOWN', 3619, 3620, 3621, null, null);

--======= Insert Person id: 1208 =======
INSERT INTO life_event (id, day, month, year, date, notes, location_id) VALUES (3622, null, null, null, null, '', null);
INSERT INTO life_event (id, day, month, year, date, notes, location_id) VALUES (3623, null, null, null, null, '', null);
INSERT INTO life_event (id, day, month, year, date, notes, location_id) VALUES (3624, null, null, null, null, '', null);
INSERT INTO occupation (id, notes, day, month, year, date, location_id) VALUES (508, 'Skräddare', null, null, null, null, null);
INSERT INTO person (id, first_name, last_name, middle_names, notes, sex, birth_id, death_id, burial_id, father_id, mother_id) VALUES (1208, 'Alma', 'Heyden', '', '', 'UNKNOWN', 3622, 3623, 3624, null, null);

--======= Insert Person id: 1209 =======
INSERT INTO life_event (id, day, month, year, date, notes, location_id) VALUES (3625, null, null, null, null, '', null);
INSERT INTO life_event (id, day, month, year, date, notes, location_id) VALUES (3626, null, null, null, null, '', null);
INSERT INTO life_event (id, day, month, year, date, notes, location_id) VALUES (3627, null, null, null, null, '', null);
INSERT INTO occupation (id, notes, day, month, year, date, location_id) VALUES (509, 'Sjöman', null, null, null, null, null);
INSERT INTO person (id, first_name, last_name, middle_names, notes, sex, birth_id, death_id, burial_id, father_id, mother_id) VALUES (1209, 'Knut', 'Heyden', '', '', 'UNKNOWN', 3625, 3626, 3627, null, null);

--======= Insert Person id: 1210 =======
INSERT INTO life_event (id, day, month, year, date, notes, location_id) VALUES (3628, null, null, null, null, '', null);
INSERT INTO life_event (id, day, month, year, date, notes, location_id) VALUES (3629, null, null, null, null, '', null);
INSERT INTO life_event (id, day, month, year, date, notes, location_id) VALUES (3630, null, null, null, null, '', null);
INSERT INTO person (id, first_name, last_name, middle_names, notes, sex, birth_id, death_id, burial_id, father_id, mother_id) VALUES (1210, 'Josefa', 'Heyden', '', '', 'UNKNOWN', 3628, 3629, 3630, null, null);

--======= Insert Person id: 1211 =======
INSERT INTO life_event (id, day, month, year, date, notes, location_id) VALUES (3631, 11, 5, 1861, '1861-05-11', '', null);
INSERT INTO life_event (id, day, month, year, date, notes, location_id) VALUES (3632, null, null, 1934, '1934-01-01', '', null);
INSERT INTO life_event (id, day, month, year, date, notes, location_id) VALUES (3633, null, null, null, null, '', null);
INSERT INTO person (id, first_name, last_name, middle_names, notes, sex, birth_id, death_id, burial_id, father_id, mother_id) VALUES (1211, 'Johannes', 'Heyden', 'Franciscus, Alexander', '', 'UNKNOWN', 3631, 3632, 3633, null, null);

--======= Insert Person id: 1212 =======
INSERT INTO life_event (id, day, month, year, date, notes, location_id) VALUES (3634, null, null, null, null, '', null);
INSERT INTO life_event (id, day, month, year, date, notes, location_id) VALUES (3635, null, null, null, null, '', null);
INSERT INTO life_event (id, day, month, year, date, notes, location_id) VALUES (3636, null, null, null, null, '', null);
INSERT INTO person (id, first_name, last_name, middle_names, notes, sex, birth_id, death_id, burial_id, father_id, mother_id) VALUES (1212, 'Albert', 'Heiden', 'Oscar', '', 'UNKNOWN', 3634, 3635, 3636, null, null);

--======= Insert Person id: 1213 =======
INSERT INTO life_event (id, day, month, year, date, notes, location_id) VALUES (3637, null, null, null, null, '', null);
INSERT INTO life_event (id, day, month, year, date, notes, location_id) VALUES (3638, null, null, null, null, '', null);
INSERT INTO life_event (id, day, month, year, date, notes, location_id) VALUES (3639, null, null, null, null, '', null);
INSERT INTO person (id, first_name, last_name, middle_names, notes, sex, birth_id, death_id, burial_id, father_id, mother_id) VALUES (1213, 'Sigurd', 'Heiden', 'Ludwig', '', 'UNKNOWN', 3637, 3638, 3639, null, null);

--======= Insert Person id: 1214 =======
INSERT INTO life_event (id, day, month, year, date, notes, location_id) VALUES (3640, null, null, null, null, '', null);
INSERT INTO life_event (id, day, month, year, date, notes, location_id) VALUES (3641, null, null, null, null, '', null);
INSERT INTO life_event (id, day, month, year, date, notes, location_id) VALUES (3642, null, null, null, null, '', null);
INSERT INTO person (id, first_name, last_name, middle_names, notes, sex, birth_id, death_id, burial_id, father_id, mother_id) VALUES (1214, 'Edward', 'Heiden', 'Franklin', '', 'UNKNOWN', 3640, 3641, 3642, null, null);

--======= Insert Person id: 1215 =======
INSERT INTO life_event (id, day, month, year, date, notes, location_id) VALUES (3643, null, null, null, null, '', null);
INSERT INTO life_event (id, day, month, year, date, notes, location_id) VALUES (3644, null, null, null, null, '', null);
INSERT INTO life_event (id, day, month, year, date, notes, location_id) VALUES (3645, null, null, null, null, '', null);
INSERT INTO person (id, first_name, last_name, middle_names, notes, sex, birth_id, death_id, burial_id, father_id, mother_id) VALUES (1215, 'Johan', 'Rönnström', '', '', 'MAN', 3643, 3644, 3645, null, null);

--======= Insert Person id: 1216 =======
INSERT INTO life_event (id, day, month, year, date, notes, location_id) VALUES (3646, 3, 1, 1888, '1888-01-03', '', null);
INSERT INTO life_event (id, day, month, year, date, notes, location_id) VALUES (3647, 21, 10, 1958, '1958-10-21', '', null);
INSERT INTO life_event (id, day, month, year, date, notes, location_id) VALUES (3648, null, null, null, null, '', null);
INSERT INTO person (id, first_name, last_name, middle_names, notes, sex, birth_id, death_id, burial_id, father_id, mother_id) VALUES (1216, 'Greta', 'Rönnström', '', '', 'UNKNOWN', 3646, 3647, 3648, null, null);

--======= Insert Person id: 1217 =======
INSERT INTO life_event (id, day, month, year, date, notes, location_id) VALUES (3649, 22, 2, 1889, '1889-02-22', '', null);
INSERT INTO life_event (id, day, month, year, date, notes, location_id) VALUES (3650, 24, 9, 1959, '1959-09-24', '', null);
INSERT INTO life_event (id, day, month, year, date, notes, location_id) VALUES (3651, null, null, null, null, '', null);
INSERT INTO person (id, first_name, last_name, middle_names, notes, sex, birth_id, death_id, burial_id, father_id, mother_id) VALUES (1217, 'Ingeborg', 'Rönnström', '', '', 'UNKNOWN', 3649, 3650, 3651, null, null);

--======= Insert Person id: 1218 =======
INSERT INTO life_event (id, day, month, year, date, notes, location_id) VALUES (3652, 30, 7, 1891, '1891-07-30', '', null);
INSERT INTO life_event (id, day, month, year, date, notes, location_id) VALUES (3653, 22, 5, 1919, '1919-05-22', '', null);
INSERT INTO life_event (id, day, month, year, date, notes, location_id) VALUES (3654, null, null, null, null, '', null);
INSERT INTO person (id, first_name, last_name, middle_names, notes, sex, birth_id, death_id, burial_id, father_id, mother_id) VALUES (1218, 'John', 'Rönnström', '', '', 'UNKNOWN', 3652, 3653, 3654, null, null);

--======= Insert Person id: 1219 =======
INSERT INTO life_event (id, day, month, year, date, notes, location_id) VALUES (3655, null, null, null, null, '', null);
INSERT INTO life_event (id, day, month, year, date, notes, location_id) VALUES (3656, null, null, null, null, '', null);
INSERT INTO life_event (id, day, month, year, date, notes, location_id) VALUES (3657, null, null, null, null, '', null);
INSERT INTO person (id, first_name, last_name, middle_names, notes, sex, birth_id, death_id, burial_id, father_id, mother_id) VALUES (1219, 'Johan', 'Feuk', '', '', 'UNKNOWN', 3655, 3656, 3657, null, null);

--======= Insert Person id: 1220 =======
INSERT INTO life_event (id, day, month, year, date, notes, location_id) VALUES (3658, null, null, null, null, '', null);
INSERT INTO life_event (id, day, month, year, date, notes, location_id) VALUES (3659, null, null, null, null, '', null);
INSERT INTO life_event (id, day, month, year, date, notes, location_id) VALUES (3660, null, null, null, null, '', null);
INSERT INTO person (id, first_name, last_name, middle_names, notes, sex, birth_id, death_id, burial_id, father_id, mother_id) VALUES (1220, 'Hortence', 'Massart', '', '', 'WOMAN', 3658, 3659, 3660, null, null);

--======= Insert Person id: 1221 =======
INSERT INTO life_event (id, day, month, year, date, notes, location_id) VALUES (3661, 13, 4, 1899, '1899-04-13', '', null);
INSERT INTO life_event (id, day, month, year, date, notes, location_id) VALUES (3662, null, null, 1956, '1956-01-01', '', null);
INSERT INTO life_event (id, day, month, year, date, notes, location_id) VALUES (3663, null, null, null, null, '', null);
INSERT INTO person (id, first_name, last_name, middle_names, notes, sex, birth_id, death_id, burial_id, father_id, mother_id) VALUES (1221, 'Marelle', 'Osterman', '', '', 'UNKNOWN', 3661, 3662, 3663, null, null);

--======= Insert Person id: 1222 =======
INSERT INTO life_event (id, day, month, year, date, notes, location_id) VALUES (3664, 27, 3, 1938, '1938-03-27', '', null);
INSERT INTO life_event (id, day, month, year, date, notes, location_id) VALUES (3665, null, null, null, null, '', null);
INSERT INTO life_event (id, day, month, year, date, notes, location_id) VALUES (3666, null, null, null, null, '', null);
INSERT INTO person (id, first_name, last_name, middle_names, notes, sex, birth_id, death_id, burial_id, father_id, mother_id) VALUES (1222, 'Birgitta', 'Lundgren', '', '', 'UNKNOWN', 3664, 3665, 3666, null, null);

--======= Insert Person id: 1223 =======
INSERT INTO life_event (id, day, month, year, date, notes, location_id) VALUES (3667, null, null, null, null, '', null);
INSERT INTO life_event (id, day, month, year, date, notes, location_id) VALUES (3668, null, null, null, null, '', null);
INSERT INTO life_event (id, day, month, year, date, notes, location_id) VALUES (3669, null, null, null, null, '', null);
INSERT INTO person (id, first_name, last_name, middle_names, notes, sex, birth_id, death_id, burial_id, father_id, mother_id) VALUES (1223, 'Gunnar', 'Eklund', '', '', 'MAN', 3667, 3668, 3669, null, null);

--======= Insert Person id: 1224 =======
INSERT INTO life_event (id, day, month, year, date, notes, location_id) VALUES (3670, 4, 12, 1951, '1951-12-04', '', null);
INSERT INTO life_event (id, day, month, year, date, notes, location_id) VALUES (3671, null, null, null, null, '', null);
INSERT INTO life_event (id, day, month, year, date, notes, location_id) VALUES (3672, null, null, null, null, '', null);
INSERT INTO person (id, first_name, last_name, middle_names, notes, sex, birth_id, death_id, burial_id, father_id, mother_id) VALUES (1224, 'Malin', 'Eklund', 'Elisabet', '', 'UNKNOWN', 3670, 3671, 3672, null, null);

--======= Insert Person id: 1225 =======
INSERT INTO life_event (id, day, month, year, date, notes, location_id) VALUES (3673, 11, 4, 1954, '1954-04-11', '', null);
INSERT INTO life_event (id, day, month, year, date, notes, location_id) VALUES (3674, null, null, null, null, '', null);
INSERT INTO life_event (id, day, month, year, date, notes, location_id) VALUES (3675, null, null, null, null, '', null);
INSERT INTO person (id, first_name, last_name, middle_names, notes, sex, birth_id, death_id, burial_id, father_id, mother_id) VALUES (1225, 'Märta', 'Eklund', 'Charlotta, Lotta', '', 'UNKNOWN', 3673, 3674, 3675, null, null);

--======= Insert Person id: 1226 =======
INSERT INTO life_event (id, day, month, year, date, notes, location_id) VALUES (3676, null, null, null, null, '', null);
INSERT INTO life_event (id, day, month, year, date, notes, location_id) VALUES (3677, null, null, null, null, '', null);
INSERT INTO life_event (id, day, month, year, date, notes, location_id) VALUES (3678, null, null, null, null, '', null);
INSERT INTO person (id, first_name, last_name, middle_names, notes, sex, birth_id, death_id, burial_id, father_id, mother_id) VALUES (1226, 'Staffan', 'Källström', '', '', 'UNKNOWN', 3676, 3677, 3678, null, null);

--======= Insert Person id: 1227 =======
INSERT INTO life_event (id, day, month, year, date, notes, location_id) VALUES (3679, 18, 6, 1937, '1937-06-18', '', null);
INSERT INTO life_event (id, day, month, year, date, notes, location_id) VALUES (3680, null, null, null, null, '', null);
INSERT INTO life_event (id, day, month, year, date, notes, location_id) VALUES (3681, null, null, null, null, '', null);
INSERT INTO person (id, first_name, last_name, middle_names, notes, sex, birth_id, death_id, burial_id, father_id, mother_id) VALUES (1227, 'Margareta', 'Beskov', '', '', 'WOMAN', 3679, 3680, 3681, null, null);

--======= Insert Person id: 1228 =======
INSERT INTO life_event (id, day, month, year, date, notes, location_id) VALUES (3682, 6, 8, 1962, '1962-08-06', '', null);
INSERT INTO life_event (id, day, month, year, date, notes, location_id) VALUES (3683, null, null, null, null, '', null);
INSERT INTO life_event (id, day, month, year, date, notes, location_id) VALUES (3684, null, null, null, null, '', null);
INSERT INTO person (id, first_name, last_name, middle_names, notes, sex, birth_id, death_id, burial_id, father_id, mother_id) VALUES (1228, 'Ylva', 'Gavel', '', '', 'UNKNOWN', 3682, 3683, 3684, null, null);

--======= Insert Person id: 1229 =======
INSERT INTO life_event (id, day, month, year, date, notes, location_id) VALUES (3685, 17, 6, 1964, '1964-06-17', '', null);
INSERT INTO life_event (id, day, month, year, date, notes, location_id) VALUES (3686, null, null, null, null, '', null);
INSERT INTO life_event (id, day, month, year, date, notes, location_id) VALUES (3687, null, null, null, null, '', null);
INSERT INTO person (id, first_name, last_name, middle_names, notes, sex, birth_id, death_id, burial_id, father_id, mother_id) VALUES (1229, 'Hillevi', 'Gavel', '', '', 'UNKNOWN', 3685, 3686, 3687, null, null);

--======= Insert Person id: 1230 =======
INSERT INTO life_event (id, day, month, year, date, notes, location_id) VALUES (3688, 12, 7, 1929, '1929-07-12', '', null);
INSERT INTO life_event (id, day, month, year, date, notes, location_id) VALUES (3689, null, null, null, null, '', null);
INSERT INTO life_event (id, day, month, year, date, notes, location_id) VALUES (3690, null, null, null, null, '', null);
INSERT INTO person (id, first_name, last_name, middle_names, notes, sex, birth_id, death_id, burial_id, father_id, mother_id) VALUES (1230, 'Lennart', 'Leijonhufvud', '', '', 'MAN', 3688, 3689, 3690, null, null);

--======= Insert Person id: 1231 =======
INSERT INTO life_event (id, day, month, year, date, notes, location_id) VALUES (3691, 30, 12, 1958, '1958-12-30', '', null);
INSERT INTO life_event (id, day, month, year, date, notes, location_id) VALUES (3692, null, null, null, null, '', null);
INSERT INTO life_event (id, day, month, year, date, notes, location_id) VALUES (3693, null, null, null, null, '', null);
INSERT INTO person (id, first_name, last_name, middle_names, notes, sex, birth_id, death_id, burial_id, father_id, mother_id) VALUES (1231, 'Anna', 'Leijonhufvud', 'Christina', '', 'UNKNOWN', 3691, 3692, 3693, null, null);

--======= Insert Person id: 1232 =======
INSERT INTO life_event (id, day, month, year, date, notes, location_id) VALUES (3694, 20, 2, 1964, '1964-02-20', '', null);
INSERT INTO life_event (id, day, month, year, date, notes, location_id) VALUES (3695, null, null, null, null, '', null);
INSERT INTO life_event (id, day, month, year, date, notes, location_id) VALUES (3696, null, null, null, null, '', null);
INSERT INTO person (id, first_name, last_name, middle_names, notes, sex, birth_id, death_id, burial_id, father_id, mother_id) VALUES (1232, 'Hans', 'Leijonhufvud', 'Valter', '', 'UNKNOWN', 3694, 3695, 3696, null, null);

--======= Insert Person id: 1233 =======
INSERT INTO life_event (id, day, month, year, date, notes, location_id) VALUES (3697, 8, 2, 1966, '1966-02-08', '', null);
INSERT INTO life_event (id, day, month, year, date, notes, location_id) VALUES (3698, null, null, null, null, '', null);
INSERT INTO life_event (id, day, month, year, date, notes, location_id) VALUES (3699, null, null, null, null, '', null);
INSERT INTO person (id, first_name, last_name, middle_names, notes, sex, birth_id, death_id, burial_id, father_id, mother_id) VALUES (1233, 'Ulrika', 'Leijonhufvud', 'Elisabet, Viveka', '', 'UNKNOWN', 3697, 3698, 3699, null, null);

--======= Insert Person id: 1234 =======
INSERT INTO life_event (id, day, month, year, date, notes, location_id) VALUES (3700, 25, 9, 1969, '1969-09-25', '', null);
INSERT INTO life_event (id, day, month, year, date, notes, location_id) VALUES (3701, null, null, null, null, '', null);
INSERT INTO life_event (id, day, month, year, date, notes, location_id) VALUES (3702, null, null, null, null, '', null);
INSERT INTO person (id, first_name, last_name, middle_names, notes, sex, birth_id, death_id, burial_id, father_id, mother_id) VALUES (1234, 'Fredrik', 'Leijonhufvud', '', '', 'UNKNOWN', 3700, 3701, 3702, null, null);

--======= Insert Person id: 1235 =======
INSERT INTO life_event (id, day, month, year, date, notes, location_id) VALUES (3703, null, null, null, null, '', null);
INSERT INTO life_event (id, day, month, year, date, notes, location_id) VALUES (3704, null, null, null, null, '', null);
INSERT INTO life_event (id, day, month, year, date, notes, location_id) VALUES (3705, null, null, null, null, '', null);
INSERT INTO person (id, first_name, last_name, middle_names, notes, sex, birth_id, death_id, burial_id, father_id, mother_id) VALUES (1235, 'Jan', 'Hellberg', '', '', 'MAN', 3703, 3704, 3705, null, null);

--======= Insert Person id: 1236 =======
INSERT INTO life_event (id, day, month, year, date, notes, location_id) VALUES (3706, 23, 3, 1961, '1961-03-23', '', null);
INSERT INTO life_event (id, day, month, year, date, notes, location_id) VALUES (3707, null, null, null, null, '', null);
INSERT INTO life_event (id, day, month, year, date, notes, location_id) VALUES (3708, null, null, null, null, '', null);
INSERT INTO person (id, first_name, last_name, middle_names, notes, sex, birth_id, death_id, burial_id, father_id, mother_id) VALUES (1236, 'Karin', 'Hellberg', 'Margareta', '', 'UNKNOWN', 3706, 3707, 3708, null, null);

--======= Insert Person id: 1237 =======
INSERT INTO life_event (id, day, month, year, date, notes, location_id) VALUES (3709, 7, 10, 1964, '1964-10-07', '', null);
INSERT INTO life_event (id, day, month, year, date, notes, location_id) VALUES (3710, null, null, null, null, '', null);
INSERT INTO life_event (id, day, month, year, date, notes, location_id) VALUES (3711, null, null, null, null, '', null);
INSERT INTO person (id, first_name, last_name, middle_names, notes, sex, birth_id, death_id, burial_id, father_id, mother_id) VALUES (1237, 'Niklas', 'Hellberg', '', '', 'UNKNOWN', 3709, 3710, 3711, null, null);

--======= Insert Person id: 1238 =======
INSERT INTO life_event (id, day, month, year, date, notes, location_id) VALUES (3712, 7, 3, 1970, '1970-03-07', '', null);
INSERT INTO life_event (id, day, month, year, date, notes, location_id) VALUES (3713, null, null, null, null, '', null);
INSERT INTO life_event (id, day, month, year, date, notes, location_id) VALUES (3714, null, null, null, null, '', null);
INSERT INTO person (id, first_name, last_name, middle_names, notes, sex, birth_id, death_id, burial_id, father_id, mother_id) VALUES (1238, 'Anna', 'Hellberg', 'Cecilia, Louise', '', 'UNKNOWN', 3712, 3713, 3714, null, null);

--======= Insert Person id: 1239 =======
INSERT INTO life_event (id, day, month, year, date, notes, location_id) VALUES (3715, 22, 3, 1946, '1946-03-22', '', null);
INSERT INTO life_event (id, day, month, year, date, notes, location_id) VALUES (3716, null, null, null, null, '', null);
INSERT INTO life_event (id, day, month, year, date, notes, location_id) VALUES (3717, null, null, null, null, '', null);
INSERT INTO person (id, first_name, last_name, middle_names, notes, sex, birth_id, death_id, burial_id, father_id, mother_id) VALUES (1239, 'Charlotte', 'Björkman', '', '', 'UNKNOWN', 3715, 3716, 3717, null, null);

--======= Insert Person id: 1240 =======
INSERT INTO location (id, city, country, region, notes, latitude, longitude, fetch_status) VALUES (1417, 'Husby', 'Sverige', '', '', 60.38931, 16.00204, 'FETCHED_WITH_SUCCESS');
INSERT INTO life_event (id, day, month, year, date, notes, location_id) VALUES (3718, 2, 6, 1861, '1861-06-02', '', 1417);
INSERT INTO life_event (id, day, month, year, date, notes, location_id) VALUES (3719, 12, 12, 1946, '1946-12-12', '', null);
INSERT INTO life_event (id, day, month, year, date, notes, location_id) VALUES (3720, null, null, null, null, '', null);
INSERT INTO person (id, first_name, last_name, middle_names, notes, sex, birth_id, death_id, burial_id, father_id, mother_id) VALUES (1240, 'Amanda', 'Brusell', 'Charlotta', '', 'WOMAN', 3718, 3719, 3720, null, null);

--======= Insert Person id: 1241 =======
INSERT INTO location (id, city, country, region, notes, latitude, longitude, fetch_status) VALUES (1418, 'November', 'Sverige', '', '', 56.04652, 12.73726, 'FETCHED_WITH_SUCCESS');
INSERT INTO life_event (id, day, month, year, date, notes, location_id) VALUES (3721, null, null, 1854, '1854-01-01', '', 1418);
INSERT INTO life_event (id, day, month, year, date, notes, location_id) VALUES (3722, 23, 11, 1935, '1935-11-23', '', null);
INSERT INTO life_event (id, day, month, year, date, notes, location_id) VALUES (3723, null, null, null, null, '', null);
INSERT INTO person (id, first_name, last_name, middle_names, notes, sex, birth_id, death_id, burial_id, father_id, mother_id) VALUES (1241, 'Erik', 'Fredriksson', 'J', '', 'MAN', 3721, 3722, 3723, null, null);

--======= Insert Person id: 1242 =======
INSERT INTO life_event (id, day, month, year, date, notes, location_id) VALUES (3724, null, null, null, null, '', null);
INSERT INTO life_event (id, day, month, year, date, notes, location_id) VALUES (3725, null, null, null, null, '', null);
INSERT INTO life_event (id, day, month, year, date, notes, location_id) VALUES (3726, null, null, null, null, '', null);
INSERT INTO occupation (id, notes, day, month, year, date, location_id) VALUES (510, 'Spårvagnsförare', null, null, null, null, null);
INSERT INTO person (id, first_name, last_name, middle_names, notes, sex, birth_id, death_id, burial_id, father_id, mother_id) VALUES (1242, 'Carl', 'Fredriksson', 'Viktor', '', 'UNKNOWN', 3724, 3725, 3726, null, null);

--======= Insert Person id: 1243 =======
INSERT INTO location (id, city, country, region, notes, latitude, longitude, fetch_status) VALUES (1419, 'Bettna', 'Sverige', '', '', 58.90337, 16.64313, 'FETCHED_WITH_SUCCESS');
INSERT INTO life_event (id, day, month, year, date, notes, location_id) VALUES (3727, null, null, null, null, '', 1419);
INSERT INTO life_event (id, day, month, year, date, notes, location_id) VALUES (3728, null, null, null, null, '', null);
INSERT INTO life_event (id, day, month, year, date, notes, location_id) VALUES (3729, null, null, null, null, '', null);
INSERT INTO occupation (id, notes, day, month, year, date, location_id) VALUES (511, 'Lantbrukare', null, null, null, null, null);
INSERT INTO person (id, first_name, last_name, middle_names, notes, sex, birth_id, death_id, burial_id, father_id, mother_id) VALUES (1243, 'Erik', 'Fredriksson', 'Harald', '', 'UNKNOWN', 3727, 3728, 3729, null, null);

--======= Insert Person id: 1244 =======
INSERT INTO location (id, city, country, region, notes, latitude, longitude, fetch_status) VALUES (1420, 'Bettna', 'Sverige', '', '', 58.90337, 16.64313, 'FETCHED_WITH_SUCCESS');
INSERT INTO life_event (id, day, month, year, date, notes, location_id) VALUES (3730, 17, 10, 1910, '1910-10-17', '', 1420);
INSERT INTO life_event (id, day, month, year, date, notes, location_id) VALUES (3731, null, null, null, null, '', null);
INSERT INTO life_event (id, day, month, year, date, notes, location_id) VALUES (3732, null, null, null, null, '', null);
INSERT INTO occupation (id, notes, day, month, year, date, location_id) VALUES (512, 'Lantbrukare', null, null, null, null, null);
INSERT INTO person (id, first_name, last_name, middle_names, notes, sex, birth_id, death_id, burial_id, father_id, mother_id) VALUES (1244, 'Evert', 'Fredriksson', '', '', 'UNKNOWN', 3730, 3731, 3732, null, null);

--======= Insert Person id: 1245 =======
INSERT INTO location (id, city, country, region, notes, latitude, longitude, fetch_status) VALUES (1421, 'Bettna', 'Sverige', '', '', 58.90337, 16.64313, 'FETCHED_WITH_SUCCESS');
INSERT INTO life_event (id, day, month, year, date, notes, location_id) VALUES (3733, null, null, null, null, '', 1421);
INSERT INTO life_event (id, day, month, year, date, notes, location_id) VALUES (3734, null, null, null, null, '', null);
INSERT INTO life_event (id, day, month, year, date, notes, location_id) VALUES (3735, null, null, null, null, '', null);
INSERT INTO occupation (id, notes, day, month, year, date, location_id) VALUES (513, 'Hemmafru', null, null, null, null, null);
INSERT INTO person (id, first_name, last_name, middle_names, notes, sex, birth_id, death_id, burial_id, father_id, mother_id) VALUES (1245, 'Anna-Greta', 'Fredriksson', '', '', 'UNKNOWN', 3733, 3734, 3735, null, null);

--======= Insert Person id: 1246 =======
INSERT INTO location (id, city, country, region, notes, latitude, longitude, fetch_status) VALUES (1422, 'Bettna', 'Sverige', '', '', 58.90337, 16.64313, 'FETCHED_WITH_SUCCESS');
INSERT INTO life_event (id, day, month, year, date, notes, location_id) VALUES (3736, null, null, null, null, '', 1422);
INSERT INTO life_event (id, day, month, year, date, notes, location_id) VALUES (3737, null, null, null, null, '', null);
INSERT INTO life_event (id, day, month, year, date, notes, location_id) VALUES (3738, null, null, null, null, '', null);
INSERT INTO person (id, first_name, last_name, middle_names, notes, sex, birth_id, death_id, burial_id, father_id, mother_id) VALUES (1246, 'Ingrid', 'Fredriksson', '', '', 'UNKNOWN', 3736, 3737, 3738, null, null);

--======= Insert Person id: 1247 =======
INSERT INTO location (id, city, country, region, notes, latitude, longitude, fetch_status) VALUES (1423, 'Bettna', 'Sverige', '', '', 58.90337, 16.64313, 'FETCHED_WITH_SUCCESS');
INSERT INTO life_event (id, day, month, year, date, notes, location_id) VALUES (3739, null, null, null, null, '', 1423);
INSERT INTO life_event (id, day, month, year, date, notes, location_id) VALUES (3740, null, null, null, null, '', null);
INSERT INTO life_event (id, day, month, year, date, notes, location_id) VALUES (3741, null, null, null, null, '', null);
INSERT INTO person (id, first_name, last_name, middle_names, notes, sex, birth_id, death_id, burial_id, father_id, mother_id) VALUES (1247, 'Agda', 'Fredriksson', '', '', 'UNKNOWN', 3739, 3740, 3741, null, null);

--======= Insert Person id: 1248 =======
INSERT INTO location (id, city, country, region, notes, latitude, longitude, fetch_status) VALUES (1424, 'Bettna', 'Sverige', '', '', 58.90337, 16.64313, 'FETCHED_WITH_SUCCESS');
INSERT INTO life_event (id, day, month, year, date, notes, location_id) VALUES (3742, null, null, null, null, '', 1424);
INSERT INTO life_event (id, day, month, year, date, notes, location_id) VALUES (3743, null, null, null, null, '', null);
INSERT INTO life_event (id, day, month, year, date, notes, location_id) VALUES (3744, null, null, null, null, '', null);
INSERT INTO person (id, first_name, last_name, middle_names, notes, sex, birth_id, death_id, burial_id, father_id, mother_id) VALUES (1248, 'Aina', 'Fredriksson', '', '', 'UNKNOWN', 3742, 3743, 3744, null, null);

--======= Insert Person id: 1249 =======
INSERT INTO location (id, city, country, region, notes, latitude, longitude, fetch_status) VALUES (1425, 'Bettna', 'Sverige', '', '', 58.90337, 16.64313, 'FETCHED_WITH_SUCCESS');
INSERT INTO life_event (id, day, month, year, date, notes, location_id) VALUES (3745, null, null, null, null, '', 1425);
INSERT INTO life_event (id, day, month, year, date, notes, location_id) VALUES (3746, null, null, null, null, '', null);
INSERT INTO life_event (id, day, month, year, date, notes, location_id) VALUES (3747, null, null, null, null, '', null);
INSERT INTO person (id, first_name, last_name, middle_names, notes, sex, birth_id, death_id, burial_id, father_id, mother_id) VALUES (1249, 'Asta', 'Fredriksson', '', '', 'UNKNOWN', 3745, 3746, 3747, null, null);

--======= Insert Person id: 1250 =======
INSERT INTO location (id, city, country, region, notes, latitude, longitude, fetch_status) VALUES (1426, 'Bettna', 'Sverige', '', '', 58.90337, 16.64313, 'FETCHED_WITH_SUCCESS');
INSERT INTO life_event (id, day, month, year, date, notes, location_id) VALUES (3748, null, null, null, null, '', 1426);
INSERT INTO life_event (id, day, month, year, date, notes, location_id) VALUES (3749, null, null, null, null, '', null);
INSERT INTO life_event (id, day, month, year, date, notes, location_id) VALUES (3750, null, null, null, null, '', null);
INSERT INTO person (id, first_name, last_name, middle_names, notes, sex, birth_id, death_id, burial_id, father_id, mother_id) VALUES (1250, 'Allan', 'Fredriksson', '', '', 'UNKNOWN', 3748, 3749, 3750, null, null);

--======= Insert Person id: 1251 =======
INSERT INTO life_event (id, day, month, year, date, notes, location_id) VALUES (3751, 21, 3, 1855, '1855-03-21', '', null);
INSERT INTO life_event (id, day, month, year, date, notes, location_id) VALUES (3752, 27, 1, 1925, '1925-01-27', '', null);
INSERT INTO life_event (id, day, month, year, date, notes, location_id) VALUES (3753, null, null, null, null, '', null);
INSERT INTO person (id, first_name, last_name, middle_names, notes, sex, birth_id, death_id, burial_id, father_id, mother_id) VALUES (1251, 'Anna', 'Lundgren', 'Lovisa', '', 'WOMAN', 3751, 3752, 3753, null, null);

--======= Insert Person id: 1252 =======
INSERT INTO life_event (id, day, month, year, date, notes, location_id) VALUES (3754, 10, 7, 1848, '1848-07-10', '', null);
INSERT INTO life_event (id, day, month, year, date, notes, location_id) VALUES (3755, 30, 12, 1901, '1901-12-30', '', null);
INSERT INTO life_event (id, day, month, year, date, notes, location_id) VALUES (3756, null, null, null, null, '', null);
INSERT INTO person (id, first_name, last_name, middle_names, notes, sex, birth_id, death_id, burial_id, father_id, mother_id) VALUES (1252, 'Evald', 'Eriksson', '', '', 'MAN', 3754, 3755, 3756, null, null);

--======= Insert Person id: 1253 =======
INSERT INTO life_event (id, day, month, year, date, notes, location_id) VALUES (3757, null, null, null, null, '', null);
INSERT INTO life_event (id, day, month, year, date, notes, location_id) VALUES (3758, null, null, null, null, '', null);
INSERT INTO life_event (id, day, month, year, date, notes, location_id) VALUES (3759, null, null, null, null, '', null);
INSERT INTO person (id, first_name, last_name, middle_names, notes, sex, birth_id, death_id, burial_id, father_id, mother_id) VALUES (1253, 'Alfred', 'Fredriksson', '', '', 'UNKNOWN', 3757, 3758, 3759, null, null);

--======= Insert Person id: 1254 =======
INSERT INTO life_event (id, day, month, year, date, notes, location_id) VALUES (3760, null, null, null, null, '', null);
INSERT INTO life_event (id, day, month, year, date, notes, location_id) VALUES (3761, null, null, null, null, '', null);
INSERT INTO life_event (id, day, month, year, date, notes, location_id) VALUES (3762, null, null, null, null, '', null);
INSERT INTO person (id, first_name, last_name, middle_names, notes, sex, birth_id, death_id, burial_id, father_id, mother_id) VALUES (1254, '', 'Fredriksson', '', '', 'UNKNOWN', 3760, 3761, 3762, null, null);

--======= Insert Person id: 1255 =======
INSERT INTO location (id, city, country, region, notes, latitude, longitude, fetch_status) VALUES (1427, 'Husby', 'Sverige', '', '', 60.38931, 16.00204, 'FETCHED_WITH_SUCCESS');
INSERT INTO life_event (id, day, month, year, date, notes, location_id) VALUES (3763, 26, 8, 1828, '1828-08-26', '', 1427);
INSERT INTO life_event (id, day, month, year, date, notes, location_id) VALUES (3764, 30, 12, 1910, '1910-12-30', '', null);
INSERT INTO life_event (id, day, month, year, date, notes, location_id) VALUES (3765, null, null, null, null, '', null);
INSERT INTO person (id, first_name, last_name, middle_names, notes, sex, birth_id, death_id, burial_id, father_id, mother_id) VALUES (1255, 'Katarina', 'Eriksdotter', '', '', 'WOMAN', 3763, 3764, 3765, null, null);

--======= Insert Person id: 1256 =======
INSERT INTO life_event (id, day, month, year, date, notes, location_id) VALUES (3766, 21, 5, 1825, '1825-05-21', '', null);
INSERT INTO life_event (id, day, month, year, date, notes, location_id) VALUES (3767, 3, 12, 1908, '1908-12-03', '', null);
INSERT INTO life_event (id, day, month, year, date, notes, location_id) VALUES (3768, null, null, null, null, '', null);
INSERT INTO person (id, first_name, last_name, middle_names, notes, sex, birth_id, death_id, burial_id, father_id, mother_id) VALUES (1256, 'Carl', 'Brusell', 'Johan, Kristiansson', 'Hans farfar kom 1734 som baby till Linköping från Bryssel. De var tre bröder, en dog strax efter ankomsten. De gav upphov till två grenar; en rik och en fattig (vår gren).', 'MAN', 3766, 3767, 3768, null, null);

--======= Insert Person id: 1257 =======
INSERT INTO location (id, city, country, region, notes, latitude, longitude, fetch_status) VALUES (1428, 'Husby', 'Sverige', '', '', 60.38931, 16.00204, 'FETCHED_WITH_SUCCESS');
INSERT INTO life_event (id, day, month, year, date, notes, location_id) VALUES (3769, null, null, 1854, '1854-01-01', '', 1428);
INSERT INTO life_event (id, day, month, year, date, notes, location_id) VALUES (3770, null, null, null, null, '', null);
INSERT INTO life_event (id, day, month, year, date, notes, location_id) VALUES (3771, null, null, null, null, '', null);
INSERT INTO person (id, first_name, last_name, middle_names, notes, sex, birth_id, death_id, burial_id, father_id, mother_id) VALUES (1257, 'Carl', 'Brusell', 'Fredrik', '', 'UNKNOWN', 3769, 3770, 3771, null, null);

--======= Insert Person id: 1258 =======
INSERT INTO location (id, city, country, region, notes, latitude, longitude, fetch_status) VALUES (1429, 'Husby', 'Sverige', '', '', 60.38931, 16.00204, 'FETCHED_WITH_SUCCESS');
INSERT INTO life_event (id, day, month, year, date, notes, location_id) VALUES (3772, null, null, 1858, '1858-01-01', '', 1429);
INSERT INTO life_event (id, day, month, year, date, notes, location_id) VALUES (3773, null, null, null, null, '', null);
INSERT INTO life_event (id, day, month, year, date, notes, location_id) VALUES (3774, null, null, null, null, '', null);
INSERT INTO person (id, first_name, last_name, middle_names, notes, sex, birth_id, death_id, burial_id, father_id, mother_id) VALUES (1258, 'Eric', 'Brusell', 'Vilhelm', '', 'UNKNOWN', 3772, 3773, 3774, null, null);

--======= Insert Person id: 1259 =======
INSERT INTO life_event (id, day, month, year, date, notes, location_id) VALUES (3775, 12, 12, 1816, '1816-12-12', '', null);
INSERT INTO life_event (id, day, month, year, date, notes, location_id) VALUES (3776, 4, 5, 1912, '1912-05-04', '', null);
INSERT INTO life_event (id, day, month, year, date, notes, location_id) VALUES (3777, null, null, null, null, '', null);
INSERT INTO person (id, first_name, last_name, middle_names, notes, sex, birth_id, death_id, burial_id, father_id, mother_id) VALUES (1259, 'Brita', 'Andersson', 'Katarina', '', 'WOMAN', 3775, 3776, 3777, null, null);

--======= Insert Person id: 1260 =======
INSERT INTO life_event (id, day, month, year, date, notes, location_id) VALUES (3778, 11, 9, 1858, '1858-09-11', '', null);
INSERT INTO location (id, city, country, region, notes, latitude, longitude, fetch_status) VALUES (1430, 'Landön', 'Fjälkinge', '', '', 55.97951, 14.38762, 'FETCHED_WITH_SUCCESS');
INSERT INTO life_event (id, day, month, year, date, notes, location_id) VALUES (3779, 27, 7, 1929, '1929-07-27', '', 1430);
INSERT INTO life_event (id, day, month, year, date, notes, location_id) VALUES (3780, null, null, null, null, '', null);
INSERT INTO person (id, first_name, last_name, middle_names, notes, sex, birth_id, death_id, burial_id, father_id, mother_id) VALUES (1260, 'Kerstin', 'Nilsson', '', '', 'WOMAN', 3778, 3779, 3780, null, null);

--======= Insert Person id: 1261 =======
INSERT INTO location (id, city, country, region, notes, latitude, longitude, fetch_status) VALUES (1431, 'Hammrarna', 'Rinkaby', '', '', 55.98465, 14.27167, 'FETCHED_WITH_SUCCESS');
INSERT INTO life_event (id, day, month, year, date, notes, location_id) VALUES (3781, 8, 12, 1858, '1858-12-08', '', 1431);
INSERT INTO location (id, city, country, region, notes, latitude, longitude, fetch_status) VALUES (1432, 'Landön', 'Fjälkinge', '', '', 55.97951, 14.38762, 'FETCHED_WITH_SUCCESS');
INSERT INTO life_event (id, day, month, year, date, notes, location_id) VALUES (3782, 8, 11, 1943, '1943-11-08', '', 1432);
INSERT INTO life_event (id, day, month, year, date, notes, location_id) VALUES (3783, null, null, null, null, '', null);
INSERT INTO occupation (id, notes, day, month, year, date, location_id) VALUES (514, 'Fiskare', null, null, null, null, null);
INSERT INTO person (id, first_name, last_name, middle_names, notes, sex, birth_id, death_id, burial_id, father_id, mother_id) VALUES (1261, 'Johan', 'Borgström', '', '', 'MAN', 3781, 3782, 3783, null, null);

--======= Insert Person id: 1262 =======
INSERT INTO life_event (id, day, month, year, date, notes, location_id) VALUES (3784, 4, 6, 1844, '1844-06-04', '', null);
INSERT INTO location (id, city, country, region, notes, latitude, longitude, fetch_status) VALUES (1433, 'Østra Ljungby', 'Trolle', '', '', 56.19027, 13.06465, 'FETCHED_WITH_SUCCESS');
INSERT INTO life_event (id, day, month, year, date, notes, location_id) VALUES (3785, 3, 5, 1888, '1888-05-03', '', 1433);
INSERT INTO life_event (id, day, month, year, date, notes, location_id) VALUES (3786, null, null, null, null, '', null);
INSERT INTO person (id, first_name, last_name, middle_names, notes, sex, birth_id, death_id, burial_id, father_id, mother_id) VALUES (1262, 'Signe', 'Persson', '', '', 'WOMAN', 3784, 3785, 3786, null, null);

--======= Insert Person id: 1263 =======
INSERT INTO life_event (id, day, month, year, date, notes, location_id) VALUES (3787, 15, 2, 1842, '1842-02-15', '', null);
INSERT INTO location (id, city, country, region, notes, latitude, longitude, fetch_status) VALUES (1434, 'Østra Ljungby', 'Trolle', '', '', 56.19027, 13.06465, 'FETCHED_WITH_SUCCESS');
INSERT INTO life_event (id, day, month, year, date, notes, location_id) VALUES (3788, 29, 2, 1888, '1888-02-29', '', 1434);
INSERT INTO life_event (id, day, month, year, date, notes, location_id) VALUES (3789, null, null, null, null, '', null);
INSERT INTO occupation (id, notes, day, month, year, date, location_id) VALUES (515, 'Lantbrukare', null, null, null, null, null);
INSERT INTO person (id, first_name, last_name, middle_names, notes, sex, birth_id, death_id, burial_id, father_id, mother_id) VALUES (1263, 'Sven', 'Simonsson', '', '', 'MAN', 3787, 3788, 3789, null, null);

--======= Insert Person id: 1264 =======
INSERT INTO life_event (id, day, month, year, date, notes, location_id) VALUES (3790, null, null, null, null, '', null);
INSERT INTO life_event (id, day, month, year, date, notes, location_id) VALUES (3791, null, null, null, null, '', null);
INSERT INTO life_event (id, day, month, year, date, notes, location_id) VALUES (3792, null, null, null, null, '', null);
INSERT INTO person (id, first_name, last_name, middle_names, notes, sex, birth_id, death_id, burial_id, father_id, mother_id) VALUES (1264, 'Simon', 'Svensson', '', '', 'MAN', 3790, 3791, 3792, null, null);

--======= Insert Person id: 1265 =======
INSERT INTO life_event (id, day, month, year, date, notes, location_id) VALUES (3793, 1, 8, 1854, '1854-08-01', '', null);
INSERT INTO location (id, city, country, region, notes, latitude, longitude, fetch_status) VALUES (1435, 'Lund', 'Sverige', '', '', 55.70664, 13.18759, 'FETCHED_WITH_SUCCESS');
INSERT INTO life_event (id, day, month, year, date, notes, location_id) VALUES (3794, 18, 1, 1939, '1939-01-18', '', 1435);
INSERT INTO life_event (id, day, month, year, date, notes, location_id) VALUES (3795, null, null, null, null, '', null);
INSERT INTO person (id, first_name, last_name, middle_names, notes, sex, birth_id, death_id, burial_id, father_id, mother_id) VALUES (1265, 'John', 'Palm', 'Jonas, Andreas, Georg', '', 'MAN', 3793, 3794, 3795, null, null);

--======= Insert Person id: 1266 =======
INSERT INTO location (id, city, country, region, notes, latitude, longitude, fetch_status) VALUES (1436, 'Lund stadsförs', 'Sverige', '', '', 55.70664, 13.18759, 'FETCHED_WITH_SUCCESS');
INSERT INTO life_event (id, day, month, year, date, notes, location_id) VALUES (3796, 1, 3, 1829, '1829-03-01', '', 1436);
INSERT INTO location (id, city, country, region, notes, latitude, longitude, fetch_status) VALUES (1437, 'Lund', 'Sverige', '', '', 55.70664, 13.18759, 'FETCHED_WITH_SUCCESS');
INSERT INTO life_event (id, day, month, year, date, notes, location_id) VALUES (3797, 11, 5, 1887, '1887-05-11', '', 1437);
INSERT INTO life_event (id, day, month, year, date, notes, location_id) VALUES (3798, null, null, null, null, '', null);
INSERT INTO person (id, first_name, last_name, middle_names, notes, sex, birth_id, death_id, burial_id, father_id, mother_id) VALUES (1266, 'Wilhelmina', 'Engeström', 'Ulrika', '', 'WOMAN', 3796, 3797, 3798, null, null);

--======= Insert Person id: 1267 =======
INSERT INTO location (id, city, country, region, notes, latitude, longitude, fetch_status) VALUES (1438, 'Burlöv', 'Sverige', '', '', 55.63733, 13.0823, 'FETCHED_WITH_SUCCESS');
INSERT INTO life_event (id, day, month, year, date, notes, location_id) VALUES (3799, 7, 1, 1820, '1820-01-07', '', 1438);
INSERT INTO life_event (id, day, month, year, date, notes, location_id) VALUES (3800, null, null, null, null, '', null);
INSERT INTO life_event (id, day, month, year, date, notes, location_id) VALUES (3801, null, null, null, null, '', null);
INSERT INTO occupation (id, notes, day, month, year, date, location_id) VALUES (516, 'Döpt 1820', null, null, null, null, null);
INSERT INTO person (id, first_name, last_name, middle_names, notes, sex, birth_id, death_id, burial_id, father_id, mother_id) VALUES (1267, 'Esaias', 'Palm', 'Laurent', '', 'MAN', 3799, 3800, 3801, null, null);

--======= Insert Person id: 1268 =======
INSERT INTO location (id, city, country, region, notes, latitude, longitude, fetch_status) VALUES (1439, 'Konga', 'Sverige', '', '', 56.49296, 15.11689, 'FETCHED_WITH_SUCCESS');
INSERT INTO life_event (id, day, month, year, date, notes, location_id) VALUES (3802, 31, 8, 1855, '1855-08-31', '', 1439);
INSERT INTO location (id, city, country, region, notes, latitude, longitude, fetch_status) VALUES (1440, 'Lund', 'Sverige', '', '', 55.70664, 13.18759, 'FETCHED_WITH_SUCCESS');
INSERT INTO life_event (id, day, month, year, date, notes, location_id) VALUES (3803, 21, 5, 1937, '1937-05-21', '', 1440);
INSERT INTO life_event (id, day, month, year, date, notes, location_id) VALUES (3804, null, null, null, null, '', null);
INSERT INTO person (id, first_name, last_name, middle_names, notes, sex, birth_id, death_id, burial_id, father_id, mother_id) VALUES (1268, 'Anna', 'Callmer', 'Elina', '', 'WOMAN', 3802, 3803, 3804, null, null);

--======= Insert Person id: 1269 =======
INSERT INTO location (id, city, country, region, notes, latitude, longitude, fetch_status) VALUES (1441, 'Lund', 'Sverige', '', '', 55.70664, 13.18759, 'FETCHED_WITH_SUCCESS');
INSERT INTO life_event (id, day, month, year, date, notes, location_id) VALUES (3805, 21, 5, 1880, '1880-05-21', '', 1441);
INSERT INTO location (id, city, country, region, notes, latitude, longitude, fetch_status) VALUES (1442, 'Lund', 'Sverige', '', '', 55.70664, 13.18759, 'FETCHED_WITH_SUCCESS');
INSERT INTO life_event (id, day, month, year, date, notes, location_id) VALUES (3806, 13, 3, 1900, '1900-03-13', '', 1442);
INSERT INTO life_event (id, day, month, year, date, notes, location_id) VALUES (3807, null, null, null, null, '', null);
INSERT INTO person (id, first_name, last_name, middle_names, notes, sex, birth_id, death_id, burial_id, father_id, mother_id) VALUES (1269, 'Anna', 'Palm', 'Wilhelmina, Christina, Elisabeth', '', 'UNKNOWN', 3805, 3806, 3807, null, null);

--======= Insert Person id: 1270 =======
INSERT INTO location (id, city, country, region, notes, latitude, longitude, fetch_status) VALUES (1443, 'Lund', 'Sverige', '', '', 55.70664, 13.18759, 'FETCHED_WITH_SUCCESS');
INSERT INTO life_event (id, day, month, year, date, notes, location_id) VALUES (3808, 5, 1, 1883, '1883-01-05', '', 1443);
INSERT INTO location (id, city, country, region, notes, latitude, longitude, fetch_status) VALUES (1444, 'Lund', 'Sverige', '', '', 55.70664, 13.18759, 'FETCHED_WITH_SUCCESS');
INSERT INTO life_event (id, day, month, year, date, notes, location_id) VALUES (3809, 12, 3, 1901, '1901-03-12', '', 1444);
INSERT INTO life_event (id, day, month, year, date, notes, location_id) VALUES (3810, null, null, null, null, '', null);
INSERT INTO person (id, first_name, last_name, middle_names, notes, sex, birth_id, death_id, burial_id, father_id, mother_id) VALUES (1270, 'Signe', 'Palm', 'Gudrun, Maria', '', 'UNKNOWN', 3808, 3809, 3810, null, null);

--======= Insert Person id: 1271 =======
INSERT INTO location (id, city, country, region, notes, latitude, longitude, fetch_status) VALUES (1445, 'Lund', 'Sverige', '', '', 55.70664, 13.18759, 'FETCHED_WITH_SUCCESS');
INSERT INTO life_event (id, day, month, year, date, notes, location_id) VALUES (3811, 16, 8, 1886, '1886-08-16', '', 1445);
INSERT INTO location (id, city, country, region, notes, latitude, longitude, fetch_status) VALUES (1446, 'Lund', 'Sverige', '', '', 55.70664, 13.18759, 'FETCHED_WITH_SUCCESS');
INSERT INTO life_event (id, day, month, year, date, notes, location_id) VALUES (3812, 13, 2, 1959, '1959-02-13', '', 1446);
INSERT INTO life_event (id, day, month, year, date, notes, location_id) VALUES (3813, null, null, null, null, '', null);
INSERT INTO person (id, first_name, last_name, middle_names, notes, sex, birth_id, death_id, burial_id, father_id, mother_id) VALUES (1271, 'Jonas', 'Palm', 'Christian, Esias', '', 'UNKNOWN', 3811, 3812, 3813, null, null);

--======= Insert Person id: 1272 =======
INSERT INTO life_event (id, day, month, year, date, notes, location_id) VALUES (3814, 21, 6, 1890, '1890-06-21', '', null);
INSERT INTO location (id, city, country, region, notes, latitude, longitude, fetch_status) VALUES (1447, 'Lund', 'Sverige', '', '', 55.70664, 13.18759, 'FETCHED_WITH_SUCCESS');
INSERT INTO life_event (id, day, month, year, date, notes, location_id) VALUES (3815, 6, 8, 1974, '1974-08-06', '', 1447);
INSERT INTO life_event (id, day, month, year, date, notes, location_id) VALUES (3816, null, null, null, null, '', null);
INSERT INTO person (id, first_name, last_name, middle_names, notes, sex, birth_id, death_id, burial_id, father_id, mother_id) VALUES (1272, 'Margot', 'Bourn', '', '', 'UNKNOWN', 3814, 3815, 3816, null, null);

--======= Update Person id: 6 =======
UPDATE person SET father_id = 4 WHERE id = 6;
UPDATE person SET mother_id = 5 WHERE id = 6;

--======= Update Person id: 7 =======
UPDATE person SET father_id = 4 WHERE id = 7;
UPDATE person SET mother_id = 5 WHERE id = 7;

--======= Update Person id: 8 =======
UPDATE person SET father_id = 4 WHERE id = 8;
UPDATE person SET mother_id = 5 WHERE id = 8;

--======= Update Person id: 9 =======
UPDATE person SET father_id = 7 WHERE id = 9;

--======= Update Person id: 10 =======
UPDATE person SET father_id = 7 WHERE id = 10;

--======= Update Person id: 12 =======
UPDATE person SET father_id = 10 WHERE id = 12;
UPDATE person SET mother_id = 11 WHERE id = 12;

--======= Update Person id: 13 =======
UPDATE person SET father_id = 10 WHERE id = 13;
UPDATE person SET mother_id = 11 WHERE id = 13;

--======= Update Person id: 14 =======
UPDATE person SET father_id = 10 WHERE id = 14;
UPDATE person SET mother_id = 11 WHERE id = 14;

--======= Update Person id: 15 =======
UPDATE person SET father_id = 10 WHERE id = 15;
UPDATE person SET mother_id = 11 WHERE id = 15;

--======= Update Person id: 16 =======
UPDATE person SET father_id = 27 WHERE id = 16;

--======= Update Person id: 17 =======
UPDATE person SET father_id = 13 WHERE id = 17;
UPDATE person SET mother_id = 16 WHERE id = 17;

--======= Update Person id: 18 =======
UPDATE person SET father_id = 13 WHERE id = 18;
UPDATE person SET mother_id = 16 WHERE id = 18;

--======= Update Person id: 19 =======
UPDATE person SET father_id = 13 WHERE id = 19;
UPDATE person SET mother_id = 16 WHERE id = 19;

--======= Update Person id: 20 =======
UPDATE person SET father_id = 13 WHERE id = 20;
UPDATE person SET mother_id = 16 WHERE id = 20;

--======= Update Person id: 21 =======
UPDATE person SET father_id = 13 WHERE id = 21;
UPDATE person SET mother_id = 16 WHERE id = 21;

--======= Update Person id: 22 =======
UPDATE person SET father_id = 13 WHERE id = 22;
UPDATE person SET mother_id = 16 WHERE id = 22;

--======= Update Person id: 24 =======
UPDATE person SET father_id = 14 WHERE id = 24;
UPDATE person SET mother_id = 23 WHERE id = 24;

--======= Update Person id: 25 =======
UPDATE person SET father_id = 14 WHERE id = 25;
UPDATE person SET mother_id = 23 WHERE id = 25;

--======= Update Person id: 26 =======
UPDATE person SET father_id = 14 WHERE id = 26;
UPDATE person SET mother_id = 23 WHERE id = 26;

--======= Update Person id: 30 =======
UPDATE person SET father_id = 56 WHERE id = 30;
UPDATE person SET mother_id = 55 WHERE id = 30;

--======= Update Person id: 31 =======
UPDATE person SET father_id = 58 WHERE id = 31;
UPDATE person SET mother_id = 57 WHERE id = 31;

--======= Update Person id: 32 =======
UPDATE person SET father_id = 19 WHERE id = 32;
UPDATE person SET mother_id = 30 WHERE id = 32;

--======= Update Person id: 33 =======
UPDATE person SET father_id = 19 WHERE id = 33;
UPDATE person SET mother_id = 30 WHERE id = 33;

--======= Update Person id: 34 =======
UPDATE person SET father_id = 19 WHERE id = 34;
UPDATE person SET mother_id = 30 WHERE id = 34;

--======= Update Person id: 35 =======
UPDATE person SET father_id = 19 WHERE id = 35;
UPDATE person SET mother_id = 30 WHERE id = 35;

--======= Update Person id: 36 =======
UPDATE person SET father_id = 19 WHERE id = 36;
UPDATE person SET mother_id = 30 WHERE id = 36;

--======= Update Person id: 37 =======
UPDATE person SET father_id = 19 WHERE id = 37;
UPDATE person SET mother_id = 31 WHERE id = 37;

--======= Update Person id: 38 =======
UPDATE person SET father_id = 19 WHERE id = 38;
UPDATE person SET mother_id = 31 WHERE id = 38;

--======= Update Person id: 39 =======
UPDATE person SET father_id = 19 WHERE id = 39;
UPDATE person SET mother_id = 31 WHERE id = 39;

--======= Update Person id: 40 =======
UPDATE person SET father_id = 19 WHERE id = 40;
UPDATE person SET mother_id = 31 WHERE id = 40;

--======= Update Person id: 41 =======
UPDATE person SET father_id = 19 WHERE id = 41;
UPDATE person SET mother_id = 31 WHERE id = 41;

--======= Update Person id: 42 =======
UPDATE person SET father_id = 19 WHERE id = 42;
UPDATE person SET mother_id = 31 WHERE id = 42;

--======= Update Person id: 43 =======
UPDATE person SET father_id = 19 WHERE id = 43;
UPDATE person SET mother_id = 31 WHERE id = 43;

--======= Update Person id: 44 =======
UPDATE person SET father_id = 58 WHERE id = 44;
UPDATE person SET mother_id = 57 WHERE id = 44;

--======= Update Person id: 45 =======
UPDATE person SET father_id = 351 WHERE id = 45;
UPDATE person SET mother_id = 350 WHERE id = 45;

--======= Update Person id: 46 =======
UPDATE person SET father_id = 21 WHERE id = 46;
UPDATE person SET mother_id = 44 WHERE id = 46;

--======= Update Person id: 47 =======
UPDATE person SET father_id = 21 WHERE id = 47;
UPDATE person SET mother_id = 44 WHERE id = 47;

--======= Update Person id: 48 =======
UPDATE person SET father_id = 21 WHERE id = 48;
UPDATE person SET mother_id = 44 WHERE id = 48;

--======= Update Person id: 49 =======
UPDATE person SET father_id = 21 WHERE id = 49;
UPDATE person SET mother_id = 44 WHERE id = 49;

--======= Update Person id: 50 =======
UPDATE person SET father_id = 21 WHERE id = 50;
UPDATE person SET mother_id = 44 WHERE id = 50;

--======= Update Person id: 51 =======
UPDATE person SET father_id = 21 WHERE id = 51;
UPDATE person SET mother_id = 44 WHERE id = 51;

--======= Update Person id: 52 =======
UPDATE person SET father_id = 21 WHERE id = 52;
UPDATE person SET mother_id = 44 WHERE id = 52;

--======= Update Person id: 53 =======
UPDATE person SET father_id = 21 WHERE id = 53;
UPDATE person SET mother_id = 44 WHERE id = 53;

--======= Update Person id: 54 =======
UPDATE person SET father_id = 21 WHERE id = 54;
UPDATE person SET mother_id = 44 WHERE id = 54;

--======= Update Person id: 63 =======
UPDATE person SET father_id = 82 WHERE id = 63;
UPDATE person SET mother_id = 81 WHERE id = 63;

--======= Update Person id: 64 =======
UPDATE person SET father_id = 38 WHERE id = 64;
UPDATE person SET mother_id = 63 WHERE id = 64;

--======= Update Person id: 65 =======
UPDATE person SET father_id = 38 WHERE id = 65;
UPDATE person SET mother_id = 63 WHERE id = 65;

--======= Update Person id: 66 =======
UPDATE person SET father_id = 38 WHERE id = 66;
UPDATE person SET mother_id = 63 WHERE id = 66;

--======= Update Person id: 67 =======
UPDATE person SET father_id = 38 WHERE id = 67;
UPDATE person SET mother_id = 63 WHERE id = 67;

--======= Update Person id: 68 =======
UPDATE person SET father_id = 38 WHERE id = 68;
UPDATE person SET mother_id = 63 WHERE id = 68;

--======= Update Person id: 69 =======
UPDATE person SET father_id = 38 WHERE id = 69;
UPDATE person SET mother_id = 63 WHERE id = 69;

--======= Update Person id: 70 =======
UPDATE person SET father_id = 38 WHERE id = 70;
UPDATE person SET mother_id = 63 WHERE id = 70;

--======= Update Person id: 72 =======
UPDATE person SET father_id = 39 WHERE id = 72;
UPDATE person SET mother_id = 71 WHERE id = 72;

--======= Update Person id: 73 =======
UPDATE person SET father_id = 39 WHERE id = 73;
UPDATE person SET mother_id = 71 WHERE id = 73;

--======= Update Person id: 74 =======
UPDATE person SET father_id = 39 WHERE id = 74;
UPDATE person SET mother_id = 71 WHERE id = 74;

--======= Update Person id: 75 =======
UPDATE person SET father_id = 39 WHERE id = 75;
UPDATE person SET mother_id = 71 WHERE id = 75;

--======= Update Person id: 76 =======
UPDATE person SET father_id = 39 WHERE id = 76;
UPDATE person SET mother_id = 71 WHERE id = 76;

--======= Update Person id: 77 =======
UPDATE person SET father_id = 39 WHERE id = 77;
UPDATE person SET mother_id = 71 WHERE id = 77;

--======= Update Person id: 78 =======
UPDATE person SET father_id = 39 WHERE id = 78;
UPDATE person SET mother_id = 71 WHERE id = 78;

--======= Update Person id: 84 =======
UPDATE person SET father_id = 93 WHERE id = 84;
UPDATE person SET mother_id = 92 WHERE id = 84;

--======= Update Person id: 85 =======
UPDATE person SET father_id = 67 WHERE id = 85;
UPDATE person SET mother_id = 84 WHERE id = 85;

--======= Update Person id: 86 =======
UPDATE person SET father_id = 67 WHERE id = 86;
UPDATE person SET mother_id = 84 WHERE id = 86;

--======= Update Person id: 87 =======
UPDATE person SET father_id = 67 WHERE id = 87;
UPDATE person SET mother_id = 84 WHERE id = 87;

--======= Update Person id: 88 =======
UPDATE person SET father_id = 67 WHERE id = 88;
UPDATE person SET mother_id = 84 WHERE id = 88;

--======= Update Person id: 89 =======
UPDATE person SET father_id = 67 WHERE id = 89;
UPDATE person SET mother_id = 84 WHERE id = 89;

--======= Update Person id: 90 =======
UPDATE person SET father_id = 67 WHERE id = 90;
UPDATE person SET mother_id = 84 WHERE id = 90;

--======= Update Person id: 94 =======
UPDATE person SET father_id = 104 WHERE id = 94;
UPDATE person SET mother_id = 103 WHERE id = 94;

--======= Update Person id: 95 =======
UPDATE person SET father_id = 85 WHERE id = 95;
UPDATE person SET mother_id = 94 WHERE id = 95;

--======= Update Person id: 96 =======
UPDATE person SET father_id = 85 WHERE id = 96;
UPDATE person SET mother_id = 94 WHERE id = 96;

--======= Update Person id: 97 =======
UPDATE person SET father_id = 85 WHERE id = 97;
UPDATE person SET mother_id = 94 WHERE id = 97;

--======= Update Person id: 98 =======
UPDATE person SET father_id = 85 WHERE id = 98;
UPDATE person SET mother_id = 94 WHERE id = 98;

--======= Update Person id: 99 =======
UPDATE person SET father_id = 85 WHERE id = 99;
UPDATE person SET mother_id = 94 WHERE id = 99;

--======= Update Person id: 100 =======
UPDATE person SET father_id = 85 WHERE id = 100;
UPDATE person SET mother_id = 94 WHERE id = 100;

--======= Update Person id: 105 =======
UPDATE person SET father_id = 128 WHERE id = 105;
UPDATE person SET mother_id = 127 WHERE id = 105;

--======= Update Person id: 106 =======
UPDATE person SET father_id = 95 WHERE id = 106;
UPDATE person SET mother_id = 105 WHERE id = 106;

--======= Update Person id: 107 =======
UPDATE person SET father_id = 95 WHERE id = 107;
UPDATE person SET mother_id = 105 WHERE id = 107;

--======= Update Person id: 108 =======
UPDATE person SET father_id = 95 WHERE id = 108;
UPDATE person SET mother_id = 105 WHERE id = 108;

--======= Update Person id: 109 =======
UPDATE person SET father_id = 95 WHERE id = 109;
UPDATE person SET mother_id = 105 WHERE id = 109;

--======= Update Person id: 110 =======
UPDATE person SET father_id = 136 WHERE id = 110;
UPDATE person SET mother_id = 135 WHERE id = 110;

--======= Update Person id: 111 =======
UPDATE person SET father_id = 96 WHERE id = 111;
UPDATE person SET mother_id = 110 WHERE id = 111;

--======= Update Person id: 112 =======
UPDATE person SET father_id = 96 WHERE id = 112;
UPDATE person SET mother_id = 110 WHERE id = 112;

--======= Update Person id: 113 =======
UPDATE person SET father_id = 96 WHERE id = 113;
UPDATE person SET mother_id = 110 WHERE id = 113;

--======= Update Person id: 114 =======
UPDATE person SET father_id = 96 WHERE id = 114;
UPDATE person SET mother_id = 110 WHERE id = 114;

--======= Update Person id: 115 =======
UPDATE person SET father_id = 96 WHERE id = 115;
UPDATE person SET mother_id = 110 WHERE id = 115;

--======= Update Person id: 116 =======
UPDATE person SET father_id = 96 WHERE id = 116;
UPDATE person SET mother_id = 110 WHERE id = 116;

--======= Update Person id: 117 =======
UPDATE person SET father_id = 149 WHERE id = 117;
UPDATE person SET mother_id = 148 WHERE id = 117;

--======= Update Person id: 118 =======
UPDATE person SET father_id = 97 WHERE id = 118;
UPDATE person SET mother_id = 117 WHERE id = 118;

--======= Update Person id: 119 =======
UPDATE person SET father_id = 97 WHERE id = 119;
UPDATE person SET mother_id = 117 WHERE id = 119;

--======= Update Person id: 120 =======
UPDATE person SET father_id = 165 WHERE id = 120;
UPDATE person SET mother_id = 164 WHERE id = 120;

--======= Update Person id: 121 =======
UPDATE person SET father_id = 98 WHERE id = 121;
UPDATE person SET mother_id = 120 WHERE id = 121;

--======= Update Person id: 122 =======
UPDATE person SET father_id = 98 WHERE id = 122;
UPDATE person SET mother_id = 120 WHERE id = 122;

--======= Update Person id: 123 =======
UPDATE person SET father_id = 98 WHERE id = 123;
UPDATE person SET mother_id = 120 WHERE id = 123;

--======= Update Person id: 124 =======
UPDATE person SET father_id = 98 WHERE id = 124;
UPDATE person SET mother_id = 120 WHERE id = 124;

--======= Update Person id: 129 =======
UPDATE person SET mother_id = 106 WHERE id = 129;

--======= Update Person id: 132 =======
UPDATE person SET mother_id = 109 WHERE id = 132;

--======= Update Person id: 134 =======
UPDATE person SET father_id = 132 WHERE id = 134;
UPDATE person SET mother_id = 133 WHERE id = 134;

--======= Update Person id: 140 =======
UPDATE person SET father_id = 139 WHERE id = 140;
UPDATE person SET mother_id = 114 WHERE id = 140;

--======= Update Person id: 141 =======
UPDATE person SET father_id = 139 WHERE id = 141;
UPDATE person SET mother_id = 114 WHERE id = 141;

--======= Update Person id: 142 =======
UPDATE person SET father_id = 139 WHERE id = 142;
UPDATE person SET mother_id = 114 WHERE id = 142;

--======= Update Person id: 144 =======
UPDATE person SET father_id = 143 WHERE id = 144;
UPDATE person SET mother_id = 115 WHERE id = 144;

--======= Update Person id: 145 =======
UPDATE person SET father_id = 143 WHERE id = 145;
UPDATE person SET mother_id = 115 WHERE id = 145;

--======= Update Person id: 147 =======
UPDATE person SET father_id = 146 WHERE id = 147;
UPDATE person SET mother_id = 116 WHERE id = 147;

--======= Update Person id: 152 =======
UPDATE person SET father_id = 118 WHERE id = 152;
UPDATE person SET mother_id = 150 WHERE id = 152;

--======= Update Person id: 153 =======
UPDATE person SET father_id = 118 WHERE id = 153;
UPDATE person SET mother_id = 150 WHERE id = 153;

--======= Update Person id: 155 =======
UPDATE person SET father_id = 119 WHERE id = 155;
UPDATE person SET mother_id = 154 WHERE id = 155;

--======= Update Person id: 156 =======
UPDATE person SET father_id = 119 WHERE id = 156;
UPDATE person SET mother_id = 154 WHERE id = 156;

--======= Update Person id: 157 =======
UPDATE person SET father_id = 119 WHERE id = 157;
UPDATE person SET mother_id = 154 WHERE id = 157;

--======= Update Person id: 159 =======
UPDATE person SET father_id = 630 WHERE id = 159;
UPDATE person SET mother_id = 629 WHERE id = 159;

--======= Update Person id: 160 =======
UPDATE person SET father_id = 155 WHERE id = 160;
UPDATE person SET mother_id = 159 WHERE id = 160;

--======= Update Person id: 161 =======
UPDATE person SET father_id = 163 WHERE id = 161;
UPDATE person SET mother_id = 162 WHERE id = 161;

--======= Update Person id: 170 =======
UPDATE person SET father_id = 123 WHERE id = 170;
UPDATE person SET mother_id = 169 WHERE id = 170;

--======= Update Person id: 171 =======
UPDATE person SET father_id = 123 WHERE id = 171;
UPDATE person SET mother_id = 169 WHERE id = 171;

--======= Update Person id: 172 =======
UPDATE person SET mother_id = 124 WHERE id = 172;

--======= Update Person id: 173 =======
UPDATE person SET mother_id = 124 WHERE id = 173;

--======= Update Person id: 174 =======
UPDATE person SET father_id = 188 WHERE id = 174;
UPDATE person SET mother_id = 187 WHERE id = 174;

--======= Update Person id: 175 =======
UPDATE person SET father_id = 73 WHERE id = 175;
UPDATE person SET mother_id = 174 WHERE id = 175;

--======= Update Person id: 176 =======
UPDATE person SET father_id = 73 WHERE id = 176;
UPDATE person SET mother_id = 174 WHERE id = 176;

--======= Update Person id: 177 =======
UPDATE person SET father_id = 73 WHERE id = 177;
UPDATE person SET mother_id = 174 WHERE id = 177;

--======= Update Person id: 178 =======
UPDATE person SET father_id = 73 WHERE id = 178;
UPDATE person SET mother_id = 174 WHERE id = 178;

--======= Update Person id: 179 =======
UPDATE person SET father_id = 73 WHERE id = 179;
UPDATE person SET mother_id = 174 WHERE id = 179;

--======= Update Person id: 180 =======
UPDATE person SET father_id = 262 WHERE id = 180;
UPDATE person SET mother_id = 261 WHERE id = 180;

--======= Update Person id: 181 =======
UPDATE person SET father_id = 75 WHERE id = 181;
UPDATE person SET mother_id = 180 WHERE id = 181;

--======= Update Person id: 182 =======
UPDATE person SET father_id = 75 WHERE id = 182;
UPDATE person SET mother_id = 180 WHERE id = 182;

--======= Update Person id: 184 =======
UPDATE person SET father_id = 186 WHERE id = 184;
UPDATE person SET mother_id = 185 WHERE id = 184;

--======= Update Person id: 189 =======
UPDATE person SET father_id = 212 WHERE id = 189;
UPDATE person SET mother_id = 211 WHERE id = 189;

--======= Update Person id: 190 =======
UPDATE person SET father_id = 175 WHERE id = 190;
UPDATE person SET mother_id = 189 WHERE id = 190;

--======= Update Person id: 191 =======
UPDATE person SET father_id = 175 WHERE id = 191;
UPDATE person SET mother_id = 189 WHERE id = 191;

--======= Update Person id: 192 =======
UPDATE person SET father_id = 175 WHERE id = 192;
UPDATE person SET mother_id = 189 WHERE id = 192;

--======= Update Person id: 193 =======
UPDATE person SET father_id = 175 WHERE id = 193;
UPDATE person SET mother_id = 189 WHERE id = 193;

--======= Update Person id: 194 =======
UPDATE person SET father_id = 175 WHERE id = 194;
UPDATE person SET mother_id = 189 WHERE id = 194;

--======= Update Person id: 195 =======
UPDATE person SET father_id = 175 WHERE id = 195;
UPDATE person SET mother_id = 189 WHERE id = 195;

--======= Update Person id: 196 =======
UPDATE person SET father_id = 175 WHERE id = 196;
UPDATE person SET mother_id = 189 WHERE id = 196;

--======= Update Person id: 197 =======
UPDATE person SET father_id = 175 WHERE id = 197;
UPDATE person SET mother_id = 189 WHERE id = 197;

--======= Update Person id: 198 =======
UPDATE person SET father_id = 175 WHERE id = 198;
UPDATE person SET mother_id = 189 WHERE id = 198;

--======= Update Person id: 199 =======
UPDATE person SET father_id = 175 WHERE id = 199;
UPDATE person SET mother_id = 189 WHERE id = 199;

--======= Update Person id: 200 =======
UPDATE person SET father_id = 175 WHERE id = 200;
UPDATE person SET mother_id = 189 WHERE id = 200;

--======= Update Person id: 201 =======
UPDATE person SET father_id = 175 WHERE id = 201;
UPDATE person SET mother_id = 189 WHERE id = 201;

--======= Update Person id: 203 =======
UPDATE person SET father_id = 265 WHERE id = 203;
UPDATE person SET mother_id = 264 WHERE id = 203;

--======= Update Person id: 204 =======
UPDATE person SET father_id = 179 WHERE id = 204;
UPDATE person SET mother_id = 203 WHERE id = 204;

--======= Update Person id: 205 =======
UPDATE person SET father_id = 179 WHERE id = 205;
UPDATE person SET mother_id = 203 WHERE id = 205;

--======= Update Person id: 206 =======
UPDATE person SET father_id = 179 WHERE id = 206;
UPDATE person SET mother_id = 203 WHERE id = 206;

--======= Update Person id: 207 =======
UPDATE person SET father_id = 179 WHERE id = 207;
UPDATE person SET mother_id = 203 WHERE id = 207;

--======= Update Person id: 208 =======
UPDATE person SET father_id = 179 WHERE id = 208;
UPDATE person SET mother_id = 203 WHERE id = 208;

--======= Update Person id: 209 =======
UPDATE person SET father_id = 179 WHERE id = 209;
UPDATE person SET mother_id = 203 WHERE id = 209;

--======= Update Person id: 210 =======
UPDATE person SET father_id = 179 WHERE id = 210;
UPDATE person SET mother_id = 203 WHERE id = 210;

--======= Update Person id: 215 =======
UPDATE person SET father_id = 217 WHERE id = 215;
UPDATE person SET mother_id = 216 WHERE id = 215;

--======= Update Person id: 219 =======
UPDATE person SET father_id = 239 WHERE id = 219;
UPDATE person SET mother_id = 238 WHERE id = 219;

--======= Update Person id: 220 =======
UPDATE person SET father_id = 194 WHERE id = 220;
UPDATE person SET mother_id = 219 WHERE id = 220;

--======= Update Person id: 221 =======
UPDATE person SET father_id = 194 WHERE id = 221;
UPDATE person SET mother_id = 219 WHERE id = 221;

--======= Update Person id: 223 =======
UPDATE person SET father_id = 226 WHERE id = 223;
UPDATE person SET mother_id = 225 WHERE id = 223;

--======= Update Person id: 224 =======
UPDATE person SET father_id = 228 WHERE id = 224;
UPDATE person SET mother_id = 227 WHERE id = 224;

--======= Update Person id: 229 =======
UPDATE person SET father_id = 242 WHERE id = 229;
UPDATE person SET mother_id = 241 WHERE id = 229;

--======= Update Person id: 231 =======
UPDATE person SET father_id = 197 WHERE id = 231;
UPDATE person SET mother_id = 229 WHERE id = 231;

--======= Update Person id: 233 =======
UPDATE person SET father_id = 259 WHERE id = 233;
UPDATE person SET mother_id = 258 WHERE id = 233;

--======= Update Person id: 234 =======
UPDATE person SET father_id = 199 WHERE id = 234;
UPDATE person SET mother_id = 233 WHERE id = 234;

--======= Update Person id: 235 =======
UPDATE person SET father_id = 199 WHERE id = 235;
UPDATE person SET mother_id = 233 WHERE id = 235;

--======= Update Person id: 244 =======
UPDATE person SET father_id = 231 WHERE id = 244;
UPDATE person SET mother_id = 243 WHERE id = 244;

--======= Update Person id: 245 =======
UPDATE person SET father_id = 231 WHERE id = 245;
UPDATE person SET mother_id = 243 WHERE id = 245;

--======= Update Person id: 246 =======
UPDATE person SET father_id = 231 WHERE id = 246;
UPDATE person SET mother_id = 243 WHERE id = 246;

--======= Update Person id: 247 =======
UPDATE person SET father_id = 231 WHERE id = 247;
UPDATE person SET mother_id = 243 WHERE id = 247;

--======= Update Person id: 248 =======
UPDATE person SET father_id = 231 WHERE id = 248;
UPDATE person SET mother_id = 243 WHERE id = 248;

--======= Update Person id: 250 =======
UPDATE person SET father_id = 244 WHERE id = 250;
UPDATE person SET mother_id = 249 WHERE id = 250;

--======= Update Person id: 251 =======
UPDATE person SET father_id = 244 WHERE id = 251;
UPDATE person SET mother_id = 249 WHERE id = 251;

--======= Update Person id: 254 =======
UPDATE person SET father_id = 246 WHERE id = 254;
UPDATE person SET mother_id = 253 WHERE id = 254;

--======= Update Person id: 255 =======
UPDATE person SET father_id = 246 WHERE id = 255;
UPDATE person SET mother_id = 253 WHERE id = 255;

--======= Update Person id: 256 =======
UPDATE person SET father_id = 246 WHERE id = 256;
UPDATE person SET mother_id = 253 WHERE id = 256;

--======= Update Person id: 267 =======
UPDATE person SET father_id = 279 WHERE id = 267;
UPDATE person SET mother_id = 278 WHERE id = 267;

--======= Update Person id: 269 =======
UPDATE person SET father_id = 205 WHERE id = 269;
UPDATE person SET mother_id = 267 WHERE id = 269;

--======= Update Person id: 270 =======
UPDATE person SET father_id = 205 WHERE id = 270;
UPDATE person SET mother_id = 268 WHERE id = 270;

--======= Update Person id: 271 =======
UPDATE person SET father_id = 205 WHERE id = 271;
UPDATE person SET mother_id = 268 WHERE id = 271;

--======= Update Person id: 272 =======
UPDATE person SET father_id = 645 WHERE id = 272;
UPDATE person SET mother_id = 644 WHERE id = 272;

--======= Update Person id: 273 =======
UPDATE person SET father_id = 206 WHERE id = 273;
UPDATE person SET mother_id = 272 WHERE id = 273;

--======= Update Person id: 274 =======
UPDATE person SET father_id = 206 WHERE id = 274;
UPDATE person SET mother_id = 272 WHERE id = 274;

--======= Update Person id: 282 =======
UPDATE person SET father_id = 270 WHERE id = 282;
UPDATE person SET mother_id = 281 WHERE id = 282;

--======= Update Person id: 283 =======
UPDATE person SET father_id = 270 WHERE id = 283;
UPDATE person SET mother_id = 281 WHERE id = 283;

--======= Update Person id: 284 =======
UPDATE person SET father_id = 270 WHERE id = 284;
UPDATE person SET mother_id = 281 WHERE id = 284;

--======= Update Person id: 287 =======
UPDATE person SET father_id = 274 WHERE id = 287;

--======= Update Person id: 288 =======
UPDATE person SET father_id = 295 WHERE id = 288;
UPDATE person SET mother_id = 296 WHERE id = 288;

--======= Update Person id: 289 =======
UPDATE person SET father_id = 40 WHERE id = 289;
UPDATE person SET mother_id = 288 WHERE id = 289;

--======= Update Person id: 290 =======
UPDATE person SET father_id = 40 WHERE id = 290;
UPDATE person SET mother_id = 288 WHERE id = 290;

--======= Update Person id: 291 =======
UPDATE person SET father_id = 40 WHERE id = 291;
UPDATE person SET mother_id = 288 WHERE id = 291;

--======= Update Person id: 292 =======
UPDATE person SET father_id = 40 WHERE id = 292;
UPDATE person SET mother_id = 288 WHERE id = 292;

--======= Update Person id: 293 =======
UPDATE person SET father_id = 40 WHERE id = 293;
UPDATE person SET mother_id = 288 WHERE id = 293;

--======= Update Person id: 294 =======
UPDATE person SET father_id = 40 WHERE id = 294;
UPDATE person SET mother_id = 288 WHERE id = 294;

--======= Update Person id: 298 =======
UPDATE person SET father_id = 304 WHERE id = 298;
UPDATE person SET mother_id = 303 WHERE id = 298;

--======= Update Person id: 299 =======
UPDATE person SET father_id = 293 WHERE id = 299;
UPDATE person SET mother_id = 298 WHERE id = 299;

--======= Update Person id: 300 =======
UPDATE person SET father_id = 293 WHERE id = 300;
UPDATE person SET mother_id = 298 WHERE id = 300;

--======= Update Person id: 301 =======
UPDATE person SET father_id = 293 WHERE id = 301;
UPDATE person SET mother_id = 298 WHERE id = 301;

--======= Update Person id: 305 =======
UPDATE person SET father_id = 311 WHERE id = 305;
UPDATE person SET mother_id = 310 WHERE id = 305;

--======= Update Person id: 306 =======
UPDATE person SET father_id = 299 WHERE id = 306;
UPDATE person SET mother_id = 305 WHERE id = 306;

--======= Update Person id: 307 =======
UPDATE person SET father_id = 299 WHERE id = 307;
UPDATE person SET mother_id = 305 WHERE id = 307;

--======= Update Person id: 308 =======
UPDATE person SET father_id = 299 WHERE id = 308;
UPDATE person SET mother_id = 305 WHERE id = 308;

--======= Update Person id: 312 =======
UPDATE person SET father_id = 316 WHERE id = 312;
UPDATE person SET mother_id = 315 WHERE id = 312;

--======= Update Person id: 313 =======
UPDATE person SET father_id = 306 WHERE id = 313;
UPDATE person SET mother_id = 312 WHERE id = 313;

--======= Update Person id: 314 =======
UPDATE person SET father_id = 306 WHERE id = 314;
UPDATE person SET mother_id = 312 WHERE id = 314;

--======= Update Person id: 317 =======
UPDATE person SET father_id = 347 WHERE id = 317;
UPDATE person SET mother_id = 346 WHERE id = 317;

--======= Update Person id: 318 =======
UPDATE person SET father_id = 307 WHERE id = 318;
UPDATE person SET mother_id = 317 WHERE id = 318;

--======= Update Person id: 320 =======
UPDATE person SET father_id = 48 WHERE id = 320;
UPDATE person SET mother_id = 319 WHERE id = 320;

--======= Update Person id: 321 =======
UPDATE person SET father_id = 48 WHERE id = 321;
UPDATE person SET mother_id = 319 WHERE id = 321;

--======= Update Person id: 322 =======
UPDATE person SET father_id = 48 WHERE id = 322;
UPDATE person SET mother_id = 319 WHERE id = 322;

--======= Update Person id: 323 =======
UPDATE person SET father_id = 48 WHERE id = 323;
UPDATE person SET mother_id = 319 WHERE id = 323;

--======= Update Person id: 324 =======
UPDATE person SET father_id = 48 WHERE id = 324;
UPDATE person SET mother_id = 319 WHERE id = 324;

--======= Update Person id: 325 =======
UPDATE person SET father_id = 48 WHERE id = 325;
UPDATE person SET mother_id = 319 WHERE id = 325;

--======= Update Person id: 326 =======
UPDATE person SET father_id = 48 WHERE id = 326;
UPDATE person SET mother_id = 319 WHERE id = 326;

--======= Update Person id: 327 =======
UPDATE person SET father_id = 48 WHERE id = 327;
UPDATE person SET mother_id = 319 WHERE id = 327;

--======= Update Person id: 328 =======
UPDATE person SET father_id = 48 WHERE id = 328;
UPDATE person SET mother_id = 319 WHERE id = 328;

--======= Update Person id: 329 =======
UPDATE person SET father_id = 48 WHERE id = 329;
UPDATE person SET mother_id = 319 WHERE id = 329;

--======= Update Person id: 330 =======
UPDATE person SET father_id = 48 WHERE id = 330;
UPDATE person SET mother_id = 319 WHERE id = 330;

--======= Update Person id: 331 =======
UPDATE person SET father_id = 48 WHERE id = 331;
UPDATE person SET mother_id = 319 WHERE id = 331;

--======= Update Person id: 333 =======
UPDATE person SET father_id = 340 WHERE id = 333;
UPDATE person SET mother_id = 339 WHERE id = 333;

--======= Update Person id: 334 =======
UPDATE person SET father_id = 313 WHERE id = 334;
UPDATE person SET mother_id = 333 WHERE id = 334;

--======= Update Person id: 335 =======
UPDATE person SET father_id = 313 WHERE id = 335;
UPDATE person SET mother_id = 333 WHERE id = 335;

--======= Update Person id: 336 =======
UPDATE person SET father_id = 313 WHERE id = 336;
UPDATE person SET mother_id = 333 WHERE id = 336;

--======= Update Person id: 337 =======
UPDATE person SET father_id = 313 WHERE id = 337;
UPDATE person SET mother_id = 333 WHERE id = 337;

--======= Update Person id: 338 =======
UPDATE person SET father_id = 313 WHERE id = 338;
UPDATE person SET mother_id = 333 WHERE id = 338;

--======= Update Person id: 340 =======
UPDATE person SET father_id = 661 WHERE id = 340;
UPDATE person SET mother_id = 660 WHERE id = 340;

--======= Update Person id: 344 =======
UPDATE person SET father_id = 337 WHERE id = 344;
UPDATE person SET mother_id = 343 WHERE id = 344;

--======= Update Person id: 345 =======
UPDATE person SET father_id = 337 WHERE id = 345;
UPDATE person SET mother_id = 343 WHERE id = 345;

--======= Update Person id: 349 =======
UPDATE person SET father_id = 348 WHERE id = 349;
UPDATE person SET mother_id = 318 WHERE id = 349;

--======= Update Person id: 355 =======
UPDATE person SET father_id = 549 WHERE id = 355;
UPDATE person SET mother_id = 548 WHERE id = 355;

--======= Update Person id: 356 =======
UPDATE person SET father_id = 51 WHERE id = 356;
UPDATE person SET mother_id = 355 WHERE id = 356;

--======= Update Person id: 357 =======
UPDATE person SET father_id = 51 WHERE id = 357;
UPDATE person SET mother_id = 355 WHERE id = 357;

--======= Update Person id: 358 =======
UPDATE person SET father_id = 51 WHERE id = 358;
UPDATE person SET mother_id = 355 WHERE id = 358;

--======= Update Person id: 359 =======
UPDATE person SET father_id = 51 WHERE id = 359;
UPDATE person SET mother_id = 355 WHERE id = 359;

--======= Update Person id: 360 =======
UPDATE person SET father_id = 51 WHERE id = 360;
UPDATE person SET mother_id = 355 WHERE id = 360;

--======= Update Person id: 361 =======
UPDATE person SET father_id = 51 WHERE id = 361;
UPDATE person SET mother_id = 355 WHERE id = 361;

--======= Update Person id: 362 =======
UPDATE person SET father_id = 51 WHERE id = 362;
UPDATE person SET mother_id = 355 WHERE id = 362;

--======= Update Person id: 363 =======
UPDATE person SET father_id = 51 WHERE id = 363;
UPDATE person SET mother_id = 355 WHERE id = 363;

--======= Update Person id: 364 =======
UPDATE person SET father_id = 51 WHERE id = 364;
UPDATE person SET mother_id = 355 WHERE id = 364;

--======= Update Person id: 365 =======
UPDATE person SET father_id = 367 WHERE id = 365;
UPDATE person SET mother_id = 366 WHERE id = 365;

--======= Update Person id: 368 =======
UPDATE person SET father_id = 378 WHERE id = 368;
UPDATE person SET mother_id = 377 WHERE id = 368;

--======= Update Person id: 369 =======
UPDATE person SET father_id = 320 WHERE id = 369;
UPDATE person SET mother_id = 368 WHERE id = 369;

--======= Update Person id: 370 =======
UPDATE person SET father_id = 320 WHERE id = 370;
UPDATE person SET mother_id = 368 WHERE id = 370;

--======= Update Person id: 371 =======
UPDATE person SET father_id = 320 WHERE id = 371;
UPDATE person SET mother_id = 368 WHERE id = 371;

--======= Update Person id: 372 =======
UPDATE person SET father_id = 320 WHERE id = 372;
UPDATE person SET mother_id = 368 WHERE id = 372;

--======= Update Person id: 373 =======
UPDATE person SET father_id = 320 WHERE id = 373;
UPDATE person SET mother_id = 368 WHERE id = 373;

--======= Update Person id: 374 =======
UPDATE person SET father_id = 320 WHERE id = 374;
UPDATE person SET mother_id = 368 WHERE id = 374;

--======= Update Person id: 375 =======
UPDATE person SET father_id = 320 WHERE id = 375;
UPDATE person SET mother_id = 368 WHERE id = 375;

--======= Update Person id: 376 =======
UPDATE person SET father_id = 320 WHERE id = 376;
UPDATE person SET mother_id = 368 WHERE id = 376;

--======= Update Person id: 379 =======
UPDATE person SET father_id = 397 WHERE id = 379;
UPDATE person SET mother_id = 396 WHERE id = 379;

--======= Update Person id: 380 =======
UPDATE person SET father_id = 371 WHERE id = 380;
UPDATE person SET mother_id = 379 WHERE id = 380;

--======= Update Person id: 381 =======
UPDATE person SET father_id = 371 WHERE id = 381;
UPDATE person SET mother_id = 379 WHERE id = 381;

--======= Update Person id: 382 =======
UPDATE person SET father_id = 371 WHERE id = 382;
UPDATE person SET mother_id = 379 WHERE id = 382;

--======= Update Person id: 383 =======
UPDATE person SET father_id = 371 WHERE id = 383;
UPDATE person SET mother_id = 379 WHERE id = 383;

--======= Update Person id: 384 =======
UPDATE person SET father_id = 371 WHERE id = 384;
UPDATE person SET mother_id = 379 WHERE id = 384;

--======= Update Person id: 385 =======
UPDATE person SET father_id = 371 WHERE id = 385;
UPDATE person SET mother_id = 379 WHERE id = 385;

--======= Update Person id: 386 =======
UPDATE person SET father_id = 371 WHERE id = 386;
UPDATE person SET mother_id = 379 WHERE id = 386;

--======= Update Person id: 387 =======
UPDATE person SET father_id = 495 WHERE id = 387;
UPDATE person SET mother_id = 494 WHERE id = 387;

--======= Update Person id: 388 =======
UPDATE person SET father_id = 372 WHERE id = 388;
UPDATE person SET mother_id = 387 WHERE id = 388;

--======= Update Person id: 389 =======
UPDATE person SET father_id = 372 WHERE id = 389;
UPDATE person SET mother_id = 387 WHERE id = 389;

--======= Update Person id: 390 =======
UPDATE person SET father_id = 372 WHERE id = 390;
UPDATE person SET mother_id = 387 WHERE id = 390;

--======= Update Person id: 392 =======
UPDATE person SET father_id = 542 WHERE id = 392;
UPDATE person SET mother_id = 541 WHERE id = 392;

--======= Update Person id: 393 =======
UPDATE person SET father_id = 375 WHERE id = 393;
UPDATE person SET mother_id = 392 WHERE id = 393;

--======= Update Person id: 394 =======
UPDATE person SET father_id = 375 WHERE id = 394;
UPDATE person SET mother_id = 392 WHERE id = 394;

--======= Update Person id: 395 =======
UPDATE person SET father_id = 375 WHERE id = 395;
UPDATE person SET mother_id = 392 WHERE id = 395;

--======= Update Person id: 398 =======
UPDATE person SET father_id = 423 WHERE id = 398;
UPDATE person SET mother_id = 422 WHERE id = 398;

--======= Update Person id: 399 =======
UPDATE person SET father_id = 380 WHERE id = 399;
UPDATE person SET mother_id = 398 WHERE id = 399;

--======= Update Person id: 400 =======
UPDATE person SET father_id = 425 WHERE id = 400;
UPDATE person SET mother_id = 424 WHERE id = 400;

--======= Update Person id: 401 =======
UPDATE person SET father_id = 381 WHERE id = 401;
UPDATE person SET mother_id = 400 WHERE id = 401;

--======= Update Person id: 402 =======
UPDATE person SET father_id = 381 WHERE id = 402;
UPDATE person SET mother_id = 400 WHERE id = 402;

--======= Update Person id: 403 =======
UPDATE person SET father_id = 381 WHERE id = 403;
UPDATE person SET mother_id = 400 WHERE id = 403;

--======= Update Person id: 404 =======
UPDATE person SET father_id = 381 WHERE id = 404;
UPDATE person SET mother_id = 400 WHERE id = 404;

--======= Update Person id: 405 =======
UPDATE person SET father_id = 381 WHERE id = 405;
UPDATE person SET mother_id = 400 WHERE id = 405;

--======= Update Person id: 406 =======
UPDATE person SET father_id = 381 WHERE id = 406;
UPDATE person SET mother_id = 400 WHERE id = 406;

--======= Update Person id: 407 =======
UPDATE person SET father_id = 381 WHERE id = 407;
UPDATE person SET mother_id = 400 WHERE id = 407;

--======= Update Person id: 408 =======
UPDATE person SET father_id = 381 WHERE id = 408;
UPDATE person SET mother_id = 400 WHERE id = 408;

--======= Update Person id: 409 =======
UPDATE person SET father_id = 452 WHERE id = 409;
UPDATE person SET mother_id = 451 WHERE id = 409;

--======= Update Person id: 410 =======
UPDATE person SET father_id = 382 WHERE id = 410;
UPDATE person SET mother_id = 409 WHERE id = 410;

--======= Update Person id: 411 =======
UPDATE person SET father_id = 382 WHERE id = 411;
UPDATE person SET mother_id = 409 WHERE id = 411;

--======= Update Person id: 412 =======
UPDATE person SET father_id = 382 WHERE id = 412;
UPDATE person SET mother_id = 409 WHERE id = 412;

--======= Update Person id: 413 =======
UPDATE person SET father_id = 458 WHERE id = 413;
UPDATE person SET mother_id = 457 WHERE id = 413;

--======= Update Person id: 414 =======
UPDATE person SET father_id = 383 WHERE id = 414;
UPDATE person SET mother_id = 413 WHERE id = 414;

--======= Update Person id: 415 =======
UPDATE person SET father_id = 383 WHERE id = 415;
UPDATE person SET mother_id = 413 WHERE id = 415;

--======= Update Person id: 416 =======
UPDATE person SET father_id = 383 WHERE id = 416;
UPDATE person SET mother_id = 413 WHERE id = 416;

--======= Update Person id: 417 =======
UPDATE person SET father_id = 460 WHERE id = 417;
UPDATE person SET mother_id = 459 WHERE id = 417;

--======= Update Person id: 418 =======
UPDATE person SET father_id = 385 WHERE id = 418;
UPDATE person SET mother_id = 417 WHERE id = 418;

--======= Update Person id: 419 =======
UPDATE person SET father_id = 385 WHERE id = 419;
UPDATE person SET mother_id = 417 WHERE id = 419;

--======= Update Person id: 420 =======
UPDATE person SET father_id = 385 WHERE id = 420;
UPDATE person SET mother_id = 417 WHERE id = 420;

--======= Update Person id: 421 =======
UPDATE person SET father_id = 385 WHERE id = 421;
UPDATE person SET mother_id = 417 WHERE id = 421;

--======= Update Person id: 428 =======
UPDATE person SET father_id = 427 WHERE id = 428;
UPDATE person SET mother_id = 407 WHERE id = 428;

--======= Update Person id: 429 =======
UPDATE person SET father_id = 427 WHERE id = 429;
UPDATE person SET mother_id = 407 WHERE id = 429;

--======= Update Person id: 430 =======
UPDATE person SET father_id = 427 WHERE id = 430;
UPDATE person SET mother_id = 407 WHERE id = 430;

--======= Update Person id: 431 =======
UPDATE person SET father_id = 427 WHERE id = 431;
UPDATE person SET mother_id = 407 WHERE id = 431;

--======= Update Person id: 432 =======
UPDATE person SET father_id = 427 WHERE id = 432;
UPDATE person SET mother_id = 407 WHERE id = 432;

--======= Update Person id: 434 =======
UPDATE person SET father_id = 441 WHERE id = 434;
UPDATE person SET mother_id = 440 WHERE id = 434;

--======= Update Person id: 435 =======
UPDATE person SET father_id = 429 WHERE id = 435;
UPDATE person SET mother_id = 434 WHERE id = 435;

--======= Update Person id: 436 =======
UPDATE person SET father_id = 429 WHERE id = 436;
UPDATE person SET mother_id = 434 WHERE id = 436;

--======= Update Person id: 437 =======
UPDATE person SET father_id = 429 WHERE id = 437;
UPDATE person SET mother_id = 434 WHERE id = 437;

--======= Update Person id: 438 =======
UPDATE person SET father_id = 429 WHERE id = 438;
UPDATE person SET mother_id = 434 WHERE id = 438;

--======= Update Person id: 439 =======
UPDATE person SET father_id = 429 WHERE id = 439;
UPDATE person SET mother_id = 434 WHERE id = 439;

--======= Update Person id: 442 =======
UPDATE person SET father_id = 445 WHERE id = 442;
UPDATE person SET mother_id = 444 WHERE id = 442;

--======= Update Person id: 443 =======
UPDATE person SET father_id = 430 WHERE id = 443;
UPDATE person SET mother_id = 442 WHERE id = 443;

--======= Update Person id: 448 =======
UPDATE person SET father_id = 432 WHERE id = 448;
UPDATE person SET mother_id = 447 WHERE id = 448;

--======= Update Person id: 449 =======
UPDATE person SET father_id = 432 WHERE id = 449;
UPDATE person SET mother_id = 447 WHERE id = 449;

--======= Update Person id: 450 =======
UPDATE person SET father_id = 432 WHERE id = 450;
UPDATE person SET mother_id = 447 WHERE id = 450;

--======= Update Person id: 453 =======
UPDATE person SET father_id = 455 WHERE id = 453;
UPDATE person SET mother_id = 454 WHERE id = 453;

--======= Update Person id: 461 =======
UPDATE person SET father_id = 467 WHERE id = 461;
UPDATE person SET mother_id = 466 WHERE id = 461;

--======= Update Person id: 462 =======
UPDATE person SET father_id = 469 WHERE id = 462;
UPDATE person SET mother_id = 468 WHERE id = 462;

--======= Update Person id: 463 =======
UPDATE person SET father_id = 462 WHERE id = 463;
UPDATE person SET mother_id = 418 WHERE id = 463;

--======= Update Person id: 464 =======
UPDATE person SET father_id = 462 WHERE id = 464;
UPDATE person SET mother_id = 418 WHERE id = 464;

--======= Update Person id: 465 =======
UPDATE person SET father_id = 462 WHERE id = 465;
UPDATE person SET mother_id = 418 WHERE id = 465;

--======= Update Person id: 470 =======
UPDATE person SET father_id = 473 WHERE id = 470;
UPDATE person SET mother_id = 472 WHERE id = 470;

--======= Update Person id: 471 =======
UPDATE person SET father_id = 470 WHERE id = 471;
UPDATE person SET mother_id = 419 WHERE id = 471;

--======= Update Person id: 472 =======
UPDATE person SET father_id = 662 WHERE id = 472;

--======= Update Person id: 474 =======
UPDATE person SET father_id = 479 WHERE id = 474;
UPDATE person SET mother_id = 478 WHERE id = 474;

--======= Update Person id: 475 =======
UPDATE person SET father_id = 474 WHERE id = 475;
UPDATE person SET mother_id = 420 WHERE id = 475;

--======= Update Person id: 476 =======
UPDATE person SET father_id = 474 WHERE id = 476;
UPDATE person SET mother_id = 420 WHERE id = 476;

--======= Update Person id: 477 =======
UPDATE person SET father_id = 474 WHERE id = 477;
UPDATE person SET mother_id = 420 WHERE id = 477;

--======= Update Person id: 481 =======
UPDATE person SET father_id = 480 WHERE id = 481;
UPDATE person SET mother_id = 421 WHERE id = 481;

--======= Update Person id: 482 =======
UPDATE person SET father_id = 480 WHERE id = 482;
UPDATE person SET mother_id = 421 WHERE id = 482;

--======= Update Person id: 485 =======
UPDATE person SET father_id = 481 WHERE id = 485;
UPDATE person SET mother_id = 483 WHERE id = 485;

--======= Update Person id: 486 =======
UPDATE person SET father_id = 481 WHERE id = 486;
UPDATE person SET mother_id = 483 WHERE id = 486;

--======= Update Person id: 487 =======
UPDATE person SET father_id = 481 WHERE id = 487;
UPDATE person SET mother_id = 483 WHERE id = 487;

--======= Update Person id: 488 =======
UPDATE person SET father_id = 481 WHERE id = 488;
UPDATE person SET mother_id = 484 WHERE id = 488;

--======= Update Person id: 489 =======
UPDATE person SET father_id = 493 WHERE id = 489;
UPDATE person SET mother_id = 492 WHERE id = 489;

--======= Update Person id: 490 =======
UPDATE person SET father_id = 482 WHERE id = 490;
UPDATE person SET mother_id = 489 WHERE id = 490;

--======= Update Person id: 491 =======
UPDATE person SET father_id = 482 WHERE id = 491;
UPDATE person SET mother_id = 489 WHERE id = 491;

--======= Update Person id: 497 =======
UPDATE person SET father_id = 503 WHERE id = 497;
UPDATE person SET mother_id = 502 WHERE id = 497;

--======= Update Person id: 498 =======
UPDATE person SET father_id = 390 WHERE id = 498;
UPDATE person SET mother_id = 497 WHERE id = 498;

--======= Update Person id: 499 =======
UPDATE person SET father_id = 390 WHERE id = 499;
UPDATE person SET mother_id = 497 WHERE id = 499;

--======= Update Person id: 500 =======
UPDATE person SET father_id = 390 WHERE id = 500;
UPDATE person SET mother_id = 497 WHERE id = 500;

--======= Update Person id: 501 =======
UPDATE person SET father_id = 390 WHERE id = 501;
UPDATE person SET mother_id = 497 WHERE id = 501;

--======= Update Person id: 505 =======
UPDATE person SET father_id = 517 WHERE id = 505;
UPDATE person SET mother_id = 516 WHERE id = 505;

--======= Update Person id: 506 =======
UPDATE person SET father_id = 499 WHERE id = 506;
UPDATE person SET mother_id = 505 WHERE id = 506;

--======= Update Person id: 507 =======
UPDATE person SET father_id = 499 WHERE id = 507;
UPDATE person SET mother_id = 505 WHERE id = 507;

--======= Update Person id: 508 =======
UPDATE person SET father_id = 499 WHERE id = 508;
UPDATE person SET mother_id = 505 WHERE id = 508;

--======= Update Person id: 510 =======
UPDATE person SET father_id = 500 WHERE id = 510;
UPDATE person SET mother_id = 509 WHERE id = 510;

--======= Update Person id: 511 =======
UPDATE person SET father_id = 500 WHERE id = 511;
UPDATE person SET mother_id = 509 WHERE id = 511;

--======= Update Person id: 512 =======
UPDATE person SET father_id = 500 WHERE id = 512;
UPDATE person SET mother_id = 509 WHERE id = 512;

--======= Update Person id: 513 =======
UPDATE person SET father_id = 515 WHERE id = 513;
UPDATE person SET mother_id = 514 WHERE id = 513;

--======= Update Person id: 518 =======
UPDATE person SET father_id = 526 WHERE id = 518;
UPDATE person SET mother_id = 525 WHERE id = 518;

--======= Update Person id: 519 =======
UPDATE person SET father_id = 506 WHERE id = 519;
UPDATE person SET mother_id = 518 WHERE id = 519;

--======= Update Person id: 520 =======
UPDATE person SET father_id = 506 WHERE id = 520;
UPDATE person SET mother_id = 518 WHERE id = 520;

--======= Update Person id: 521 =======
UPDATE person SET father_id = 506 WHERE id = 521;
UPDATE person SET mother_id = 518 WHERE id = 521;

--======= Update Person id: 522 =======
UPDATE person SET father_id = 531 WHERE id = 522;
UPDATE person SET mother_id = 530 WHERE id = 522;

--======= Update Person id: 523 =======
UPDATE person SET father_id = 522 WHERE id = 523;
UPDATE person SET mother_id = 508 WHERE id = 523;

--======= Update Person id: 524 =======
UPDATE person SET father_id = 522 WHERE id = 524;
UPDATE person SET mother_id = 508 WHERE id = 524;

--======= Update Person id: 527 =======
UPDATE person SET father_id = 665 WHERE id = 527;
UPDATE person SET mother_id = 664 WHERE id = 527;

--======= Update Person id: 528 =======
UPDATE person SET father_id = 519 WHERE id = 528;
UPDATE person SET mother_id = 527 WHERE id = 528;

--======= Update Person id: 529 =======
UPDATE person SET father_id = 920 WHERE id = 529;
UPDATE person SET mother_id = 521 WHERE id = 529;

--======= Update Person id: 532 =======
UPDATE person SET father_id = 537 WHERE id = 532;
UPDATE person SET mother_id = 536 WHERE id = 532;

--======= Update Person id: 533 =======
UPDATE person SET father_id = 532 WHERE id = 533;
UPDATE person SET mother_id = 510 WHERE id = 533;

--======= Update Person id: 534 =======
UPDATE person SET father_id = 532 WHERE id = 534;
UPDATE person SET mother_id = 510 WHERE id = 534;

--======= Update Person id: 535 =======
UPDATE person SET father_id = 532 WHERE id = 535;
UPDATE person SET mother_id = 510 WHERE id = 535;

--======= Update Person id: 538 =======
UPDATE person SET father_id = 540 WHERE id = 538;
UPDATE person SET mother_id = 539 WHERE id = 538;

--======= Update Person id: 542 =======
UPDATE person SET father_id = 378 WHERE id = 542;
UPDATE person SET mother_id = 377 WHERE id = 542;

--======= Update Person id: 543 =======
UPDATE person SET father_id = 547 WHERE id = 543;
UPDATE person SET mother_id = 546 WHERE id = 543;

--======= Update Person id: 544 =======
UPDATE person SET father_id = 393 WHERE id = 544;
UPDATE person SET mother_id = 543 WHERE id = 544;

--======= Update Person id: 550 =======
UPDATE person SET father_id = 572 WHERE id = 550;
UPDATE person SET mother_id = 571 WHERE id = 550;

--======= Update Person id: 551 =======
UPDATE person SET father_id = 357 WHERE id = 551;
UPDATE person SET mother_id = 550 WHERE id = 551;

--======= Update Person id: 552 =======
UPDATE person SET father_id = 357 WHERE id = 552;
UPDATE person SET mother_id = 550 WHERE id = 552;

--======= Update Person id: 553 =======
UPDATE person SET father_id = 357 WHERE id = 553;
UPDATE person SET mother_id = 550 WHERE id = 553;

--======= Update Person id: 554 =======
UPDATE person SET father_id = 357 WHERE id = 554;
UPDATE person SET mother_id = 550 WHERE id = 554;

--======= Update Person id: 555 =======
UPDATE person SET father_id = 559 WHERE id = 555;
UPDATE person SET mother_id = 558 WHERE id = 555;

--======= Update Person id: 556 =======
UPDATE person SET father_id = 555 WHERE id = 556;
UPDATE person SET mother_id = 358 WHERE id = 556;

--======= Update Person id: 557 =======
UPDATE person SET father_id = 555 WHERE id = 557;
UPDATE person SET mother_id = 358 WHERE id = 557;

--======= Update Person id: 559 =======
UPDATE person SET father_id = 647 WHERE id = 559;
UPDATE person SET mother_id = 646 WHERE id = 559;

--======= Update Person id: 561 =======
UPDATE person SET father_id = 577 WHERE id = 561;
UPDATE person SET mother_id = 576 WHERE id = 561;

--======= Update Person id: 562 =======
UPDATE person SET father_id = 362 WHERE id = 562;
UPDATE person SET mother_id = 561 WHERE id = 562;

--======= Update Person id: 563 =======
UPDATE person SET father_id = 362 WHERE id = 563;
UPDATE person SET mother_id = 561 WHERE id = 563;

--======= Update Person id: 564 =======
UPDATE person SET father_id = 362 WHERE id = 564;
UPDATE person SET mother_id = 561 WHERE id = 564;

--======= Update Person id: 565 =======
UPDATE person SET father_id = 362 WHERE id = 565;
UPDATE person SET mother_id = 561 WHERE id = 565;

--======= Update Person id: 566 =======
UPDATE person SET father_id = 362 WHERE id = 566;
UPDATE person SET mother_id = 561 WHERE id = 566;

--======= Update Person id: 567 =======
UPDATE person SET father_id = 362 WHERE id = 567;
UPDATE person SET mother_id = 561 WHERE id = 567;

--======= Update Person id: 568 =======
UPDATE person SET father_id = 362 WHERE id = 568;
UPDATE person SET mother_id = 561 WHERE id = 568;

--======= Update Person id: 578 =======
UPDATE person SET father_id = 586 WHERE id = 578;
UPDATE person SET mother_id = 585 WHERE id = 578;

--======= Update Person id: 579 =======
UPDATE person SET father_id = 563 WHERE id = 579;
UPDATE person SET mother_id = 578 WHERE id = 579;

--======= Update Person id: 580 =======
UPDATE person SET father_id = 563 WHERE id = 580;
UPDATE person SET mother_id = 578 WHERE id = 580;

--======= Update Person id: 581 =======
UPDATE person SET father_id = 563 WHERE id = 581;
UPDATE person SET mother_id = 578 WHERE id = 581;

--======= Update Person id: 582 =======
UPDATE person SET father_id = 563 WHERE id = 582;
UPDATE person SET mother_id = 578 WHERE id = 582;

--======= Update Person id: 584 =======
UPDATE person SET father_id = 583 WHERE id = 584;
UPDATE person SET mother_id = 568 WHERE id = 584;

--======= Update Person id: 587 =======
UPDATE person SET father_id = 594 WHERE id = 587;
UPDATE person SET mother_id = 593 WHERE id = 587;

--======= Update Person id: 588 =======
UPDATE person SET father_id = 580 WHERE id = 588;
UPDATE person SET mother_id = 587 WHERE id = 588;

--======= Update Person id: 589 =======
UPDATE person SET father_id = 580 WHERE id = 589;
UPDATE person SET mother_id = 587 WHERE id = 589;

--======= Update Person id: 590 =======
UPDATE person SET father_id = 580 WHERE id = 590;
UPDATE person SET mother_id = 587 WHERE id = 590;

--======= Update Person id: 591 =======
UPDATE person SET father_id = 580 WHERE id = 591;
UPDATE person SET mother_id = 587 WHERE id = 591;

--======= Update Person id: 592 =======
UPDATE person SET father_id = 580 WHERE id = 592;
UPDATE person SET mother_id = 587 WHERE id = 592;

--======= Update Person id: 593 =======
UPDATE person SET father_id = 657 WHERE id = 593;
UPDATE person SET mother_id = 656 WHERE id = 593;

--======= Update Person id: 594 =======
UPDATE person SET father_id = 650 WHERE id = 594;
UPDATE person SET mother_id = 649 WHERE id = 594;

--======= Update Person id: 595 =======
UPDATE person SET father_id = 617 WHERE id = 595;
UPDATE person SET mother_id = 616 WHERE id = 595;

--======= Update Person id: 597 =======
UPDATE person SET father_id = 588 WHERE id = 597;
UPDATE person SET mother_id = 595 WHERE id = 597;

--======= Update Person id: 598 =======
UPDATE person SET father_id = 588 WHERE id = 598;
UPDATE person SET mother_id = 595 WHERE id = 598;

--======= Update Person id: 599 =======
UPDATE person SET father_id = 588 WHERE id = 599;
UPDATE person SET mother_id = 595 WHERE id = 599;

--======= Update Person id: 601 =======
UPDATE person SET father_id = 600 WHERE id = 601;
UPDATE person SET mother_id = 589 WHERE id = 601;

--======= Update Person id: 602 =======
UPDATE person SET father_id = 600 WHERE id = 602;
UPDATE person SET mother_id = 589 WHERE id = 602;

--======= Update Person id: 603 =======
UPDATE person SET father_id = 600 WHERE id = 603;
UPDATE person SET mother_id = 589 WHERE id = 603;

--======= Update Person id: 604 =======
UPDATE person SET father_id = 600 WHERE id = 604;
UPDATE person SET mother_id = 589 WHERE id = 604;

--======= Update Person id: 605 =======
UPDATE person SET father_id = 621 WHERE id = 605;
UPDATE person SET mother_id = 620 WHERE id = 605;

--======= Update Person id: 606 =======
UPDATE person SET father_id = 590 WHERE id = 606;
UPDATE person SET mother_id = 605 WHERE id = 606;

--======= Update Person id: 607 =======
UPDATE person SET father_id = 590 WHERE id = 607;
UPDATE person SET mother_id = 605 WHERE id = 607;

--======= Update Person id: 608 =======
UPDATE person SET father_id = 590 WHERE id = 608;
UPDATE person SET mother_id = 605 WHERE id = 608;

--======= Update Person id: 610 =======
UPDATE person SET father_id = 624 WHERE id = 610;
UPDATE person SET mother_id = 623 WHERE id = 610;

--======= Update Person id: 611 =======
UPDATE person SET father_id = 626 WHERE id = 611;
UPDATE person SET mother_id = 625 WHERE id = 611;

--======= Update Person id: 612 =======
UPDATE person SET father_id = 592 WHERE id = 612;
UPDATE person SET mother_id = 610 WHERE id = 612;

--======= Update Person id: 613 =======
UPDATE person SET father_id = 592 WHERE id = 613;
UPDATE person SET mother_id = 611 WHERE id = 613;

--======= Update Person id: 614 =======
UPDATE person SET father_id = 592 WHERE id = 614;
UPDATE person SET mother_id = 611 WHERE id = 614;

--======= Update Person id: 615 =======
UPDATE person SET father_id = 592 WHERE id = 615;
UPDATE person SET mother_id = 611 WHERE id = 615;

--======= Update Person id: 618 =======
UPDATE person SET father_id = 683 WHERE id = 618;
UPDATE person SET mother_id = 682 WHERE id = 618;

--======= Update Person id: 619 =======
UPDATE person SET father_id = 597 WHERE id = 619;
UPDATE person SET mother_id = 618 WHERE id = 619;

--======= Update Person id: 625 =======
UPDATE person SET father_id = 635 WHERE id = 625;
UPDATE person SET mother_id = 634 WHERE id = 625;

--======= Update Person id: 626 =======
UPDATE person SET father_id = 632 WHERE id = 626;
UPDATE person SET mother_id = 631 WHERE id = 626;

--======= Update Person id: 631 =======
UPDATE person SET father_id = 1252 WHERE id = 631;
UPDATE person SET mother_id = 1251 WHERE id = 631;

--======= Update Person id: 632 =======
UPDATE person SET father_id = 1241 WHERE id = 632;
UPDATE person SET mother_id = 1240 WHERE id = 632;

--======= Update Person id: 633 =======
UPDATE person SET father_id = 626 WHERE id = 633;
UPDATE person SET mother_id = 625 WHERE id = 633;

--======= Update Person id: 634 =======
UPDATE person SET father_id = 1263 WHERE id = 634;
UPDATE person SET mother_id = 1262 WHERE id = 634;

--======= Update Person id: 635 =======
UPDATE person SET father_id = 1261 WHERE id = 635;
UPDATE person SET mother_id = 1260 WHERE id = 635;

--======= Update Person id: 637 =======
UPDATE person SET father_id = 636 WHERE id = 637;
UPDATE person SET mother_id = 144 WHERE id = 637;

--======= Update Person id: 638 =======
UPDATE person SET father_id = 636 WHERE id = 638;
UPDATE person SET mother_id = 144 WHERE id = 638;

--======= Update Person id: 639 =======
UPDATE person SET father_id = 636 WHERE id = 639;
UPDATE person SET mother_id = 144 WHERE id = 639;

--======= Update Person id: 640 =======
UPDATE person SET father_id = 636 WHERE id = 640;
UPDATE person SET mother_id = 144 WHERE id = 640;

--======= Update Person id: 642 =======
UPDATE person SET father_id = 145 WHERE id = 642;
UPDATE person SET mother_id = 641 WHERE id = 642;

--======= Update Person id: 643 =======
UPDATE person SET father_id = 145 WHERE id = 643;
UPDATE person SET mother_id = 641 WHERE id = 643;

--======= Update Person id: 647 =======
UPDATE person SET father_id = 1131 WHERE id = 647;
UPDATE person SET mother_id = 1130 WHERE id = 647;

--======= Update Person id: 650 =======
UPDATE person SET father_id = 1145 WHERE id = 650;
UPDATE person SET mother_id = 1144 WHERE id = 650;

--======= Update Person id: 651 =======
UPDATE person SET father_id = 594 WHERE id = 651;
UPDATE person SET mother_id = 593 WHERE id = 651;

--======= Update Person id: 652 =======
UPDATE person SET father_id = 594 WHERE id = 652;
UPDATE person SET mother_id = 593 WHERE id = 652;

--======= Update Person id: 653 =======
UPDATE person SET father_id = 594 WHERE id = 653;
UPDATE person SET mother_id = 593 WHERE id = 653;

--======= Update Person id: 654 =======
UPDATE person SET father_id = 594 WHERE id = 654;
UPDATE person SET mother_id = 593 WHERE id = 654;

--======= Update Person id: 655 =======
UPDATE person SET father_id = 594 WHERE id = 655;
UPDATE person SET mother_id = 593 WHERE id = 655;

--======= Update Person id: 656 =======
UPDATE person SET father_id = 1110 WHERE id = 656;
UPDATE person SET mother_id = 1104 WHERE id = 656;

--======= Update Person id: 658 =======
UPDATE person SET father_id = 56 WHERE id = 658;
UPDATE person SET mother_id = 55 WHERE id = 658;

--======= Update Person id: 659 =======
UPDATE person SET father_id = 56 WHERE id = 659;
UPDATE person SET mother_id = 55 WHERE id = 659;

--======= Update Person id: 672 =======
UPDATE person SET father_id = 671 WHERE id = 672;
UPDATE person SET mother_id = 475 WHERE id = 672;

--======= Update Person id: 673 =======
UPDATE person SET father_id = 671 WHERE id = 673;
UPDATE person SET mother_id = 475 WHERE id = 673;

--======= Update Person id: 674 =======
UPDATE person SET father_id = 671 WHERE id = 674;
UPDATE person SET mother_id = 475 WHERE id = 674;

--======= Update Person id: 675 =======
UPDATE person SET father_id = 671 WHERE id = 675;
UPDATE person SET mother_id = 475 WHERE id = 675;

--======= Update Person id: 677 =======
UPDATE person SET father_id = 676 WHERE id = 677;
UPDATE person SET mother_id = 476 WHERE id = 677;

--======= Update Person id: 679 =======
UPDATE person SET father_id = 477 WHERE id = 679;
UPDATE person SET mother_id = 678 WHERE id = 679;

--======= Update Person id: 680 =======
UPDATE person SET father_id = 477 WHERE id = 680;
UPDATE person SET mother_id = 678 WHERE id = 680;

--======= Update Person id: 681 =======
UPDATE person SET father_id = 477 WHERE id = 681;
UPDATE person SET mother_id = 678 WHERE id = 681;

--======= Update Person id: 687 =======
UPDATE person SET father_id = 533 WHERE id = 687;
UPDATE person SET mother_id = 686 WHERE id = 687;

--======= Update Person id: 688 =======
UPDATE person SET father_id = 533 WHERE id = 688;
UPDATE person SET mother_id = 686 WHERE id = 688;

--======= Update Person id: 689 =======
UPDATE person SET father_id = 533 WHERE id = 689;
UPDATE person SET mother_id = 686 WHERE id = 689;

--======= Update Person id: 690 =======
UPDATE person SET father_id = 533 WHERE id = 690;
UPDATE person SET mother_id = 686 WHERE id = 690;

--======= Update Person id: 692 =======
UPDATE person SET father_id = 691 WHERE id = 692;
UPDATE person SET mother_id = 534 WHERE id = 692;

--======= Update Person id: 694 =======
UPDATE person SET father_id = 584 WHERE id = 694;

--======= Update Person id: 695 =======
UPDATE person SET father_id = 584 WHERE id = 695;

--======= Update Person id: 696 =======
UPDATE person SET father_id = 584 WHERE id = 696;

--======= Update Person id: 698 =======
UPDATE person SET father_id = 700 WHERE id = 698;
UPDATE person SET mother_id = 699 WHERE id = 698;

--======= Update Person id: 700 =======
UPDATE person SET father_id = 940 WHERE id = 700;
UPDATE person SET mother_id = 939 WHERE id = 700;

--======= Update Person id: 701 =======
UPDATE person SET father_id = 9 WHERE id = 701;
UPDATE person SET mother_id = 698 WHERE id = 701;

--======= Update Person id: 702 =======
UPDATE person SET father_id = 9 WHERE id = 702;
UPDATE person SET mother_id = 698 WHERE id = 702;

--======= Update Person id: 703 =======
UPDATE person SET father_id = 9 WHERE id = 703;
UPDATE person SET mother_id = 698 WHERE id = 703;

--======= Update Person id: 704 =======
UPDATE person SET father_id = 9 WHERE id = 704;
UPDATE person SET mother_id = 698 WHERE id = 704;

--======= Update Person id: 705 =======
UPDATE person SET father_id = 9 WHERE id = 705;
UPDATE person SET mother_id = 698 WHERE id = 705;

--======= Update Person id: 706 =======
UPDATE person SET father_id = 9 WHERE id = 706;
UPDATE person SET mother_id = 698 WHERE id = 706;

--======= Update Person id: 707 =======
UPDATE person SET father_id = 9 WHERE id = 707;
UPDATE person SET mother_id = 698 WHERE id = 707;

--======= Update Person id: 708 =======
UPDATE person SET father_id = 9 WHERE id = 708;
UPDATE person SET mother_id = 698 WHERE id = 708;

--======= Update Person id: 709 =======
UPDATE person SET father_id = 735 WHERE id = 709;
UPDATE person SET mother_id = 734 WHERE id = 709;

--======= Update Person id: 710 =======
UPDATE person SET father_id = 702 WHERE id = 710;
UPDATE person SET mother_id = 709 WHERE id = 710;

--======= Update Person id: 711 =======
UPDATE person SET father_id = 702 WHERE id = 711;
UPDATE person SET mother_id = 709 WHERE id = 711;

--======= Update Person id: 712 =======
UPDATE person SET father_id = 702 WHERE id = 712;
UPDATE person SET mother_id = 709 WHERE id = 712;

--======= Update Person id: 713 =======
UPDATE person SET father_id = 702 WHERE id = 713;
UPDATE person SET mother_id = 709 WHERE id = 713;

--======= Update Person id: 714 =======
UPDATE person SET father_id = 702 WHERE id = 714;
UPDATE person SET mother_id = 709 WHERE id = 714;

--======= Update Person id: 715 =======
UPDATE person SET father_id = 702 WHERE id = 715;
UPDATE person SET mother_id = 709 WHERE id = 715;

--======= Update Person id: 716 =======
UPDATE person SET father_id = 702 WHERE id = 716;
UPDATE person SET mother_id = 709 WHERE id = 716;

--======= Update Person id: 717 =======
UPDATE person SET father_id = 702 WHERE id = 717;
UPDATE person SET mother_id = 709 WHERE id = 717;

--======= Update Person id: 719 =======
UPDATE person SET father_id = 888 WHERE id = 719;
UPDATE person SET mother_id = 887 WHERE id = 719;

--======= Update Person id: 720 =======
UPDATE person SET father_id = 703 WHERE id = 720;
UPDATE person SET mother_id = 718 WHERE id = 720;

--======= Update Person id: 721 =======
UPDATE person SET father_id = 703 WHERE id = 721;
UPDATE person SET mother_id = 718 WHERE id = 721;

--======= Update Person id: 722 =======
UPDATE person SET father_id = 703 WHERE id = 722;
UPDATE person SET mother_id = 718 WHERE id = 722;

--======= Update Person id: 723 =======
UPDATE person SET father_id = 703 WHERE id = 723;
UPDATE person SET mother_id = 718 WHERE id = 723;

--======= Update Person id: 724 =======
UPDATE person SET father_id = 703 WHERE id = 724;
UPDATE person SET mother_id = 719 WHERE id = 724;

--======= Update Person id: 725 =======
UPDATE person SET father_id = 892 WHERE id = 725;
UPDATE person SET mother_id = 891 WHERE id = 725;

--======= Update Person id: 726 =======
UPDATE person SET father_id = 707 WHERE id = 726;
UPDATE person SET mother_id = 659 WHERE id = 726;

--======= Update Person id: 727 =======
UPDATE person SET father_id = 707 WHERE id = 727;
UPDATE person SET mother_id = 725 WHERE id = 727;

--======= Update Person id: 728 =======
UPDATE person SET father_id = 707 WHERE id = 728;
UPDATE person SET mother_id = 725 WHERE id = 728;

--======= Update Person id: 729 =======
UPDATE person SET father_id = 707 WHERE id = 729;
UPDATE person SET mother_id = 725 WHERE id = 729;

--======= Update Person id: 730 =======
UPDATE person SET father_id = 707 WHERE id = 730;
UPDATE person SET mother_id = 725 WHERE id = 730;

--======= Update Person id: 731 =======
UPDATE person SET father_id = 707 WHERE id = 731;
UPDATE person SET mother_id = 725 WHERE id = 731;

--======= Update Person id: 733 =======
UPDATE person SET father_id = 732 WHERE id = 733;
UPDATE person SET mother_id = 708 WHERE id = 733;

--======= Update Person id: 736 =======
UPDATE person SET father_id = 761 WHERE id = 736;
UPDATE person SET mother_id = 760 WHERE id = 736;

--======= Update Person id: 737 =======
UPDATE person SET father_id = 711 WHERE id = 737;
UPDATE person SET mother_id = 736 WHERE id = 737;

--======= Update Person id: 738 =======
UPDATE person SET father_id = 711 WHERE id = 738;
UPDATE person SET mother_id = 736 WHERE id = 738;

--======= Update Person id: 739 =======
UPDATE person SET father_id = 711 WHERE id = 739;
UPDATE person SET mother_id = 736 WHERE id = 739;

--======= Update Person id: 740 =======
UPDATE person SET father_id = 711 WHERE id = 740;
UPDATE person SET mother_id = 736 WHERE id = 740;

--======= Update Person id: 741 =======
UPDATE person SET father_id = 761 WHERE id = 741;
UPDATE person SET mother_id = 760 WHERE id = 741;

--======= Update Person id: 742 =======
UPDATE person SET father_id = 712 WHERE id = 742;
UPDATE person SET mother_id = 741 WHERE id = 742;

--======= Update Person id: 743 =======
UPDATE person SET father_id = 712 WHERE id = 743;
UPDATE person SET mother_id = 741 WHERE id = 743;

--======= Update Person id: 744 =======
UPDATE person SET father_id = 712 WHERE id = 744;
UPDATE person SET mother_id = 741 WHERE id = 744;

--======= Update Person id: 745 =======
UPDATE person SET father_id = 712 WHERE id = 745;
UPDATE person SET mother_id = 741 WHERE id = 745;

--======= Update Person id: 746 =======
UPDATE person SET father_id = 712 WHERE id = 746;
UPDATE person SET mother_id = 741 WHERE id = 746;

--======= Update Person id: 747 =======
UPDATE person SET father_id = 712 WHERE id = 747;
UPDATE person SET mother_id = 741 WHERE id = 747;

--======= Update Person id: 748 =======
UPDATE person SET father_id = 712 WHERE id = 748;
UPDATE person SET mother_id = 741 WHERE id = 748;

--======= Update Person id: 750 =======
UPDATE person SET father_id = 714 WHERE id = 750;
UPDATE person SET mother_id = 749 WHERE id = 750;

--======= Update Person id: 751 =======
UPDATE person SET father_id = 714 WHERE id = 751;
UPDATE person SET mother_id = 749 WHERE id = 751;

--======= Update Person id: 752 =======
UPDATE person SET father_id = 714 WHERE id = 752;
UPDATE person SET mother_id = 749 WHERE id = 752;

--======= Update Person id: 753 =======
UPDATE person SET father_id = 714 WHERE id = 753;
UPDATE person SET mother_id = 749 WHERE id = 753;

--======= Update Person id: 754 =======
UPDATE person SET father_id = 714 WHERE id = 754;
UPDATE person SET mother_id = 749 WHERE id = 754;

--======= Update Person id: 755 =======
UPDATE person SET father_id = 714 WHERE id = 755;
UPDATE person SET mother_id = 749 WHERE id = 755;

--======= Update Person id: 756 =======
UPDATE person SET father_id = 714 WHERE id = 756;
UPDATE person SET mother_id = 749 WHERE id = 756;

--======= Update Person id: 757 =======
UPDATE person SET father_id = 714 WHERE id = 757;
UPDATE person SET mother_id = 749 WHERE id = 757;

--======= Update Person id: 758 =======
UPDATE person SET father_id = 714 WHERE id = 758;
UPDATE person SET mother_id = 749 WHERE id = 758;

--======= Update Person id: 763 =======
UPDATE person SET father_id = 772 WHERE id = 763;
UPDATE person SET mother_id = 771 WHERE id = 763;

--======= Update Person id: 764 =======
UPDATE person SET father_id = 739 WHERE id = 764;
UPDATE person SET mother_id = 763 WHERE id = 764;

--======= Update Person id: 765 =======
UPDATE person SET father_id = 739 WHERE id = 765;
UPDATE person SET mother_id = 763 WHERE id = 765;

--======= Update Person id: 766 =======
UPDATE person SET father_id = 739 WHERE id = 766;
UPDATE person SET mother_id = 763 WHERE id = 766;

--======= Update Person id: 767 =======
UPDATE person SET father_id = 739 WHERE id = 767;
UPDATE person SET mother_id = 763 WHERE id = 767;

--======= Update Person id: 768 =======
UPDATE person SET father_id = 739 WHERE id = 768;
UPDATE person SET mother_id = 763 WHERE id = 768;

--======= Update Person id: 769 =======
UPDATE person SET father_id = 739 WHERE id = 769;
UPDATE person SET mother_id = 763 WHERE id = 769;

--======= Update Person id: 773 =======
UPDATE person SET father_id = 786 WHERE id = 773;
UPDATE person SET mother_id = 785 WHERE id = 773;

--======= Update Person id: 774 =======
UPDATE person SET father_id = 766 WHERE id = 774;
UPDATE person SET mother_id = 773 WHERE id = 774;

--======= Update Person id: 775 =======
UPDATE person SET father_id = 766 WHERE id = 775;
UPDATE person SET mother_id = 773 WHERE id = 775;

--======= Update Person id: 776 =======
UPDATE person SET father_id = 766 WHERE id = 776;
UPDATE person SET mother_id = 773 WHERE id = 776;

--======= Update Person id: 778 =======
UPDATE person SET father_id = 812 WHERE id = 778;
UPDATE person SET mother_id = 811 WHERE id = 778;

--======= Update Person id: 779 =======
UPDATE person SET father_id = 768 WHERE id = 779;
UPDATE person SET mother_id = 778 WHERE id = 779;

--======= Update Person id: 780 =======
UPDATE person SET father_id = 768 WHERE id = 780;
UPDATE person SET mother_id = 778 WHERE id = 780;

--======= Update Person id: 781 =======
UPDATE person SET father_id = 768 WHERE id = 781;
UPDATE person SET mother_id = 778 WHERE id = 781;

--======= Update Person id: 782 =======
UPDATE person SET father_id = 768 WHERE id = 782;
UPDATE person SET mother_id = 778 WHERE id = 782;

--======= Update Person id: 783 =======
UPDATE person SET father_id = 768 WHERE id = 783;
UPDATE person SET mother_id = 778 WHERE id = 783;

--======= Update Person id: 784 =======
UPDATE person SET father_id = 768 WHERE id = 784;
UPDATE person SET mother_id = 778 WHERE id = 784;

--======= Update Person id: 787 =======
UPDATE person SET father_id = 794 WHERE id = 787;
UPDATE person SET mother_id = 793 WHERE id = 787;

--======= Update Person id: 788 =======
UPDATE person SET father_id = 774 WHERE id = 788;
UPDATE person SET mother_id = 787 WHERE id = 788;

--======= Update Person id: 789 =======
UPDATE person SET father_id = 774 WHERE id = 789;
UPDATE person SET mother_id = 787 WHERE id = 789;

--======= Update Person id: 790 =======
UPDATE person SET father_id = 774 WHERE id = 790;
UPDATE person SET mother_id = 787 WHERE id = 790;

--======= Update Person id: 791 =======
UPDATE person SET father_id = 809 WHERE id = 791;
UPDATE person SET mother_id = 808 WHERE id = 791;

--======= Update Person id: 792 =======
UPDATE person SET father_id = 775 WHERE id = 792;
UPDATE person SET mother_id = 791 WHERE id = 792;

--======= Update Person id: 796 =======
UPDATE person SET father_id = 919 WHERE id = 796;
UPDATE person SET mother_id = 918 WHERE id = 796;

--======= Update Person id: 797 =======
UPDATE person SET father_id = 795 WHERE id = 797;
UPDATE person SET mother_id = 788 WHERE id = 797;

--======= Update Person id: 798 =======
UPDATE person SET father_id = 796 WHERE id = 798;
UPDATE person SET mother_id = 788 WHERE id = 798;

--======= Update Person id: 799 =======
UPDATE person SET father_id = 800 WHERE id = 799;
UPDATE person SET mother_id = 797 WHERE id = 799;

--======= Update Person id: 801 =======
UPDATE person SET father_id = 917 WHERE id = 801;
UPDATE person SET mother_id = 916 WHERE id = 801;

--======= Update Person id: 802 =======
UPDATE person SET father_id = 801 WHERE id = 802;
UPDATE person SET mother_id = 799 WHERE id = 802;

--======= Update Person id: 803 =======
UPDATE person SET father_id = 801 WHERE id = 803;
UPDATE person SET mother_id = 799 WHERE id = 803;

--======= Update Person id: 807 =======
UPDATE person SET father_id = 806 WHERE id = 807;
UPDATE person SET mother_id = 790 WHERE id = 807;

--======= Update Person id: 813 =======
UPDATE person SET father_id = 827 WHERE id = 813;
UPDATE person SET mother_id = 826 WHERE id = 813;

--======= Update Person id: 814 =======
UPDATE person SET father_id = 779 WHERE id = 814;
UPDATE person SET mother_id = 813 WHERE id = 814;

--======= Update Person id: 815 =======
UPDATE person SET father_id = 779 WHERE id = 815;
UPDATE person SET mother_id = 813 WHERE id = 815;

--======= Update Person id: 816 =======
UPDATE person SET father_id = 832 WHERE id = 816;
UPDATE person SET mother_id = 831 WHERE id = 816;

--======= Update Person id: 817 =======
UPDATE person SET father_id = 781 WHERE id = 817;
UPDATE person SET mother_id = 816 WHERE id = 817;

--======= Update Person id: 818 =======
UPDATE person SET father_id = 781 WHERE id = 818;
UPDATE person SET mother_id = 816 WHERE id = 818;

--======= Update Person id: 821 =======
UPDATE person SET father_id = 834 WHERE id = 821;
UPDATE person SET mother_id = 833 WHERE id = 821;

--======= Update Person id: 822 =======
UPDATE person SET father_id = 784 WHERE id = 822;
UPDATE person SET mother_id = 821 WHERE id = 822;

--======= Update Person id: 823 =======
UPDATE person SET father_id = 784 WHERE id = 823;
UPDATE person SET mother_id = 821 WHERE id = 823;

--======= Update Person id: 824 =======
UPDATE person SET father_id = 784 WHERE id = 824;
UPDATE person SET mother_id = 821 WHERE id = 824;

--======= Update Person id: 825 =======
UPDATE person SET father_id = 784 WHERE id = 825;
UPDATE person SET mother_id = 821 WHERE id = 825;

--======= Update Person id: 835 =======
UPDATE person SET father_id = 845 WHERE id = 835;
UPDATE person SET mother_id = 844 WHERE id = 835;

--======= Update Person id: 837 =======
UPDATE person SET father_id = 823 WHERE id = 837;
UPDATE person SET mother_id = 835 WHERE id = 837;

--======= Update Person id: 838 =======
UPDATE person SET father_id = 823 WHERE id = 838;
UPDATE person SET mother_id = 835 WHERE id = 838;

--======= Update Person id: 839 =======
UPDATE person SET father_id = 855 WHERE id = 839;
UPDATE person SET mother_id = 854 WHERE id = 839;

--======= Update Person id: 840 =======
UPDATE person SET father_id = 825 WHERE id = 840;
UPDATE person SET mother_id = 839 WHERE id = 840;

--======= Update Person id: 841 =======
UPDATE person SET father_id = 825 WHERE id = 841;
UPDATE person SET mother_id = 839 WHERE id = 841;

--======= Update Person id: 842 =======
UPDATE person SET father_id = 825 WHERE id = 842;
UPDATE person SET mother_id = 839 WHERE id = 842;

--======= Update Person id: 843 =======
UPDATE person SET father_id = 825 WHERE id = 843;
UPDATE person SET mother_id = 839 WHERE id = 843;

--======= Update Person id: 846 =======
UPDATE person SET father_id = 853 WHERE id = 846;
UPDATE person SET mother_id = 852 WHERE id = 846;

--======= Update Person id: 847 =======
UPDATE person SET father_id = 837 WHERE id = 847;
UPDATE person SET mother_id = 846 WHERE id = 847;

--======= Update Person id: 848 =======
UPDATE person SET father_id = 837 WHERE id = 848;
UPDATE person SET mother_id = 846 WHERE id = 848;

--======= Update Person id: 849 =======
UPDATE person SET father_id = 837 WHERE id = 849;
UPDATE person SET mother_id = 846 WHERE id = 849;

--======= Update Person id: 850 =======
UPDATE person SET father_id = 837 WHERE id = 850;
UPDATE person SET mother_id = 846 WHERE id = 850;

--======= Update Person id: 856 =======
UPDATE person SET father_id = 858 WHERE id = 856;
UPDATE person SET mother_id = 857 WHERE id = 856;

--======= Update Person id: 859 =======
UPDATE person SET father_id = 863 WHERE id = 859;
UPDATE person SET mother_id = 862 WHERE id = 859;

--======= Update Person id: 860 =======
UPDATE person SET father_id = 859 WHERE id = 860;
UPDATE person SET mother_id = 841 WHERE id = 860;

--======= Update Person id: 861 =======
UPDATE person SET father_id = 859 WHERE id = 861;
UPDATE person SET mother_id = 841 WHERE id = 861;

--======= Update Person id: 864 =======
UPDATE person SET father_id = 871 WHERE id = 864;
UPDATE person SET mother_id = 870 WHERE id = 864;

--======= Update Person id: 865 =======
UPDATE person SET father_id = 842 WHERE id = 865;
UPDATE person SET mother_id = 864 WHERE id = 865;

--======= Update Person id: 866 =======
UPDATE person SET father_id = 842 WHERE id = 866;
UPDATE person SET mother_id = 864 WHERE id = 866;

--======= Update Person id: 867 =======
UPDATE person SET father_id = 873 WHERE id = 867;
UPDATE person SET mother_id = 872 WHERE id = 867;

--======= Update Person id: 868 =======
UPDATE person SET father_id = 843 WHERE id = 868;
UPDATE person SET mother_id = 867 WHERE id = 868;

--======= Update Person id: 869 =======
UPDATE person SET father_id = 843 WHERE id = 869;
UPDATE person SET mother_id = 867 WHERE id = 869;

--======= Update Person id: 875 =======
UPDATE person SET father_id = 880 WHERE id = 875;
UPDATE person SET mother_id = 879 WHERE id = 875;

--======= Update Person id: 876 =======
UPDATE person SET father_id = 748 WHERE id = 876;
UPDATE person SET mother_id = 875 WHERE id = 876;

--======= Update Person id: 877 =======
UPDATE person SET father_id = 748 WHERE id = 877;
UPDATE person SET mother_id = 875 WHERE id = 877;

--======= Update Person id: 878 =======
UPDATE person SET father_id = 748 WHERE id = 878;
UPDATE person SET mother_id = 875 WHERE id = 878;

--======= Update Person id: 882 =======
UPDATE person SET father_id = 756 WHERE id = 882;
UPDATE person SET mother_id = 881 WHERE id = 882;

--======= Update Person id: 883 =======
UPDATE person SET father_id = 756 WHERE id = 883;
UPDATE person SET mother_id = 881 WHERE id = 883;

--======= Update Person id: 894 =======
UPDATE person SET father_id = 947 WHERE id = 894;
UPDATE person SET mother_id = 658 WHERE id = 894;

--======= Update Person id: 896 =======
UPDATE person SET father_id = 899 WHERE id = 896;

--======= Update Person id: 897 =======
UPDATE person SET father_id = 896 WHERE id = 897;
UPDATE person SET mother_id = 729 WHERE id = 897;

--======= Update Person id: 898 =======
UPDATE person SET father_id = 896 WHERE id = 898;
UPDATE person SET mother_id = 729 WHERE id = 898;

--======= Update Person id: 901 =======
UPDATE person SET father_id = 700 WHERE id = 901;
UPDATE person SET mother_id = 699 WHERE id = 901;

--======= Update Person id: 903 =======
UPDATE person SET father_id = 901 WHERE id = 903;
UPDATE person SET mother_id = 902 WHERE id = 903;

--======= Update Person id: 904 =======
UPDATE person SET father_id = 700 WHERE id = 904;
UPDATE person SET mother_id = 699 WHERE id = 904;

--======= Update Person id: 905 =======
UPDATE person SET father_id = 700 WHERE id = 905;
UPDATE person SET mother_id = 699 WHERE id = 905;

--======= Update Person id: 906 =======
UPDATE person SET father_id = 700 WHERE id = 906;
UPDATE person SET mother_id = 699 WHERE id = 906;

--======= Update Person id: 907 =======
UPDATE person SET father_id = 700 WHERE id = 907;
UPDATE person SET mother_id = 699 WHERE id = 907;

--======= Update Person id: 908 =======
UPDATE person SET father_id = 700 WHERE id = 908;
UPDATE person SET mother_id = 699 WHERE id = 908;

--======= Update Person id: 909 =======
UPDATE person SET father_id = 700 WHERE id = 909;
UPDATE person SET mother_id = 699 WHERE id = 909;

--======= Update Person id: 910 =======
UPDATE person SET father_id = 700 WHERE id = 910;
UPDATE person SET mother_id = 699 WHERE id = 910;

--======= Update Person id: 911 =======
UPDATE person SET father_id = 913 WHERE id = 911;
UPDATE person SET mother_id = 912 WHERE id = 911;

--======= Update Person id: 912 =======
UPDATE person SET father_id = 957 WHERE id = 912;
UPDATE person SET mother_id = 997 WHERE id = 912;

--======= Update Person id: 920 =======
UPDATE person SET father_id = 922 WHERE id = 920;
UPDATE person SET mother_id = 921 WHERE id = 920;

--======= Update Person id: 924 =======
UPDATE person SET father_id = 940 WHERE id = 924;
UPDATE person SET mother_id = 939 WHERE id = 924;

--======= Update Person id: 925 =======
UPDATE person SET father_id = 8 WHERE id = 925;
UPDATE person SET mother_id = 923 WHERE id = 925;

--======= Update Person id: 926 =======
UPDATE person SET father_id = 8 WHERE id = 926;
UPDATE person SET mother_id = 923 WHERE id = 926;

--======= Update Person id: 927 =======
UPDATE person SET father_id = 8 WHERE id = 927;
UPDATE person SET mother_id = 923 WHERE id = 927;

--======= Update Person id: 928 =======
UPDATE person SET father_id = 8 WHERE id = 928;
UPDATE person SET mother_id = 923 WHERE id = 928;

--======= Update Person id: 929 =======
UPDATE person SET father_id = 8 WHERE id = 929;
UPDATE person SET mother_id = 923 WHERE id = 929;

--======= Update Person id: 930 =======
UPDATE person SET father_id = 8 WHERE id = 930;
UPDATE person SET mother_id = 923 WHERE id = 930;

--======= Update Person id: 931 =======
UPDATE person SET father_id = 8 WHERE id = 931;
UPDATE person SET mother_id = 923 WHERE id = 931;

--======= Update Person id: 932 =======
UPDATE person SET father_id = 8 WHERE id = 932;
UPDATE person SET mother_id = 924 WHERE id = 932;

--======= Update Person id: 933 =======
UPDATE person SET father_id = 8 WHERE id = 933;
UPDATE person SET mother_id = 924 WHERE id = 933;

--======= Update Person id: 934 =======
UPDATE person SET father_id = 8 WHERE id = 934;
UPDATE person SET mother_id = 924 WHERE id = 934;

--======= Update Person id: 935 =======
UPDATE person SET father_id = 8 WHERE id = 935;
UPDATE person SET mother_id = 924 WHERE id = 935;

--======= Update Person id: 936 =======
UPDATE person SET father_id = 8 WHERE id = 936;
UPDATE person SET mother_id = 924 WHERE id = 936;

--======= Update Person id: 937 =======
UPDATE person SET father_id = 8 WHERE id = 937;
UPDATE person SET mother_id = 924 WHERE id = 937;

--======= Update Person id: 938 =======
UPDATE person SET father_id = 8 WHERE id = 938;
UPDATE person SET mother_id = 924 WHERE id = 938;

--======= Update Person id: 940 =======
UPDATE person SET father_id = 1051 WHERE id = 940;
UPDATE person SET mother_id = 1050 WHERE id = 940;

--======= Update Person id: 941 =======
UPDATE person SET father_id = 1119 WHERE id = 941;

--======= Update Person id: 944 =======
UPDATE person SET father_id = 972 WHERE id = 944;
UPDATE person SET mother_id = 971 WHERE id = 944;

--======= Update Person id: 945 =======
UPDATE person SET father_id = 1006 WHERE id = 945;
UPDATE person SET mother_id = 1005 WHERE id = 945;

--======= Update Person id: 946 =======
UPDATE person SET father_id = 933 WHERE id = 946;
UPDATE person SET mother_id = 944 WHERE id = 946;

--======= Update Person id: 947 =======
UPDATE person SET father_id = 933 WHERE id = 947;
UPDATE person SET mother_id = 944 WHERE id = 947;

--======= Update Person id: 948 =======
UPDATE person SET father_id = 933 WHERE id = 948;
UPDATE person SET mother_id = 944 WHERE id = 948;

--======= Update Person id: 949 =======
UPDATE person SET father_id = 933 WHERE id = 949;
UPDATE person SET mother_id = 944 WHERE id = 949;

--======= Update Person id: 950 =======
UPDATE person SET father_id = 933 WHERE id = 950;
UPDATE person SET mother_id = 944 WHERE id = 950;

--======= Update Person id: 951 =======
UPDATE person SET father_id = 933 WHERE id = 951;
UPDATE person SET mother_id = 944 WHERE id = 951;

--======= Update Person id: 952 =======
UPDATE person SET father_id = 933 WHERE id = 952;
UPDATE person SET mother_id = 944 WHERE id = 952;

--======= Update Person id: 953 =======
UPDATE person SET father_id = 933 WHERE id = 953;
UPDATE person SET mother_id = 944 WHERE id = 953;

--======= Update Person id: 954 =======
UPDATE person SET father_id = 933 WHERE id = 954;
UPDATE person SET mother_id = 944 WHERE id = 954;

--======= Update Person id: 955 =======
UPDATE person SET father_id = 933 WHERE id = 955;
UPDATE person SET mother_id = 944 WHERE id = 955;

--======= Update Person id: 956 =======
UPDATE person SET father_id = 933 WHERE id = 956;
UPDATE person SET mother_id = 944 WHERE id = 956;

--======= Update Person id: 957 =======
UPDATE person SET father_id = 933 WHERE id = 957;
UPDATE person SET mother_id = 944 WHERE id = 957;

--======= Update Person id: 958 =======
UPDATE person SET father_id = 933 WHERE id = 958;
UPDATE person SET mother_id = 944 WHERE id = 958;

--======= Update Person id: 959 =======
UPDATE person SET father_id = 933 WHERE id = 959;
UPDATE person SET mother_id = 945 WHERE id = 959;

--======= Update Person id: 960 =======
UPDATE person SET father_id = 933 WHERE id = 960;
UPDATE person SET mother_id = 945 WHERE id = 960;

--======= Update Person id: 961 =======
UPDATE person SET father_id = 933 WHERE id = 961;
UPDATE person SET mother_id = 945 WHERE id = 961;

--======= Update Person id: 962 =======
UPDATE person SET father_id = 1043 WHERE id = 962;
UPDATE person SET mother_id = 1042 WHERE id = 962;

--======= Update Person id: 963 =======
UPDATE person SET father_id = 934 WHERE id = 963;
UPDATE person SET mother_id = 962 WHERE id = 963;

--======= Update Person id: 964 =======
UPDATE person SET father_id = 934 WHERE id = 964;
UPDATE person SET mother_id = 962 WHERE id = 964;

--======= Update Person id: 965 =======
UPDATE person SET father_id = 934 WHERE id = 965;
UPDATE person SET mother_id = 962 WHERE id = 965;

--======= Update Person id: 966 =======
UPDATE person SET father_id = 934 WHERE id = 966;
UPDATE person SET mother_id = 962 WHERE id = 966;

--======= Update Person id: 967 =======
UPDATE person SET father_id = 934 WHERE id = 967;
UPDATE person SET mother_id = 962 WHERE id = 967;

--======= Update Person id: 973 =======
UPDATE person SET father_id = 1009 WHERE id = 973;
UPDATE person SET mother_id = 1008 WHERE id = 973;

--======= Update Person id: 974 =======
UPDATE person SET father_id = 1021 WHERE id = 974;
UPDATE person SET mother_id = 1020 WHERE id = 974;

--======= Update Person id: 975 =======
UPDATE person SET father_id = 946 WHERE id = 975;
UPDATE person SET mother_id = 973 WHERE id = 975;

--======= Update Person id: 976 =======
UPDATE person SET father_id = 946 WHERE id = 976;
UPDATE person SET mother_id = 973 WHERE id = 976;

--======= Update Person id: 977 =======
UPDATE person SET father_id = 946 WHERE id = 977;
UPDATE person SET mother_id = 973 WHERE id = 977;

--======= Update Person id: 978 =======
UPDATE person SET father_id = 946 WHERE id = 978;
UPDATE person SET mother_id = 973 WHERE id = 978;

--======= Update Person id: 979 =======
UPDATE person SET father_id = 946 WHERE id = 979;
UPDATE person SET mother_id = 973 WHERE id = 979;

--======= Update Person id: 980 =======
UPDATE person SET father_id = 1028 WHERE id = 980;
UPDATE person SET mother_id = 1027 WHERE id = 980;

--======= Update Person id: 981 =======
UPDATE person SET father_id = 1030 WHERE id = 981;
UPDATE person SET mother_id = 1029 WHERE id = 981;

--======= Update Person id: 982 =======
UPDATE person SET father_id = 947 WHERE id = 982;
UPDATE person SET mother_id = 980 WHERE id = 982;

--======= Update Person id: 983 =======
UPDATE person SET father_id = 947 WHERE id = 983;
UPDATE person SET mother_id = 981 WHERE id = 983;

--======= Update Person id: 984 =======
UPDATE person SET father_id = 947 WHERE id = 984;
UPDATE person SET mother_id = 981 WHERE id = 984;

--======= Update Person id: 985 =======
UPDATE person SET father_id = 947 WHERE id = 985;
UPDATE person SET mother_id = 981 WHERE id = 985;

--======= Update Person id: 986 =======
UPDATE person SET father_id = 947 WHERE id = 986;
UPDATE person SET mother_id = 981 WHERE id = 986;

--======= Update Person id: 987 =======
UPDATE person SET father_id = 947 WHERE id = 987;
UPDATE person SET mother_id = 981 WHERE id = 987;

--======= Update Person id: 988 =======
UPDATE person SET father_id = 1033 WHERE id = 988;
UPDATE person SET mother_id = 1032 WHERE id = 988;

--======= Update Person id: 989 =======
UPDATE person SET father_id = 948 WHERE id = 989;
UPDATE person SET mother_id = 988 WHERE id = 989;

--======= Update Person id: 990 =======
UPDATE person SET father_id = 948 WHERE id = 990;
UPDATE person SET mother_id = 988 WHERE id = 990;

--======= Update Person id: 991 =======
UPDATE person SET father_id = 948 WHERE id = 991;
UPDATE person SET mother_id = 988 WHERE id = 991;

--======= Update Person id: 992 =======
UPDATE person SET father_id = 948 WHERE id = 992;
UPDATE person SET mother_id = 988 WHERE id = 992;

--======= Update Person id: 995 =======
UPDATE person SET father_id = 996 WHERE id = 995;

--======= Update Person id: 997 =======
UPDATE person SET father_id = 1036 WHERE id = 997;
UPDATE person SET mother_id = 1035 WHERE id = 997;

--======= Update Person id: 998 =======
UPDATE person SET father_id = 957 WHERE id = 998;
UPDATE person SET mother_id = 997 WHERE id = 998;

--======= Update Person id: 999 =======
UPDATE person SET father_id = 1038 WHERE id = 999;
UPDATE person SET mother_id = 1037 WHERE id = 999;

--======= Update Person id: 1000 =======
UPDATE person SET father_id = 958 WHERE id = 1000;
UPDATE person SET mother_id = 999 WHERE id = 1000;

--======= Update Person id: 1001 =======
UPDATE person SET father_id = 958 WHERE id = 1001;
UPDATE person SET mother_id = 999 WHERE id = 1001;

--======= Update Person id: 1002 =======
UPDATE person SET father_id = 958 WHERE id = 1002;
UPDATE person SET mother_id = 999 WHERE id = 1002;

--======= Update Person id: 1003 =======
UPDATE person SET father_id = 958 WHERE id = 1003;
UPDATE person SET mother_id = 999 WHERE id = 1003;

--======= Update Person id: 1004 =======
UPDATE person SET father_id = 958 WHERE id = 1004;
UPDATE person SET mother_id = 999 WHERE id = 1004;

--======= Update Person id: 1011 =======
UPDATE person SET father_id = 1010 WHERE id = 1011;
UPDATE person SET mother_id = 973 WHERE id = 1011;

--======= Update Person id: 1012 =======
UPDATE person SET father_id = 1010 WHERE id = 1012;
UPDATE person SET mother_id = 973 WHERE id = 1012;

--======= Update Person id: 1013 =======
UPDATE person SET father_id = 1010 WHERE id = 1013;
UPDATE person SET mother_id = 973 WHERE id = 1013;

--======= Update Person id: 1016 =======
UPDATE person SET father_id = 1023 WHERE id = 1016;
UPDATE person SET mother_id = 1022 WHERE id = 1016;

--======= Update Person id: 1017 =======
UPDATE person SET father_id = 977 WHERE id = 1017;
UPDATE person SET mother_id = 1016 WHERE id = 1017;

--======= Update Person id: 1018 =======
UPDATE person SET father_id = 1025 WHERE id = 1018;
UPDATE person SET mother_id = 1024 WHERE id = 1018;

--======= Update Person id: 1019 =======
UPDATE person SET father_id = 979 WHERE id = 1019;
UPDATE person SET mother_id = 1018 WHERE id = 1019;

--======= Update Person id: 1045 =======
UPDATE person SET father_id = 1047 WHERE id = 1045;
UPDATE person SET mother_id = 1046 WHERE id = 1045;

--======= Update Person id: 1050 =======
UPDATE person SET father_id = 1086 WHERE id = 1050;
UPDATE person SET mother_id = 1085 WHERE id = 1050;

--======= Update Person id: 1052 =======
UPDATE person SET father_id = 1083 WHERE id = 1052;
UPDATE person SET mother_id = 1082 WHERE id = 1052;

--======= Update Person id: 1053 =======
UPDATE person SET father_id = 940 WHERE id = 1053;
UPDATE person SET mother_id = 1052 WHERE id = 1053;

--======= Update Person id: 1054 =======
UPDATE person SET father_id = 940 WHERE id = 1054;
UPDATE person SET mother_id = 1052 WHERE id = 1054;

--======= Update Person id: 1055 =======
UPDATE person SET father_id = 940 WHERE id = 1055;
UPDATE person SET mother_id = 1052 WHERE id = 1055;

--======= Update Person id: 1056 =======
UPDATE person SET father_id = 940 WHERE id = 1056;
UPDATE person SET mother_id = 1052 WHERE id = 1056;

--======= Update Person id: 1057 =======
UPDATE person SET father_id = 940 WHERE id = 1057;
UPDATE person SET mother_id = 1052 WHERE id = 1057;

--======= Update Person id: 1058 =======
UPDATE person SET father_id = 940 WHERE id = 1058;
UPDATE person SET mother_id = 939 WHERE id = 1058;

--======= Update Person id: 1059 =======
UPDATE person SET father_id = 940 WHERE id = 1059;
UPDATE person SET mother_id = 939 WHERE id = 1059;

--======= Update Person id: 1060 =======
UPDATE person SET father_id = 940 WHERE id = 1060;
UPDATE person SET mother_id = 939 WHERE id = 1060;

--======= Update Person id: 1061 =======
UPDATE person SET father_id = 940 WHERE id = 1061;
UPDATE person SET mother_id = 939 WHERE id = 1061;

--======= Update Person id: 1062 =======
UPDATE person SET father_id = 940 WHERE id = 1062;
UPDATE person SET mother_id = 939 WHERE id = 1062;

--======= Update Person id: 1063 =======
UPDATE person SET father_id = 940 WHERE id = 1063;
UPDATE person SET mother_id = 939 WHERE id = 1063;

--======= Update Person id: 1064 =======
UPDATE person SET father_id = 940 WHERE id = 1064;
UPDATE person SET mother_id = 939 WHERE id = 1064;

--======= Update Person id: 1066 =======
UPDATE person SET father_id = 1065 WHERE id = 1066;
UPDATE person SET mother_id = 601 WHERE id = 1066;

--======= Update Person id: 1067 =======
UPDATE person SET father_id = 1065 WHERE id = 1067;
UPDATE person SET mother_id = 601 WHERE id = 1067;

--======= Update Person id: 1068 =======
UPDATE person SET father_id = 1065 WHERE id = 1068;
UPDATE person SET mother_id = 601 WHERE id = 1068;

--======= Update Person id: 1070 =======
UPDATE person SET father_id = 602 WHERE id = 1070;
UPDATE person SET mother_id = 1069 WHERE id = 1070;

--======= Update Person id: 1071 =======
UPDATE person SET father_id = 602 WHERE id = 1071;
UPDATE person SET mother_id = 1069 WHERE id = 1071;

--======= Update Person id: 1073 =======
UPDATE person SET father_id = 603 WHERE id = 1073;
UPDATE person SET mother_id = 1072 WHERE id = 1073;

--======= Update Person id: 1074 =======
UPDATE person SET father_id = 603 WHERE id = 1074;
UPDATE person SET mother_id = 1072 WHERE id = 1074;

--======= Update Person id: 1076 =======
UPDATE person SET father_id = 604 WHERE id = 1076;
UPDATE person SET mother_id = 1075 WHERE id = 1076;

--======= Update Person id: 1077 =======
UPDATE person SET father_id = 604 WHERE id = 1077;
UPDATE person SET mother_id = 1075 WHERE id = 1077;

--======= Update Person id: 1079 =======
UPDATE person SET father_id = 471 WHERE id = 1079;
UPDATE person SET mother_id = 1078 WHERE id = 1079;

--======= Update Person id: 1080 =======
UPDATE person SET father_id = 471 WHERE id = 1080;
UPDATE person SET mother_id = 1078 WHERE id = 1080;

--======= Update Person id: 1084 =======
UPDATE person SET father_id = 1083 WHERE id = 1084;
UPDATE person SET mother_id = 1082 WHERE id = 1084;

--======= Update Person id: 1085 =======
UPDATE person SET father_id = 1094 WHERE id = 1085;
UPDATE person SET mother_id = 1093 WHERE id = 1085;

--======= Update Person id: 1086 =======
UPDATE person SET mother_id = 1092 WHERE id = 1086;

--======= Update Person id: 1088 =======
UPDATE person SET father_id = 1123 WHERE id = 1088;
UPDATE person SET mother_id = 1122 WHERE id = 1088;

--======= Update Person id: 1091 =======
UPDATE person SET father_id = 1119 WHERE id = 1091;

--======= Update Person id: 1092 =======
UPDATE person SET father_id = 1095 WHERE id = 1092;

--======= Update Person id: 1095 =======
UPDATE person SET father_id = 1096 WHERE id = 1095;

--======= Update Person id: 1098 =======
UPDATE person SET father_id = 1114 WHERE id = 1098;
UPDATE person SET mother_id = 1113 WHERE id = 1098;

--======= Update Person id: 1099 =======
UPDATE person SET father_id = 903 WHERE id = 1099;
UPDATE person SET mother_id = 1097 WHERE id = 1099;

--======= Update Person id: 1100 =======
UPDATE person SET father_id = 1108 WHERE id = 1100;
UPDATE person SET mother_id = 1107 WHERE id = 1100;

--======= Update Person id: 1101 =======
UPDATE person SET father_id = 1112 WHERE id = 1101;
UPDATE person SET mother_id = 1111 WHERE id = 1101;

--======= Update Person id: 1102 =======
UPDATE person SET father_id = 1099 WHERE id = 1102;
UPDATE person SET mother_id = 1100 WHERE id = 1102;

--======= Update Person id: 1103 =======
UPDATE person SET father_id = 1099 WHERE id = 1103;
UPDATE person SET mother_id = 1100 WHERE id = 1103;

--======= Update Person id: 1104 =======
UPDATE person SET father_id = 1099 WHERE id = 1104;
UPDATE person SET mother_id = 1100 WHERE id = 1104;

--======= Update Person id: 1105 =======
UPDATE person SET father_id = 1099 WHERE id = 1105;
UPDATE person SET mother_id = 1100 WHERE id = 1105;

--======= Update Person id: 1106 =======
UPDATE person SET father_id = 1099 WHERE id = 1106;
UPDATE person SET mother_id = 1100 WHERE id = 1106;

--======= Update Person id: 1115 =======
UPDATE person SET father_id = 1118 WHERE id = 1115;
UPDATE person SET mother_id = 1117 WHERE id = 1115;

--======= Update Person id: 1119 =======
UPDATE person SET father_id = 1121 WHERE id = 1119;
UPDATE person SET mother_id = 1120 WHERE id = 1119;

--======= Update Person id: 1125 =======
UPDATE person SET father_id = 657 WHERE id = 1125;
UPDATE person SET mother_id = 656 WHERE id = 1125;

--======= Update Person id: 1126 =======
UPDATE person SET father_id = 657 WHERE id = 1126;
UPDATE person SET mother_id = 656 WHERE id = 1126;

--======= Update Person id: 1127 =======
UPDATE person SET father_id = 657 WHERE id = 1127;
UPDATE person SET mother_id = 656 WHERE id = 1127;

--======= Update Person id: 1128 =======
UPDATE person SET father_id = 657 WHERE id = 1128;
UPDATE person SET mother_id = 656 WHERE id = 1128;

--======= Update Person id: 1129 =======
UPDATE person SET father_id = 657 WHERE id = 1129;
UPDATE person SET mother_id = 656 WHERE id = 1129;

--======= Update Person id: 1133 =======
UPDATE person SET father_id = 557 WHERE id = 1133;
UPDATE person SET mother_id = 1132 WHERE id = 1133;

--======= Update Person id: 1134 =======
UPDATE person SET father_id = 557 WHERE id = 1134;
UPDATE person SET mother_id = 1132 WHERE id = 1134;

--======= Update Person id: 1135 =======
UPDATE person SET father_id = 557 WHERE id = 1135;
UPDATE person SET mother_id = 1132 WHERE id = 1135;

--======= Update Person id: 1136 =======
UPDATE person SET father_id = 557 WHERE id = 1136;
UPDATE person SET mother_id = 1132 WHERE id = 1136;

--======= Update Person id: 1137 =======
UPDATE person SET father_id = 557 WHERE id = 1137;
UPDATE person SET mother_id = 1132 WHERE id = 1137;

--======= Update Person id: 1138 =======
UPDATE person SET father_id = 557 WHERE id = 1138;
UPDATE person SET mother_id = 1132 WHERE id = 1138;

--======= Update Person id: 1139 =======
UPDATE person SET father_id = 557 WHERE id = 1139;
UPDATE person SET mother_id = 1132 WHERE id = 1139;

--======= Update Person id: 1140 =======
UPDATE person SET father_id = 557 WHERE id = 1140;
UPDATE person SET mother_id = 1132 WHERE id = 1140;

--======= Update Person id: 1147 =======
UPDATE person SET father_id = 650 WHERE id = 1147;
UPDATE person SET mother_id = 1146 WHERE id = 1147;

--======= Update Person id: 1148 =======
UPDATE person SET father_id = 650 WHERE id = 1148;
UPDATE person SET mother_id = 1146 WHERE id = 1148;

--======= Update Person id: 1149 =======
UPDATE person SET father_id = 650 WHERE id = 1149;
UPDATE person SET mother_id = 1146 WHERE id = 1149;

--======= Update Person id: 1150 =======
UPDATE person SET father_id = 650 WHERE id = 1150;
UPDATE person SET mother_id = 1146 WHERE id = 1150;

--======= Update Person id: 1151 =======
UPDATE person SET father_id = 650 WHERE id = 1151;
UPDATE person SET mother_id = 649 WHERE id = 1151;

--======= Update Person id: 1153 =======
UPDATE person SET father_id = 897 WHERE id = 1153;
UPDATE person SET mother_id = 1152 WHERE id = 1153;

--======= Update Person id: 1154 =======
UPDATE person SET father_id = 897 WHERE id = 1154;
UPDATE person SET mother_id = 1152 WHERE id = 1154;

--======= Update Person id: 1155 =======
UPDATE person SET father_id = 897 WHERE id = 1155;
UPDATE person SET mother_id = 1152 WHERE id = 1155;

--======= Update Person id: 1156 =======
UPDATE person SET father_id = 1163 WHERE id = 1156;
UPDATE person SET mother_id = 1162 WHERE id = 1156;

--======= Update Person id: 1157 =======
UPDATE person SET father_id = 1153 WHERE id = 1157;
UPDATE person SET mother_id = 1156 WHERE id = 1157;

--======= Update Person id: 1158 =======
UPDATE person SET father_id = 1153 WHERE id = 1158;
UPDATE person SET mother_id = 1156 WHERE id = 1158;

--======= Update Person id: 1159 =======
UPDATE person SET father_id = 1153 WHERE id = 1159;
UPDATE person SET mother_id = 1156 WHERE id = 1159;

--======= Update Person id: 1160 =======
UPDATE person SET father_id = 1153 WHERE id = 1160;
UPDATE person SET mother_id = 1156 WHERE id = 1160;

--======= Update Person id: 1165 =======
UPDATE person SET father_id = 1158 WHERE id = 1165;
UPDATE person SET mother_id = 1164 WHERE id = 1165;

--======= Update Person id: 1166 =======
UPDATE person SET father_id = 1158 WHERE id = 1166;
UPDATE person SET mother_id = 1164 WHERE id = 1166;

--======= Update Person id: 1167 =======
UPDATE person SET father_id = 1158 WHERE id = 1167;
UPDATE person SET mother_id = 1164 WHERE id = 1167;

--======= Update Person id: 1168 =======
UPDATE person SET father_id = 1158 WHERE id = 1168;
UPDATE person SET mother_id = 1164 WHERE id = 1168;

--======= Update Person id: 1170 =======
UPDATE person SET father_id = 1151 WHERE id = 1170;
UPDATE person SET mother_id = 1169 WHERE id = 1170;

--======= Update Person id: 1171 =======
UPDATE person SET father_id = 1151 WHERE id = 1171;
UPDATE person SET mother_id = 1169 WHERE id = 1171;

--======= Update Person id: 1172 =======
UPDATE person SET father_id = 1151 WHERE id = 1172;
UPDATE person SET mother_id = 1169 WHERE id = 1172;

--======= Update Person id: 1174 =======
UPDATE person SET father_id = 1170 WHERE id = 1174;
UPDATE person SET mother_id = 1173 WHERE id = 1174;

--======= Update Person id: 1175 =======
UPDATE person SET father_id = 1170 WHERE id = 1175;
UPDATE person SET mother_id = 1173 WHERE id = 1175;

--======= Update Person id: 1176 =======
UPDATE person SET father_id = 1170 WHERE id = 1176;
UPDATE person SET mother_id = 1173 WHERE id = 1176;

--======= Update Person id: 1178 =======
UPDATE person SET father_id = 1174 WHERE id = 1178;
UPDATE person SET mother_id = 1177 WHERE id = 1178;

--======= Update Person id: 1181 =======
UPDATE person SET father_id = 1180 WHERE id = 1181;
UPDATE person SET mother_id = 652 WHERE id = 1181;

--======= Update Person id: 1183 =======
UPDATE person SET father_id = 1181 WHERE id = 1183;
UPDATE person SET mother_id = 1182 WHERE id = 1183;

--======= Update Person id: 1184 =======
UPDATE person SET father_id = 1181 WHERE id = 1184;
UPDATE person SET mother_id = 1182 WHERE id = 1184;

--======= Update Person id: 1185 =======
UPDATE person SET father_id = 1181 WHERE id = 1185;
UPDATE person SET mother_id = 1182 WHERE id = 1185;

--======= Update Person id: 1187 =======
UPDATE person SET father_id = 1186 WHERE id = 1187;
UPDATE person SET mother_id = 653 WHERE id = 1187;

--======= Update Person id: 1188 =======
UPDATE person SET father_id = 1186 WHERE id = 1188;
UPDATE person SET mother_id = 653 WHERE id = 1188;

--======= Update Person id: 1189 =======
UPDATE person SET father_id = 1186 WHERE id = 1189;
UPDATE person SET mother_id = 653 WHERE id = 1189;

--======= Update Person id: 1190 =======
UPDATE person SET father_id = 1186 WHERE id = 1190;
UPDATE person SET mother_id = 653 WHERE id = 1190;

--======= Update Person id: 1191 =======
UPDATE person SET father_id = 1186 WHERE id = 1191;
UPDATE person SET mother_id = 653 WHERE id = 1191;

--======= Update Person id: 1194 =======
UPDATE person SET father_id = 655 WHERE id = 1194;
UPDATE person SET mother_id = 1192 WHERE id = 1194;

--======= Update Person id: 1195 =======
UPDATE person SET father_id = 655 WHERE id = 1195;
UPDATE person SET mother_id = 1192 WHERE id = 1195;

--======= Update Person id: 1196 =======
UPDATE person SET father_id = 655 WHERE id = 1196;
UPDATE person SET mother_id = 1192 WHERE id = 1196;

--======= Update Person id: 1198 =======
UPDATE person SET father_id = 1197 WHERE id = 1198;
UPDATE person SET mother_id = 1194 WHERE id = 1198;

--======= Update Person id: 1199 =======
UPDATE person SET father_id = 1197 WHERE id = 1199;
UPDATE person SET mother_id = 1194 WHERE id = 1199;

--======= Update Person id: 1200 =======
UPDATE person SET father_id = 1197 WHERE id = 1200;
UPDATE person SET mother_id = 1194 WHERE id = 1200;

--======= Update Person id: 1202 =======
UPDATE person SET father_id = 1195 WHERE id = 1202;
UPDATE person SET mother_id = 1201 WHERE id = 1202;

--======= Update Person id: 1203 =======
UPDATE person SET father_id = 1195 WHERE id = 1203;
UPDATE person SET mother_id = 1201 WHERE id = 1203;

--======= Update Person id: 1205 =======
UPDATE person SET father_id = 1149 WHERE id = 1205;

--======= Update Person id: 1206 =======
UPDATE person SET father_id = 1149 WHERE id = 1206;
UPDATE person SET mother_id = 1204 WHERE id = 1206;

--======= Update Person id: 1207 =======
UPDATE person SET father_id = 1149 WHERE id = 1207;
UPDATE person SET mother_id = 1204 WHERE id = 1207;

--======= Update Person id: 1208 =======
UPDATE person SET father_id = 1149 WHERE id = 1208;
UPDATE person SET mother_id = 1204 WHERE id = 1208;

--======= Update Person id: 1209 =======
UPDATE person SET father_id = 1149 WHERE id = 1209;

--======= Update Person id: 1210 =======
UPDATE person SET father_id = 1149 WHERE id = 1210;

--======= Update Person id: 1211 =======
UPDATE person SET father_id = 1149 WHERE id = 1211;

--======= Update Person id: 1212 =======
UPDATE person SET father_id = 1150 WHERE id = 1212;

--======= Update Person id: 1213 =======
UPDATE person SET father_id = 1150 WHERE id = 1213;

--======= Update Person id: 1214 =======
UPDATE person SET father_id = 1150 WHERE id = 1214;

--======= Update Person id: 1216 =======
UPDATE person SET father_id = 1215 WHERE id = 1216;
UPDATE person SET mother_id = 1125 WHERE id = 1216;

--======= Update Person id: 1217 =======
UPDATE person SET father_id = 1215 WHERE id = 1217;
UPDATE person SET mother_id = 1125 WHERE id = 1217;

--======= Update Person id: 1218 =======
UPDATE person SET father_id = 1215 WHERE id = 1218;
UPDATE person SET mother_id = 1125 WHERE id = 1218;

--======= Update Person id: 1221 =======
UPDATE person SET father_id = 1129 WHERE id = 1221;
UPDATE person SET mother_id = 1220 WHERE id = 1221;

--======= Update Person id: 1224 =======
UPDATE person SET father_id = 1223 WHERE id = 1224;
UPDATE person SET mother_id = 1187 WHERE id = 1224;

--======= Update Person id: 1225 =======
UPDATE person SET father_id = 1223 WHERE id = 1225;
UPDATE person SET mother_id = 1187 WHERE id = 1225;

--======= Update Person id: 1228 =======
UPDATE person SET father_id = 1188 WHERE id = 1228;
UPDATE person SET mother_id = 1227 WHERE id = 1228;

--======= Update Person id: 1229 =======
UPDATE person SET father_id = 1188 WHERE id = 1229;
UPDATE person SET mother_id = 1227 WHERE id = 1229;

--======= Update Person id: 1231 =======
UPDATE person SET father_id = 1230 WHERE id = 1231;
UPDATE person SET mother_id = 1189 WHERE id = 1231;

--======= Update Person id: 1232 =======
UPDATE person SET father_id = 1230 WHERE id = 1232;
UPDATE person SET mother_id = 1189 WHERE id = 1232;

--======= Update Person id: 1233 =======
UPDATE person SET father_id = 1230 WHERE id = 1233;
UPDATE person SET mother_id = 1189 WHERE id = 1233;

--======= Update Person id: 1234 =======
UPDATE person SET father_id = 1230 WHERE id = 1234;
UPDATE person SET mother_id = 1189 WHERE id = 1234;

--======= Update Person id: 1236 =======
UPDATE person SET father_id = 1235 WHERE id = 1236;
UPDATE person SET mother_id = 1190 WHERE id = 1236;

--======= Update Person id: 1237 =======
UPDATE person SET father_id = 1235 WHERE id = 1237;
UPDATE person SET mother_id = 1190 WHERE id = 1237;

--======= Update Person id: 1238 =======
UPDATE person SET father_id = 1235 WHERE id = 1238;
UPDATE person SET mother_id = 1190 WHERE id = 1238;

--======= Update Person id: 1240 =======
UPDATE person SET father_id = 1256 WHERE id = 1240;
UPDATE person SET mother_id = 1255 WHERE id = 1240;

--======= Update Person id: 1242 =======
UPDATE person SET father_id = 632 WHERE id = 1242;
UPDATE person SET mother_id = 631 WHERE id = 1242;

--======= Update Person id: 1243 =======
UPDATE person SET father_id = 632 WHERE id = 1243;
UPDATE person SET mother_id = 631 WHERE id = 1243;

--======= Update Person id: 1244 =======
UPDATE person SET father_id = 632 WHERE id = 1244;
UPDATE person SET mother_id = 631 WHERE id = 1244;

--======= Update Person id: 1245 =======
UPDATE person SET father_id = 632 WHERE id = 1245;
UPDATE person SET mother_id = 631 WHERE id = 1245;

--======= Update Person id: 1246 =======
UPDATE person SET father_id = 632 WHERE id = 1246;
UPDATE person SET mother_id = 631 WHERE id = 1246;

--======= Update Person id: 1247 =======
UPDATE person SET father_id = 632 WHERE id = 1247;
UPDATE person SET mother_id = 631 WHERE id = 1247;

--======= Update Person id: 1248 =======
UPDATE person SET father_id = 632 WHERE id = 1248;
UPDATE person SET mother_id = 631 WHERE id = 1248;

--======= Update Person id: 1249 =======
UPDATE person SET father_id = 632 WHERE id = 1249;
UPDATE person SET mother_id = 631 WHERE id = 1249;

--======= Update Person id: 1250 =======
UPDATE person SET father_id = 632 WHERE id = 1250;
UPDATE person SET mother_id = 631 WHERE id = 1250;

--======= Update Person id: 1252 =======
UPDATE person SET mother_id = 1259 WHERE id = 1252;

--======= Update Person id: 1253 =======
UPDATE person SET father_id = 1241 WHERE id = 1253;
UPDATE person SET mother_id = 1240 WHERE id = 1253;

--======= Update Person id: 1254 =======
UPDATE person SET father_id = 1241 WHERE id = 1254;
UPDATE person SET mother_id = 1240 WHERE id = 1254;

--======= Update Person id: 1257 =======
UPDATE person SET father_id = 1256 WHERE id = 1257;
UPDATE person SET mother_id = 1255 WHERE id = 1257;

--======= Update Person id: 1258 =======
UPDATE person SET father_id = 1256 WHERE id = 1258;
UPDATE person SET mother_id = 1255 WHERE id = 1258;

--======= Update Person id: 1263 =======
UPDATE person SET father_id = 1264 WHERE id = 1263;

--======= Update Person id: 1265 =======
UPDATE person SET father_id = 1267 WHERE id = 1265;
UPDATE person SET mother_id = 1266 WHERE id = 1265;

--======= Update Person id: 1269 =======
UPDATE person SET father_id = 1265 WHERE id = 1269;
UPDATE person SET mother_id = 1268 WHERE id = 1269;

--======= Update Person id: 1270 =======
UPDATE person SET father_id = 1265 WHERE id = 1270;
UPDATE person SET mother_id = 1268 WHERE id = 1270;

--======= Update Person id: 1271 =======
UPDATE person SET father_id = 1265 WHERE id = 1271;
UPDATE person SET mother_id = 1268 WHERE id = 1271;

--======= Insert Marriage between id: 4 and id: 5 =======
INSERT INTO marriage (spouse_1_id, spouse_2_id, location_id, day, month, year, date) VALUES (4, 5, null, null, null, 1634, '1634-01-01');

--======= Insert Marriage between id: 8 and id: 923 =======
INSERT INTO location (id, city, country, region, notes, latitude, longitude, fetch_status) VALUES (1448, 'Malmö', 'Sverige', '', '', null, null, 'AWAITING');
INSERT INTO marriage (spouse_1_id, spouse_2_id, location_id, day, month, year, date) VALUES (8, 923, 1448, 31, 10, 1671, '1671-10-31');

--======= Insert Marriage between id: 8 and id: 924 =======
INSERT INTO location (id, city, country, region, notes, latitude, longitude, fetch_status) VALUES (1449, 'Malmö', 'Sverige', '', '', null, null, 'AWAITING');
INSERT INTO marriage (spouse_1_id, spouse_2_id, location_id, day, month, year, date) VALUES (8, 924, 1449, 17, 8, 1681, '1681-08-17');

--======= Insert Marriage between id: 9 and id: 698 =======
INSERT INTO marriage (spouse_1_id, spouse_2_id, location_id, day, month, year, date) VALUES (9, 698, null, null, null, 1711, '1711-01-01');

--======= Insert Marriage between id: 10 and id: 11 =======
INSERT INTO marriage (spouse_1_id, spouse_2_id, location_id, day, month, year, date) VALUES (10, 11, null, null, null, 1703, '1703-01-01');

--======= Insert Marriage between id: 12 and id: 666 =======
INSERT INTO location (id, city, country, region, notes, latitude, longitude, fetch_status) VALUES (1450, 'Landskrona', 'Sverige', '', '', null, null, 'AWAITING');
INSERT INTO marriage (spouse_1_id, spouse_2_id, location_id, day, month, year, date) VALUES (12, 666, 1450, 29, 4, 1729, '1729-04-29');

--======= Insert Marriage between id: 13 and id: 16 =======
INSERT INTO location (id, city, country, region, notes, latitude, longitude, fetch_status) VALUES (1451, 'Uddevalla', 'Sverige', '', '', null, null, 'AWAITING');
INSERT INTO marriage (spouse_1_id, spouse_2_id, location_id, day, month, year, date) VALUES (13, 16, 1451, 5, 11, 1734, '1734-11-05');

--======= Insert Marriage between id: 14 and id: 23 =======
INSERT INTO location (id, city, country, region, notes, latitude, longitude, fetch_status) VALUES (1452, 'Landskrona', 'Sverige', '', '', null, null, 'AWAITING');
INSERT INTO marriage (spouse_1_id, spouse_2_id, location_id, day, month, year, date) VALUES (14, 23, 1452, null, null, 1741, '1741-01-01');

--======= Insert Marriage between id: 15 and id: 667 =======
INSERT INTO marriage (spouse_1_id, spouse_2_id, location_id, day, month, year, date) VALUES (15, 667, null, null, null, null, null);

--======= Insert Marriage between id: 17 and id: 28 =======
INSERT INTO location (id, city, country, region, notes, latitude, longitude, fetch_status) VALUES (1453, 'Uddevalla', 'Sverige', '', '', null, null, 'AWAITING');
INSERT INTO marriage (spouse_1_id, spouse_2_id, location_id, day, month, year, date) VALUES (17, 28, 1453, 3, 11, 1758, '1758-11-03');

--======= Insert Marriage between id: 18 and id: 29 =======
INSERT INTO location (id, city, country, region, notes, latitude, longitude, fetch_status) VALUES (1454, 'Uddevalla', 'Sverige', '', '', null, null, 'AWAITING');
INSERT INTO marriage (spouse_1_id, spouse_2_id, location_id, day, month, year, date) VALUES (18, 29, 1454, 3, 4, 1770, '1770-04-03');

--======= Insert Marriage between id: 19 and id: 30 =======
INSERT INTO location (id, city, country, region, notes, latitude, longitude, fetch_status) VALUES (1455, 'Malmö', 'Sverige', '', '', null, null, 'AWAITING');
INSERT INTO marriage (spouse_1_id, spouse_2_id, location_id, day, month, year, date) VALUES (19, 30, 1455, null, null, 1765, '1765-01-01');

--======= Insert Marriage between id: 19 and id: 31 =======
INSERT INTO location (id, city, country, region, notes, latitude, longitude, fetch_status) VALUES (1456, 'Uddevalla', 'Sverige', '', '', null, null, 'AWAITING');
INSERT INTO marriage (spouse_1_id, spouse_2_id, location_id, day, month, year, date) VALUES (19, 31, 1456, 13, 9, 1774, '1774-09-13');

--======= Insert Marriage between id: 21 and id: 44 =======
INSERT INTO location (id, city, country, region, notes, latitude, longitude, fetch_status) VALUES (1457, 'Uddevalla', 'Sverige', '', '', null, null, 'AWAITING');
INSERT INTO marriage (spouse_1_id, spouse_2_id, location_id, day, month, year, date) VALUES (21, 44, 1457, 14, 8, 1768, '1768-08-14');

--======= Insert Marriage between id: 21 and id: 45 =======
INSERT INTO location (id, city, country, region, notes, latitude, longitude, fetch_status) VALUES (1458, 'Fors', 'Sverige', '', '', null, null, 'AWAITING');
INSERT INTO marriage (spouse_1_id, spouse_2_id, location_id, day, month, year, date) VALUES (21, 45, 1458, 5, 11, 1780, '1780-11-05');

--======= Insert Marriage between id: 24 and id: 627 =======
INSERT INTO marriage (spouse_1_id, spouse_2_id, location_id, day, month, year, date) VALUES (24, 627, null, null, null, null, null);

--======= Insert Marriage between id: 26 and id: 628 =======
INSERT INTO location (id, city, country, region, notes, latitude, longitude, fetch_status) VALUES (1459, 'Marstrand', 'Sverige', '', '', null, null, 'AWAITING');
INSERT INTO marriage (spouse_1_id, spouse_2_id, location_id, day, month, year, date) VALUES (26, 628, 1459, 25, 10, 1769, '1769-10-25');

--======= Insert Marriage between id: 33 and id: 59 =======
INSERT INTO location (id, city, country, region, notes, latitude, longitude, fetch_status) VALUES (1460, 'Uddevalla', 'Sverige', '', '', null, null, 'AWAITING');
INSERT INTO marriage (spouse_1_id, spouse_2_id, location_id, day, month, year, date) VALUES (33, 59, 1460, 14, 3, 1790, '1790-03-14');

--======= Insert Marriage between id: 34 and id: 60 =======
INSERT INTO location (id, city, country, region, notes, latitude, longitude, fetch_status) VALUES (1461, 'Visnum prästgård', 'Visnum', '', '', null, null, 'AWAITING');
INSERT INTO marriage (spouse_1_id, spouse_2_id, location_id, day, month, year, date) VALUES (34, 60, 1461, 24, 4, 1808, '1808-04-24');

--======= Insert Marriage between id: 36 and id: 61 =======
INSERT INTO location (id, city, country, region, notes, latitude, longitude, fetch_status) VALUES (1462, 'Uddevalla', 'Sverige', '', '', null, null, 'AWAITING');
INSERT INTO marriage (spouse_1_id, spouse_2_id, location_id, day, month, year, date) VALUES (36, 61, 1462, 4, 10, 1801, '1801-10-04');

--======= Insert Marriage between id: 37 and id: 332 =======
INSERT INTO location (id, city, country, region, notes, latitude, longitude, fetch_status) VALUES (1463, 'Uddevalla', 'Sverige', '', '', null, null, 'AWAITING');
INSERT INTO marriage (spouse_1_id, spouse_2_id, location_id, day, month, year, date) VALUES (37, 332, 1463, 26, 12, 1796, '1796-12-26');

--======= Insert Marriage between id: 38 and id: 63 =======
INSERT INTO location (id, city, country, region, notes, latitude, longitude, fetch_status) VALUES (1464, 'Uddevalla', 'Sverige', '', '', null, null, 'AWAITING');
INSERT INTO marriage (spouse_1_id, spouse_2_id, location_id, day, month, year, date) VALUES (38, 63, 1464, 2, 6, 1820, '1820-06-02');

--======= Insert Marriage between id: 39 and id: 71 =======
INSERT INTO location (id, city, country, region, notes, latitude, longitude, fetch_status) VALUES (1465, 'Stockholm', 'Sverige', '', '', null, null, 'AWAITING');
INSERT INTO marriage (spouse_1_id, spouse_2_id, location_id, day, month, year, date) VALUES (39, 71, 1465, 28, 8, 1810, '1810-08-28');

--======= Insert Marriage between id: 40 and id: 288 =======
INSERT INTO location (id, city, country, region, notes, latitude, longitude, fetch_status) VALUES (1466, 'Uddevalla', 'Sverige', '', '', null, null, 'AWAITING');
INSERT INTO marriage (spouse_1_id, spouse_2_id, location_id, day, month, year, date) VALUES (40, 288, 1466, 10, 4, 1808, '1808-04-10');

--======= Insert Marriage between id: 41 and id: 79 =======
INSERT INTO location (id, city, country, region, notes, latitude, longitude, fetch_status) VALUES (1467, 'Uddevalla', 'Sverige', '', '', null, null, 'AWAITING');
INSERT INTO marriage (spouse_1_id, spouse_2_id, location_id, day, month, year, date) VALUES (41, 79, 1467, 18, 11, 1810, '1810-11-18');

--======= Insert Marriage between id: 42 and id: 80 =======
INSERT INTO location (id, city, country, region, notes, latitude, longitude, fetch_status) VALUES (1468, 'Uddevalla', 'Sverige', '', '', null, null, 'AWAITING');
INSERT INTO marriage (spouse_1_id, spouse_2_id, location_id, day, month, year, date) VALUES (42, 80, 1468, 22, 4, 1812, '1812-04-22');

--======= Insert Marriage between id: 46 and id: 352 =======
INSERT INTO location (id, city, country, region, notes, latitude, longitude, fetch_status) VALUES (1469, 'Uddevalla', 'Sverige', '', '', null, null, 'AWAITING');
INSERT INTO marriage (spouse_1_id, spouse_2_id, location_id, day, month, year, date) VALUES (46, 352, 1469, 16, 2, 1791, '1791-02-16');

--======= Insert Marriage between id: 47 and id: 353 =======
INSERT INTO location (id, city, country, region, notes, latitude, longitude, fetch_status) VALUES (1470, 'Uddevalla', 'Sverige', '', '', null, null, 'AWAITING');
INSERT INTO marriage (spouse_1_id, spouse_2_id, location_id, day, month, year, date) VALUES (47, 353, 1470, 2, 11, 1787, '1787-11-02');

--======= Insert Marriage between id: 48 and id: 319 =======
INSERT INTO location (id, city, country, region, notes, latitude, longitude, fetch_status) VALUES (1471, 'Uddevalla', 'Sverige', '', '', null, null, 'AWAITING');
INSERT INTO marriage (spouse_1_id, spouse_2_id, location_id, day, month, year, date) VALUES (48, 319, 1471, 26, 12, 1796, '1796-12-26');

--======= Insert Marriage between id: 50 and id: 354 =======
INSERT INTO location (id, city, country, region, notes, latitude, longitude, fetch_status) VALUES (1472, 'Uddevalla', 'Sverige', '', '', null, null, 'AWAITING');
INSERT INTO marriage (spouse_1_id, spouse_2_id, location_id, day, month, year, date) VALUES (50, 354, 1472, 6, 2, 1791, '1791-02-06');

--======= Insert Marriage between id: 51 and id: 355 =======
INSERT INTO location (id, city, country, region, notes, latitude, longitude, fetch_status) VALUES (1473, 'Uddevalla', 'Sverige', '', '', null, null, 'AWAITING');
INSERT INTO marriage (spouse_1_id, spouse_2_id, location_id, day, month, year, date) VALUES (51, 355, 1473, 9, 6, 1804, '1804-06-09');

--======= Insert Marriage between id: 52 and id: 365 =======
INSERT INTO location (id, city, country, region, notes, latitude, longitude, fetch_status) VALUES (1474, 'Uddevalla', 'Sverige', '', '', null, null, 'AWAITING');
INSERT INTO marriage (spouse_1_id, spouse_2_id, location_id, day, month, year, date) VALUES (52, 365, 1474, 8, 7, 1802, '1802-07-08');

--======= Insert Marriage between id: 55 and id: 56 =======
INSERT INTO marriage (spouse_1_id, spouse_2_id, location_id, day, month, year, date) VALUES (55, 56, null, null, null, null, null);

--======= Insert Marriage between id: 57 and id: 58 =======
INSERT INTO marriage (spouse_1_id, spouse_2_id, location_id, day, month, year, date) VALUES (57, 58, null, null, null, null, null);

--======= Insert Marriage between id: 65 and id: 83 =======
INSERT INTO location (id, city, country, region, notes, latitude, longitude, fetch_status) VALUES (1475, 'Uddevalla', 'Sverige', '', '', null, null, 'AWAITING');
INSERT INTO marriage (spouse_1_id, spouse_2_id, location_id, day, month, year, date) VALUES (65, 83, 1475, 24, 8, 1849, '1849-08-24');

--======= Insert Marriage between id: 67 and id: 84 =======
INSERT INTO location (id, city, country, region, notes, latitude, longitude, fetch_status) VALUES (1476, 'Frykerud', 'Sverige', '', '', null, null, 'AWAITING');
INSERT INTO marriage (spouse_1_id, spouse_2_id, location_id, day, month, year, date) VALUES (67, 84, 1476, 6, 9, 1855, '1855-09-06');

--======= Insert Marriage between id: 69 and id: 91 =======
INSERT INTO location (id, city, country, region, notes, latitude, longitude, fetch_status) VALUES (1477, 'Uddevalla', 'Sverige', '', '', null, null, 'AWAITING');
INSERT INTO marriage (spouse_1_id, spouse_2_id, location_id, day, month, year, date) VALUES (69, 91, 1477, 7, 11, 1867, '1867-11-07');

--======= Insert Marriage between id: 73 and id: 174 =======
INSERT INTO location (id, city, country, region, notes, latitude, longitude, fetch_status) VALUES (1478, 'Nordmark', 'Sverige', '', '', null, null, 'AWAITING');
INSERT INTO marriage (spouse_1_id, spouse_2_id, location_id, day, month, year, date) VALUES (73, 174, 1478, 20, 8, 1849, '1849-08-20');

--======= Insert Marriage between id: 75 and id: 180 =======
INSERT INTO location (id, city, country, region, notes, latitude, longitude, fetch_status) VALUES (1479, '(O)', 'Sverige', '', '', null, null, 'AWAITING');
INSERT INTO marriage (spouse_1_id, spouse_2_id, location_id, day, month, year, date) VALUES (75, 180, 1479, null, null, null, null);

--======= Insert Marriage between id: 76 and id: 183 =======
INSERT INTO location (id, city, country, region, notes, latitude, longitude, fetch_status) VALUES (1480, 'Uddevalla', 'Sverige', '', '', null, null, 'AWAITING');
INSERT INTO marriage (spouse_1_id, spouse_2_id, location_id, day, month, year, date) VALUES (76, 183, 1480, 17, 8, 1848, '1848-08-17');

--======= Insert Marriage between id: 77 and id: 184 =======
INSERT INTO location (id, city, country, region, notes, latitude, longitude, fetch_status) VALUES (1481, 'Stockholm', 'Sverige', '', '', null, null, 'AWAITING');
INSERT INTO marriage (spouse_1_id, spouse_2_id, location_id, day, month, year, date) VALUES (77, 184, 1481, 20, 9, 1851, '1851-09-20');

--======= Insert Marriage between id: 81 and id: 82 =======
INSERT INTO marriage (spouse_1_id, spouse_2_id, location_id, day, month, year, date) VALUES (81, 82, null, null, null, null, null);

--======= Insert Marriage between id: 85 and id: 94 =======
INSERT INTO marriage (spouse_1_id, spouse_2_id, location_id, day, month, year, date) VALUES (85, 94, null, 19, 10, 1890, '1890-10-19');

--======= Insert Marriage between id: 86 and id: 101 =======
INSERT INTO location (id, city, country, region, notes, latitude, longitude, fetch_status) VALUES (1482, 'Frykerud', 'Sverige', '', '', null, null, 'AWAITING');
INSERT INTO marriage (spouse_1_id, spouse_2_id, location_id, day, month, year, date) VALUES (86, 101, 1482, 29, 8, 1880, '1880-08-29');

--======= Insert Marriage between id: 87 and id: 102 =======
INSERT INTO location (id, city, country, region, notes, latitude, longitude, fetch_status) VALUES (1483, 'Göteborg', 'Sverige', '', '', null, null, 'AWAITING');
INSERT INTO marriage (spouse_1_id, spouse_2_id, location_id, day, month, year, date) VALUES (87, 102, 1483, 27, 10, 1892, '1892-10-27');

--======= Insert Marriage between id: 92 and id: 93 =======
INSERT INTO marriage (spouse_1_id, spouse_2_id, location_id, day, month, year, date) VALUES (92, 93, null, null, null, null, null);

--======= Insert Marriage between id: 95 and id: 105 =======
INSERT INTO location (id, city, country, region, notes, latitude, longitude, fetch_status) VALUES (1484, 'Göteborg', 'Sverige', '', '', null, null, 'AWAITING');
INSERT INTO marriage (spouse_1_id, spouse_2_id, location_id, day, month, year, date) VALUES (95, 105, 1484, 3, 1, 1921, '1921-01-03');

--======= Insert Marriage between id: 96 and id: 110 =======
INSERT INTO location (id, city, country, region, notes, latitude, longitude, fetch_status) VALUES (1485, 'Stockholm', 'Sverige', '', '', null, null, 'AWAITING');
INSERT INTO marriage (spouse_1_id, spouse_2_id, location_id, day, month, year, date) VALUES (96, 110, 1485, 29, 10, 1921, '1921-10-29');

--======= Insert Marriage between id: 97 and id: 117 =======
INSERT INTO location (id, city, country, region, notes, latitude, longitude, fetch_status) VALUES (1486, 'Kapstaden', 'Sydafrika', '', '', null, null, 'AWAITING');
INSERT INTO marriage (spouse_1_id, spouse_2_id, location_id, day, month, year, date) VALUES (97, 117, 1486, 27, 7, 1921, '1921-07-27');

--======= Insert Marriage between id: 98 and id: 120 =======
INSERT INTO location (id, city, country, region, notes, latitude, longitude, fetch_status) VALUES (1487, 'Linköping', 'Sverige', '', '', null, null, 'AWAITING');
INSERT INTO marriage (spouse_1_id, spouse_2_id, location_id, day, month, year, date) VALUES (98, 120, 1487, 21, 5, 1927, '1927-05-21');

--======= Insert Marriage between id: 99 and id: 125 =======
INSERT INTO location (id, city, country, region, notes, latitude, longitude, fetch_status) VALUES (1488, 'Göteborg', 'Sverige', '', '', null, null, 'AWAITING');
INSERT INTO marriage (spouse_1_id, spouse_2_id, location_id, day, month, year, date) VALUES (99, 125, 1488, 30, 6, 1936, '1936-06-30');

--======= Insert Marriage between id: 100 and id: 126 =======
INSERT INTO location (id, city, country, region, notes, latitude, longitude, fetch_status) VALUES (1489, 'Göteborg', 'Sverige', '', '', null, null, 'AWAITING');
INSERT INTO marriage (spouse_1_id, spouse_2_id, location_id, day, month, year, date) VALUES (100, 126, 1489, 15, 10, 1921, '1921-10-15');

--======= Insert Marriage between id: 103 and id: 104 =======
INSERT INTO marriage (spouse_1_id, spouse_2_id, location_id, day, month, year, date) VALUES (103, 104, null, null, null, null, null);

--======= Insert Marriage between id: 107 and id: 130 =======
INSERT INTO location (id, city, country, region, notes, latitude, longitude, fetch_status) VALUES (1490, 'Västrum', 'Sverige', '', '', null, null, 'AWAITING');
INSERT INTO marriage (spouse_1_id, spouse_2_id, location_id, day, month, year, date) VALUES (107, 130, 1490, 25, 3, 1948, '1948-03-25');

--======= Insert Marriage between id: 108 and id: 131 =======
INSERT INTO marriage (spouse_1_id, spouse_2_id, location_id, day, month, year, date) VALUES (108, 131, null, 15, 11, 1947, '1947-11-15');

--======= Insert Marriage between id: 111 and id: 137 =======
INSERT INTO marriage (spouse_1_id, spouse_2_id, location_id, day, month, year, date) VALUES (111, 137, null, 23, 6, 1955, '1955-06-23');

--======= Insert Marriage between id: 112 and id: 138 =======
INSERT INTO location (id, city, country, region, notes, latitude, longitude, fetch_status) VALUES (1491, 'Strömstad', 'Sverige', '', '', null, null, 'AWAITING');
INSERT INTO marriage (spouse_1_id, spouse_2_id, location_id, day, month, year, date) VALUES (112, 138, 1491, 4, 1, 1947, '1947-01-04');

--======= Insert Marriage between id: 114 and id: 139 =======
INSERT INTO location (id, city, country, region, notes, latitude, longitude, fetch_status) VALUES (1492, 'Strömstad', 'Sverige', '', '', null, null, 'AWAITING');
INSERT INTO marriage (spouse_1_id, spouse_2_id, location_id, day, month, year, date) VALUES (114, 139, 1492, 8, 1, 1956, '1956-01-08');

--======= Insert Marriage between id: 115 and id: 143 =======
INSERT INTO marriage (spouse_1_id, spouse_2_id, location_id, day, month, year, date) VALUES (115, 143, null, 15, 11, 1959, '1959-11-15');

--======= Insert Marriage between id: 116 and id: 146 =======
INSERT INTO location (id, city, country, region, notes, latitude, longitude, fetch_status) VALUES (1493, 'Göteborg', 'Sverige', '', '', null, null, 'AWAITING');
INSERT INTO marriage (spouse_1_id, spouse_2_id, location_id, day, month, year, date) VALUES (116, 146, 1493, 30, 12, 1967, '1967-12-30');

--======= Insert Marriage between id: 118 and id: 150 =======
INSERT INTO location (id, city, country, region, notes, latitude, longitude, fetch_status) VALUES (1494, 'Kapstaden', 'Sydafrika', '', '', null, null, 'AWAITING');
INSERT INTO marriage (spouse_1_id, spouse_2_id, location_id, day, month, year, date) VALUES (118, 150, 1494, 18, 4, 1953, '1953-04-18');

--======= Insert Marriage between id: 118 and id: 151 =======
INSERT INTO location (id, city, country, region, notes, latitude, longitude, fetch_status) VALUES (1495, 'Kapstaden', 'Sydafrika', '', '', null, null, 'AWAITING');
INSERT INTO marriage (spouse_1_id, spouse_2_id, location_id, day, month, year, date) VALUES (118, 151, 1495, 8, 12, 1977, '1977-12-08');

--======= Insert Marriage between id: 119 and id: 154 =======
INSERT INTO location (id, city, country, region, notes, latitude, longitude, fetch_status) VALUES (1496, 'Danderyd', 'Sverige', '', '', null, null, 'AWAITING');
INSERT INTO marriage (spouse_1_id, spouse_2_id, location_id, day, month, year, date) VALUES (119, 154, 1496, 10, 4, 1952, '1952-04-10');

--======= Insert Marriage between id: 121 and id: 166 =======
INSERT INTO location (id, city, country, region, notes, latitude, longitude, fetch_status) VALUES (1497, 'Lund', 'Sverige', '', '', null, null, 'AWAITING');
INSERT INTO marriage (spouse_1_id, spouse_2_id, location_id, day, month, year, date) VALUES (121, 166, 1497, 30, 4, 1955, '1955-04-30');

--======= Insert Marriage between id: 122 and id: 167 =======
INSERT INTO marriage (spouse_1_id, spouse_2_id, location_id, day, month, year, date) VALUES (122, 167, null, null, null, 1954, '1954-01-01');

--======= Insert Marriage between id: 122 and id: 168 =======
INSERT INTO marriage (spouse_1_id, spouse_2_id, location_id, day, month, year, date) VALUES (122, 168, null, null, null, 1962, '1962-01-01');

--======= Insert Marriage between id: 123 and id: 169 =======
INSERT INTO marriage (spouse_1_id, spouse_2_id, location_id, day, month, year, date) VALUES (123, 169, null, null, null, null, null);

--======= Insert Marriage between id: 127 and id: 128 =======
INSERT INTO marriage (spouse_1_id, spouse_2_id, location_id, day, month, year, date) VALUES (127, 128, null, null, null, null, null);

--======= Insert Marriage between id: 132 and id: 133 =======
INSERT INTO location (id, city, country, region, notes, latitude, longitude, fetch_status) VALUES (1498, 'på Moffett Naval Airstation', 'Sverige', '', '', null, null, 'AWAITING');
INSERT INTO marriage (spouse_1_id, spouse_2_id, location_id, day, month, year, date) VALUES (132, 133, 1498, 30, 7, 1988, '1988-07-30');

--======= Insert Marriage between id: 135 and id: 136 =======
INSERT INTO marriage (spouse_1_id, spouse_2_id, location_id, day, month, year, date) VALUES (135, 136, null, null, null, null, null);

--======= Insert Marriage between id: 144 and id: 636 =======
INSERT INTO marriage (spouse_1_id, spouse_2_id, location_id, day, month, year, date) VALUES (144, 636, null, null, null, null, null);

--======= Insert Marriage between id: 145 and id: 641 =======
INSERT INTO marriage (spouse_1_id, spouse_2_id, location_id, day, month, year, date) VALUES (145, 641, null, null, null, null, null);

--======= Insert Marriage between id: 148 and id: 149 =======
INSERT INTO marriage (spouse_1_id, spouse_2_id, location_id, day, month, year, date) VALUES (148, 149, null, null, null, null, null);

--======= Insert Marriage between id: 153 and id: 158 =======
INSERT INTO location (id, city, country, region, notes, latitude, longitude, fetch_status) VALUES (1499, 'Kapstaden', 'Sydafrika', '', '', null, null, 'AWAITING');
INSERT INTO marriage (spouse_1_id, spouse_2_id, location_id, day, month, year, date) VALUES (153, 158, 1499, 30, 10, 1983, '1983-10-30');

--======= Insert Marriage between id: 155 and id: 159 =======
INSERT INTO location (id, city, country, region, notes, latitude, longitude, fetch_status) VALUES (1500, 'Vadstena', 'Sverige', '', '', null, null, 'AWAITING');
INSERT INTO marriage (spouse_1_id, spouse_2_id, location_id, day, month, year, date) VALUES (155, 159, 1500, 9, 7, 1989, '1989-07-09');

--======= Insert Marriage between id: 156 and id: 161 =======
INSERT INTO location (id, city, country, region, notes, latitude, longitude, fetch_status) VALUES (1501, 'Mariefred', 'Sverige', '', '', null, null, 'AWAITING');
INSERT INTO marriage (spouse_1_id, spouse_2_id, location_id, day, month, year, date) VALUES (156, 161, 1501, 15, 6, 1985, '1985-06-15');

--======= Insert Marriage between id: 162 and id: 163 =======
INSERT INTO marriage (spouse_1_id, spouse_2_id, location_id, day, month, year, date) VALUES (162, 163, null, null, null, null, null);

--======= Insert Marriage between id: 164 and id: 165 =======
INSERT INTO marriage (spouse_1_id, spouse_2_id, location_id, day, month, year, date) VALUES (164, 165, null, null, null, null, null);

--======= Insert Marriage between id: 175 and id: 189 =======
INSERT INTO location (id, city, country, region, notes, latitude, longitude, fetch_status) VALUES (1502, 'Nordmark', 'Sverige', '', '', null, null, 'AWAITING');
INSERT INTO marriage (spouse_1_id, spouse_2_id, location_id, day, month, year, date) VALUES (175, 189, 1502, 10, 11, 1873, '1873-11-10');

--======= Insert Marriage between id: 176 and id: 202 =======
INSERT INTO location (id, city, country, region, notes, latitude, longitude, fetch_status) VALUES (1503, 'Rämmen', 'Sverige', '', '', null, null, 'AWAITING');
INSERT INTO marriage (spouse_1_id, spouse_2_id, location_id, day, month, year, date) VALUES (176, 202, 1503, 26, 12, 1873, '1873-12-26');

--======= Insert Marriage between id: 179 and id: 203 =======
INSERT INTO location (id, city, country, region, notes, latitude, longitude, fetch_status) VALUES (1504, 'Nordmark', 'Sverige', '', '', null, null, 'AWAITING');
INSERT INTO marriage (spouse_1_id, spouse_2_id, location_id, day, month, year, date) VALUES (179, 203, 1504, 8, 9, 1893, '1893-09-08');

--======= Insert Marriage between id: 181 and id: 263 =======
INSERT INTO location (id, city, country, region, notes, latitude, longitude, fetch_status) VALUES (1505, 'Tranås', 'Sverige', '', '', null, null, 'AWAITING');
INSERT INTO marriage (spouse_1_id, spouse_2_id, location_id, day, month, year, date) VALUES (181, 263, 1505, 21, 11, 1885, '1885-11-21');

--======= Insert Marriage between id: 185 and id: 186 =======
INSERT INTO marriage (spouse_1_id, spouse_2_id, location_id, day, month, year, date) VALUES (185, 186, null, null, null, null, null);

--======= Insert Marriage between id: 187 and id: 188 =======
INSERT INTO marriage (spouse_1_id, spouse_2_id, location_id, day, month, year, date) VALUES (187, 188, null, null, null, null, null);

--======= Insert Marriage between id: 190 and id: 213 =======
INSERT INTO location (id, city, country, region, notes, latitude, longitude, fetch_status) VALUES (1506, 'Karlstad', 'Sverige', '', '', null, null, 'AWAITING');
INSERT INTO marriage (spouse_1_id, spouse_2_id, location_id, day, month, year, date) VALUES (190, 213, 1506, 26, 5, 1894, '1894-05-26');

--======= Insert Marriage between id: 191 and id: 214 =======
INSERT INTO location (id, city, country, region, notes, latitude, longitude, fetch_status) VALUES (1507, 'Stockholm', 'Sverige', '', '', null, null, 'AWAITING');
INSERT INTO marriage (spouse_1_id, spouse_2_id, location_id, day, month, year, date) VALUES (191, 214, 1507, 19, 4, 1903, '1903-04-19');

--======= Insert Marriage between id: 192 and id: 215 =======
INSERT INTO location (id, city, country, region, notes, latitude, longitude, fetch_status) VALUES (1508, 'Stockholm', 'Sverige', '', '', null, null, 'AWAITING');
INSERT INTO marriage (spouse_1_id, spouse_2_id, location_id, day, month, year, date) VALUES (192, 215, 1508, 13, 5, 1911, '1911-05-13');

--======= Insert Marriage between id: 193 and id: 218 =======
INSERT INTO location (id, city, country, region, notes, latitude, longitude, fetch_status) VALUES (1509, 'Stockholm', 'Sverige', '', '', null, null, 'AWAITING');
INSERT INTO marriage (spouse_1_id, spouse_2_id, location_id, day, month, year, date) VALUES (193, 218, 1509, 24, 11, 1901, '1901-11-24');

--======= Insert Marriage between id: 194 and id: 219 =======
INSERT INTO location (id, city, country, region, notes, latitude, longitude, fetch_status) VALUES (1510, 'Nordmark', 'Sverige', '', '', null, null, 'AWAITING');
INSERT INTO marriage (spouse_1_id, spouse_2_id, location_id, day, month, year, date) VALUES (194, 219, 1510, 29, 9, 1917, '1917-09-29');

--======= Insert Marriage between id: 195 and id: 222 =======
INSERT INTO location (id, city, country, region, notes, latitude, longitude, fetch_status) VALUES (1511, 'Stockholm', 'Sverige', '', '', null, null, 'AWAITING');
INSERT INTO marriage (spouse_1_id, spouse_2_id, location_id, day, month, year, date) VALUES (195, 222, 1511, 3, 12, 1927, '1927-12-03');

--======= Insert Marriage between id: 196 and id: 223 =======
INSERT INTO location (id, city, country, region, notes, latitude, longitude, fetch_status) VALUES (1512, 'Stockholm', 'Sverige', '', '', null, null, 'AWAITING');
INSERT INTO marriage (spouse_1_id, spouse_2_id, location_id, day, month, year, date) VALUES (196, 223, 1512, 18, 12, 1915, '1915-12-18');

--======= Insert Marriage between id: 196 and id: 224 =======
INSERT INTO location (id, city, country, region, notes, latitude, longitude, fetch_status) VALUES (1513, 'Stockholm', 'Sverige', '', '', null, null, 'AWAITING');
INSERT INTO marriage (spouse_1_id, spouse_2_id, location_id, day, month, year, date) VALUES (196, 224, 1513, 27, 12, 1925, '1925-12-27');

--======= Insert Marriage between id: 197 and id: 229 =======
INSERT INTO location (id, city, country, region, notes, latitude, longitude, fetch_status) VALUES (1514, 'Winnipeg', 'Canada', 'Manitoba', '', null, null, 'AWAITING');
INSERT INTO marriage (spouse_1_id, spouse_2_id, location_id, day, month, year, date) VALUES (197, 229, 1514, 1, 4, 1921, '1921-04-01');

--======= Insert Marriage between id: 197 and id: 230 =======
INSERT INTO marriage (spouse_1_id, spouse_2_id, location_id, day, month, year, date) VALUES (197, 230, null, null, null, null, null);

--======= Insert Marriage between id: 198 and id: 232 =======
INSERT INTO location (id, city, country, region, notes, latitude, longitude, fetch_status) VALUES (1515, 'Nordmark', 'Sverige', '', '', null, null, 'AWAITING');
INSERT INTO marriage (spouse_1_id, spouse_2_id, location_id, day, month, year, date) VALUES (198, 232, 1515, 24, 8, 1918, '1918-08-24');

--======= Insert Marriage between id: 199 and id: 233 =======
INSERT INTO location (id, city, country, region, notes, latitude, longitude, fetch_status) VALUES (1516, 'Stockholm', 'Sverige', '', '', null, null, 'AWAITING');
INSERT INTO marriage (spouse_1_id, spouse_2_id, location_id, day, month, year, date) VALUES (199, 233, 1516, 21, 11, 1919, '1919-11-21');

--======= Insert Marriage between id: 200 and id: 236 =======
INSERT INTO location (id, city, country, region, notes, latitude, longitude, fetch_status) VALUES (1517, 'Rämmen', 'Sverige', '', '', null, null, 'AWAITING');
INSERT INTO marriage (spouse_1_id, spouse_2_id, location_id, day, month, year, date) VALUES (200, 236, 1517, 1, 12, 1917, '1917-12-01');

--======= Insert Marriage between id: 201 and id: 237 =======
INSERT INTO location (id, city, country, region, notes, latitude, longitude, fetch_status) VALUES (1518, 'Nordmark', 'Sverige', '', '', null, null, 'AWAITING');
INSERT INTO marriage (spouse_1_id, spouse_2_id, location_id, day, month, year, date) VALUES (201, 237, 1518, 13, 4, 1922, '1922-04-13');

--======= Insert Marriage between id: 204 and id: 266 =======
INSERT INTO location (id, city, country, region, notes, latitude, longitude, fetch_status) VALUES (1519, 'Stockholm', 'Sverige', '', '', null, null, 'AWAITING');
INSERT INTO marriage (spouse_1_id, spouse_2_id, location_id, day, month, year, date) VALUES (204, 266, 1519, 3, 10, 1921, '1921-10-03');

--======= Insert Marriage between id: 205 and id: 267 =======
INSERT INTO location (id, city, country, region, notes, latitude, longitude, fetch_status) VALUES (1520, 'Stockholm', 'Sverige', '', '', null, null, 'AWAITING');
INSERT INTO marriage (spouse_1_id, spouse_2_id, location_id, day, month, year, date) VALUES (205, 267, 1520, 3, 6, 1922, '1922-06-03');

--======= Insert Marriage between id: 205 and id: 268 =======
INSERT INTO location (id, city, country, region, notes, latitude, longitude, fetch_status) VALUES (1521, 'Danderyd', 'Sverige', '', '', null, null, 'AWAITING');
INSERT INTO marriage (spouse_1_id, spouse_2_id, location_id, day, month, year, date) VALUES (205, 268, 1521, 3, 2, 1945, '1945-02-03');

--======= Insert Marriage between id: 206 and id: 272 =======
INSERT INTO location (id, city, country, region, notes, latitude, longitude, fetch_status) VALUES (1522, 'Stockholm', 'Sverige', '', '', null, null, 'AWAITING');
INSERT INTO marriage (spouse_1_id, spouse_2_id, location_id, day, month, year, date) VALUES (206, 272, 1522, 20, 12, 1924, '1924-12-20');

--======= Insert Marriage between id: 207 and id: 275 =======
INSERT INTO location (id, city, country, region, notes, latitude, longitude, fetch_status) VALUES (1523, 'Valtorp', 'Sverige', '', '', null, null, 'AWAITING');
INSERT INTO marriage (spouse_1_id, spouse_2_id, location_id, day, month, year, date) VALUES (207, 275, 1523, 19, 11, 1924, '1924-11-19');

--======= Insert Marriage between id: 209 and id: 276 =======
INSERT INTO location (id, city, country, region, notes, latitude, longitude, fetch_status) VALUES (1524, 'Stockholm', 'Sverige', '', '', null, null, 'AWAITING');
INSERT INTO marriage (spouse_1_id, spouse_2_id, location_id, day, month, year, date) VALUES (209, 276, 1524, 21, 3, 1934, '1934-03-21');

--======= Insert Marriage between id: 210 and id: 277 =======
INSERT INTO location (id, city, country, region, notes, latitude, longitude, fetch_status) VALUES (1525, 'Vansbro', 'Sverige', '', '', null, null, 'AWAITING');
INSERT INTO marriage (spouse_1_id, spouse_2_id, location_id, day, month, year, date) VALUES (210, 277, 1525, null, null, 1930, '1930-01-01');

--======= Insert Marriage between id: 211 and id: 212 =======
INSERT INTO marriage (spouse_1_id, spouse_2_id, location_id, day, month, year, date) VALUES (211, 212, null, null, null, null, null);

--======= Insert Marriage between id: 216 and id: 217 =======
INSERT INTO marriage (spouse_1_id, spouse_2_id, location_id, day, month, year, date) VALUES (216, 217, null, null, null, null, null);

--======= Insert Marriage between id: 221 and id: 240 =======
INSERT INTO location (id, city, country, region, notes, latitude, longitude, fetch_status) VALUES (1526, 'Nordmark', 'Sverige', '', '', null, null, 'AWAITING');
INSERT INTO marriage (spouse_1_id, spouse_2_id, location_id, day, month, year, date) VALUES (221, 240, 1526, 23, 10, 1943, '1943-10-23');

--======= Insert Marriage between id: 225 and id: 226 =======
INSERT INTO marriage (spouse_1_id, spouse_2_id, location_id, day, month, year, date) VALUES (225, 226, null, null, null, null, null);

--======= Insert Marriage between id: 227 and id: 228 =======
INSERT INTO marriage (spouse_1_id, spouse_2_id, location_id, day, month, year, date) VALUES (227, 228, null, null, null, null, null);

--======= Insert Marriage between id: 231 and id: 243 =======
INSERT INTO location (id, city, country, region, notes, latitude, longitude, fetch_status) VALUES (1527, 'Vernon', 'Canada', 'BC', '', null, null, 'AWAITING');
INSERT INTO marriage (spouse_1_id, spouse_2_id, location_id, day, month, year, date) VALUES (231, 243, 1527, 23, 8, 1952, '1952-08-23');

--======= Insert Marriage between id: 235 and id: 260 =======
INSERT INTO location (id, city, country, region, notes, latitude, longitude, fetch_status) VALUES (1528, 'Stockholm', 'Sverige', '', '', null, null, 'AWAITING');
INSERT INTO marriage (spouse_1_id, spouse_2_id, location_id, day, month, year, date) VALUES (235, 260, 1528, 10, 11, 1956, '1956-11-10');

--======= Insert Marriage between id: 238 and id: 239 =======
INSERT INTO marriage (spouse_1_id, spouse_2_id, location_id, day, month, year, date) VALUES (238, 239, null, null, null, null, null);

--======= Insert Marriage between id: 241 and id: 242 =======
INSERT INTO marriage (spouse_1_id, spouse_2_id, location_id, day, month, year, date) VALUES (241, 242, null, null, null, null, null);

--======= Insert Marriage between id: 244 and id: 249 =======
INSERT INTO location (id, city, country, region, notes, latitude, longitude, fetch_status) VALUES (1529, 'Salmon Arm', 'Canada', 'BC', '', null, null, 'AWAITING');
INSERT INTO marriage (spouse_1_id, spouse_2_id, location_id, day, month, year, date) VALUES (244, 249, 1529, 31, 8, 1974, '1974-08-31');

--======= Insert Marriage between id: 245 and id: 252 =======
INSERT INTO location (id, city, country, region, notes, latitude, longitude, fetch_status) VALUES (1530, 'Enderby', 'Canada', 'BC', '', null, null, 'AWAITING');
INSERT INTO marriage (spouse_1_id, spouse_2_id, location_id, day, month, year, date) VALUES (245, 252, 1530, 15, 5, 1976, '1976-05-15');

--======= Insert Marriage between id: 246 and id: 253 =======
INSERT INTO location (id, city, country, region, notes, latitude, longitude, fetch_status) VALUES (1531, 'Salmon Arm', 'Canada', 'BC', '', null, null, 'AWAITING');
INSERT INTO marriage (spouse_1_id, spouse_2_id, location_id, day, month, year, date) VALUES (246, 253, 1531, 30, 6, 1979, '1979-06-30');

--======= Insert Marriage between id: 247 and id: 257 =======
INSERT INTO location (id, city, country, region, notes, latitude, longitude, fetch_status) VALUES (1532, 'Enderby', 'Canada', 'BC', '', null, null, 'AWAITING');
INSERT INTO marriage (spouse_1_id, spouse_2_id, location_id, day, month, year, date) VALUES (247, 257, 1532, 9, 8, 1986, '1986-08-09');

--======= Insert Marriage between id: 258 and id: 259 =======
INSERT INTO marriage (spouse_1_id, spouse_2_id, location_id, day, month, year, date) VALUES (258, 259, null, null, null, null, null);

--======= Insert Marriage between id: 261 and id: 262 =======
INSERT INTO marriage (spouse_1_id, spouse_2_id, location_id, day, month, year, date) VALUES (261, 262, null, null, null, null, null);

--======= Insert Marriage between id: 264 and id: 265 =======
INSERT INTO marriage (spouse_1_id, spouse_2_id, location_id, day, month, year, date) VALUES (264, 265, null, null, null, null, null);

--======= Insert Marriage between id: 269 and id: 280 =======
INSERT INTO marriage (spouse_1_id, spouse_2_id, location_id, day, month, year, date) VALUES (269, 280, null, 22, 12, 1963, '1963-12-22');

--======= Insert Marriage between id: 270 and id: 281 =======
INSERT INTO location (id, city, country, region, notes, latitude, longitude, fetch_status) VALUES (1533, 'Danderyd', 'Sverige', '', '', null, null, 'AWAITING');
INSERT INTO marriage (spouse_1_id, spouse_2_id, location_id, day, month, year, date) VALUES (270, 281, 1533, 3, 2, 1968, '1968-02-03');

--======= Insert Marriage between id: 271 and id: 285 =======
INSERT INTO location (id, city, country, region, notes, latitude, longitude, fetch_status) VALUES (1534, 'Danderyd', 'Sverige', '', '', null, null, 'AWAITING');
INSERT INTO marriage (spouse_1_id, spouse_2_id, location_id, day, month, year, date) VALUES (271, 285, 1534, 25, 6, 1971, '1971-06-25');

--======= Insert Marriage between id: 273 and id: 286 =======
INSERT INTO location (id, city, country, region, notes, latitude, longitude, fetch_status) VALUES (1535, 'Stockholm', 'Sverige', '', '', null, null, 'AWAITING');
INSERT INTO marriage (spouse_1_id, spouse_2_id, location_id, day, month, year, date) VALUES (273, 286, 1535, 10, 7, 1947, '1947-07-10');

--======= Insert Marriage between id: 278 and id: 279 =======
INSERT INTO marriage (spouse_1_id, spouse_2_id, location_id, day, month, year, date) VALUES (278, 279, null, null, null, null, null);

--======= Insert Marriage between id: 290 and id: 297 =======
INSERT INTO location (id, city, country, region, notes, latitude, longitude, fetch_status) VALUES (1536, 'Göteborg', 'Sverige', '', '', null, null, 'AWAITING');
INSERT INTO marriage (spouse_1_id, spouse_2_id, location_id, day, month, year, date) VALUES (290, 297, 1536, 21, 2, 1840, '1840-02-21');

--======= Insert Marriage between id: 293 and id: 298 =======
INSERT INTO location (id, city, country, region, notes, latitude, longitude, fetch_status) VALUES (1537, 'Uddevalla', 'Sverige', '', '', null, null, 'AWAITING');
INSERT INTO marriage (spouse_1_id, spouse_2_id, location_id, day, month, year, date) VALUES (293, 298, 1537, 23, 6, 1845, '1845-06-23');

--======= Insert Marriage between id: 294 and id: 302 =======
INSERT INTO location (id, city, country, region, notes, latitude, longitude, fetch_status) VALUES (1538, 'Göteborg', 'Sverige', '', '', null, null, 'AWAITING');
INSERT INTO marriage (spouse_1_id, spouse_2_id, location_id, day, month, year, date) VALUES (294, 302, 1538, 25, 2, 1845, '1845-02-25');

--======= Insert Marriage between id: 295 and id: 296 =======
INSERT INTO marriage (spouse_1_id, spouse_2_id, location_id, day, month, year, date) VALUES (295, 296, null, null, null, null, null);

--======= Insert Marriage between id: 299 and id: 305 =======
INSERT INTO location (id, city, country, region, notes, latitude, longitude, fetch_status) VALUES (1539, 'Vassända', 'Sverige', '', '', null, null, 'AWAITING');
INSERT INTO marriage (spouse_1_id, spouse_2_id, location_id, day, month, year, date) VALUES (299, 305, 1539, 22, 10, 1870, '1870-10-22');

--======= Insert Marriage between id: 301 and id: 309 =======
INSERT INTO location (id, city, country, region, notes, latitude, longitude, fetch_status) VALUES (1540, 'Uddevalla', 'Sverige', '', '', null, null, 'AWAITING');
INSERT INTO marriage (spouse_1_id, spouse_2_id, location_id, day, month, year, date) VALUES (301, 309, 1540, 1, 8, 1871, '1871-08-01');

--======= Insert Marriage between id: 303 and id: 304 =======
INSERT INTO marriage (spouse_1_id, spouse_2_id, location_id, day, month, year, date) VALUES (303, 304, null, null, null, null, null);

--======= Insert Marriage between id: 306 and id: 312 =======
INSERT INTO location (id, city, country, region, notes, latitude, longitude, fetch_status) VALUES (1541, 'Stockholm', 'Sverige', '', '', null, null, 'AWAITING');
INSERT INTO marriage (spouse_1_id, spouse_2_id, location_id, day, month, year, date) VALUES (306, 312, 1541, 29, 6, 1902, '1902-06-29');

--======= Insert Marriage between id: 307 and id: 317 =======
INSERT INTO location (id, city, country, region, notes, latitude, longitude, fetch_status) VALUES (1542, 'Säffle', 'Sverige', '', '', null, null, 'AWAITING');
INSERT INTO marriage (spouse_1_id, spouse_2_id, location_id, day, month, year, date) VALUES (307, 317, 1542, 20, 12, 1908, '1908-12-20');

--======= Insert Marriage between id: 310 and id: 311 =======
INSERT INTO marriage (spouse_1_id, spouse_2_id, location_id, day, month, year, date) VALUES (310, 311, null, null, null, null, null);

--======= Insert Marriage between id: 313 and id: 333 =======
INSERT INTO location (id, city, country, region, notes, latitude, longitude, fetch_status) VALUES (1543, 'Simrishamn', 'Sverige', '', '', null, null, 'AWAITING');
INSERT INTO marriage (spouse_1_id, spouse_2_id, location_id, day, month, year, date) VALUES (313, 333, 1543, 22, 11, 1930, '1930-11-22');

--======= Insert Marriage between id: 314 and id: 341 =======
INSERT INTO location (id, city, country, region, notes, latitude, longitude, fetch_status) VALUES (1544, 'Vänersborg', 'Sverige', '', '', null, null, 'AWAITING');
INSERT INTO marriage (spouse_1_id, spouse_2_id, location_id, day, month, year, date) VALUES (314, 341, 1544, 18, 6, 1928, '1928-06-18');

--======= Insert Marriage between id: 315 and id: 316 =======
INSERT INTO marriage (spouse_1_id, spouse_2_id, location_id, day, month, year, date) VALUES (315, 316, null, null, null, null, null);

--======= Insert Marriage between id: 318 and id: 348 =======
INSERT INTO location (id, city, country, region, notes, latitude, longitude, fetch_status) VALUES (1545, 'Uddevalla', 'Sverige', '', '', null, null, 'AWAITING');
INSERT INTO marriage (spouse_1_id, spouse_2_id, location_id, day, month, year, date) VALUES (318, 348, 1545, 23, 7, 1945, '1945-07-23');

--======= Insert Marriage between id: 320 and id: 368 =======
INSERT INTO location (id, city, country, region, notes, latitude, longitude, fetch_status) VALUES (1546, 'Skee', 'Sverige', '', '', null, null, 'AWAITING');
INSERT INTO marriage (spouse_1_id, spouse_2_id, location_id, day, month, year, date) VALUES (320, 368, 1546, 26, 9, 1824, '1824-09-26');

--======= Insert Marriage between id: 336 and id: 342 =======
INSERT INTO location (id, city, country, region, notes, latitude, longitude, fetch_status) VALUES (1547, 'Västervik', 'Sverige', '', '', null, null, 'AWAITING');
INSERT INTO marriage (spouse_1_id, spouse_2_id, location_id, day, month, year, date) VALUES (336, 342, 1547, 10, 6, 1961, '1961-06-10');

--======= Insert Marriage between id: 337 and id: 343 =======
INSERT INTO location (id, city, country, region, notes, latitude, longitude, fetch_status) VALUES (1548, 'Hosjö', 'Sverige', '', '', null, null, 'AWAITING');
INSERT INTO marriage (spouse_1_id, spouse_2_id, location_id, day, month, year, date) VALUES (337, 343, 1548, 3, 7, 1971, '1971-07-03');

--======= Insert Marriage between id: 339 and id: 340 =======
INSERT INTO location (id, city, country, region, notes, latitude, longitude, fetch_status) VALUES (1549, 'Simrishamn', 'Sverige', '', '', null, null, 'AWAITING');
INSERT INTO marriage (spouse_1_id, spouse_2_id, location_id, day, month, year, date) VALUES (339, 340, 1549, 16, 12, 1899, '1899-12-16');

--======= Insert Marriage between id: 346 and id: 347 =======
INSERT INTO marriage (spouse_1_id, spouse_2_id, location_id, day, month, year, date) VALUES (346, 347, null, null, null, null, null);

--======= Insert Marriage between id: 350 and id: 351 =======
INSERT INTO marriage (spouse_1_id, spouse_2_id, location_id, day, month, year, date) VALUES (350, 351, null, null, null, null, null);

--======= Insert Marriage between id: 357 and id: 550 =======
INSERT INTO location (id, city, country, region, notes, latitude, longitude, fetch_status) VALUES (1550, 'Stockholm', 'Sverige', '', '', null, null, 'AWAITING');
INSERT INTO marriage (spouse_1_id, spouse_2_id, location_id, day, month, year, date) VALUES (357, 550, 1550, 6, 3, 1844, '1844-03-06');

--======= Insert Marriage between id: 358 and id: 555 =======
INSERT INTO location (id, city, country, region, notes, latitude, longitude, fetch_status) VALUES (1551, 'Samneröd', 'Bäve', '', '', null, null, 'AWAITING');
INSERT INTO marriage (spouse_1_id, spouse_2_id, location_id, day, month, year, date) VALUES (358, 555, 1551, 18, 10, 1829, '1829-10-18');

--======= Insert Marriage between id: 361 and id: 560 =======
INSERT INTO location (id, city, country, region, notes, latitude, longitude, fetch_status) VALUES (1552, 'Samneröd', 'Bäve', '', '', null, null, 'AWAITING');
INSERT INTO marriage (spouse_1_id, spouse_2_id, location_id, day, month, year, date) VALUES (361, 560, 1552, 18, 9, 1842, '1842-09-18');

--======= Insert Marriage between id: 362 and id: 561 =======
INSERT INTO location (id, city, country, region, notes, latitude, longitude, fetch_status) VALUES (1553, 'Göteborg', 'Sverige', '', '', null, null, 'AWAITING');
INSERT INTO marriage (spouse_1_id, spouse_2_id, location_id, day, month, year, date) VALUES (362, 561, 1553, 6, 7, 1852, '1852-07-06');

--======= Insert Marriage between id: 363 and id: 569 =======
INSERT INTO location (id, city, country, region, notes, latitude, longitude, fetch_status) VALUES (1554, 'Samneröd', 'Bäve', '', '', null, null, 'AWAITING');
INSERT INTO marriage (spouse_1_id, spouse_2_id, location_id, day, month, year, date) VALUES (363, 569, 1554, 16, 10, 1840, '1840-10-16');

--======= Insert Marriage between id: 364 and id: 570 =======
INSERT INTO location (id, city, country, region, notes, latitude, longitude, fetch_status) VALUES (1555, 'Samneröd', 'Bäve', '', '', null, null, 'AWAITING');
INSERT INTO marriage (spouse_1_id, spouse_2_id, location_id, day, month, year, date) VALUES (364, 570, 1555, 13, 11, 1841, '1841-11-13');

--======= Insert Marriage between id: 366 and id: 367 =======
INSERT INTO marriage (spouse_1_id, spouse_2_id, location_id, day, month, year, date) VALUES (366, 367, null, null, null, null, null);

--======= Insert Marriage between id: 371 and id: 379 =======
INSERT INTO location (id, city, country, region, notes, latitude, longitude, fetch_status) VALUES (1556, 'Kungsbacka', 'Sverige', '', '', null, null, 'AWAITING');
INSERT INTO marriage (spouse_1_id, spouse_2_id, location_id, day, month, year, date) VALUES (371, 379, 1556, 1, 2, 1854, '1854-02-01');

--======= Insert Marriage between id: 372 and id: 387 =======
INSERT INTO marriage (spouse_1_id, spouse_2_id, location_id, day, month, year, date) VALUES (372, 387, null, 15, 8, 1861, '1861-08-15');

--======= Insert Marriage between id: 374 and id: 391 =======
INSERT INTO location (id, city, country, region, notes, latitude, longitude, fetch_status) VALUES (1557, 'Kungsbacka', 'Sverige', '', '', null, null, 'AWAITING');
INSERT INTO marriage (spouse_1_id, spouse_2_id, location_id, day, month, year, date) VALUES (374, 391, 1557, 19, 12, 1861, '1861-12-19');

--======= Insert Marriage between id: 375 and id: 392 =======
INSERT INTO location (id, city, country, region, notes, latitude, longitude, fetch_status) VALUES (1558, 'Fristad', 'Sverige', '', '', null, null, 'AWAITING');
INSERT INTO marriage (spouse_1_id, spouse_2_id, location_id, day, month, year, date) VALUES (375, 392, 1558, 11, 9, 1872, '1872-09-11');

--======= Insert Marriage between id: 377 and id: 378 =======
INSERT INTO marriage (spouse_1_id, spouse_2_id, location_id, day, month, year, date) VALUES (377, 378, null, null, null, null, null);

--======= Insert Marriage between id: 380 and id: 398 =======
INSERT INTO location (id, city, country, region, notes, latitude, longitude, fetch_status) VALUES (1559, 'Paris', 'Frankrike', '', '', null, null, 'AWAITING');
INSERT INTO marriage (spouse_1_id, spouse_2_id, location_id, day, month, year, date) VALUES (380, 398, 1559, 3, 11, 1892, '1892-11-03');

--======= Insert Marriage between id: 381 and id: 400 =======
INSERT INTO location (id, city, country, region, notes, latitude, longitude, fetch_status) VALUES (1560, 'Haro', 'Spanien', '', '', null, null, 'AWAITING');
INSERT INTO marriage (spouse_1_id, spouse_2_id, location_id, day, month, year, date) VALUES (381, 400, 1560, 27, 7, 1893, '1893-07-27');

--======= Insert Marriage between id: 382 and id: 409 =======
INSERT INTO location (id, city, country, region, notes, latitude, longitude, fetch_status) VALUES (1561, 'Beardstown', 'USA', 'Illinois', '', null, null, 'AWAITING');
INSERT INTO marriage (spouse_1_id, spouse_2_id, location_id, day, month, year, date) VALUES (382, 409, 1561, 24, 11, 1887, '1887-11-24');

--======= Insert Marriage between id: 383 and id: 413 =======
INSERT INTO location (id, city, country, region, notes, latitude, longitude, fetch_status) VALUES (1562, 'Strömstad', 'Sverige', '', '', null, null, 'AWAITING');
INSERT INTO marriage (spouse_1_id, spouse_2_id, location_id, day, month, year, date) VALUES (383, 413, 1562, 11, 7, 1891, '1891-07-11');

--======= Insert Marriage between id: 385 and id: 417 =======
INSERT INTO location (id, city, country, region, notes, latitude, longitude, fetch_status) VALUES (1563, 'Stockholm', 'Sverige', '', '', null, null, 'AWAITING');
INSERT INTO marriage (spouse_1_id, spouse_2_id, location_id, day, month, year, date) VALUES (385, 417, 1563, 7, 4, 1906, '1906-04-07');

--======= Insert Marriage between id: 389 and id: 496 =======
INSERT INTO marriage (spouse_1_id, spouse_2_id, location_id, day, month, year, date) VALUES (389, 496, null, 5, 4, 1888, '1888-04-05');

--======= Insert Marriage between id: 390 and id: 497 =======
INSERT INTO location (id, city, country, region, notes, latitude, longitude, fetch_status) VALUES (1564, 'Västerås', 'Sverige', '', '', null, null, 'AWAITING');
INSERT INTO marriage (spouse_1_id, spouse_2_id, location_id, day, month, year, date) VALUES (390, 497, 1564, 30, 3, 1897, '1897-03-30');

--======= Insert Marriage between id: 393 and id: 543 =======
INSERT INTO location (id, city, country, region, notes, latitude, longitude, fetch_status) VALUES (1565, 'Giresta', 'Sverige', '', '', null, null, 'AWAITING');
INSERT INTO marriage (spouse_1_id, spouse_2_id, location_id, day, month, year, date) VALUES (393, 543, 1565, 23, 6, 1919, '1919-06-23');

--======= Insert Marriage between id: 394 and id: 545 =======
INSERT INTO location (id, city, country, region, notes, latitude, longitude, fetch_status) VALUES (1566, 'Skövde', 'Sverige', '', '', null, null, 'AWAITING');
INSERT INTO marriage (spouse_1_id, spouse_2_id, location_id, day, month, year, date) VALUES (394, 545, 1566, 5, 7, 1902, '1902-07-05');

--======= Insert Marriage between id: 396 and id: 397 =======
INSERT INTO marriage (spouse_1_id, spouse_2_id, location_id, day, month, year, date) VALUES (396, 397, null, null, null, null, null);

--======= Insert Marriage between id: 403 and id: 426 =======
INSERT INTO location (id, city, country, region, notes, latitude, longitude, fetch_status) VALUES (1567, 'Haro', 'Spanien', '', '', null, null, 'AWAITING');
INSERT INTO marriage (spouse_1_id, spouse_2_id, location_id, day, month, year, date) VALUES (403, 426, 1567, 14, 9, 1955, '1955-09-14');

--======= Insert Marriage between id: 407 and id: 427 =======
INSERT INTO location (id, city, country, region, notes, latitude, longitude, fetch_status) VALUES (1568, 'Zaragosa', 'Spanien', '', '', null, null, 'AWAITING');
INSERT INTO marriage (spouse_1_id, spouse_2_id, location_id, day, month, year, date) VALUES (407, 427, 1568, 11, 4, 1934, '1934-04-11');

--======= Insert Marriage between id: 410 and id: 453 =======
INSERT INTO location (id, city, country, region, notes, latitude, longitude, fetch_status) VALUES (1569, 'Portland', 'USA', 'Oregon', '', null, null, 'AWAITING');
INSERT INTO marriage (spouse_1_id, spouse_2_id, location_id, day, month, year, date) VALUES (410, 453, 1569, 14, 2, 1925, '1925-02-14');

--======= Insert Marriage between id: 411 and id: 456 =======
INSERT INTO location (id, city, country, region, notes, latitude, longitude, fetch_status) VALUES (1570, 'Oakland', 'USA', 'Californien', '', null, null, 'AWAITING');
INSERT INTO marriage (spouse_1_id, spouse_2_id, location_id, day, month, year, date) VALUES (411, 456, 1570, 9, 4, 1947, '1947-04-09');

--======= Insert Marriage between id: 418 and id: 461 =======
INSERT INTO location (id, city, country, region, notes, latitude, longitude, fetch_status) VALUES (1571, 'Åre', 'Sverige', '', '', null, null, 'AWAITING');
INSERT INTO marriage (spouse_1_id, spouse_2_id, location_id, day, month, year, date) VALUES (418, 461, 1571, 31, 8, 1932, '1932-08-31');

--======= Insert Marriage between id: 418 and id: 462 =======
INSERT INTO location (id, city, country, region, notes, latitude, longitude, fetch_status) VALUES (1572, 'Stockholm', 'Sverige', '', '', null, null, 'AWAITING');
INSERT INTO marriage (spouse_1_id, spouse_2_id, location_id, day, month, year, date) VALUES (418, 462, 1572, 3, 8, 1943, '1943-08-03');

--======= Insert Marriage between id: 419 and id: 470 =======
INSERT INTO location (id, city, country, region, notes, latitude, longitude, fetch_status) VALUES (1573, 'Østersund', 'Sverige', '', '', null, null, 'AWAITING');
INSERT INTO marriage (spouse_1_id, spouse_2_id, location_id, day, month, year, date) VALUES (419, 470, 1573, 14, 9, 1929, '1929-09-14');

--======= Insert Marriage between id: 420 and id: 474 =======
INSERT INTO location (id, city, country, region, notes, latitude, longitude, fetch_status) VALUES (1574, 'Stockholm', 'Sverige', '', '', null, null, 'AWAITING');
INSERT INTO marriage (spouse_1_id, spouse_2_id, location_id, day, month, year, date) VALUES (420, 474, 1574, 15, 10, 1935, '1935-10-15');

--======= Insert Marriage between id: 421 and id: 480 =======
INSERT INTO location (id, city, country, region, notes, latitude, longitude, fetch_status) VALUES (1575, 'Stockholm', 'Sverige', '', '', null, null, 'AWAITING');
INSERT INTO marriage (spouse_1_id, spouse_2_id, location_id, day, month, year, date) VALUES (421, 480, 1575, 14, 4, 1938, '1938-04-14');

--======= Insert Marriage between id: 422 and id: 423 =======
INSERT INTO marriage (spouse_1_id, spouse_2_id, location_id, day, month, year, date) VALUES (422, 423, null, null, null, null, null);

--======= Insert Marriage between id: 424 and id: 425 =======
INSERT INTO marriage (spouse_1_id, spouse_2_id, location_id, day, month, year, date) VALUES (424, 425, null, null, null, null, null);

--======= Insert Marriage between id: 428 and id: 433 =======
INSERT INTO location (id, city, country, region, notes, latitude, longitude, fetch_status) VALUES (1576, 'Zaragosa', 'Spanien', '', '', null, null, 'AWAITING');
INSERT INTO marriage (spouse_1_id, spouse_2_id, location_id, day, month, year, date) VALUES (428, 433, 1576, 25, 5, 1961, '1961-05-25');

--======= Insert Marriage between id: 429 and id: 434 =======
INSERT INTO location (id, city, country, region, notes, latitude, longitude, fetch_status) VALUES (1577, 'Bilbao', 'Spanien', '', '', null, null, 'AWAITING');
INSERT INTO marriage (spouse_1_id, spouse_2_id, location_id, day, month, year, date) VALUES (429, 434, 1577, 24, 5, 1965, '1965-05-24');

--======= Insert Marriage between id: 430 and id: 442 =======
INSERT INTO location (id, city, country, region, notes, latitude, longitude, fetch_status) VALUES (1578, 'Zaragosa', 'Spanien', '', '', null, null, 'AWAITING');
INSERT INTO marriage (spouse_1_id, spouse_2_id, location_id, day, month, year, date) VALUES (430, 442, 1578, 3, 7, 1965, '1965-07-03');

--======= Insert Marriage between id: 431 and id: 446 =======
INSERT INTO location (id, city, country, region, notes, latitude, longitude, fetch_status) VALUES (1579, 'Zaragosa', 'Spanien', '', '', null, null, 'AWAITING');
INSERT INTO marriage (spouse_1_id, spouse_2_id, location_id, day, month, year, date) VALUES (431, 446, 1579, 27, 12, 1965, '1965-12-27');

--======= Insert Marriage between id: 432 and id: 447 =======
INSERT INTO location (id, city, country, region, notes, latitude, longitude, fetch_status) VALUES (1580, 'Barbastro', 'Spanien', '', '', null, null, 'AWAITING');
INSERT INTO marriage (spouse_1_id, spouse_2_id, location_id, day, month, year, date) VALUES (432, 447, 1580, 2, 7, 1973, '1973-07-02');

--======= Insert Marriage between id: 440 and id: 441 =======
INSERT INTO marriage (spouse_1_id, spouse_2_id, location_id, day, month, year, date) VALUES (440, 441, null, null, null, null, null);

--======= Insert Marriage between id: 444 and id: 445 =======
INSERT INTO marriage (spouse_1_id, spouse_2_id, location_id, day, month, year, date) VALUES (444, 445, null, null, null, null, null);

--======= Insert Marriage between id: 451 and id: 452 =======
INSERT INTO marriage (spouse_1_id, spouse_2_id, location_id, day, month, year, date) VALUES (451, 452, null, null, null, null, null);

--======= Insert Marriage between id: 454 and id: 455 =======
INSERT INTO marriage (spouse_1_id, spouse_2_id, location_id, day, month, year, date) VALUES (454, 455, null, null, null, null, null);

--======= Insert Marriage between id: 457 and id: 458 =======
INSERT INTO marriage (spouse_1_id, spouse_2_id, location_id, day, month, year, date) VALUES (457, 458, null, null, null, null, null);

--======= Insert Marriage between id: 459 and id: 460 =======
INSERT INTO marriage (spouse_1_id, spouse_2_id, location_id, day, month, year, date) VALUES (459, 460, null, null, null, null, null);

--======= Insert Marriage between id: 465 and id: 670 =======
INSERT INTO marriage (spouse_1_id, spouse_2_id, location_id, day, month, year, date) VALUES (465, 670, null, null, null, null, null);

--======= Insert Marriage between id: 466 and id: 467 =======
INSERT INTO marriage (spouse_1_id, spouse_2_id, location_id, day, month, year, date) VALUES (466, 467, null, null, null, null, null);

--======= Insert Marriage between id: 468 and id: 469 =======
INSERT INTO marriage (spouse_1_id, spouse_2_id, location_id, day, month, year, date) VALUES (468, 469, null, null, null, null, null);

--======= Insert Marriage between id: 471 and id: 1078 =======
INSERT INTO marriage (spouse_1_id, spouse_2_id, location_id, day, month, year, date) VALUES (471, 1078, null, null, null, 1964, '1964-01-01');

--======= Insert Marriage between id: 472 and id: 473 =======
INSERT INTO marriage (spouse_1_id, spouse_2_id, location_id, day, month, year, date) VALUES (472, 473, null, null, null, null, null);

--======= Insert Marriage between id: 475 and id: 671 =======
INSERT INTO location (id, city, country, region, notes, latitude, longitude, fetch_status) VALUES (1581, 'Köpenhamn', 'Danmark', '', '', null, null, 'AWAITING');
INSERT INTO marriage (spouse_1_id, spouse_2_id, location_id, day, month, year, date) VALUES (475, 671, 1581, 17, 7, 1962, '1962-07-17');

--======= Insert Marriage between id: 476 and id: 676 =======
INSERT INTO location (id, city, country, region, notes, latitude, longitude, fetch_status) VALUES (1582, 'Bäckaskog', 'Bäckaskog', '', '', null, null, 'AWAITING');
INSERT INTO marriage (spouse_1_id, spouse_2_id, location_id, day, month, year, date) VALUES (476, 676, 1582, 25, 7, 1971, '1971-07-25');

--======= Insert Marriage between id: 477 and id: 678 =======
INSERT INTO marriage (spouse_1_id, spouse_2_id, location_id, day, month, year, date) VALUES (477, 678, null, 14, 6, 1969, '1969-06-14');

--======= Insert Marriage between id: 478 and id: 479 =======
INSERT INTO marriage (spouse_1_id, spouse_2_id, location_id, day, month, year, date) VALUES (478, 479, null, null, null, null, null);

--======= Insert Marriage between id: 481 and id: 483 =======
INSERT INTO location (id, city, country, region, notes, latitude, longitude, fetch_status) VALUES (1583, 'Ronneby', 'Sverige', '', '', null, null, 'AWAITING');
INSERT INTO marriage (spouse_1_id, spouse_2_id, location_id, day, month, year, date) VALUES (481, 483, 1583, 8, 8, 1970, '1970-08-08');

--======= Insert Marriage between id: 481 and id: 484 =======
INSERT INTO marriage (spouse_1_id, spouse_2_id, location_id, day, month, year, date) VALUES (481, 484, null, 18, 10, 1989, '1989-10-18');

--======= Insert Marriage between id: 482 and id: 489 =======
INSERT INTO location (id, city, country, region, notes, latitude, longitude, fetch_status) VALUES (1584, 'Västra Ingelstad', 'Sverige', '', '', null, null, 'AWAITING');
INSERT INTO marriage (spouse_1_id, spouse_2_id, location_id, day, month, year, date) VALUES (482, 489, 1584, 30, 8, 1975, '1975-08-30');

--======= Insert Marriage between id: 492 and id: 493 =======
INSERT INTO marriage (spouse_1_id, spouse_2_id, location_id, day, month, year, date) VALUES (492, 493, null, null, null, null, null);

--======= Insert Marriage between id: 494 and id: 495 =======
INSERT INTO marriage (spouse_1_id, spouse_2_id, location_id, day, month, year, date) VALUES (494, 495, null, null, null, null, null);

--======= Insert Marriage between id: 498 and id: 504 =======
INSERT INTO location (id, city, country, region, notes, latitude, longitude, fetch_status) VALUES (1585, 'Stockholm', 'Sverige', '', '', null, null, 'AWAITING');
INSERT INTO marriage (spouse_1_id, spouse_2_id, location_id, day, month, year, date) VALUES (498, 504, 1585, 17, 11, 1920, '1920-11-17');

--======= Insert Marriage between id: 499 and id: 505 =======
INSERT INTO location (id, city, country, region, notes, latitude, longitude, fetch_status) VALUES (1586, 'Bro', 'Sverige', '', '', null, null, 'AWAITING');
INSERT INTO marriage (spouse_1_id, spouse_2_id, location_id, day, month, year, date) VALUES (499, 505, 1586, 18, 2, 1931, '1931-02-18');

--======= Insert Marriage between id: 500 and id: 509 =======
INSERT INTO location (id, city, country, region, notes, latitude, longitude, fetch_status) VALUES (1587, 'Sundsvall', 'Sverige', '', '', null, null, 'AWAITING');
INSERT INTO marriage (spouse_1_id, spouse_2_id, location_id, day, month, year, date) VALUES (500, 509, 1587, 14, 9, 1930, '1930-09-14');

--======= Insert Marriage between id: 501 and id: 513 =======
INSERT INTO location (id, city, country, region, notes, latitude, longitude, fetch_status) VALUES (1588, 'Stockholm', 'Sverige', '', '', null, null, 'AWAITING');
INSERT INTO marriage (spouse_1_id, spouse_2_id, location_id, day, month, year, date) VALUES (501, 513, 1588, 13, 6, 1931, '1931-06-13');

--======= Insert Marriage between id: 502 and id: 503 =======
INSERT INTO marriage (spouse_1_id, spouse_2_id, location_id, day, month, year, date) VALUES (502, 503, null, null, null, null, null);

--======= Insert Marriage between id: 506 and id: 518 =======
INSERT INTO location (id, city, country, region, notes, latitude, longitude, fetch_status) VALUES (1589, 'Danderyd', 'Sverige', '', '', null, null, 'AWAITING');
INSERT INTO marriage (spouse_1_id, spouse_2_id, location_id, day, month, year, date) VALUES (506, 518, 1589, 27, 8, 1959, '1959-08-27');

--======= Insert Marriage between id: 508 and id: 522 =======
INSERT INTO location (id, city, country, region, notes, latitude, longitude, fetch_status) VALUES (1590, 'Danderyd', 'Sverige', '', '', null, null, 'AWAITING');
INSERT INTO marriage (spouse_1_id, spouse_2_id, location_id, day, month, year, date) VALUES (508, 522, 1590, 2, 9, 1972, '1972-09-02');

--======= Insert Marriage between id: 510 and id: 532 =======
INSERT INTO location (id, city, country, region, notes, latitude, longitude, fetch_status) VALUES (1591, 'Bjurtjärn', 'Sverige', '', '', null, null, 'AWAITING');
INSERT INTO marriage (spouse_1_id, spouse_2_id, location_id, day, month, year, date) VALUES (510, 532, 1591, 29, 12, 1953, '1953-12-29');

--======= Insert Marriage between id: 512 and id: 538 =======
INSERT INTO location (id, city, country, region, notes, latitude, longitude, fetch_status) VALUES (1592, 'Stockholm', 'Sverige', '', '', null, null, 'AWAITING');
INSERT INTO marriage (spouse_1_id, spouse_2_id, location_id, day, month, year, date) VALUES (512, 538, 1592, 23, 11, 1968, '1968-11-23');

--======= Insert Marriage between id: 514 and id: 515 =======
INSERT INTO marriage (spouse_1_id, spouse_2_id, location_id, day, month, year, date) VALUES (514, 515, null, null, null, null, null);

--======= Insert Marriage between id: 516 and id: 517 =======
INSERT INTO marriage (spouse_1_id, spouse_2_id, location_id, day, month, year, date) VALUES (516, 517, null, null, null, null, null);

--======= Insert Marriage between id: 519 and id: 527 =======
INSERT INTO location (id, city, country, region, notes, latitude, longitude, fetch_status) VALUES (1593, 'Vitaby', 'Sverige', '', '', null, null, 'AWAITING');
INSERT INTO marriage (spouse_1_id, spouse_2_id, location_id, day, month, year, date) VALUES (519, 527, 1593, 12, 5, 1990, '1990-05-12');

--======= Insert Marriage between id: 525 and id: 526 =======
INSERT INTO marriage (spouse_1_id, spouse_2_id, location_id, day, month, year, date) VALUES (525, 526, null, null, null, null, null);

--======= Insert Marriage between id: 530 and id: 531 =======
INSERT INTO marriage (spouse_1_id, spouse_2_id, location_id, day, month, year, date) VALUES (530, 531, null, null, null, null, null);

--======= Insert Marriage between id: 533 and id: 686 =======
INSERT INTO location (id, city, country, region, notes, latitude, longitude, fetch_status) VALUES (1594, 'Kansas City', 'USA', 'Kansas', '', null, null, 'AWAITING');
INSERT INTO marriage (spouse_1_id, spouse_2_id, location_id, day, month, year, date) VALUES (533, 686, 1594, 20, 7, 1979, '1979-07-20');

--======= Insert Marriage between id: 534 and id: 691 =======
INSERT INTO marriage (spouse_1_id, spouse_2_id, location_id, day, month, year, date) VALUES (534, 691, null, 20, 8, 1988, '1988-08-20');

--======= Insert Marriage between id: 535 and id: 693 =======
INSERT INTO marriage (spouse_1_id, spouse_2_id, location_id, day, month, year, date) VALUES (535, 693, null, 7, 9, 1991, '1991-09-07');

--======= Insert Marriage between id: 536 and id: 537 =======
INSERT INTO marriage (spouse_1_id, spouse_2_id, location_id, day, month, year, date) VALUES (536, 537, null, null, null, null, null);

--======= Insert Marriage between id: 539 and id: 540 =======
INSERT INTO marriage (spouse_1_id, spouse_2_id, location_id, day, month, year, date) VALUES (539, 540, null, null, null, null, null);

--======= Insert Marriage between id: 541 and id: 542 =======
INSERT INTO marriage (spouse_1_id, spouse_2_id, location_id, day, month, year, date) VALUES (541, 542, null, null, null, null, null);

--======= Insert Marriage between id: 546 and id: 547 =======
INSERT INTO marriage (spouse_1_id, spouse_2_id, location_id, day, month, year, date) VALUES (546, 547, null, null, null, null, null);

--======= Insert Marriage between id: 548 and id: 549 =======
INSERT INTO marriage (spouse_1_id, spouse_2_id, location_id, day, month, year, date) VALUES (548, 549, null, null, null, null, null);

--======= Insert Marriage between id: 552 and id: 573 =======
INSERT INTO location (id, city, country, region, notes, latitude, longitude, fetch_status) VALUES (1595, 'Stockholm', 'Sverige', '', '', null, null, 'AWAITING');
INSERT INTO marriage (spouse_1_id, spouse_2_id, location_id, day, month, year, date) VALUES (552, 573, 1595, 18, 11, 1868, '1868-11-18');

--======= Insert Marriage between id: 553 and id: 574 =======
INSERT INTO location (id, city, country, region, notes, latitude, longitude, fetch_status) VALUES (1596, 'Foss', 'Sverige', '', '', null, null, 'AWAITING');
INSERT INTO marriage (spouse_1_id, spouse_2_id, location_id, day, month, year, date) VALUES (553, 574, 1596, 11, 10, 1876, '1876-10-11');

--======= Insert Marriage between id: 554 and id: 575 =======
INSERT INTO location (id, city, country, region, notes, latitude, longitude, fetch_status) VALUES (1597, 'Stockholm', 'Sverige', '', '', null, null, 'AWAITING');
INSERT INTO marriage (spouse_1_id, spouse_2_id, location_id, day, month, year, date) VALUES (554, 575, 1597, 26, 5, 1875, '1875-05-26');

--======= Insert Marriage between id: 556 and id: 564 =======
INSERT INTO location (id, city, country, region, notes, latitude, longitude, fetch_status) VALUES (1598, 'Göteborg', 'Sverige', '', '', null, null, 'AWAITING');
INSERT INTO marriage (spouse_1_id, spouse_2_id, location_id, day, month, year, date) VALUES (556, 564, 1598, 26, 12, 1886, '1886-12-26');

--======= Insert Marriage between id: 556 and id: 566 =======
INSERT INTO location (id, city, country, region, notes, latitude, longitude, fetch_status) VALUES (1599, 'Starrkärr', 'Sverige', '', '', null, null, 'AWAITING');
INSERT INTO marriage (spouse_1_id, spouse_2_id, location_id, day, month, year, date) VALUES (556, 566, 1599, 10, 10, 1894, '1894-10-10');

--======= Insert Marriage between id: 557 and id: 1132 =======
INSERT INTO marriage (spouse_1_id, spouse_2_id, location_id, day, month, year, date) VALUES (557, 1132, null, null, null, null, null);

--======= Insert Marriage between id: 558 and id: 559 =======
INSERT INTO marriage (spouse_1_id, spouse_2_id, location_id, day, month, year, date) VALUES (558, 559, null, null, null, null, null);

--======= Insert Marriage between id: 559 and id: 648 =======
INSERT INTO marriage (spouse_1_id, spouse_2_id, location_id, day, month, year, date) VALUES (559, 648, null, null, null, null, null);

--======= Insert Marriage between id: 563 and id: 578 =======
INSERT INTO location (id, city, country, region, notes, latitude, longitude, fetch_status) VALUES (1600, 'Helsingborg', 'Sverige', '', '', null, null, 'AWAITING');
INSERT INTO marriage (spouse_1_id, spouse_2_id, location_id, day, month, year, date) VALUES (563, 578, 1600, 29, 11, 1894, '1894-11-29');

--======= Insert Marriage between id: 568 and id: 583 =======
INSERT INTO location (id, city, country, region, notes, latitude, longitude, fetch_status) VALUES (1601, 'Starrkärr', 'Sverige', '', '', null, null, 'AWAITING');
INSERT INTO marriage (spouse_1_id, spouse_2_id, location_id, day, month, year, date) VALUES (568, 583, 1601, 20, 6, 1901, '1901-06-20');

--======= Insert Marriage between id: 571 and id: 572 =======
INSERT INTO marriage (spouse_1_id, spouse_2_id, location_id, day, month, year, date) VALUES (571, 572, null, null, null, null, null);

--======= Insert Marriage between id: 576 and id: 577 =======
INSERT INTO marriage (spouse_1_id, spouse_2_id, location_id, day, month, year, date) VALUES (576, 577, null, null, null, null, null);

--======= Insert Marriage between id: 580 and id: 587 =======
INSERT INTO location (id, city, country, region, notes, latitude, longitude, fetch_status) VALUES (1602, 'Lund', 'Sverige', '', '', null, null, 'AWAITING');
INSERT INTO marriage (spouse_1_id, spouse_2_id, location_id, day, month, year, date) VALUES (580, 587, 1602, 5, 6, 1929, '1929-06-05');

--======= Insert Marriage between id: 585 and id: 586 =======
INSERT INTO marriage (spouse_1_id, spouse_2_id, location_id, day, month, year, date) VALUES (585, 586, null, null, null, null, null);

--======= Insert Marriage between id: 588 and id: 595 =======
INSERT INTO location (id, city, country, region, notes, latitude, longitude, fetch_status) VALUES (1603, 'Skellefteå', 'Sverige', '', '', null, null, 'AWAITING');
INSERT INTO marriage (spouse_1_id, spouse_2_id, location_id, day, month, year, date) VALUES (588, 595, 1603, 20, 6, 1958, '1958-06-20');

--======= Insert Marriage between id: 588 and id: 596 =======
INSERT INTO location (id, city, country, region, notes, latitude, longitude, fetch_status) VALUES (1604, 'ombord på S/Y Gita II', 'Sverige', '', '', null, null, 'AWAITING');
INSERT INTO marriage (spouse_1_id, spouse_2_id, location_id, day, month, year, date) VALUES (588, 596, 1604, 4, 7, 1992, '1992-07-04');

--======= Insert Marriage between id: 589 and id: 600 =======
INSERT INTO location (id, city, country, region, notes, latitude, longitude, fetch_status) VALUES (1605, 'Sjörup', 'Sverige', '', '', null, null, 'AWAITING');
INSERT INTO marriage (spouse_1_id, spouse_2_id, location_id, day, month, year, date) VALUES (589, 600, 1605, 5, 6, 1954, '1954-06-05');

--======= Insert Marriage between id: 590 and id: 605 =======
INSERT INTO location (id, city, country, region, notes, latitude, longitude, fetch_status) VALUES (1606, 'Malmö', 'Sverige', '', '', null, null, 'AWAITING');
INSERT INTO marriage (spouse_1_id, spouse_2_id, location_id, day, month, year, date) VALUES (590, 605, 1606, 20, 6, 1965, '1965-06-20');

--======= Insert Marriage between id: 591 and id: 609 =======
INSERT INTO location (id, city, country, region, notes, latitude, longitude, fetch_status) VALUES (1607, 'Sjörup', 'Sverige', '', '', null, null, 'AWAITING');
INSERT INTO marriage (spouse_1_id, spouse_2_id, location_id, day, month, year, date) VALUES (591, 609, 1607, 6, 10, 1973, '1973-10-06');

--======= Insert Marriage between id: 592 and id: 610 =======
INSERT INTO location (id, city, country, region, notes, latitude, longitude, fetch_status) VALUES (1608, 'Lund', 'Sverige', '', '', null, null, 'AWAITING');
INSERT INTO marriage (spouse_1_id, spouse_2_id, location_id, day, month, year, date) VALUES (592, 610, 1608, 11, 9, 1965, '1965-09-11');

--======= Insert Marriage between id: 592 and id: 611 =======
INSERT INTO location (id, city, country, region, notes, latitude, longitude, fetch_status) VALUES (1609, 'Lund', 'Sverige', '', '', null, null, 'AWAITING');
INSERT INTO marriage (spouse_1_id, spouse_2_id, location_id, day, month, year, date) VALUES (592, 611, 1609, 20, 4, 1970, '1970-04-20');

--======= Insert Marriage between id: 593 and id: 594 =======
INSERT INTO marriage (spouse_1_id, spouse_2_id, location_id, day, month, year, date) VALUES (593, 594, null, 26, 8, 1896, '1896-08-26');

--======= Insert Marriage between id: 597 and id: 618 =======
INSERT INTO location (id, city, country, region, notes, latitude, longitude, fetch_status) VALUES (1610, 'Lund', 'Sverige', '', '', null, null, 'AWAITING');
INSERT INTO marriage (spouse_1_id, spouse_2_id, location_id, day, month, year, date) VALUES (597, 618, 1610, 15, 5, 1993, '1993-05-15');

--======= Insert Marriage between id: 601 and id: 1065 =======
INSERT INTO marriage (spouse_1_id, spouse_2_id, location_id, day, month, year, date) VALUES (601, 1065, null, null, null, null, null);

--======= Insert Marriage between id: 602 and id: 1069 =======
INSERT INTO marriage (spouse_1_id, spouse_2_id, location_id, day, month, year, date) VALUES (602, 1069, null, null, null, null, null);

--======= Insert Marriage between id: 603 and id: 1072 =======
INSERT INTO marriage (spouse_1_id, spouse_2_id, location_id, day, month, year, date) VALUES (603, 1072, null, null, null, null, null);

--======= Insert Marriage between id: 604 and id: 1075 =======
INSERT INTO marriage (spouse_1_id, spouse_2_id, location_id, day, month, year, date) VALUES (604, 1075, null, null, null, null, null);

--======= Insert Marriage between id: 607 and id: 622 =======
INSERT INTO marriage (spouse_1_id, spouse_2_id, location_id, day, month, year, date) VALUES (607, 622, null, null, null, null, null);

--======= Insert Marriage between id: 616 and id: 617 =======
INSERT INTO marriage (spouse_1_id, spouse_2_id, location_id, day, month, year, date) VALUES (616, 617, null, null, null, null, null);

--======= Insert Marriage between id: 620 and id: 621 =======
INSERT INTO marriage (spouse_1_id, spouse_2_id, location_id, day, month, year, date) VALUES (620, 621, null, null, null, null, null);

--======= Insert Marriage between id: 623 and id: 624 =======
INSERT INTO marriage (spouse_1_id, spouse_2_id, location_id, day, month, year, date) VALUES (623, 624, null, null, null, null, null);

--======= Insert Marriage between id: 625 and id: 626 =======
INSERT INTO location (id, city, country, region, notes, latitude, longitude, fetch_status) VALUES (1611, 'Solna', 'Sverige', '', '', null, null, 'AWAITING');
INSERT INTO marriage (spouse_1_id, spouse_2_id, location_id, day, month, year, date) VALUES (625, 626, 1611, 9, 6, 1939, '1939-06-09');

--======= Insert Marriage between id: 629 and id: 630 =======
INSERT INTO marriage (spouse_1_id, spouse_2_id, location_id, day, month, year, date) VALUES (629, 630, null, null, null, null, null);

--======= Insert Marriage between id: 631 and id: 632 =======
INSERT INTO marriage (spouse_1_id, spouse_2_id, location_id, day, month, year, date) VALUES (631, 632, null, null, null, null, null);

--======= Insert Marriage between id: 634 and id: 635 =======
INSERT INTO marriage (spouse_1_id, spouse_2_id, location_id, day, month, year, date) VALUES (634, 635, null, null, null, null, null);

--======= Insert Marriage between id: 644 and id: 645 =======
INSERT INTO marriage (spouse_1_id, spouse_2_id, location_id, day, month, year, date) VALUES (644, 645, null, null, null, null, null);

--======= Insert Marriage between id: 646 and id: 647 =======
INSERT INTO marriage (spouse_1_id, spouse_2_id, location_id, day, month, year, date) VALUES (646, 647, null, null, null, null, null);

--======= Insert Marriage between id: 649 and id: 650 =======
INSERT INTO marriage (spouse_1_id, spouse_2_id, location_id, day, month, year, date) VALUES (649, 650, null, 20, 3, 1863, '1863-03-20');

--======= Insert Marriage between id: 650 and id: 1146 =======
INSERT INTO marriage (spouse_1_id, spouse_2_id, location_id, day, month, year, date) VALUES (650, 1146, null, null, null, null, null);

--======= Insert Marriage between id: 652 and id: 1180 =======
INSERT INTO marriage (spouse_1_id, spouse_2_id, location_id, day, month, year, date) VALUES (652, 1180, null, 18, 2, 1936, '1936-02-18');

--======= Insert Marriage between id: 653 and id: 1186 =======
INSERT INTO marriage (spouse_1_id, spouse_2_id, location_id, day, month, year, date) VALUES (653, 1186, null, 24, 7, 1929, '1929-07-24');

--======= Insert Marriage between id: 655 and id: 1192 =======
INSERT INTO marriage (spouse_1_id, spouse_2_id, location_id, day, month, year, date) VALUES (655, 1192, null, 8, 10, 1937, '1937-10-08');

--======= Insert Marriage between id: 655 and id: 1193 =======
INSERT INTO marriage (spouse_1_id, spouse_2_id, location_id, day, month, year, date) VALUES (655, 1193, null, null, null, null, null);

--======= Insert Marriage between id: 656 and id: 657 =======
INSERT INTO marriage (spouse_1_id, spouse_2_id, location_id, day, month, year, date) VALUES (656, 657, null, 3, 2, 1858, '1858-02-03');

--======= Insert Marriage between id: 658 and id: 947 =======
INSERT INTO location (id, city, country, region, notes, latitude, longitude, fetch_status) VALUES (1612, 'Kristianstad', 'Sverige', '', '', null, null, 'AWAITING');
INSERT INTO marriage (spouse_1_id, spouse_2_id, location_id, day, month, year, date) VALUES (658, 947, 1612, 25, 5, 1752, '1752-05-25');

--======= Insert Marriage between id: 659 and id: 707 =======
INSERT INTO marriage (spouse_1_id, spouse_2_id, location_id, day, month, year, date) VALUES (659, 707, null, null, null, 1755, '1755-01-01');

--======= Insert Marriage between id: 660 and id: 661 =======
INSERT INTO marriage (spouse_1_id, spouse_2_id, location_id, day, month, year, date) VALUES (660, 661, null, 16, 12, 1866, '1866-12-16');

--======= Insert Marriage between id: 664 and id: 665 =======
INSERT INTO marriage (spouse_1_id, spouse_2_id, location_id, day, month, year, date) VALUES (664, 665, null, null, null, null, null);

--======= Insert Marriage between id: 682 and id: 683 =======
INSERT INTO marriage (spouse_1_id, spouse_2_id, location_id, day, month, year, date) VALUES (682, 683, null, null, null, null, null);

--======= Insert Marriage between id: 699 and id: 700 =======
INSERT INTO location (id, city, country, region, notes, latitude, longitude, fetch_status) VALUES (1613, 'Malmö', 'Sverige', '', '', null, null, 'AWAITING');
INSERT INTO marriage (spouse_1_id, spouse_2_id, location_id, day, month, year, date) VALUES (699, 700, 1613, null, null, 1683, '1683-01-01');

--======= Insert Marriage between id: 702 and id: 709 =======
INSERT INTO location (id, city, country, region, notes, latitude, longitude, fetch_status) VALUES (1614, 'Gävle', 'Sverige', '', '', null, null, 'AWAITING');
INSERT INTO marriage (spouse_1_id, spouse_2_id, location_id, day, month, year, date) VALUES (702, 709, 1614, 30, 12, 1750, '1750-12-30');

--======= Insert Marriage between id: 703 and id: 718 =======
INSERT INTO location (id, city, country, region, notes, latitude, longitude, fetch_status) VALUES (1615, 'Gävle', 'Sverige', '', '', null, null, 'AWAITING');
INSERT INTO marriage (spouse_1_id, spouse_2_id, location_id, day, month, year, date) VALUES (703, 718, 1615, null, null, 1747, '1747-01-01');

--======= Insert Marriage between id: 703 and id: 719 =======
INSERT INTO location (id, city, country, region, notes, latitude, longitude, fetch_status) VALUES (1616, 'Gävle', 'Sverige', '', '', null, null, 'AWAITING');
INSERT INTO marriage (spouse_1_id, spouse_2_id, location_id, day, month, year, date) VALUES (703, 719, 1616, 11, 9, 1760, '1760-09-11');

--======= Insert Marriage between id: 707 and id: 725 =======
INSERT INTO marriage (spouse_1_id, spouse_2_id, location_id, day, month, year, date) VALUES (707, 725, null, null, null, 1761, '1761-01-01');

--======= Insert Marriage between id: 708 and id: 732 =======
INSERT INTO location (id, city, country, region, notes, latitude, longitude, fetch_status) VALUES (1617, 'Malmö', 'Sverige', '', '', null, null, 'AWAITING');
INSERT INTO marriage (spouse_1_id, spouse_2_id, location_id, day, month, year, date) VALUES (708, 732, 1617, 14, 10, 1750, '1750-10-14');

--======= Insert Marriage between id: 711 and id: 736 =======
INSERT INTO location (id, city, country, region, notes, latitude, longitude, fetch_status) VALUES (1618, 'Stockholm', 'Sverige', '', '', null, null, 'AWAITING');
INSERT INTO marriage (spouse_1_id, spouse_2_id, location_id, day, month, year, date) VALUES (711, 736, 1618, 4, 3, 1779, '1779-03-04');

--======= Insert Marriage between id: 712 and id: 741 =======
INSERT INTO location (id, city, country, region, notes, latitude, longitude, fetch_status) VALUES (1619, 'Stockholm', 'Sverige', '', '', null, null, 'AWAITING');
INSERT INTO marriage (spouse_1_id, spouse_2_id, location_id, day, month, year, date) VALUES (712, 741, 1619, 8, 10, 1780, '1780-10-08');

--======= Insert Marriage between id: 714 and id: 749 =======
INSERT INTO marriage (spouse_1_id, spouse_2_id, location_id, day, month, year, date) VALUES (714, 749, null, null, null, null, null);

--======= Insert Marriage between id: 717 and id: 759 =======
INSERT INTO location (id, city, country, region, notes, latitude, longitude, fetch_status) VALUES (1620, 'Stockholm', 'Sverige', '', '', null, null, 'AWAITING');
INSERT INTO marriage (spouse_1_id, spouse_2_id, location_id, day, month, year, date) VALUES (717, 759, 1620, 28, 3, 1796, '1796-03-28');

--======= Insert Marriage between id: 721 and id: 889 =======
INSERT INTO location (id, city, country, region, notes, latitude, longitude, fetch_status) VALUES (1621, 'Gävle', 'Sverige', '', '', null, null, 'AWAITING');
INSERT INTO marriage (spouse_1_id, spouse_2_id, location_id, day, month, year, date) VALUES (721, 889, 1621, 16, 5, 1773, '1773-05-16');

--======= Insert Marriage between id: 724 and id: 890 =======
INSERT INTO location (id, city, country, region, notes, latitude, longitude, fetch_status) VALUES (1622, 'Gävle', 'Sverige', '', '', null, null, 'AWAITING');
INSERT INTO marriage (spouse_1_id, spouse_2_id, location_id, day, month, year, date) VALUES (724, 890, 1622, 6, 12, 1782, '1782-12-06');

--======= Insert Marriage between id: 726 and id: 893 =======
INSERT INTO location (id, city, country, region, notes, latitude, longitude, fetch_status) VALUES (1623, 'Malmö', 'Sverige', '', '', null, null, 'AWAITING');
INSERT INTO marriage (spouse_1_id, spouse_2_id, location_id, day, month, year, date) VALUES (726, 893, 1623, 26, 5, 1775, '1775-05-26');

--======= Insert Marriage between id: 727 and id: 894 =======
INSERT INTO location (id, city, country, region, notes, latitude, longitude, fetch_status) VALUES (1624, 'Malmö', 'Sverige', '', '', null, null, 'AWAITING');
INSERT INTO marriage (spouse_1_id, spouse_2_id, location_id, day, month, year, date) VALUES (727, 894, 1624, 6, 1, 1781, '1781-01-06');

--======= Insert Marriage between id: 728 and id: 895 =======
INSERT INTO location (id, city, country, region, notes, latitude, longitude, fetch_status) VALUES (1625, 'Malmö', 'Sverige', '', '', null, null, 'AWAITING');
INSERT INTO marriage (spouse_1_id, spouse_2_id, location_id, day, month, year, date) VALUES (728, 895, 1625, 5, 10, 1783, '1783-10-05');

--======= Insert Marriage between id: 729 and id: 896 =======
INSERT INTO location (id, city, country, region, notes, latitude, longitude, fetch_status) VALUES (1626, 'Malmö', 'Sverige', '', '', null, null, 'AWAITING');
INSERT INTO marriage (spouse_1_id, spouse_2_id, location_id, day, month, year, date) VALUES (729, 896, 1626, 25, 11, 1787, '1787-11-25');

--======= Insert Marriage between id: 730 and id: 733 =======
INSERT INTO marriage (spouse_1_id, spouse_2_id, location_id, day, month, year, date) VALUES (730, 733, null, 6, 4, 1788, '1788-04-06');

--======= Insert Marriage between id: 731 and id: 900 =======
INSERT INTO location (id, city, country, region, notes, latitude, longitude, fetch_status) VALUES (1627, 'Malmö', 'Sverige', '', '', null, null, 'AWAITING');
INSERT INTO marriage (spouse_1_id, spouse_2_id, location_id, day, month, year, date) VALUES (731, 900, 1627, 21, 10, 1787, '1787-10-21');

--======= Insert Marriage between id: 734 and id: 735 =======
INSERT INTO marriage (spouse_1_id, spouse_2_id, location_id, day, month, year, date) VALUES (734, 735, null, null, null, null, null);

--======= Insert Marriage between id: 738 and id: 762 =======
INSERT INTO location (id, city, country, region, notes, latitude, longitude, fetch_status) VALUES (1628, 'Stockholm', 'Sverige', '', '', null, null, 'AWAITING');
INSERT INTO marriage (spouse_1_id, spouse_2_id, location_id, day, month, year, date) VALUES (738, 762, 1628, 13, 4, 1812, '1812-04-13');

--======= Insert Marriage between id: 739 and id: 763 =======
INSERT INTO location (id, city, country, region, notes, latitude, longitude, fetch_status) VALUES (1629, 'Stockholm', 'Sverige', '', '', null, null, 'AWAITING');
INSERT INTO marriage (spouse_1_id, spouse_2_id, location_id, day, month, year, date) VALUES (739, 763, 1629, 20, 3, 1823, '1823-03-20');

--======= Insert Marriage between id: 740 and id: 770 =======
INSERT INTO location (id, city, country, region, notes, latitude, longitude, fetch_status) VALUES (1630, 'Stockholm', 'Sverige', '', '', null, null, 'AWAITING');
INSERT INTO marriage (spouse_1_id, spouse_2_id, location_id, day, month, year, date) VALUES (740, 770, 1630, 19, 4, 1806, '1806-04-19');

--======= Insert Marriage between id: 745 and id: 874 =======
INSERT INTO location (id, city, country, region, notes, latitude, longitude, fetch_status) VALUES (1631, 'Stockholm', 'Sverige', '', '', null, null, 'AWAITING');
INSERT INTO marriage (spouse_1_id, spouse_2_id, location_id, day, month, year, date) VALUES (745, 874, 1631, 29, 5, 1819, '1819-05-29');

--======= Insert Marriage between id: 748 and id: 875 =======
INSERT INTO location (id, city, country, region, notes, latitude, longitude, fetch_status) VALUES (1632, 'Stockholm', 'Sverige', '', '', null, null, 'AWAITING');
INSERT INTO marriage (spouse_1_id, spouse_2_id, location_id, day, month, year, date) VALUES (748, 875, 1632, 26, 12, 1818, '1818-12-26');

--======= Insert Marriage between id: 756 and id: 881 =======
INSERT INTO location (id, city, country, region, notes, latitude, longitude, fetch_status) VALUES (1633, 'Stockholm', 'Sverige', '', '', null, null, 'AWAITING');
INSERT INTO marriage (spouse_1_id, spouse_2_id, location_id, day, month, year, date) VALUES (756, 881, 1633, null, null, 1832, '1832-01-01');

--======= Insert Marriage between id: 757 and id: 884 =======
INSERT INTO marriage (spouse_1_id, spouse_2_id, location_id, day, month, year, date) VALUES (757, 884, null, null, null, 1824, '1824-01-01');

--======= Insert Marriage between id: 760 and id: 761 =======
INSERT INTO marriage (spouse_1_id, spouse_2_id, location_id, day, month, year, date) VALUES (760, 761, null, null, null, null, null);

--======= Insert Marriage between id: 766 and id: 773 =======
INSERT INTO location (id, city, country, region, notes, latitude, longitude, fetch_status) VALUES (1634, 'Stockholm', 'Sverige', '', '', null, null, 'AWAITING');
INSERT INTO marriage (spouse_1_id, spouse_2_id, location_id, day, month, year, date) VALUES (766, 773, 1634, 19, 11, 1855, '1855-11-19');

--======= Insert Marriage between id: 767 and id: 777 =======
INSERT INTO location (id, city, country, region, notes, latitude, longitude, fetch_status) VALUES (1635, 'Stockholm', 'Sverige', '', '', null, null, 'AWAITING');
INSERT INTO marriage (spouse_1_id, spouse_2_id, location_id, day, month, year, date) VALUES (767, 777, 1635, 25, 8, 1851, '1851-08-25');

--======= Insert Marriage between id: 768 and id: 778 =======
INSERT INTO location (id, city, country, region, notes, latitude, longitude, fetch_status) VALUES (1636, 'Ontonogan', 'USA', 'Michigan', '', null, null, 'AWAITING');
INSERT INTO marriage (spouse_1_id, spouse_2_id, location_id, day, month, year, date) VALUES (768, 778, 1636, 26, 5, 1859, '1859-05-26');

--======= Insert Marriage between id: 771 and id: 772 =======
INSERT INTO marriage (spouse_1_id, spouse_2_id, location_id, day, month, year, date) VALUES (771, 772, null, null, null, null, null);

--======= Insert Marriage between id: 774 and id: 787 =======
INSERT INTO location (id, city, country, region, notes, latitude, longitude, fetch_status) VALUES (1637, 'Köpenhamn', 'Danmark', '', '', null, null, 'AWAITING');
INSERT INTO marriage (spouse_1_id, spouse_2_id, location_id, day, month, year, date) VALUES (774, 787, 1637, 30, 9, 1899, '1899-09-30');

--======= Insert Marriage between id: 775 and id: 791 =======
INSERT INTO location (id, city, country, region, notes, latitude, longitude, fetch_status) VALUES (1638, 'Stockholm', 'Sverige', '', '', null, null, 'AWAITING');
INSERT INTO marriage (spouse_1_id, spouse_2_id, location_id, day, month, year, date) VALUES (775, 791, 1638, 14, 4, 1888, '1888-04-14');

--======= Insert Marriage between id: 779 and id: 813 =======
INSERT INTO location (id, city, country, region, notes, latitude, longitude, fetch_status) VALUES (1639, 'Seneca', 'USA', 'Kansas', '', null, null, 'AWAITING');
INSERT INTO marriage (spouse_1_id, spouse_2_id, location_id, day, month, year, date) VALUES (779, 813, 1639, null, null, 1893, '1893-01-01');

--======= Insert Marriage between id: 781 and id: 816 =======
INSERT INTO location (id, city, country, region, notes, latitude, longitude, fetch_status) VALUES (1640, 'Homcock', 'USA', 'Michigan', '', null, null, 'AWAITING');
INSERT INTO marriage (spouse_1_id, spouse_2_id, location_id, day, month, year, date) VALUES (781, 816, 1640, 29, 6, 1893, '1893-06-29');

--======= Insert Marriage between id: 782 and id: 819 =======
INSERT INTO location (id, city, country, region, notes, latitude, longitude, fetch_status) VALUES (1641, 'Seattle', 'USA', 'Washington', '', null, null, 'AWAITING');
INSERT INTO marriage (spouse_1_id, spouse_2_id, location_id, day, month, year, date) VALUES (782, 819, 1641, 27, 6, 1892, '1892-06-27');

--======= Insert Marriage between id: 783 and id: 820 =======
INSERT INTO location (id, city, country, region, notes, latitude, longitude, fetch_status) VALUES (1642, 'Redlands', 'USA', 'Californien', '', null, null, 'AWAITING');
INSERT INTO marriage (spouse_1_id, spouse_2_id, location_id, day, month, year, date) VALUES (783, 820, 1642, 6, 10, 1904, '1904-10-06');

--======= Insert Marriage between id: 784 and id: 821 =======
INSERT INTO location (id, city, country, region, notes, latitude, longitude, fetch_status) VALUES (1643, 'Colorado', 'USA', '', '', null, null, 'AWAITING');
INSERT INTO marriage (spouse_1_id, spouse_2_id, location_id, day, month, year, date) VALUES (784, 821, 1643, 27, 11, 1902, '1902-11-27');

--======= Insert Marriage between id: 785 and id: 786 =======
INSERT INTO marriage (spouse_1_id, spouse_2_id, location_id, day, month, year, date) VALUES (785, 786, null, null, null, null, null);

--======= Insert Marriage between id: 788 and id: 795 =======
INSERT INTO location (id, city, country, region, notes, latitude, longitude, fetch_status) VALUES (1644, 'Malmö', 'Sverige', '', '', null, null, 'AWAITING');
INSERT INTO marriage (spouse_1_id, spouse_2_id, location_id, day, month, year, date) VALUES (788, 795, 1644, 30, 3, 1921, '1921-03-30');

--======= Insert Marriage between id: 788 and id: 796 =======
INSERT INTO location (id, city, country, region, notes, latitude, longitude, fetch_status) VALUES (1645, 'Stenbrohult', 'Sverige', '', '', null, null, 'AWAITING');
INSERT INTO marriage (spouse_1_id, spouse_2_id, location_id, day, month, year, date) VALUES (788, 796, 1645, 15, 12, 1935, '1935-12-15');

--======= Insert Marriage between id: 789 and id: 804 =======
INSERT INTO location (id, city, country, region, notes, latitude, longitude, fetch_status) VALUES (1646, 'Malmö', 'Sverige', '', '', null, null, 'AWAITING');
INSERT INTO marriage (spouse_1_id, spouse_2_id, location_id, day, month, year, date) VALUES (789, 804, 1646, 22, 5, 1924, '1924-05-22');

--======= Insert Marriage between id: 789 and id: 805 =======
INSERT INTO location (id, city, country, region, notes, latitude, longitude, fetch_status) VALUES (1647, 'Malmö', 'Sverige', '', '', null, null, 'AWAITING');
INSERT INTO marriage (spouse_1_id, spouse_2_id, location_id, day, month, year, date) VALUES (789, 805, 1647, 20, 12, 1935, '1935-12-20');

--======= Insert Marriage between id: 790 and id: 806 =======
INSERT INTO location (id, city, country, region, notes, latitude, longitude, fetch_status) VALUES (1648, 'Malmö', 'Sverige', '', '', null, null, 'AWAITING');
INSERT INTO marriage (spouse_1_id, spouse_2_id, location_id, day, month, year, date) VALUES (790, 806, 1648, 30, 9, 1926, '1926-09-30');

--======= Insert Marriage between id: 792 and id: 810 =======
INSERT INTO location (id, city, country, region, notes, latitude, longitude, fetch_status) VALUES (1649, 'Saltsjöbaden', 'Sverige', '', '', null, null, 'AWAITING');
INSERT INTO marriage (spouse_1_id, spouse_2_id, location_id, day, month, year, date) VALUES (792, 810, 1649, 29, 7, 1917, '1917-07-29');

--======= Insert Marriage between id: 793 and id: 794 =======
INSERT INTO marriage (spouse_1_id, spouse_2_id, location_id, day, month, year, date) VALUES (793, 794, null, null, null, null, null);

--======= Insert Marriage between id: 797 and id: 800 =======
INSERT INTO location (id, city, country, region, notes, latitude, longitude, fetch_status) VALUES (1650, 'Malmö', 'Sverige', '', '', null, null, 'AWAITING');
INSERT INTO marriage (spouse_1_id, spouse_2_id, location_id, day, month, year, date) VALUES (797, 800, 1650, 29, 10, 1944, '1944-10-29');

--======= Insert Marriage between id: 799 and id: 801 =======
INSERT INTO location (id, city, country, region, notes, latitude, longitude, fetch_status) VALUES (1651, 'Vreta kloster', 'Linköping', '', '', null, null, 'AWAITING');
INSERT INTO marriage (spouse_1_id, spouse_2_id, location_id, day, month, year, date) VALUES (799, 801, 1651, 29, 7, 1972, '1972-07-29');

--======= Insert Marriage between id: 807 and id: 915 =======
INSERT INTO location (id, city, country, region, notes, latitude, longitude, fetch_status) VALUES (1652, 'Malmö', 'Sverige', '', '', null, null, 'AWAITING');
INSERT INTO marriage (spouse_1_id, spouse_2_id, location_id, day, month, year, date) VALUES (807, 915, 1652, 13, 9, 1952, '1952-09-13');

--======= Insert Marriage between id: 808 and id: 809 =======
INSERT INTO marriage (spouse_1_id, spouse_2_id, location_id, day, month, year, date) VALUES (808, 809, null, null, null, null, null);

--======= Insert Marriage between id: 811 and id: 812 =======
INSERT INTO marriage (spouse_1_id, spouse_2_id, location_id, day, month, year, date) VALUES (811, 812, null, null, null, null, null);

--======= Insert Marriage between id: 814 and id: 828 =======
INSERT INTO location (id, city, country, region, notes, latitude, longitude, fetch_status) VALUES (1653, 'Duluth', 'USA', 'Minnesota', '', null, null, 'AWAITING');
INSERT INTO marriage (spouse_1_id, spouse_2_id, location_id, day, month, year, date) VALUES (814, 828, 1653, 20, 12, 1921, '1921-12-20');

--======= Insert Marriage between id: 814 and id: 829 =======
INSERT INTO location (id, city, country, region, notes, latitude, longitude, fetch_status) VALUES (1654, 'Duluth', 'USA', 'Minnesota', '', null, null, 'AWAITING');
INSERT INTO marriage (spouse_1_id, spouse_2_id, location_id, day, month, year, date) VALUES (814, 829, 1654, 1, 9, 1931, '1931-09-01');

--======= Insert Marriage between id: 814 and id: 830 =======
INSERT INTO location (id, city, country, region, notes, latitude, longitude, fetch_status) VALUES (1655, 'Duluth', 'USA', 'Minnesota', '', null, null, 'AWAITING');
INSERT INTO marriage (spouse_1_id, spouse_2_id, location_id, day, month, year, date) VALUES (814, 830, 1655, 23, 8, 1975, '1975-08-23');

--======= Insert Marriage between id: 823 and id: 835 =======
INSERT INTO location (id, city, country, region, notes, latitude, longitude, fetch_status) VALUES (1656, 'Los Angeles', 'USA', 'Californien', '', null, null, 'AWAITING');
INSERT INTO marriage (spouse_1_id, spouse_2_id, location_id, day, month, year, date) VALUES (823, 835, 1656, 14, 8, 1935, '1935-08-14');

--======= Insert Marriage between id: 823 and id: 836 =======
INSERT INTO location (id, city, country, region, notes, latitude, longitude, fetch_status) VALUES (1657, 'Riverside', 'USA', 'Californien', '', null, null, 'AWAITING');
INSERT INTO marriage (spouse_1_id, spouse_2_id, location_id, day, month, year, date) VALUES (823, 836, 1657, 17, 3, 1958, '1958-03-17');

--======= Insert Marriage between id: 825 and id: 839 =======
INSERT INTO location (id, city, country, region, notes, latitude, longitude, fetch_status) VALUES (1658, 'Los Angeles', 'USA', 'Californien', '', null, null, 'AWAITING');
INSERT INTO marriage (spouse_1_id, spouse_2_id, location_id, day, month, year, date) VALUES (825, 839, 1658, 21, 2, 1936, '1936-02-21');

--======= Insert Marriage between id: 826 and id: 827 =======
INSERT INTO marriage (spouse_1_id, spouse_2_id, location_id, day, month, year, date) VALUES (826, 827, null, null, null, null, null);

--======= Insert Marriage between id: 831 and id: 832 =======
INSERT INTO marriage (spouse_1_id, spouse_2_id, location_id, day, month, year, date) VALUES (831, 832, null, null, null, null, null);

--======= Insert Marriage between id: 833 and id: 834 =======
INSERT INTO marriage (spouse_1_id, spouse_2_id, location_id, day, month, year, date) VALUES (833, 834, null, null, null, null, null);

--======= Insert Marriage between id: 837 and id: 846 =======
INSERT INTO location (id, city, country, region, notes, latitude, longitude, fetch_status) VALUES (1659, 'Studic City', 'USA', 'Californien', '', null, null, 'AWAITING');
INSERT INTO marriage (spouse_1_id, spouse_2_id, location_id, day, month, year, date) VALUES (837, 846, 1659, 30, 1, 1965, '1965-01-30');

--======= Insert Marriage between id: 838 and id: 851 =======
INSERT INTO location (id, city, country, region, notes, latitude, longitude, fetch_status) VALUES (1660, 'Downey', 'USA', 'Californien', '', null, null, 'AWAITING');
INSERT INTO marriage (spouse_1_id, spouse_2_id, location_id, day, month, year, date) VALUES (838, 851, 1660, null, null, 1969, '1969-01-01');

--======= Insert Marriage between id: 840 and id: 856 =======
INSERT INTO location (id, city, country, region, notes, latitude, longitude, fetch_status) VALUES (1661, 'Palos Verdes', 'USA', 'Californien', '', null, null, 'AWAITING');
INSERT INTO marriage (spouse_1_id, spouse_2_id, location_id, day, month, year, date) VALUES (840, 856, 1661, 24, 11, 1960, '1960-11-24');

--======= Insert Marriage between id: 841 and id: 859 =======
INSERT INTO location (id, city, country, region, notes, latitude, longitude, fetch_status) VALUES (1662, 'Palos Verdes', 'USA', 'Californien', '', null, null, 'AWAITING');
INSERT INTO marriage (spouse_1_id, spouse_2_id, location_id, day, month, year, date) VALUES (841, 859, 1662, 2, 7, 1961, '1961-07-02');

--======= Insert Marriage between id: 842 and id: 864 =======
INSERT INTO location (id, city, country, region, notes, latitude, longitude, fetch_status) VALUES (1663, 'Los Angeles', 'USA', 'Californien', '', null, null, 'AWAITING');
INSERT INTO marriage (spouse_1_id, spouse_2_id, location_id, day, month, year, date) VALUES (842, 864, 1663, 15, 6, 1968, '1968-06-15');

--======= Insert Marriage between id: 843 and id: 867 =======
INSERT INTO location (id, city, country, region, notes, latitude, longitude, fetch_status) VALUES (1664, 'Laguna Beach', 'USA', 'Californien', '', null, null, 'AWAITING');
INSERT INTO marriage (spouse_1_id, spouse_2_id, location_id, day, month, year, date) VALUES (843, 867, 1664, 21, 3, 1981, '1981-03-21');

--======= Insert Marriage between id: 844 and id: 845 =======
INSERT INTO marriage (spouse_1_id, spouse_2_id, location_id, day, month, year, date) VALUES (844, 845, null, null, null, null, null);

--======= Insert Marriage between id: 852 and id: 853 =======
INSERT INTO marriage (spouse_1_id, spouse_2_id, location_id, day, month, year, date) VALUES (852, 853, null, null, null, null, null);

--======= Insert Marriage between id: 854 and id: 855 =======
INSERT INTO marriage (spouse_1_id, spouse_2_id, location_id, day, month, year, date) VALUES (854, 855, null, null, null, null, null);

--======= Insert Marriage between id: 857 and id: 858 =======
INSERT INTO marriage (spouse_1_id, spouse_2_id, location_id, day, month, year, date) VALUES (857, 858, null, null, null, null, null);

--======= Insert Marriage between id: 862 and id: 863 =======
INSERT INTO marriage (spouse_1_id, spouse_2_id, location_id, day, month, year, date) VALUES (862, 863, null, null, null, null, null);

--======= Insert Marriage between id: 870 and id: 871 =======
INSERT INTO marriage (spouse_1_id, spouse_2_id, location_id, day, month, year, date) VALUES (870, 871, null, null, null, null, null);

--======= Insert Marriage between id: 872 and id: 873 =======
INSERT INTO marriage (spouse_1_id, spouse_2_id, location_id, day, month, year, date) VALUES (872, 873, null, null, null, null, null);

--======= Insert Marriage between id: 879 and id: 880 =======
INSERT INTO marriage (spouse_1_id, spouse_2_id, location_id, day, month, year, date) VALUES (879, 880, null, null, null, null, null);

--======= Insert Marriage between id: 882 and id: 885 =======
INSERT INTO location (id, city, country, region, notes, latitude, longitude, fetch_status) VALUES (1665, 'Stockholm', 'Sverige', '', '', null, null, 'AWAITING');
INSERT INTO marriage (spouse_1_id, spouse_2_id, location_id, day, month, year, date) VALUES (882, 885, 1665, 5, 6, 1858, '1858-06-05');

--======= Insert Marriage between id: 883 and id: 886 =======
INSERT INTO location (id, city, country, region, notes, latitude, longitude, fetch_status) VALUES (1666, 'Stockholm', 'Sverige', '', '', null, null, 'AWAITING');
INSERT INTO marriage (spouse_1_id, spouse_2_id, location_id, day, month, year, date) VALUES (883, 886, 1666, 22, 10, 1864, '1864-10-22');

--======= Insert Marriage between id: 887 and id: 888 =======
INSERT INTO marriage (spouse_1_id, spouse_2_id, location_id, day, month, year, date) VALUES (887, 888, null, null, null, null, null);

--======= Insert Marriage between id: 891 and id: 892 =======
INSERT INTO marriage (spouse_1_id, spouse_2_id, location_id, day, month, year, date) VALUES (891, 892, null, null, null, null, null);

--======= Insert Marriage between id: 897 and id: 1152 =======
INSERT INTO location (id, city, country, region, notes, latitude, longitude, fetch_status) VALUES (1667, 'Malmö', 'Sverige', '', '', null, null, 'AWAITING');
INSERT INTO marriage (spouse_1_id, spouse_2_id, location_id, day, month, year, date) VALUES (897, 1152, 1667, null, null, 1820, '1820-01-01');

--======= Insert Marriage between id: 901 and id: 902 =======
INSERT INTO location (id, city, country, region, notes, latitude, longitude, fetch_status) VALUES (1668, 'Lund', 'Sverige', '', '', null, null, 'AWAITING');
INSERT INTO marriage (spouse_1_id, spouse_2_id, location_id, day, month, year, date) VALUES (901, 902, 1668, null, null, 1729, '1729-01-01');

--======= Insert Marriage between id: 903 and id: 1097 =======
INSERT INTO marriage (spouse_1_id, spouse_2_id, location_id, day, month, year, date) VALUES (903, 1097, null, null, null, null, null);

--======= Insert Marriage between id: 903 and id: 1098 =======
INSERT INTO location (id, city, country, region, notes, latitude, longitude, fetch_status) VALUES (1669, 'Kvistofta', 'Sverige', '', '', null, null, 'AWAITING');
INSERT INTO marriage (spouse_1_id, spouse_2_id, location_id, day, month, year, date) VALUES (903, 1098, 1669, null, null, 1785, '1785-01-01');

--======= Insert Marriage between id: 909 and id: 1115 =======
INSERT INTO marriage (spouse_1_id, spouse_2_id, location_id, day, month, year, date) VALUES (909, 1115, null, null, null, null, null);

--======= Insert Marriage between id: 910 and id: 1116 =======
INSERT INTO marriage (spouse_1_id, spouse_2_id, location_id, day, month, year, date) VALUES (910, 1116, null, null, null, null, null);

--======= Insert Marriage between id: 911 and id: 914 =======
INSERT INTO marriage (spouse_1_id, spouse_2_id, location_id, day, month, year, date) VALUES (911, 914, null, null, null, null, null);

--======= Insert Marriage between id: 912 and id: 913 =======
INSERT INTO marriage (spouse_1_id, spouse_2_id, location_id, day, month, year, date) VALUES (912, 913, null, null, null, null, null);

--======= Insert Marriage between id: 916 and id: 917 =======
INSERT INTO location (id, city, country, region, notes, latitude, longitude, fetch_status) VALUES (1670, 'Horn', 'Sverige', '', '', null, null, 'AWAITING');
INSERT INTO marriage (spouse_1_id, spouse_2_id, location_id, day, month, year, date) VALUES (916, 917, 1670, null, null, 1938, '1938-01-01');

--======= Insert Marriage between id: 918 and id: 919 =======
INSERT INTO marriage (spouse_1_id, spouse_2_id, location_id, day, month, year, date) VALUES (918, 919, null, null, null, null, null);

--======= Insert Marriage between id: 921 and id: 922 =======
INSERT INTO marriage (spouse_1_id, spouse_2_id, location_id, day, month, year, date) VALUES (921, 922, null, null, null, null, null);

--======= Insert Marriage between id: 925 and id: 941 =======
INSERT INTO marriage (spouse_1_id, spouse_2_id, location_id, day, month, year, date) VALUES (925, 941, null, null, null, 1691, '1691-01-01');

--======= Insert Marriage between id: 929 and id: 943 =======
INSERT INTO marriage (spouse_1_id, spouse_2_id, location_id, day, month, year, date) VALUES (929, 943, null, null, null, null, null);

--======= Insert Marriage between id: 933 and id: 944 =======
INSERT INTO location (id, city, country, region, notes, latitude, longitude, fetch_status) VALUES (1671, 'Malmö', 'Sverige', '', '', null, null, 'AWAITING');
INSERT INTO marriage (spouse_1_id, spouse_2_id, location_id, day, month, year, date) VALUES (933, 944, 1671, null, null, 1710, '1710-01-01');

--======= Insert Marriage between id: 933 and id: 945 =======
INSERT INTO location (id, city, country, region, notes, latitude, longitude, fetch_status) VALUES (1672, 'Malmö', 'Sverige', '', '', null, null, 'AWAITING');
INSERT INTO marriage (spouse_1_id, spouse_2_id, location_id, day, month, year, date) VALUES (933, 945, 1672, null, null, 1732, '1732-01-01');

--======= Insert Marriage between id: 934 and id: 962 =======
INSERT INTO location (id, city, country, region, notes, latitude, longitude, fetch_status) VALUES (1673, 'Greifswald', 'Tyskland', '', '', null, null, 'AWAITING');
INSERT INTO marriage (spouse_1_id, spouse_2_id, location_id, day, month, year, date) VALUES (934, 962, 1673, 11, 10, 1714, '1714-10-11');

--======= Insert Marriage between id: 935 and id: 968 =======
INSERT INTO location (id, city, country, region, notes, latitude, longitude, fetch_status) VALUES (1674, 'Malmö', 'Sverige', '', '', null, null, 'AWAITING');
INSERT INTO marriage (spouse_1_id, spouse_2_id, location_id, day, month, year, date) VALUES (935, 968, 1674, 3, 1, 1702, '1702-01-03');

--======= Insert Marriage between id: 935 and id: 969 =======
INSERT INTO location (id, city, country, region, notes, latitude, longitude, fetch_status) VALUES (1675, 'Malmö', 'Sverige', '', '', null, null, 'AWAITING');
INSERT INTO marriage (spouse_1_id, spouse_2_id, location_id, day, month, year, date) VALUES (935, 969, 1675, 15, 4, 1706, '1706-04-15');

--======= Insert Marriage between id: 935 and id: 970 =======
INSERT INTO marriage (spouse_1_id, spouse_2_id, location_id, day, month, year, date) VALUES (935, 970, null, 1, 9, 1723, '1723-09-01');

--======= Insert Marriage between id: 939 and id: 940 =======
INSERT INTO marriage (spouse_1_id, spouse_2_id, location_id, day, month, year, date) VALUES (939, 940, null, null, null, null, null);

--======= Insert Marriage between id: 940 and id: 1052 =======
INSERT INTO location (id, city, country, region, notes, latitude, longitude, fetch_status) VALUES (1676, 'Danmark', 'Sverige', '', '', null, null, 'AWAITING');
INSERT INTO marriage (spouse_1_id, spouse_2_id, location_id, day, month, year, date) VALUES (940, 1052, 1676, null, null, 1646, '1646-01-01');

--======= Insert Marriage between id: 941 and id: 1059 =======
INSERT INTO marriage (spouse_1_id, spouse_2_id, location_id, day, month, year, date) VALUES (941, 1059, null, null, null, null, null);

--======= Insert Marriage between id: 946 and id: 973 =======
INSERT INTO location (id, city, country, region, notes, latitude, longitude, fetch_status) VALUES (1677, 'Håslöv', 'Sverige', '', '', null, null, 'AWAITING');
INSERT INTO marriage (spouse_1_id, spouse_2_id, location_id, day, month, year, date) VALUES (946, 973, 1677, 15, 2, 1737, '1737-02-15');

--======= Insert Marriage between id: 946 and id: 974 =======
INSERT INTO location (id, city, country, region, notes, latitude, longitude, fetch_status) VALUES (1678, 'Fränninge', 'Sverige', '', '', null, null, 'AWAITING');
INSERT INTO marriage (spouse_1_id, spouse_2_id, location_id, day, month, year, date) VALUES (946, 974, 1678, 29, 4, 1757, '1757-04-29');

--======= Insert Marriage between id: 947 and id: 980 =======
INSERT INTO location (id, city, country, region, notes, latitude, longitude, fetch_status) VALUES (1679, 'Malmö', 'Sverige', '', '', null, null, 'AWAITING');
INSERT INTO marriage (spouse_1_id, spouse_2_id, location_id, day, month, year, date) VALUES (947, 980, 1679, 9, 10, 1739, '1739-10-09');

--======= Insert Marriage between id: 947 and id: 981 =======
INSERT INTO location (id, city, country, region, notes, latitude, longitude, fetch_status) VALUES (1680, 'Malmö', 'Sverige', '', '', null, null, 'AWAITING');
INSERT INTO marriage (spouse_1_id, spouse_2_id, location_id, day, month, year, date) VALUES (947, 981, 1680, 18, 5, 1741, '1741-05-18');

--======= Insert Marriage between id: 948 and id: 988 =======
INSERT INTO location (id, city, country, region, notes, latitude, longitude, fetch_status) VALUES (1681, 'Malmö', 'Sverige', '', '', null, null, 'AWAITING');
INSERT INTO marriage (spouse_1_id, spouse_2_id, location_id, day, month, year, date) VALUES (948, 988, 1681, null, null, 1748, '1748-01-01');

--======= Insert Marriage between id: 950 and id: 993 =======
INSERT INTO location (id, city, country, region, notes, latitude, longitude, fetch_status) VALUES (1682, 'Malmö', 'Sverige', '', '', null, null, 'AWAITING');
INSERT INTO marriage (spouse_1_id, spouse_2_id, location_id, day, month, year, date) VALUES (950, 993, 1682, null, null, 1747, '1747-01-01');

--======= Insert Marriage between id: 952 and id: 994 =======
INSERT INTO marriage (spouse_1_id, spouse_2_id, location_id, day, month, year, date) VALUES (952, 994, null, null, null, 1739, '1739-01-01');

--======= Insert Marriage between id: 954 and id: 995 =======
INSERT INTO location (id, city, country, region, notes, latitude, longitude, fetch_status) VALUES (1683, 'Malmö', 'Sverige', '', '', null, null, 'AWAITING');
INSERT INTO marriage (spouse_1_id, spouse_2_id, location_id, day, month, year, date) VALUES (954, 995, 1683, 15, 5, 1751, '1751-05-15');

--======= Insert Marriage between id: 957 and id: 997 =======
INSERT INTO marriage (spouse_1_id, spouse_2_id, location_id, day, month, year, date) VALUES (957, 997, null, null, null, 1763, '1763-01-01');

--======= Insert Marriage between id: 958 and id: 999 =======
INSERT INTO location (id, city, country, region, notes, latitude, longitude, fetch_status) VALUES (1684, 'Skanör', 'Sverige', '', '', null, null, 'AWAITING');
INSERT INTO marriage (spouse_1_id, spouse_2_id, location_id, day, month, year, date) VALUES (958, 999, 1684, null, null, 1761, '1761-01-01');

--======= Insert Marriage between id: 961 and id: 1007 =======
INSERT INTO location (id, city, country, region, notes, latitude, longitude, fetch_status) VALUES (1685, 'Malmö', 'Sverige', '', '', null, null, 'AWAITING');
INSERT INTO marriage (spouse_1_id, spouse_2_id, location_id, day, month, year, date) VALUES (961, 1007, 1685, null, null, 1759, '1759-01-01');

--======= Insert Marriage between id: 963 and id: 1045 =======
INSERT INTO marriage (spouse_1_id, spouse_2_id, location_id, day, month, year, date) VALUES (963, 1045, null, null, null, 1762, '1762-01-01');

--======= Insert Marriage between id: 965 and id: 1049 =======
INSERT INTO location (id, city, country, region, notes, latitude, longitude, fetch_status) VALUES (1686, 'Lund', 'Sverige', '', '', null, null, 'AWAITING');
INSERT INTO marriage (spouse_1_id, spouse_2_id, location_id, day, month, year, date) VALUES (965, 1049, 1686, 4, 1, 1737, '1737-01-04');

--======= Insert Marriage between id: 971 and id: 972 =======
INSERT INTO marriage (spouse_1_id, spouse_2_id, location_id, day, month, year, date) VALUES (971, 972, null, null, null, null, null);

--======= Insert Marriage between id: 973 and id: 1010 =======
INSERT INTO marriage (spouse_1_id, spouse_2_id, location_id, day, month, year, date) VALUES (973, 1010, null, null, null, null, null);

--======= Insert Marriage between id: 976 and id: 1015 =======
INSERT INTO location (id, city, country, region, notes, latitude, longitude, fetch_status) VALUES (1687, 'Håslöv', 'Sverige', '', '', null, null, 'AWAITING');
INSERT INTO marriage (spouse_1_id, spouse_2_id, location_id, day, month, year, date) VALUES (976, 1015, 1687, 26, 2, 1772, '1772-02-26');

--======= Insert Marriage between id: 977 and id: 1016 =======
INSERT INTO location (id, city, country, region, notes, latitude, longitude, fetch_status) VALUES (1688, 'Räng', 'Sverige', '', '', null, null, 'AWAITING');
INSERT INTO marriage (spouse_1_id, spouse_2_id, location_id, day, month, year, date) VALUES (977, 1016, 1688, 9, 4, 1775, '1775-04-09');

--======= Insert Marriage between id: 979 and id: 1018 =======
INSERT INTO location (id, city, country, region, notes, latitude, longitude, fetch_status) VALUES (1689, 'Oxie', 'Sverige', '', '', null, null, 'AWAITING');
INSERT INTO marriage (spouse_1_id, spouse_2_id, location_id, day, month, year, date) VALUES (979, 1018, 1689, 28, 11, 1781, '1781-11-28');

--======= Insert Marriage between id: 986 and id: 1031 =======
INSERT INTO location (id, city, country, region, notes, latitude, longitude, fetch_status) VALUES (1690, 'Malmö', 'Sverige', '', '', null, null, 'AWAITING');
INSERT INTO marriage (spouse_1_id, spouse_2_id, location_id, day, month, year, date) VALUES (986, 1031, 1690, 18, 6, 1765, '1765-06-18');

--======= Insert Marriage between id: 992 and id: 1034 =======
INSERT INTO location (id, city, country, region, notes, latitude, longitude, fetch_status) VALUES (1691, 'Malmö', 'Sverige', '', '', null, null, 'AWAITING');
INSERT INTO marriage (spouse_1_id, spouse_2_id, location_id, day, month, year, date) VALUES (992, 1034, 1691, 1, 11, 1789, '1789-11-01');

--======= Insert Marriage between id: 996 and id: 1008 =======
INSERT INTO marriage (spouse_1_id, spouse_2_id, location_id, day, month, year, date) VALUES (996, 1008, null, null, null, null, null);

--======= Insert Marriage between id: 995 and id: 996 =======
INSERT INTO marriage (spouse_1_id, spouse_2_id, location_id, day, month, year, date) VALUES (995, 996, null, null, null, null, null);

--======= Insert Marriage between id: 1000 and id: 1039 =======
INSERT INTO marriage (spouse_1_id, spouse_2_id, location_id, day, month, year, date) VALUES (1000, 1039, null, null, null, null, null);

--======= Insert Marriage between id: 1002 and id: 1040 =======
INSERT INTO location (id, city, country, region, notes, latitude, longitude, fetch_status) VALUES (1692, '(före) 1797', 'Sverige', '', '', null, null, 'AWAITING');
INSERT INTO marriage (spouse_1_id, spouse_2_id, location_id, day, month, year, date) VALUES (1002, 1040, 1692, null, null, null, null);

--======= Insert Marriage between id: 1003 and id: 1041 =======
INSERT INTO marriage (spouse_1_id, spouse_2_id, location_id, day, month, year, date) VALUES (1003, 1041, null, null, null, null, null);

--======= Insert Marriage between id: 1005 and id: 1006 =======
INSERT INTO marriage (spouse_1_id, spouse_2_id, location_id, day, month, year, date) VALUES (1005, 1006, null, null, null, null, null);

--======= Insert Marriage between id: 1008 and id: 1009 =======
INSERT INTO marriage (spouse_1_id, spouse_2_id, location_id, day, month, year, date) VALUES (1008, 1009, null, null, null, null, null);

--======= Insert Marriage between id: 1008 and id: 1014 =======
INSERT INTO marriage (spouse_1_id, spouse_2_id, location_id, day, month, year, date) VALUES (1008, 1014, null, null, null, null, null);

--======= Insert Marriage between id: 1019 and id: 1026 =======
INSERT INTO location (id, city, country, region, notes, latitude, longitude, fetch_status) VALUES (1693, 'Malmö', 'Sverige', '', '', null, null, 'AWAITING');
INSERT INTO marriage (spouse_1_id, spouse_2_id, location_id, day, month, year, date) VALUES (1019, 1026, 1693, 26, 9, 1806, '1806-09-26');

--======= Insert Marriage between id: 1020 and id: 1021 =======
INSERT INTO marriage (spouse_1_id, spouse_2_id, location_id, day, month, year, date) VALUES (1020, 1021, null, null, null, null, null);

--======= Insert Marriage between id: 1022 and id: 1023 =======
INSERT INTO marriage (spouse_1_id, spouse_2_id, location_id, day, month, year, date) VALUES (1022, 1023, null, null, null, 1739, '1739-01-01');

--======= Insert Marriage between id: 1024 and id: 1025 =======
INSERT INTO marriage (spouse_1_id, spouse_2_id, location_id, day, month, year, date) VALUES (1024, 1025, null, null, null, null, null);

--======= Insert Marriage between id: 1027 and id: 1028 =======
INSERT INTO marriage (spouse_1_id, spouse_2_id, location_id, day, month, year, date) VALUES (1027, 1028, null, null, null, null, null);

--======= Insert Marriage between id: 1029 and id: 1030 =======
INSERT INTO marriage (spouse_1_id, spouse_2_id, location_id, day, month, year, date) VALUES (1029, 1030, null, null, null, null, null);

--======= Insert Marriage between id: 1032 and id: 1033 =======
INSERT INTO marriage (spouse_1_id, spouse_2_id, location_id, day, month, year, date) VALUES (1032, 1033, null, null, null, null, null);

--======= Insert Marriage between id: 1035 and id: 1036 =======
INSERT INTO marriage (spouse_1_id, spouse_2_id, location_id, day, month, year, date) VALUES (1035, 1036, null, null, null, null, null);

--======= Insert Marriage between id: 1037 and id: 1038 =======
INSERT INTO marriage (spouse_1_id, spouse_2_id, location_id, day, month, year, date) VALUES (1037, 1038, null, null, null, null, null);

--======= Insert Marriage between id: 1042 and id: 1044 =======
INSERT INTO marriage (spouse_1_id, spouse_2_id, location_id, day, month, year, date) VALUES (1042, 1044, null, null, null, null, null);

--======= Insert Marriage between id: 1042 and id: 1043 =======
INSERT INTO marriage (spouse_1_id, spouse_2_id, location_id, day, month, year, date) VALUES (1042, 1043, null, null, null, null, null);

--======= Insert Marriage between id: 1046 and id: 1048 =======
INSERT INTO marriage (spouse_1_id, spouse_2_id, location_id, day, month, year, date) VALUES (1046, 1048, null, null, null, null, null);

--======= Insert Marriage between id: 1046 and id: 1047 =======
INSERT INTO marriage (spouse_1_id, spouse_2_id, location_id, day, month, year, date) VALUES (1046, 1047, null, null, null, null, null);

--======= Insert Marriage between id: 1050 and id: 1051 =======
INSERT INTO location (id, city, country, region, notes, latitude, longitude, fetch_status) VALUES (1694, 'Ystad', 'Sverige', '', '', null, null, 'AWAITING');
INSERT INTO marriage (spouse_1_id, spouse_2_id, location_id, day, month, year, date) VALUES (1050, 1051, 1694, null, null, 1613, '1613-01-01');

--======= Insert Marriage between id: 1058 and id: 1087 =======
INSERT INTO location (id, city, country, region, notes, latitude, longitude, fetch_status) VALUES (1695, 'Skabersjö', 'Sverige', '', '', null, null, 'AWAITING');
INSERT INTO marriage (spouse_1_id, spouse_2_id, location_id, day, month, year, date) VALUES (1058, 1087, 1695, null, null, 1680, '1680-01-01');

--======= Insert Marriage between id: 1060 and id: 1088 =======
INSERT INTO location (id, city, country, region, notes, latitude, longitude, fetch_status) VALUES (1696, 'Skabersjö', 'Sverige', '', '', null, null, 'AWAITING');
INSERT INTO marriage (spouse_1_id, spouse_2_id, location_id, day, month, year, date) VALUES (1060, 1088, 1696, null, null, 1685, '1685-01-01');

--======= Insert Marriage between id: 1061 and id: 1089 =======
INSERT INTO location (id, city, country, region, notes, latitude, longitude, fetch_status) VALUES (1697, 'Skabersjö', 'Sverige', '', '', null, null, 'AWAITING');
INSERT INTO marriage (spouse_1_id, spouse_2_id, location_id, day, month, year, date) VALUES (1061, 1089, 1697, null, null, 1685, '1685-01-01');

--======= Insert Marriage between id: 1062 and id: 1090 =======
INSERT INTO marriage (spouse_1_id, spouse_2_id, location_id, day, month, year, date) VALUES (1062, 1090, null, null, null, 1693, '1693-01-01');

--======= Insert Marriage between id: 1062 and id: 1091 =======
INSERT INTO location (id, city, country, region, notes, latitude, longitude, fetch_status) VALUES (1698, 'Malmö Sankt Petri', 'Sverige', '', '', null, null, 'AWAITING');
INSERT INTO marriage (spouse_1_id, spouse_2_id, location_id, day, month, year, date) VALUES (1062, 1091, 1698, null, null, 1700, '1700-01-01');

--======= Insert Marriage between id: 1082 and id: 1083 =======
INSERT INTO marriage (spouse_1_id, spouse_2_id, location_id, day, month, year, date) VALUES (1082, 1083, null, null, null, null, null);

--======= Insert Marriage between id: 1085 and id: 1086 =======
INSERT INTO marriage (spouse_1_id, spouse_2_id, location_id, day, month, year, date) VALUES (1085, 1086, null, null, null, null, null);

--======= Insert Marriage between id: 1091 and id: 1124 =======
INSERT INTO marriage (spouse_1_id, spouse_2_id, location_id, day, month, year, date) VALUES (1091, 1124, null, null, null, 1715, '1715-01-01');

--======= Insert Marriage between id: 1093 and id: 1094 =======
INSERT INTO marriage (spouse_1_id, spouse_2_id, location_id, day, month, year, date) VALUES (1093, 1094, null, null, null, null, null);

--======= Insert Marriage between id: 1099 and id: 1100 =======
INSERT INTO location (id, city, country, region, notes, latitude, longitude, fetch_status) VALUES (1699, 'Västra Vram', 'Sverige', '', '', null, null, 'AWAITING');
INSERT INTO marriage (spouse_1_id, spouse_2_id, location_id, day, month, year, date) VALUES (1099, 1100, 1699, 16, 10, 1795, '1795-10-16');

--======= Insert Marriage between id: 1099 and id: 1101 =======
INSERT INTO location (id, city, country, region, notes, latitude, longitude, fetch_status) VALUES (1700, 'Tving', 'Sverige', '', '', null, null, 'AWAITING');
INSERT INTO marriage (spouse_1_id, spouse_2_id, location_id, day, month, year, date) VALUES (1099, 1101, 1700, 29, 10, 1806, '1806-10-29');

--======= Insert Marriage between id: 1103 and id: 1109 =======
INSERT INTO location (id, city, country, region, notes, latitude, longitude, fetch_status) VALUES (1701, 'Fjelie', 'Sverige', '', '', null, null, 'AWAITING');
INSERT INTO marriage (spouse_1_id, spouse_2_id, location_id, day, month, year, date) VALUES (1103, 1109, 1701, 7, 8, 1825, '1825-08-07');

--======= Insert Marriage between id: 1104 and id: 1110 =======
INSERT INTO location (id, city, country, region, notes, latitude, longitude, fetch_status) VALUES (1702, 'Lund', 'Sverige', '', '', null, null, 'AWAITING');
INSERT INTO marriage (spouse_1_id, spouse_2_id, location_id, day, month, year, date) VALUES (1104, 1110, 1702, 30, 11, 1823, '1823-11-30');

--======= Insert Marriage between id: 1107 and id: 1108 =======
INSERT INTO marriage (spouse_1_id, spouse_2_id, location_id, day, month, year, date) VALUES (1107, 1108, null, null, null, null, null);

--======= Insert Marriage between id: 1111 and id: 1112 =======
INSERT INTO marriage (spouse_1_id, spouse_2_id, location_id, day, month, year, date) VALUES (1111, 1112, null, null, null, null, null);

--======= Insert Marriage between id: 1113 and id: 1114 =======
INSERT INTO marriage (spouse_1_id, spouse_2_id, location_id, day, month, year, date) VALUES (1113, 1114, null, null, null, null, null);

--======= Insert Marriage between id: 1117 and id: 1118 =======
INSERT INTO marriage (spouse_1_id, spouse_2_id, location_id, day, month, year, date) VALUES (1117, 1118, null, null, null, null, null);

--======= Insert Marriage between id: 1120 and id: 1121 =======
INSERT INTO marriage (spouse_1_id, spouse_2_id, location_id, day, month, year, date) VALUES (1120, 1121, null, null, null, null, null);

--======= Insert Marriage between id: 1122 and id: 1123 =======
INSERT INTO location (id, city, country, region, notes, latitude, longitude, fetch_status) VALUES (1703, 'Malmö', 'Sverige', '', '', null, null, 'AWAITING');
INSERT INTO marriage (spouse_1_id, spouse_2_id, location_id, day, month, year, date) VALUES (1122, 1123, 1703, null, null, 1653, '1653-01-01');

--======= Insert Marriage between id: 1125 and id: 1215 =======
INSERT INTO marriage (spouse_1_id, spouse_2_id, location_id, day, month, year, date) VALUES (1125, 1215, null, null, null, null, null);

--======= Insert Marriage between id: 1129 and id: 1220 =======
INSERT INTO marriage (spouse_1_id, spouse_2_id, location_id, day, month, year, date) VALUES (1129, 1220, null, null, null, null, null);

--======= Insert Marriage between id: 1130 and id: 1131 =======
INSERT INTO marriage (spouse_1_id, spouse_2_id, location_id, day, month, year, date) VALUES (1130, 1131, null, null, null, null, null);

--======= Insert Marriage between id: 1136 and id: 1141 =======
INSERT INTO marriage (spouse_1_id, spouse_2_id, location_id, day, month, year, date) VALUES (1136, 1141, null, null, null, null, null);

--======= Insert Marriage between id: 1137 and id: 1142 =======
INSERT INTO marriage (spouse_1_id, spouse_2_id, location_id, day, month, year, date) VALUES (1137, 1142, null, null, null, null, null);

--======= Insert Marriage between id: 1140 and id: 1143 =======
INSERT INTO marriage (spouse_1_id, spouse_2_id, location_id, day, month, year, date) VALUES (1140, 1143, null, null, null, null, null);

--======= Insert Marriage between id: 1144 and id: 1145 =======
INSERT INTO marriage (spouse_1_id, spouse_2_id, location_id, day, month, year, date) VALUES (1144, 1145, null, null, null, null, null);

--======= Insert Marriage between id: 1149 and id: 1204 =======
INSERT INTO marriage (spouse_1_id, spouse_2_id, location_id, day, month, year, date) VALUES (1149, 1204, null, null, null, null, null);

--======= Insert Marriage between id: 1149 and id: 1205 =======
INSERT INTO marriage (spouse_1_id, spouse_2_id, location_id, day, month, year, date) VALUES (1149, 1205, null, null, null, null, null);

--======= Insert Marriage between id: 1151 and id: 1169 =======
INSERT INTO marriage (spouse_1_id, spouse_2_id, location_id, day, month, year, date) VALUES (1151, 1169, null, null, null, 1900, '1900-01-01');

--======= Insert Marriage between id: 1153 and id: 1156 =======
INSERT INTO location (id, city, country, region, notes, latitude, longitude, fetch_status) VALUES (1704, 'Harlösa', 'Sverige', '', '', null, null, 'AWAITING');
INSERT INTO marriage (spouse_1_id, spouse_2_id, location_id, day, month, year, date) VALUES (1153, 1156, 1704, null, null, 1844, '1844-01-01');

--======= Insert Marriage between id: 1154 and id: 1161 =======
INSERT INTO marriage (spouse_1_id, spouse_2_id, location_id, day, month, year, date) VALUES (1154, 1161, null, null, null, null, null);

--======= Insert Marriage between id: 1158 and id: 1164 =======
INSERT INTO marriage (spouse_1_id, spouse_2_id, location_id, day, month, year, date) VALUES (1158, 1164, null, null, null, 1874, '1874-01-01');

--======= Insert Marriage between id: 1162 and id: 1163 =======
INSERT INTO location (id, city, country, region, notes, latitude, longitude, fetch_status) VALUES (1705, 'Gladsax', 'Sverige', '', '', null, null, 'AWAITING');
INSERT INTO marriage (spouse_1_id, spouse_2_id, location_id, day, month, year, date) VALUES (1162, 1163, 1705, null, null, 1819, '1819-01-01');

--======= Insert Marriage between id: 1170 and id: 1173 =======
INSERT INTO marriage (spouse_1_id, spouse_2_id, location_id, day, month, year, date) VALUES (1170, 1173, null, null, null, 1929, '1929-01-01');

--======= Insert Marriage between id: 1171 and id: 1179 =======
INSERT INTO marriage (spouse_1_id, spouse_2_id, location_id, day, month, year, date) VALUES (1171, 1179, null, null, null, 1929, '1929-01-01');

--======= Insert Marriage between id: 1174 and id: 1177 =======
INSERT INTO marriage (spouse_1_id, spouse_2_id, location_id, day, month, year, date) VALUES (1174, 1177, null, null, null, 1959, '1959-01-01');

--======= Insert Marriage between id: 1181 and id: 1182 =======
INSERT INTO marriage (spouse_1_id, spouse_2_id, location_id, day, month, year, date) VALUES (1181, 1182, null, 29, 9, 1967, '1967-09-29');

--======= Insert Marriage between id: 1187 and id: 1223 =======
INSERT INTO marriage (spouse_1_id, spouse_2_id, location_id, day, month, year, date) VALUES (1187, 1223, null, 22, 5, 1949, '1949-05-22');

--======= Insert Marriage between id: 1188 and id: 1227 =======
INSERT INTO marriage (spouse_1_id, spouse_2_id, location_id, day, month, year, date) VALUES (1188, 1227, null, 3, 1, 1959, '1959-01-03');

--======= Insert Marriage between id: 1189 and id: 1230 =======
INSERT INTO marriage (spouse_1_id, spouse_2_id, location_id, day, month, year, date) VALUES (1189, 1230, null, 14, 6, 1958, '1958-06-14');

--======= Insert Marriage between id: 1190 and id: 1235 =======
INSERT INTO marriage (spouse_1_id, spouse_2_id, location_id, day, month, year, date) VALUES (1190, 1235, null, 22, 10, 1960, '1960-10-22');

--======= Insert Marriage between id: 1191 and id: 1239 =======
INSERT INTO marriage (spouse_1_id, spouse_2_id, location_id, day, month, year, date) VALUES (1191, 1239, null, 28, 10, 1967, '1967-10-28');

--======= Insert Marriage between id: 1194 and id: 1197 =======
INSERT INTO marriage (spouse_1_id, spouse_2_id, location_id, day, month, year, date) VALUES (1194, 1197, null, null, null, 1965, '1965-01-01');

--======= Insert Marriage between id: 1195 and id: 1201 =======
INSERT INTO marriage (spouse_1_id, spouse_2_id, location_id, day, month, year, date) VALUES (1195, 1201, null, null, null, 1966, '1966-01-01');

--======= Insert Marriage between id: 1217 and id: 1219 =======
INSERT INTO marriage (spouse_1_id, spouse_2_id, location_id, day, month, year, date) VALUES (1217, 1219, null, null, null, null, null);

--======= Insert Marriage between id: 1224 and id: 1226 =======
INSERT INTO marriage (spouse_1_id, spouse_2_id, location_id, day, month, year, date) VALUES (1224, 1226, null, 17, 5, 1975, '1975-05-17');

--======= Insert Marriage between id: 1240 and id: 1241 =======
INSERT INTO marriage (spouse_1_id, spouse_2_id, location_id, day, month, year, date) VALUES (1240, 1241, null, null, null, null, null);

--======= Insert Marriage between id: 1251 and id: 1252 =======
INSERT INTO marriage (spouse_1_id, spouse_2_id, location_id, day, month, year, date) VALUES (1251, 1252, null, null, null, null, null);

--======= Insert Marriage between id: 1255 and id: 1256 =======
INSERT INTO location (id, city, country, region, notes, latitude, longitude, fetch_status) VALUES (1706, 'Husby', 'Sverige', '', '', null, null, 'AWAITING');
INSERT INTO marriage (spouse_1_id, spouse_2_id, location_id, day, month, year, date) VALUES (1255, 1256, 1706, null, null, 1853, '1853-01-01');

--======= Insert Marriage between id: 1260 and id: 1261 =======
INSERT INTO marriage (spouse_1_id, spouse_2_id, location_id, day, month, year, date) VALUES (1260, 1261, null, null, null, null, null);

--======= Insert Marriage between id: 1262 and id: 1263 =======
INSERT INTO marriage (spouse_1_id, spouse_2_id, location_id, day, month, year, date) VALUES (1262, 1263, null, null, null, null, null);

--======= Insert Marriage between id: 1265 and id: 1268 =======
INSERT INTO location (id, city, country, region, notes, latitude, longitude, fetch_status) VALUES (1707, 'Konga', 'Sverige', '', '', null, null, 'AWAITING');
INSERT INTO marriage (spouse_1_id, spouse_2_id, location_id, day, month, year, date) VALUES (1265, 1268, 1707, 8, 8, 1879, '1879-08-08');

--======= Insert Marriage between id: 1266 and id: 1267 =======
INSERT INTO marriage (spouse_1_id, spouse_2_id, location_id, day, month, year, date) VALUES (1266, 1267, null, null, null, null, null);

--======= Insert Marriage between id: 1271 and id: 1272 =======
INSERT INTO marriage (spouse_1_id, spouse_2_id, location_id, day, month, year, date) VALUES (1271, 1272, null, null, null, null, null);

--========== Resetting Sequences ============
SELECT setval('person_seq', (SELECT MAX(id) FROM person));
SELECT setval('life_event_seq', (SELECT MAX(id) FROM life_event));
SELECT setval('location_seq', (SELECT MAX(id) FROM location));
SELECT setval('occupation_seq', (SELECT MAX(id) FROM occupation));

--========== Re-enable triggers ==========
ALTER TABLE person ENABLE TRIGGER ALL;
ALTER TABLE life_event ENABLE TRIGGER ALL;
ALTER TABLE location ENABLE TRIGGER ALL;
ALTER TABLE occupation ENABLE TRIGGER ALL;
